,participant,condition,phase,heartbeat_id_reference,b_point_sample_reference,rr_interval_ms_estimated,arbol2017-isoelectric-crossings,arbol2017-second-derivative,arbol2017-third-derivative,debski1993-second-derivative,drost2022,forouzanfar2018,lozano2007-linear-regression,lozano2007-quadratic-regression,miljkovic2022,pale2021,sherwood1990,stern1985
0,GDN0005,Dummy,HoldingBreath,0,388.0,850.0,438.0,398.0,394.0,452.0,400.0,550.0,412.0,384.0,442.0,388.0,442.0,388.0
1,GDN0005,Dummy,HoldingBreath,1,404.0,778.0,340.0,350.0,244.0,388.0,420.0,402.0,404.0,384.0,288.0,246.0,330.0,402.0
2,GDN0005,Dummy,HoldingBreath,3,376.0,746.0,382.0,296.0,386.0,366.0,386.0,388.0,366.0,348.0,386.0,374.0,382.0,374.0
3,GDN0005,Dummy,HoldingBreath,4,390.0,766.0,394.0,344.0,396.0,376.0,396.0,398.0,372.0,348.0,398.0,388.0,394.0,388.0
4,GDN0005,Dummy,HoldingBreath,5,386.0,790.0,398.0,312.0,388.0,418.0,392.0,390.0,378.0,354.0,392.0,384.0,400.0,384.0
5,GDN0005,Dummy,HoldingBreath,6,390.0,768.0,336.0,332.0,320.0,362.0,404.0,406.0,384.0,362.0,408.0,388.0,334.0,388.0
6,GDN0005,Dummy,HoldingBreath,7,388.0,826.0,334.0,328.0,398.0,380.0,398.0,398.0,378.0,354.0,402.0,388.0,400.0,388.0
7,GDN0005,Dummy,HoldingBreath,9,416.0,844.0,342.0,338.0,282.0,410.0,426.0,412.0,406.0,384.0,350.0,412.0,350.0,412.0
8,GDN0005,Dummy,HoldingBreath,10,378.0,802.0,390.0,340.0,384.0,368.0,386.0,386.0,402.0,382.0,380.0,242.0,392.0,376.0
9,GDN0005,Dummy,HoldingBreath,11,358.0,770.0,378.0,316.0,386.0,344.0,382.0,286.0,382.0,366.0,378.0,238.0,374.0,286.0
10,GDN0005,Dummy,HoldingBreath,12,352.0,770.0,382.0,312.0,162.0,340.0,372.0,350.0,374.0,356.0,360.0,408.0,384.0,350.0
11,GDN0005,Dummy,HoldingBreath,13,374.0,806.0,374.0,314.0,388.0,368.0,384.0,286.0,376.0,356.0,380.0,266.0,372.0,266.0
12,GDN0005,Dummy,HoldingBreath,15,392.0,974.0,410.0,352.0,432.0,412.0,424.0,390.0,406.0,394.0,396.0,444.0,398.0,390.0
13,GDN0005,Dummy,HoldingBreath,16,442.0,996.0,456.0,382.0,460.0,436.0,454.0,436.0,442.0,426.0,446.0,480.0,456.0,418.0
14,GDN0005,Dummy,HoldingBreath,17,440.0,974.0,456.0,378.0,462.0,440.0,458.0,440.0,448.0,434.0,448.0,268.0,456.0,412.0
15,GDN0005,Dummy,HoldingBreath,18,410.0,898.0,434.0,380.0,470.0,454.0,428.0,410.0,440.0,426.0,414.0,100.0,436.0,410.0
16,GDN0005,Dummy,HoldingBreath,19,422.0,844.0,404.0,386.0,438.0,422.0,434.0,350.0,414.0,400.0,404.0,350.0,404.0,348.0
17,GDN0005,Dummy,HoldingBreath,20,404.0,858.0,374.0,342.0,422.0,402.0,418.0,328.0,398.0,382.0,422.0,268.0,370.0,322.0
18,GDN0005,Dummy,HoldingBreath,21,372.0,840.0,394.0,342.0,328.0,368.0,402.0,368.0,400.0,386.0,394.0,230.0,394.0,322.0
19,GDN0005,Dummy,HoldingBreath,22,394.0,818.0,390.0,366.0,410.0,392.0,404.0,350.0,394.0,380.0,318.0,264.0,398.0,350.0
20,GDN0005,Dummy,HoldingBreath,23,376.0,844.0,378.0,352.0,388.0,422.0,386.0,330.0,388.0,372.0,334.0,244.0,370.0,330.0
21,GDN0005,Dummy,HoldingBreath,24,410.0,862.0,386.0,372.0,424.0,408.0,374.0,370.0,398.0,382.0,364.0,256.0,388.0,360.0
22,GDN0005,Dummy,HoldingBreath,25,418.0,898.0,380.0,382.0,424.0,410.0,424.0,426.0,406.0,388.0,426.0,416.0,378.0,416.0
23,GDN0005,Dummy,HoldingBreath,26,392.0,908.0,404.0,364.0,456.0,440.0,410.0,330.0,416.0,400.0,402.0,270.0,404.0,330.0
24,GDN0005,Dummy,HoldingBreath,27,412.0,882.0,408.0,376.0,430.0,410.0,430.0,336.0,418.0,404.0,422.0,304.0,418.0,304.0
25,GDN0005,Dummy,HoldingBreath,28,390.0,838.0,406.0,350.0,390.0,376.0,404.0,392.0,408.0,394.0,392.0,268.0,406.0,388.0
26,GDN0005,Dummy,HoldingBreath,29,390.0,818.0,404.0,362.0,402.0,384.0,400.0,404.0,394.0,380.0,396.0,428.0,406.0,388.0
27,GDN0005,Dummy,HoldingBreath,30,368.0,842.0,388.0,310.0,168.0,362.0,388.0,366.0,386.0,372.0,376.0,418.0,388.0,366.0
28,GDN0005,Dummy,HoldingBreath,31,384.0,834.0,400.0,316.0,408.0,382.0,398.0,380.0,392.0,378.0,394.0,424.0,400.0,348.0
29,GDN0005,Dummy,HoldingBreath,32,346.0,848.0,390.0,362.0,240.0,378.0,396.0,334.0,390.0,376.0,346.0,244.0,392.0,284.0
30,GDN0005,Dummy,HoldingBreath,33,380.0,864.0,398.0,348.0,390.0,418.0,396.0,380.0,400.0,382.0,388.0,260.0,396.0,380.0
31,GDN0005,Dummy,HoldingBreath,34,376.0,806.0,402.0,336.0,324.0,362.0,396.0,372.0,402.0,388.0,324.0,256.0,404.0,372.0
32,GDN0005,Dummy,HoldingBreath,35,356.0,776.0,376.0,308.0,378.0,346.0,376.0,356.0,382.0,368.0,366.0,268.0,374.0,356.0
33,GDN0005,Dummy,HoldingBreath,36,356.0,768.0,378.0,320.0,386.0,366.0,382.0,268.0,374.0,358.0,380.0,408.0,380.0,266.0
34,GDN0005,Dummy,HoldingBreath,37,360.0,776.0,378.0,334.0,382.0,358.0,378.0,304.0,368.0,354.0,368.0,404.0,376.0,270.0
35,GDN0005,Dummy,HoldingBreath,38,364.0,806.0,374.0,318.0,392.0,358.0,384.0,280.0,374.0,358.0,378.0,408.0,376.0,280.0
36,GDN0005,Dummy,HoldingBreath,39,370.0,862.0,390.0,324.0,394.0,368.0,392.0,300.0,384.0,368.0,382.0,418.0,388.0,300.0
37,GDN0005,Dummy,HoldingBreath,40,378.0,900.0,410.0,326.0,422.0,362.0,408.0,378.0,402.0,388.0,386.0,436.0,408.0,378.0
38,GDN0005,Dummy,HoldingBreath,41,414.0,918.0,428.0,350.0,434.0,408.0,428.0,406.0,416.0,402.0,414.0,454.0,428.0,390.0
39,GDN0005,Dummy,HoldingBreath,42,424.0,920.0,436.0,380.0,436.0,410.0,432.0,436.0,422.0,408.0,424.0,460.0,438.0,422.0
40,GDN0005,Dummy,HoldingBreath,43,412.0,934.0,432.0,380.0,452.0,402.0,430.0,412.0,420.0,406.0,416.0,460.0,432.0,412.0
41,GDN0005,Dummy,HoldingBreath,44,418.0,950.0,436.0,350.0,452.0,406.0,436.0,416.0,426.0,412.0,420.0,464.0,436.0,416.0
42,GDN0005,Dummy,HoldingBreath,45,424.0,958.0,442.0,384.0,456.0,410.0,440.0,424.0,432.0,418.0,426.0,468.0,442.0,424.0
43,GDN0005,Dummy,HoldingBreath,46,442.0,960.0,450.0,362.0,456.0,436.0,450.0,456.0,434.0,420.0,444.0,472.0,450.0,440.0
44,GDN0005,Dummy,HoldingBreath,47,440.0,958.0,450.0,374.0,456.0,428.0,448.0,456.0,432.0,420.0,442.0,472.0,450.0,438.0
45,GDN0005,Dummy,HoldingBreath,48,436.0,942.0,444.0,410.0,450.0,430.0,446.0,450.0,436.0,422.0,438.0,474.0,446.0,432.0
46,GDN0005,Dummy,HoldingBreath,49,416.0,930.0,440.0,380.0,456.0,404.0,442.0,416.0,426.0,414.0,418.0,466.0,440.0,416.0
47,GDN0005,Dummy,HoldingBreath,50,424.0,912.0,436.0,396.0,452.0,416.0,438.0,418.0,424.0,410.0,426.0,464.0,436.0,418.0
48,GDN0005,Dummy,HoldingBreath,51,426.0,902.0,438.0,388.0,442.0,416.0,436.0,442.0,420.0,406.0,428.0,460.0,438.0,424.0
49,GDN0005,Dummy,HoldingBreath,52,422.0,918.0,428.0,358.0,440.0,414.0,432.0,414.0,416.0,402.0,422.0,456.0,430.0,390.0
50,GDN0005,Dummy,HoldingBreath,53,430.0,920.0,432.0,362.0,444.0,418.0,436.0,418.0,424.0,408.0,424.0,460.0,432.0,394.0
51,GDN0005,Dummy,HoldingBreath,54,396.0,910.0,430.0,360.0,452.0,382.0,438.0,396.0,422.0,408.0,430.0,464.0,430.0,396.0
52,GDN0005,Dummy,HoldingBreath,55,422.0,908.0,432.0,364.0,444.0,382.0,432.0,390.0,420.0,404.0,396.0,460.0,432.0,390.0
53,GDN0005,Dummy,HoldingBreath,56,424.0,918.0,436.0,392.0,442.0,416.0,434.0,444.0,418.0,404.0,428.0,460.0,436.0,422.0
54,GDN0005,Dummy,HoldingBreath,57,424.0,902.0,398.0,358.0,440.0,418.0,436.0,440.0,422.0,408.0,430.0,460.0,396.0,422.0
55,GDN0005,Dummy,HoldingBreath,58,400.0,914.0,422.0,356.0,446.0,424.0,434.0,398.0,420.0,402.0,402.0,458.0,422.0,398.0
56,GDN0005,Dummy,HoldingBreath,59,402.0,930.0,428.0,346.0,458.0,378.0,422.0,400.0,420.0,406.0,404.0,462.0,428.0,400.0
57,GDN0005,Dummy,HoldingBreath,60,424.0,926.0,434.0,386.0,458.0,400.0,438.0,400.0,426.0,412.0,372.0,466.0,436.0,370.0
58,GDN0005,Dummy,HoldingBreath,61,428.0,916.0,410.0,408.0,266.0,476.0,440.0,380.0,430.0,410.0,386.0,264.0,410.0,380.0
59,GDN0005,Dummy,HoldingBreath,62,436.0,882.0,402.0,400.0,448.0,430.0,444.0,364.0,424.0,406.0,376.0,270.0,402.0,324.0
60,GDN0005,Dummy,HoldingBreath,63,370.0,822.0,398.0,382.0,376.0,416.0,384.0,370.0,408.0,394.0,374.0,234.0,396.0,370.0
61,GDN0005,Dummy,HoldingBreath,64,372.0,802.0,398.0,338.0,164.0,362.0,392.0,370.0,388.0,374.0,380.0,250.0,398.0,370.0
62,GDN0005,Dummy,HoldingBreath,65,372.0,826.0,392.0,312.0,176.0,346.0,384.0,370.0,382.0,366.0,376.0,168.0,390.0,370.0
63,GDN0005,Dummy,HoldingBreath,66,364.0,836.0,396.0,342.0,282.0,362.0,394.0,362.0,392.0,376.0,370.0,276.0,388.0,322.0
64,GDN0005,Dummy,HoldingBreath,67,344.0,862.0,392.0,364.0,358.0,410.0,354.0,358.0,392.0,378.0,394.0,396.0,394.0,344.0
65,GDN0005,Dummy,Pause,0,432.0,912.0,412.0,404.0,442.0,428.0,442.0,496.0,426.0,406.0,370.0,222.0,416.0,368.0
66,GDN0005,Dummy,Pause,1,434.0,874.0,402.0,402.0,242.0,430.0,446.0,446.0,430.0,406.0,444.0,434.0,402.0,434.0
67,GDN0005,Dummy,Pause,2,408.0,864.0,422.0,368.0,420.0,458.0,418.0,420.0,416.0,392.0,410.0,186.0,422.0,402.0
68,GDN0005,Dummy,Pause,3,404.0,858.0,428.0,338.0,426.0,388.0,416.0,426.0,406.0,388.0,408.0,448.0,430.0,402.0
69,GDN0005,Dummy,Pause,4,354.0,936.0,408.0,382.0,428.0,406.0,420.0,356.0,404.0,386.0,366.0,256.0,400.0,356.0
70,GDN0005,Dummy,Pause,5,420.0,928.0,440.0,382.0,440.0,476.0,438.0,416.0,436.0,414.0,424.0,258.0,440.0,416.0
71,GDN0005,Dummy,Pause,6,436.0,840.0,398.0,402.0,450.0,430.0,448.0,450.0,434.0,410.0,446.0,282.0,396.0,434.0
72,GDN0005,Dummy,Pause,7,406.0,836.0,376.0,374.0,420.0,460.0,424.0,408.0,410.0,380.0,424.0,262.0,376.0,408.0
73,GDN0005,Dummy,Pause,8,406.0,838.0,372.0,352.0,442.0,402.0,428.0,328.0,400.0,378.0,332.0,262.0,374.0,328.0
74,GDN0005,Dummy,Pause,9,408.0,846.0,380.0,376.0,434.0,404.0,426.0,348.0,404.0,380.0,432.0,244.0,378.0,308.0
75,GDN0005,Dummy,Pause,10,370.0,838.0,402.0,396.0,432.0,416.0,398.0,312.0,410.0,382.0,384.0,240.0,404.0,240.0
76,GDN0005,Dummy,Pause,11,374.0,842.0,418.0,330.0,420.0,402.0,412.0,374.0,400.0,380.0,376.0,440.0,420.0,374.0
77,GDN0005,Dummy,Pause,13,420.0,948.0,438.0,348.0,426.0,408.0,428.0,428.0,420.0,404.0,422.0,418.0,436.0,418.0
78,GDN0005,Dummy,Pause,14,404.0,948.0,436.0,364.0,470.0,426.0,452.0,396.0,434.0,418.0,406.0,476.0,436.0,396.0
79,GDN0005,Dummy,Pause,15,382.0,912.0,426.0,414.0,470.0,378.0,456.0,376.0,436.0,418.0,352.0,198.0,430.0,350.0
80,GDN0005,Dummy,Pause,16,386.0,850.0,420.0,408.0,298.0,380.0,420.0,380.0,428.0,406.0,386.0,176.0,420.0,352.0
81,GDN0005,Dummy,Pause,17,376.0,804.0,400.0,388.0,380.0,452.0,392.0,376.0,408.0,384.0,380.0,250.0,404.0,376.0
82,GDN0005,Dummy,Pause,18,370.0,782.0,390.0,320.0,232.0,354.0,384.0,368.0,388.0,368.0,376.0,236.0,390.0,368.0
83,GDN0005,Dummy,Pause,19,342.0,778.0,374.0,314.0,386.0,340.0,382.0,292.0,378.0,360.0,356.0,254.0,368.0,252.0
84,GDN0005,Dummy,Pause,20,308.0,806.0,370.0,328.0,314.0,382.0,398.0,306.0,376.0,358.0,308.0,270.0,374.0,306.0
85,GDN0005,Dummy,Pause,21,396.0,824.0,410.0,314.0,398.0,380.0,404.0,400.0,384.0,368.0,400.0,394.0,410.0,394.0
86,GDN0005,Dummy,Pause,22,406.0,804.0,372.0,336.0,416.0,398.0,414.0,416.0,394.0,374.0,414.0,402.0,370.0,402.0
87,GDN0005,Dummy,Pause,23,400.0,872.0,372.0,366.0,404.0,390.0,408.0,406.0,392.0,368.0,408.0,396.0,400.0,396.0
88,GDN0005,Dummy,Pause,24,394.0,912.0,358.0,352.0,262.0,386.0,428.0,320.0,414.0,392.0,434.0,258.0,356.0,320.0
89,GDN0005,Dummy,Pause,25,414.0,916.0,432.0,384.0,430.0,406.0,426.0,430.0,426.0,406.0,418.0,248.0,430.0,410.0
90,GDN0005,Dummy,Pause,26,414.0,900.0,436.0,352.0,426.0,376.0,426.0,402.0,424.0,406.0,406.0,190.0,438.0,402.0
91,GDN0005,Dummy,Pause,27,414.0,968.0,434.0,384.0,446.0,396.0,434.0,408.0,420.0,402.0,414.0,462.0,434.0,408.0
92,GDN0005,Dummy,Pause,28,444.0,1018.0,460.0,406.0,454.0,434.0,454.0,454.0,444.0,424.0,446.0,272.0,460.0,444.0
93,GDN0005,Dummy,Pause,29,452.0,996.0,466.0,432.0,474.0,452.0,468.0,452.0,462.0,442.0,460.0,492.0,466.0,410.0
94,GDN0005,Dummy,Pause,30,422.0,990.0,436.0,396.0,470.0,450.0,464.0,418.0,456.0,434.0,422.0,184.0,438.0,380.0
95,GDN0005,Dummy,Pause,31,444.0,968.0,428.0,396.0,380.0,446.0,466.0,420.0,452.0,432.0,430.0,140.0,430.0,380.0
96,GDN0005,Dummy,Pause,32,448.0,958.0,414.0,416.0,460.0,442.0,458.0,460.0,448.0,424.0,454.0,160.0,414.0,446.0
97,GDN0005,Dummy,Pause,33,412.0,956.0,434.0,386.0,456.0,440.0,452.0,406.0,440.0,422.0,416.0,260.0,436.0,358.0
98,GDN0005,Dummy,Pause,34,412.0,916.0,428.0,378.0,454.0,436.0,448.0,410.0,444.0,420.0,414.0,264.0,428.0,410.0
99,GDN0005,Dummy,Pause,35,392.0,906.0,420.0,408.0,394.0,424.0,404.0,390.0,428.0,406.0,390.0,208.0,418.0,390.0
100,GDN0005,Dummy,Pause,36,396.0,916.0,436.0,350.0,438.0,418.0,434.0,416.0,422.0,404.0,426.0,464.0,436.0,396.0
101,GDN0005,Dummy,Pause,37,430.0,966.0,446.0,364.0,448.0,420.0,440.0,418.0,426.0,406.0,410.0,466.0,446.0,404.0
102,GDN0005,Dummy,Pause,38,448.0,994.0,452.0,426.0,462.0,442.0,454.0,440.0,446.0,424.0,420.0,476.0,450.0,418.0
103,GDN0005,Dummy,Pause,39,418.0,980.0,448.0,388.0,480.0,416.0,460.0,414.0,456.0,434.0,434.0,142.0,450.0,360.0
104,GDN0005,Dummy,Pause,40,456.0,992.0,426.0,422.0,468.0,452.0,468.0,386.0,452.0,430.0,464.0,142.0,426.0,386.0
105,GDN0005,Dummy,Pause,41,438.0,986.0,432.0,412.0,278.0,434.0,470.0,432.0,454.0,434.0,438.0,140.0,432.0,388.0
106,GDN0005,Dummy,Pause,42,458.0,980.0,430.0,420.0,332.0,456.0,470.0,396.0,456.0,432.0,396.0,222.0,430.0,396.0
107,GDN0005,Dummy,Pause,44,430.0,920.0,446.0,388.0,434.0,420.0,448.0,430.0,440.0,420.0,434.0,368.0,446.0,430.0
108,GDN0005,Dummy,Pause,45,414.0,894.0,430.0,418.0,424.0,490.0,424.0,426.0,434.0,408.0,414.0,174.0,428.0,412.0
109,GDN0005,Dummy,Pause,46,410.0,896.0,440.0,376.0,442.0,394.0,428.0,408.0,416.0,398.0,412.0,460.0,442.0,408.0
110,GDN0005,Dummy,Pause,47,418.0,980.0,432.0,392.0,430.0,410.0,428.0,432.0,418.0,400.0,422.0,458.0,430.0,416.0
111,GDN0005,Dummy,Pause,48,454.0,1022.0,464.0,392.0,470.0,450.0,464.0,448.0,450.0,430.0,426.0,492.0,464.0,422.0
112,GDN0005,Dummy,Pause,49,432.0,1010.0,460.0,442.0,282.0,420.0,452.0,430.0,464.0,444.0,436.0,288.0,460.0,430.0
113,GDN0005,Dummy,Pause,50,402.0,990.0,448.0,448.0,480.0,458.0,472.0,400.0,466.0,440.0,404.0,148.0,448.0,400.0
114,GDN0005,Dummy,Pause,51,444.0,988.0,430.0,404.0,472.0,452.0,470.0,428.0,454.0,432.0,384.0,148.0,428.0,382.0
115,GDN0005,Dummy,Pause,52,422.0,936.0,446.0,432.0,278.0,478.0,450.0,420.0,452.0,432.0,424.0,158.0,448.0,420.0
116,GDN0005,Dummy,Pause,53,432.0,872.0,430.0,408.0,444.0,428.0,444.0,390.0,432.0,414.0,440.0,264.0,428.0,356.0
117,GDN0005,Dummy,Pause,54,402.0,854.0,414.0,384.0,418.0,454.0,414.0,400.0,412.0,392.0,412.0,252.0,416.0,366.0
118,GDN0005,Dummy,Pause,55,396.0,848.0,408.0,342.0,410.0,390.0,408.0,302.0,402.0,384.0,402.0,438.0,410.0,242.0
119,GDN0005,Dummy,Pause,56,394.0,954.0,408.0,378.0,412.0,392.0,408.0,392.0,400.0,382.0,368.0,436.0,406.0,362.0
120,GDN0005,Dummy,Pause,57,424.0,992.0,448.0,386.0,424.0,410.0,446.0,424.0,440.0,420.0,428.0,270.0,444.0,424.0
121,GDN0005,Dummy,Pause,58,452.0,886.0,436.0,428.0,414.0,452.0,466.0,408.0,452.0,434.0,410.0,198.0,440.0,408.0
122,GDN0005,Dummy,Pause,59,398.0,884.0,404.0,372.0,360.0,430.0,450.0,396.0,420.0,396.0,354.0,272.0,406.0,352.0
123,GDN0005,Dummy,Pause,60,430.0,930.0,392.0,376.0,440.0,422.0,440.0,440.0,422.0,396.0,438.0,208.0,390.0,424.0
124,GDN0005,Dummy,Pause,61,414.0,988.0,406.0,384.0,372.0,412.0,446.0,412.0,434.0,412.0,430.0,262.0,400.0,368.0
125,GDN0005,Dummy,Pause,62,466.0,1006.0,432.0,394.0,480.0,462.0,474.0,366.0,456.0,432.0,368.0,172.0,436.0,366.0
126,GDN0005,Dummy,Pause,63,434.0,948.0,458.0,392.0,476.0,426.0,464.0,428.0,460.0,438.0,436.0,132.0,446.0,428.0
127,GDN0005,Dummy,TiltLevel,0,490.0,1080.0,458.0,468.0,504.0,488.0,498.0,492.0,488.0,464.0,394.0,332.0,462.0,390.0
128,GDN0005,Dummy,TiltLevel,1,448.0,1078.0,470.0,460.0,322.0,484.0,464.0,446.0,482.0,464.0,450.0,72.0,468.0,446.0
129,GDN0005,Dummy,TiltLevel,2,476.0,1064.0,448.0,446.0,512.0,472.0,500.0,402.0,478.0,464.0,408.0,62.0,448.0,402.0
130,GDN0005,Dummy,TiltLevel,3,490.0,1044.0,444.0,444.0,504.0,480.0,500.0,506.0,472.0,458.0,414.0,488.0,444.0,488.0
131,GDN0005,Dummy,TiltLevel,5,414.0,936.0,438.0,432.0,366.0,448.0,458.0,418.0,454.0,430.0,414.0,184.0,442.0,412.0
132,GDN0005,Dummy,TiltLevel,6,424.0,962.0,436.0,406.0,440.0,474.0,438.0,382.0,432.0,414.0,426.0,130.0,426.0,348.0
133,GDN0005,Dummy,TiltLevel,7,444.0,1024.0,420.0,370.0,452.0,438.0,452.0,454.0,438.0,422.0,452.0,442.0,446.0,442.0
134,GDN0005,Dummy,TiltLevel,8,474.0,1044.0,444.0,438.0,488.0,470.0,480.0,422.0,462.0,444.0,428.0,302.0,442.0,384.0
135,GDN0005,Dummy,TiltLevel,9,474.0,1018.0,432.0,416.0,486.0,514.0,486.0,390.0,468.0,452.0,430.0,108.0,430.0,388.0
136,GDN0005,Dummy,TiltLevel,10,432.0,958.0,432.0,412.0,488.0,468.0,478.0,366.0,458.0,442.0,438.0,162.0,438.0,366.0
137,GDN0005,Dummy,TiltLevel,11,410.0,974.0,434.0,424.0,352.0,448.0,424.0,408.0,444.0,422.0,410.0,168.0,432.0,408.0
138,GDN0005,Dummy,TiltLevel,12,414.0,1036.0,422.0,388.0,282.0,460.0,436.0,412.0,448.0,426.0,424.0,282.0,424.0,364.0
139,GDN0005,Dummy,TiltLevel,13,456.0,1064.0,434.0,428.0,474.0,456.0,472.0,398.0,466.0,448.0,470.0,302.0,434.0,398.0
140,GDN0005,Dummy,TiltLevel,14,476.0,988.0,442.0,450.0,494.0,542.0,488.0,414.0,482.0,458.0,382.0,92.0,442.0,380.0
141,GDN0005,Dummy,TiltLevel,15,400.0,932.0,438.0,424.0,366.0,476.0,448.0,398.0,452.0,432.0,440.0,116.0,440.0,370.0
142,GDN0005,Dummy,TiltLevel,16,408.0,916.0,436.0,372.0,412.0,398.0,424.0,412.0,432.0,412.0,410.0,356.0,436.0,408.0
143,GDN0005,Dummy,TiltLevel,17,422.0,1026.0,412.0,400.0,260.0,418.0,432.0,370.0,424.0,406.0,378.0,264.0,410.0,310.0
144,GDN0005,Dummy,TiltLevel,18,454.0,1080.0,448.0,438.0,472.0,454.0,468.0,454.0,468.0,446.0,464.0,304.0,446.0,418.0
145,GDN0005,Dummy,TiltLevel,19,450.0,1082.0,466.0,428.0,504.0,450.0,496.0,412.0,484.0,464.0,458.0,96.0,468.0,384.0
146,GDN0005,Dummy,TiltLevel,20,482.0,1016.0,442.0,448.0,312.0,472.0,494.0,398.0,480.0,464.0,494.0,76.0,438.0,370.0
147,GDN0005,Dummy,TiltLevel,21,416.0,958.0,456.0,440.0,472.0,502.0,466.0,416.0,462.0,442.0,462.0,102.0,462.0,416.0
148,GDN0005,Dummy,TiltLevel,22,432.0,1028.0,414.0,378.0,356.0,432.0,452.0,392.0,446.0,422.0,408.0,354.0,408.0,352.0
149,GDN0005,Dummy,TiltLevel,23,438.0,1062.0,456.0,402.0,298.0,440.0,468.0,382.0,468.0,446.0,456.0,298.0,460.0,354.0
150,GDN0005,Dummy,TiltLevel,24,446.0,1040.0,464.0,422.0,408.0,480.0,486.0,446.0,476.0,458.0,454.0,144.0,462.0,446.0
151,GDN0005,Dummy,TiltLevel,25,464.0,1038.0,428.0,416.0,394.0,462.0,484.0,394.0,474.0,450.0,482.0,146.0,428.0,392.0
152,GDN0005,Dummy,TiltLevel,26,448.0,990.0,426.0,420.0,506.0,492.0,464.0,444.0,468.0,450.0,364.0,116.0,424.0,396.0
153,GDN0005,Dummy,TiltLevel,27,412.0,892.0,442.0,440.0,374.0,504.0,436.0,410.0,458.0,432.0,412.0,376.0,446.0,374.0
154,GDN0005,Dummy,TiltLevel,28,410.0,840.0,382.0,362.0,274.0,390.0,428.0,326.0,418.0,398.0,328.0,276.0,388.0,326.0
155,GDN0005,Dummy,TiltLevel,29,426.0,882.0,392.0,348.0,438.0,484.0,434.0,374.0,410.0,380.0,442.0,256.0,390.0,322.0
156,GDN0005,Dummy,TiltLevel,30,426.0,936.0,396.0,384.0,442.0,424.0,436.0,346.0,410.0,394.0,350.0,284.0,396.0,346.0
157,GDN0005,Dummy,TiltLevel,31,444.0,984.0,398.0,376.0,456.0,442.0,458.0,340.0,434.0,414.0,394.0,296.0,394.0,296.0
158,GDN0005,Dummy,TiltLevel,32,436.0,1046.0,400.0,398.0,268.0,428.0,468.0,434.0,448.0,430.0,374.0,150.0,400.0,434.0
159,GDN0005,Dummy,TiltLevel,33,482.0,1042.0,440.0,450.0,496.0,480.0,494.0,384.0,472.0,452.0,386.0,96.0,440.0,384.0
160,GDN0005,Dummy,TiltLevel,34,436.0,984.0,456.0,404.0,486.0,466.0,480.0,432.0,468.0,450.0,438.0,162.0,458.0,432.0
161,GDN0005,Dummy,TiltLevel,35,418.0,954.0,444.0,384.0,264.0,452.0,436.0,416.0,448.0,430.0,418.0,168.0,446.0,416.0
162,GDN0005,Dummy,TiltLevel,36,412.0,990.0,436.0,424.0,460.0,410.0,442.0,392.0,444.0,420.0,432.0,178.0,432.0,344.0
163,GDN0005,Dummy,TiltLevel,37,404.0,1040.0,424.0,428.0,296.0,446.0,458.0,366.0,452.0,432.0,376.0,296.0,426.0,294.0
164,GDN0005,Dummy,TiltLevel,38,464.0,1036.0,442.0,436.0,500.0,462.0,480.0,400.0,464.0,450.0,404.0,314.0,442.0,400.0
165,GDN0005,Dummy,TiltLevel,39,468.0,1022.0,432.0,436.0,484.0,466.0,484.0,486.0,468.0,448.0,484.0,468.0,432.0,468.0
166,GDN0005,Dummy,TiltLevel,40,462.0,974.0,426.0,424.0,468.0,454.0,476.0,460.0,460.0,444.0,386.0,460.0,426.0,460.0
167,GDN0005,Dummy,TiltLevel,41,446.0,942.0,412.0,404.0,292.0,482.0,462.0,362.0,446.0,426.0,364.0,290.0,410.0,362.0
168,GDN0005,Dummy,TiltLevel,42,366.0,866.0,416.0,390.0,368.0,470.0,440.0,366.0,436.0,416.0,428.0,366.0,428.0,366.0
169,GDN0005,Dummy,TiltLevel,43,410.0,892.0,362.0,370.0,230.0,398.0,424.0,408.0,414.0,390.0,426.0,232.0,348.0,408.0
170,GDN0005,Dummy,TiltLevel,44,344.0,942.0,412.0,398.0,264.0,412.0,426.0,342.0,418.0,398.0,350.0,264.0,416.0,310.0
171,GDN0005,Dummy,TiltLevel,45,442.0,986.0,404.0,408.0,460.0,440.0,460.0,442.0,432.0,416.0,356.0,442.0,404.0,442.0
172,GDN0005,Dummy,TiltLevel,46,448.0,956.0,410.0,410.0,456.0,440.0,460.0,446.0,452.0,432.0,458.0,284.0,410.0,446.0
173,GDN0005,Dummy,TiltLevel,47,436.0,892.0,402.0,382.0,364.0,436.0,454.0,408.0,440.0,420.0,448.0,364.0,408.0,364.0
174,GDN0005,Dummy,TiltLevel,48,398.0,886.0,416.0,356.0,408.0,430.0,410.0,396.0,422.0,398.0,404.0,248.0,416.0,396.0
175,GDN0005,Dummy,TiltLevel,50,416.0,976.0,412.0,392.0,270.0,448.0,452.0,366.0,438.0,416.0,318.0,274.0,414.0,316.0
176,GDN0005,Dummy,TiltLevel,52,392.0,878.0,440.0,410.0,214.0,426.0,440.0,390.0,430.0,410.0,392.0,216.0,444.0,390.0
177,GDN0005,Dummy,TiltLevel,53,416.0,942.0,378.0,360.0,446.0,426.0,440.0,306.0,416.0,394.0,310.0,280.0,372.0,306.0
178,GDN0005,Dummy,TiltLevel,54,394.0,972.0,424.0,420.0,270.0,394.0,442.0,372.0,440.0,416.0,400.0,272.0,426.0,328.0
179,GDN0005,Dummy,TiltLevel,55,420.0,988.0,410.0,394.0,230.0,454.0,464.0,354.0,448.0,426.0,472.0,288.0,406.0,354.0
180,GDN0005,Dummy,TiltLevel,57,398.0,908.0,442.0,412.0,402.0,434.0,412.0,398.0,432.0,410.0,398.0,244.0,442.0,398.0
181,GDN0005,Dummy,TiltLevel,58,396.0,992.0,410.0,366.0,402.0,428.0,436.0,394.0,424.0,404.0,402.0,296.0,410.0,394.0
182,GDN0005,Dummy,TiltLevel,59,450.0,,432.0,426.0,466.0,448.0,464.0,372.0,454.0,434.0,460.0,140.0,434.0,372.0
183,GDN0005,Dummy,TiltUp,0,372.0,854.0,404.0,344.0,430.0,412.0,386.0,252.0,394.0,382.0,370.0,436.0,406.0,326.0
184,GDN0005,Dummy,TiltUp,1,330.0,842.0,354.0,350.0,328.0,408.0,336.0,330.0,398.0,384.0,330.0,180.0,352.0,330.0
185,GDN0005,Dummy,TiltUp,2,404.0,792.0,376.0,370.0,416.0,402.0,414.0,416.0,396.0,380.0,384.0,402.0,384.0,402.0
186,GDN0005,Dummy,TiltUp,3,388.0,786.0,326.0,304.0,414.0,368.0,408.0,386.0,374.0,362.0,324.0,422.0,324.0,386.0
187,GDN0005,Dummy,TiltUp,4,402.0,764.0,410.0,336.0,406.0,388.0,404.0,406.0,368.0,360.0,404.0,418.0,412.0,400.0
188,GDN0005,Dummy,TiltUp,5,386.0,762.0,354.0,364.0,352.0,434.0,394.0,384.0,380.0,354.0,352.0,242.0,310.0,348.0
189,GDN0005,Dummy,TiltUp,6,388.0,768.0,396.0,326.0,392.0,374.0,392.0,394.0,366.0,352.0,392.0,410.0,396.0,386.0
190,GDN0005,Dummy,TiltUp,8,398.0,778.0,388.0,344.0,164.0,398.0,406.0,360.0,382.0,364.0,364.0,424.0,380.0,360.0
191,GDN0005,Dummy,TiltUp,9,392.0,764.0,344.0,344.0,424.0,384.0,412.0,390.0,380.0,358.0,312.0,390.0,350.0,390.0
192,GDN0005,Dummy,TiltUp,10,390.0,728.0,316.0,316.0,296.0,372.0,398.0,400.0,370.0,354.0,400.0,390.0,312.0,390.0
193,GDN0005,Dummy,TiltUp,11,390.0,738.0,300.0,312.0,402.0,378.0,396.0,402.0,368.0,340.0,390.0,418.0,304.0,388.0
194,GDN0005,Dummy,TiltUp,12,396.0,728.0,406.0,348.0,398.0,378.0,398.0,398.0,370.0,344.0,404.0,422.0,404.0,394.0
195,GDN0005,Dummy,TiltUp,13,378.0,732.0,348.0,342.0,392.0,374.0,388.0,298.0,362.0,340.0,300.0,76.0,344.0,298.0
196,GDN0005,Dummy,TiltUp,14,386.0,752.0,318.0,302.0,208.0,376.0,396.0,398.0,368.0,342.0,332.0,386.0,332.0,386.0
197,GDN0005,Dummy,TiltUp,16,396.0,756.0,404.0,310.0,288.0,388.0,404.0,408.0,376.0,352.0,406.0,396.0,364.0,396.0
198,GDN0005,Dummy,TiltUp,17,386.0,744.0,362.0,356.0,410.0,386.0,402.0,322.0,374.0,350.0,402.0,260.0,364.0,258.0
199,GDN0005,Dummy,TiltUp,18,390.0,728.0,314.0,320.0,400.0,382.0,398.0,400.0,372.0,346.0,398.0,390.0,310.0,390.0
200,GDN0005,Dummy,TiltUp,19,380.0,700.0,340.0,350.0,264.0,380.0,394.0,326.0,366.0,340.0,332.0,60.0,346.0,326.0
201,GDN0005,Dummy,TiltUp,20,374.0,688.0,320.0,298.0,200.0,362.0,386.0,396.0,360.0,332.0,384.0,372.0,300.0,372.0
202,GDN0005,Dummy,TiltUp,21,372.0,702.0,338.0,296.0,386.0,366.0,384.0,386.0,356.0,326.0,382.0,370.0,338.0,370.0
203,GDN0005,Dummy,TiltUp,22,382.0,750.0,324.0,342.0,398.0,372.0,394.0,400.0,360.0,332.0,288.0,380.0,330.0,380.0
204,GDN0005,Dummy,TiltUp,23,398.0,800.0,408.0,324.0,402.0,386.0,402.0,404.0,382.0,346.0,400.0,398.0,410.0,398.0
205,GDN0005,Dummy,TiltUp,25,418.0,830.0,354.0,348.0,426.0,408.0,426.0,428.0,398.0,370.0,422.0,416.0,336.0,416.0
206,GDN0005,Dummy,TiltUp,26,410.0,780.0,434.0,344.0,410.0,392.0,416.0,410.0,406.0,376.0,436.0,410.0,436.0,408.0
207,GDN0005,Dummy,TiltUp,27,398.0,752.0,290.0,368.0,364.0,396.0,406.0,364.0,384.0,358.0,364.0,114.0,,362.0
208,GDN0005,Dummy,TiltUp,28,482.0,738.0,438.0,430.0,498.0,482.0,420.0,406.0,414.0,332.0,408.0,296.0,436.0,406.0
209,GDN0005,Dummy,TiltUp,29,394.0,728.0,410.0,352.0,398.0,380.0,396.0,398.0,374.0,344.0,394.0,424.0,410.0,392.0
210,GDN0005,Dummy,TiltUp,30,384.0,728.0,352.0,346.0,232.0,384.0,340.0,340.0,364.0,340.0,338.0,230.0,356.0,336.0
211,GDN0005,Dummy,TiltUp,31,348.0,726.0,368.0,282.0,350.0,380.0,354.0,352.0,354.0,340.0,348.0,348.0,356.0,348.0
212,GDN0005,Dummy,TiltUp,32,382.0,710.0,410.0,338.0,394.0,372.0,392.0,394.0,386.0,334.0,384.0,424.0,412.0,380.0
213,GDN0005,Dummy,TiltUp,34,386.0,742.0,244.0,300.0,388.0,374.0,390.0,390.0,358.0,334.0,286.0,386.0,250.0,386.0
214,GDN0005,Dummy,TiltUp,35,402.0,784.0,328.0,308.0,408.0,390.0,408.0,410.0,372.0,346.0,412.0,398.0,330.0,398.0
215,GDN0005,Dummy,TiltUp,36,412.0,798.0,330.0,324.0,432.0,412.0,424.0,358.0,386.0,360.0,366.0,112.0,328.0,358.0
216,GDN0005,Dummy,TiltUp,37,420.0,804.0,346.0,340.0,426.0,412.0,426.0,428.0,392.0,366.0,428.0,418.0,346.0,418.0
217,GDN0005,Dummy,TiltUp,38,422.0,804.0,374.0,386.0,238.0,480.0,428.0,432.0,398.0,368.0,432.0,420.0,374.0,420.0
218,GDN0005,Dummy,TiltUp,39,412.0,774.0,366.0,370.0,428.0,400.0,422.0,430.0,392.0,368.0,420.0,410.0,364.0,410.0
219,GDN0005,Dummy,TiltUp,40,386.0,760.0,348.0,350.0,438.0,424.0,396.0,392.0,384.0,356.0,390.0,78.0,352.0,384.0
220,GDN0005,Dummy,TiltUp,41,406.0,736.0,346.0,340.0,416.0,396.0,414.0,418.0,380.0,352.0,410.0,406.0,342.0,406.0
221,GDN0005,Dummy,TiltUp,42,390.0,714.0,356.0,354.0,394.0,380.0,398.0,396.0,374.0,344.0,334.0,388.0,360.0,388.0
222,GDN0005,Dummy,TiltUp,43,396.0,706.0,340.0,346.0,412.0,372.0,402.0,314.0,370.0,334.0,402.0,100.0,330.0,314.0
223,GDN0005,Dummy,TiltUp,44,394.0,738.0,346.0,350.0,398.0,382.0,398.0,400.0,364.0,334.0,396.0,392.0,346.0,392.0
224,GDN0005,Dummy,TiltUp,45,396.0,790.0,330.0,324.0,404.0,388.0,404.0,406.0,372.0,344.0,402.0,394.0,326.0,394.0
225,GDN0005,Dummy,TiltUp,46,420.0,786.0,372.0,376.0,424.0,408.0,424.0,424.0,390.0,362.0,424.0,418.0,376.0,418.0
226,GDN0005,Dummy,TiltUp,47,420.0,776.0,364.0,374.0,432.0,410.0,430.0,432.0,394.0,362.0,432.0,418.0,348.0,418.0
227,GDN0005,Dummy,TiltUp,48,414.0,750.0,426.0,376.0,418.0,402.0,420.0,418.0,398.0,356.0,416.0,266.0,436.0,412.0
228,GDN0005,Dummy,TiltUp,49,400.0,732.0,274.0,360.0,406.0,392.0,408.0,408.0,376.0,348.0,250.0,400.0,,400.0
229,GDN0005,Dummy,TiltUp,51,398.0,710.0,312.0,360.0,404.0,388.0,404.0,404.0,376.0,338.0,402.0,396.0,354.0,396.0
230,GDN0005,Dummy,TiltUp,52,390.0,700.0,392.0,350.0,394.0,380.0,396.0,396.0,366.0,334.0,394.0,390.0,352.0,390.0
231,GDN0005,Dummy,TiltUp,53,390.0,696.0,320.0,304.0,396.0,378.0,396.0,396.0,364.0,332.0,398.0,388.0,314.0,388.0
232,GDN0005,Dummy,TiltUp,54,392.0,704.0,338.0,346.0,394.0,378.0,396.0,394.0,360.0,330.0,396.0,390.0,342.0,390.0
233,GDN0005,Dummy,TiltUp,56,400.0,702.0,342.0,356.0,408.0,392.0,406.0,410.0,372.0,336.0,406.0,398.0,350.0,398.0
234,GDN0005,Dummy,TiltUp,57,386.0,678.0,326.0,338.0,398.0,374.0,394.0,400.0,360.0,332.0,392.0,412.0,324.0,384.0
235,GDN0005,Dummy,TiltUp,58,372.0,670.0,348.0,344.0,388.0,370.0,384.0,330.0,356.0,324.0,332.0,128.0,346.0,330.0
236,GDN0005,Dummy,TiltUp,59,366.0,674.0,378.0,334.0,374.0,356.0,372.0,354.0,348.0,320.0,366.0,242.0,380.0,318.0
237,GDN0005,Dummy,TiltUp,60,364.0,676.0,340.0,292.0,390.0,364.0,382.0,328.0,348.0,322.0,386.0,190.0,288.0,328.0
238,GDN0005,Dummy,TiltUp,61,376.0,664.0,322.0,316.0,388.0,372.0,384.0,390.0,346.0,322.0,350.0,400.0,350.0,374.0
239,GDN0005,Dummy,TiltUp,62,370.0,640.0,396.0,298.0,382.0,328.0,378.0,382.0,350.0,318.0,388.0,408.0,388.0,368.0
240,GDN0005,Dummy,TiltUp,63,364.0,626.0,376.0,316.0,376.0,356.0,372.0,378.0,338.0,310.0,368.0,394.0,380.0,362.0
241,GDN0005,Dummy,TiltUp,64,360.0,616.0,328.0,268.0,374.0,354.0,368.0,290.0,332.0,306.0,370.0,384.0,326.0,242.0
242,GDN0005,Dummy,TiltUp,65,346.0,610.0,368.0,286.0,378.0,328.0,366.0,344.0,330.0,302.0,368.0,388.0,366.0,344.0
243,GDN0005,Dummy,TiltUp,66,348.0,612.0,370.0,282.0,352.0,336.0,354.0,354.0,338.0,298.0,350.0,194.0,370.0,348.0
244,GDN0005,Dummy,TiltUp,67,354.0,632.0,288.0,276.0,380.0,340.0,370.0,354.0,332.0,300.0,296.0,354.0,296.0,354.0
245,GDN0005,Dummy,TiltUp,68,364.0,662.0,302.0,290.0,370.0,354.0,370.0,370.0,340.0,308.0,370.0,362.0,298.0,362.0
246,GDN0005,Dummy,TiltUp,69,372.0,682.0,306.0,300.0,380.0,364.0,378.0,380.0,346.0,318.0,280.0,370.0,304.0,370.0
247,GDN0005,Dummy,TiltUp,70,378.0,698.0,328.0,338.0,390.0,370.0,386.0,390.0,352.0,324.0,390.0,378.0,330.0,378.0
248,GDN0005,Dummy,TiltUp,71,386.0,704.0,338.0,330.0,392.0,378.0,390.0,394.0,350.0,330.0,326.0,386.0,336.0,386.0
249,GDN0005,Dummy,TiltUp,72,382.0,704.0,346.0,344.0,390.0,374.0,388.0,390.0,360.0,332.0,286.0,380.0,346.0,380.0
250,GDN0005,Dummy,TiltUp,73,384.0,704.0,320.0,310.0,394.0,374.0,390.0,394.0,354.0,332.0,394.0,382.0,322.0,382.0
251,GDN0005,Dummy,TiltUp,74,384.0,690.0,330.0,312.0,394.0,376.0,388.0,394.0,354.0,332.0,294.0,382.0,316.0,382.0
252,GDN0005,Dummy,TiltUp,75,372.0,692.0,340.0,296.0,382.0,366.0,382.0,384.0,356.0,328.0,380.0,368.0,356.0,368.0
253,GDN0005,Dummy,TiltUp,76,372.0,702.0,352.0,296.0,182.0,370.0,382.0,338.0,352.0,328.0,386.0,182.0,294.0,338.0
254,GDN0005,Dummy,TiltUp,77,378.0,700.0,310.0,300.0,386.0,372.0,386.0,388.0,362.0,332.0,390.0,378.0,312.0,378.0
255,GDN0005,Dummy,TiltUp,79,362.0,686.0,378.0,336.0,382.0,362.0,376.0,324.0,352.0,326.0,326.0,88.0,370.0,324.0
256,GDN0005,Dummy,TiltUp,80,382.0,704.0,340.0,332.0,388.0,372.0,386.0,390.0,350.0,326.0,386.0,402.0,342.0,380.0
257,GDN0005,Dummy,TiltUp,81,384.0,,338.0,332.0,392.0,372.0,388.0,392.0,356.0,332.0,388.0,382.0,338.0,382.0
258,GDN0005,Dummy,Valsalva,0,432.0,912.0,390.0,372.0,244.0,426.0,442.0,378.0,426.0,406.0,338.0,430.0,382.0,430.0
259,GDN0005,Dummy,Valsalva,1,432.0,896.0,418.0,406.0,446.0,488.0,436.0,396.0,426.0,406.0,398.0,248.0,418.0,396.0
260,GDN0005,Dummy,Valsalva,2,416.0,932.0,424.0,354.0,424.0,452.0,424.0,424.0,416.0,400.0,420.0,414.0,422.0,414.0
261,GDN0005,Dummy,Valsalva,3,422.0,994.0,446.0,384.0,452.0,408.0,432.0,422.0,430.0,412.0,422.0,464.0,446.0,420.0
262,GDN0005,Dummy,Valsalva,4,470.0,998.0,462.0,404.0,482.0,466.0,448.0,442.0,454.0,434.0,442.0,490.0,464.0,440.0
263,GDN0005,Dummy,Valsalva,5,466.0,970.0,444.0,384.0,478.0,464.0,474.0,368.0,454.0,436.0,432.0,368.0,444.0,368.0
264,GDN0005,Dummy,Valsalva,6,442.0,948.0,450.0,380.0,452.0,486.0,450.0,452.0,444.0,426.0,446.0,174.0,450.0,442.0
265,GDN0005,Dummy,Valsalva,7,440.0,880.0,416.0,412.0,448.0,478.0,448.0,406.0,436.0,418.0,398.0,130.0,418.0,396.0
266,GDN0005,Dummy,Valsalva,8,406.0,854.0,408.0,380.0,416.0,452.0,416.0,418.0,410.0,394.0,366.0,254.0,412.0,406.0
267,GDN0005,Dummy,Valsalva,9,408.0,864.0,388.0,380.0,418.0,450.0,414.0,376.0,402.0,384.0,372.0,266.0,388.0,368.0
268,GDN0005,Dummy,Valsalva,10,422.0,948.0,392.0,338.0,270.0,420.0,430.0,376.0,408.0,388.0,384.0,268.0,388.0,376.0
269,GDN0005,Dummy,Valsalva,11,452.0,980.0,428.0,392.0,380.0,450.0,458.0,424.0,438.0,418.0,420.0,298.0,430.0,416.0
270,GDN0005,Dummy,Valsalva,12,470.0,1008.0,434.0,428.0,280.0,466.0,430.0,400.0,448.0,428.0,404.0,282.0,434.0,400.0
271,GDN0005,Dummy,Valsalva,13,460.0,992.0,464.0,432.0,466.0,496.0,466.0,468.0,456.0,438.0,390.0,458.0,462.0,458.0
272,GDN0005,Dummy,Valsalva,14,446.0,938.0,460.0,424.0,260.0,480.0,456.0,456.0,452.0,434.0,446.0,180.0,460.0,444.0
273,GDN0005,Dummy,Valsalva,15,430.0,926.0,440.0,406.0,438.0,472.0,438.0,440.0,432.0,414.0,432.0,202.0,442.0,428.0
274,GDN0005,Dummy,Valsalva,16,438.0,980.0,414.0,382.0,448.0,434.0,444.0,394.0,426.0,410.0,402.0,464.0,410.0,374.0
275,GDN0005,Dummy,Valsalva,17,454.0,984.0,434.0,424.0,464.0,500.0,462.0,464.0,446.0,428.0,414.0,452.0,436.0,452.0
276,GDN0005,Dummy,Valsalva,18,456.0,962.0,436.0,396.0,466.0,452.0,464.0,468.0,446.0,430.0,386.0,452.0,438.0,452.0
277,GDN0005,Dummy,Valsalva,19,456.0,900.0,392.0,378.0,276.0,454.0,460.0,410.0,442.0,422.0,420.0,122.0,414.0,410.0
278,GDN0005,Dummy,Valsalva,20,400.0,858.0,412.0,356.0,338.0,476.0,414.0,398.0,424.0,402.0,404.0,176.0,412.0,398.0
279,GDN0005,Dummy,Valsalva,21,394.0,868.0,402.0,336.0,400.0,426.0,402.0,400.0,406.0,386.0,398.0,232.0,402.0,392.0
280,GDN0005,Dummy,Valsalva,22,380.0,936.0,408.0,358.0,424.0,408.0,416.0,338.0,408.0,390.0,386.0,438.0,406.0,312.0
281,GDN0005,Dummy,Valsalva,23,426.0,988.0,440.0,400.0,206.0,424.0,440.0,382.0,428.0,414.0,388.0,260.0,440.0,382.0
282,GDN0005,Dummy,Valsalva,24,462.0,1022.0,430.0,428.0,470.0,456.0,470.0,472.0,450.0,432.0,388.0,460.0,428.0,460.0
283,GDN0005,Dummy,Valsalva,25,466.0,1002.0,444.0,436.0,422.0,458.0,478.0,424.0,464.0,444.0,420.0,82.0,446.0,420.0
284,GDN0005,Dummy,Valsalva,26,446.0,964.0,424.0,420.0,264.0,526.0,460.0,390.0,462.0,436.0,452.0,264.0,422.0,390.0
285,GDN0005,Dummy,Valsalva,27,414.0,906.0,444.0,382.0,448.0,476.0,440.0,414.0,438.0,424.0,416.0,174.0,448.0,414.0
286,GDN0005,Dummy,Valsalva,28,402.0,918.0,422.0,342.0,450.0,434.0,414.0,410.0,418.0,404.0,404.0,252.0,418.0,402.0
287,GDN0005,Dummy,Valsalva,29,420.0,894.0,428.0,398.0,272.0,418.0,434.0,358.0,424.0,408.0,430.0,274.0,434.0,358.0
288,GDN0005,Dummy,Valsalva,30,434.0,824.0,376.0,370.0,446.0,428.0,444.0,446.0,420.0,398.0,444.0,434.0,374.0,434.0
289,GDN0005,Dummy,Valsalva,31,414.0,826.0,376.0,376.0,414.0,404.0,422.0,416.0,396.0,374.0,378.0,412.0,378.0,412.0
290,GDN0005,Dummy,Valsalva,32,424.0,852.0,400.0,360.0,434.0,420.0,428.0,420.0,404.0,376.0,430.0,310.0,396.0,394.0
291,GDN0005,Dummy,Valsalva,33,398.0,858.0,366.0,364.0,248.0,470.0,412.0,396.0,408.0,384.0,406.0,252.0,370.0,396.0
292,GDN0005,Dummy,Valsalva,34,380.0,906.0,368.0,360.0,234.0,416.0,396.0,340.0,406.0,386.0,272.0,236.0,360.0,272.0
293,GDN0005,Dummy,Valsalva,35,416.0,1008.0,432.0,364.0,308.0,448.0,424.0,420.0,420.0,404.0,418.0,264.0,430.0,414.0
294,GDN0005,Dummy,Valsalva,36,466.0,990.0,454.0,402.0,478.0,464.0,472.0,440.0,456.0,438.0,442.0,90.0,454.0,438.0
295,GDN0005,Dummy,Valsalva,37,468.0,942.0,430.0,432.0,476.0,462.0,474.0,476.0,452.0,432.0,362.0,466.0,428.0,466.0
296,GDN0005,Dummy,Valsalva,38,422.0,900.0,436.0,420.0,432.0,412.0,432.0,432.0,440.0,416.0,422.0,236.0,440.0,418.0
297,GDN0005,Dummy,Valsalva,39,422.0,908.0,402.0,340.0,278.0,416.0,430.0,432.0,414.0,400.0,382.0,450.0,396.0,418.0
298,GDN0005,Dummy,Valsalva,40,404.0,930.0,432.0,350.0,258.0,394.0,436.0,398.0,422.0,404.0,404.0,266.0,434.0,398.0
299,GDN0005,Dummy,Valsalva,41,428.0,920.0,416.0,406.0,438.0,468.0,438.0,426.0,430.0,412.0,394.0,290.0,412.0,390.0
300,GDN0005,Dummy,Valsalva,42,452.0,930.0,408.0,400.0,464.0,448.0,458.0,388.0,432.0,408.0,384.0,274.0,408.0,380.0
301,GDN0005,Dummy,Valsalva,43,442.0,876.0,420.0,416.0,456.0,442.0,450.0,402.0,436.0,412.0,366.0,466.0,420.0,362.0
302,GDN0005,Dummy,Valsalva,44,394.0,872.0,414.0,348.0,396.0,470.0,400.0,398.0,416.0,392.0,396.0,246.0,416.0,392.0
303,GDN0005,Dummy,Valsalva,45,400.0,952.0,414.0,368.0,250.0,392.0,414.0,398.0,412.0,392.0,404.0,248.0,410.0,398.0
304,GDN0005,Dummy,Valsalva,46,432.0,1024.0,446.0,408.0,438.0,468.0,438.0,440.0,440.0,420.0,434.0,282.0,446.0,430.0
305,GDN0005,Dummy,Valsalva,47,456.0,1030.0,466.0,432.0,466.0,490.0,466.0,466.0,460.0,444.0,460.0,94.0,466.0,454.0
306,GDN0005,Dummy,Valsalva,48,454.0,996.0,438.0,430.0,500.0,484.0,468.0,452.0,464.0,446.0,460.0,118.0,434.0,452.0
307,GDN0005,Dummy,Valsalva,49,428.0,936.0,450.0,432.0,478.0,462.0,440.0,426.0,454.0,434.0,456.0,172.0,456.0,426.0
308,GDN0005,Dummy,Valsalva,50,430.0,980.0,436.0,398.0,434.0,464.0,436.0,436.0,432.0,414.0,432.0,430.0,398.0,430.0
309,GDN0005,Dummy,Valsalva,51,446.0,1022.0,458.0,418.0,348.0,444.0,456.0,444.0,444.0,430.0,416.0,304.0,458.0,412.0
310,GDN0005,Dummy,Valsalva,52,468.0,1032.0,446.0,440.0,362.0,500.0,478.0,432.0,462.0,444.0,424.0,100.0,446.0,422.0
311,GDN0005,Dummy,Valsalva,53,442.0,986.0,444.0,412.0,498.0,440.0,484.0,394.0,458.0,446.0,456.0,60.0,428.0,394.0
312,GDN0005,Dummy,Valsalva,54,440.0,928.0,452.0,416.0,448.0,484.0,446.0,448.0,452.0,432.0,440.0,186.0,454.0,438.0
313,GDN0005,Dummy,Valsalva,55,430.0,966.0,418.0,402.0,444.0,430.0,440.0,428.0,426.0,410.0,398.0,462.0,416.0,394.0
314,GDN0005,Dummy,Valsalva,56,428.0,1018.0,448.0,402.0,282.0,420.0,446.0,426.0,442.0,424.0,430.0,164.0,448.0,426.0
315,GDN0005,Dummy,Valsalva,57,478.0,1008.0,454.0,392.0,488.0,476.0,448.0,446.0,460.0,442.0,440.0,106.0,452.0,438.0
316,GDN0005,Dummy,Valsalva,58,448.0,908.0,460.0,428.0,306.0,448.0,462.0,406.0,456.0,438.0,456.0,300.0,462.0,386.0
317,GDN0005,Dummy,Valsalva,59,436.0,876.0,394.0,388.0,448.0,484.0,444.0,448.0,426.0,404.0,442.0,434.0,396.0,434.0
318,GDN0005,Dummy,Valsalva,60,420.0,886.0,388.0,388.0,424.0,448.0,428.0,424.0,412.0,392.0,318.0,418.0,392.0,418.0
319,GDN0005,Dummy,Valsalva,61,436.0,866.0,364.0,354.0,338.0,432.0,440.0,408.0,416.0,396.0,410.0,264.0,360.0,404.0
320,GDN0005,Dummy,Valsalva,62,384.0,,402.0,362.0,250.0,416.0,422.0,382.0,410.0,390.0,386.0,254.0,410.0,336.0
321,GDN0006,Dummy,Pause,0,516.0,1132.0,526.0,480.0,560.0,508.0,536.0,644.0,512.0,482.0,524.0,566.0,526.0,516.0
322,GDN0006,Dummy,Pause,1,520.0,1064.0,528.0,484.0,370.0,510.0,528.0,524.0,510.0,482.0,524.0,520.0,524.0,520.0
323,GDN0006,Dummy,Pause,2,492.0,1042.0,512.0,472.0,514.0,494.0,508.0,448.0,488.0,458.0,500.0,534.0,514.0,448.0
324,GDN0006,Dummy,Pause,3,492.0,1088.0,508.0,454.0,496.0,480.0,500.0,496.0,482.0,450.0,494.0,532.0,508.0,492.0
325,GDN0006,Dummy,Pause,4,498.0,448.0,516.0,460.0,542.0,486.0,510.0,502.0,496.0,466.0,500.0,548.0,512.0,498.0
326,GDN0006,Dummy,Pause,6,334.0,1092.0,360.0,310.0,190.0,332.0,364.0,,336.0,308.0,350.0,388.0,358.0,290.0
327,GDN0006,Dummy,Pause,7,516.0,1060.0,492.0,488.0,524.0,510.0,522.0,526.0,500.0,468.0,518.0,544.0,492.0,514.0
328,GDN0006,Dummy,Pause,8,480.0,1088.0,492.0,444.0,340.0,472.0,504.0,478.0,486.0,458.0,490.0,532.0,488.0,478.0
329,GDN0006,Dummy,Pause,9,512.0,1098.0,518.0,484.0,524.0,506.0,520.0,524.0,496.0,466.0,516.0,546.0,520.0,510.0
330,GDN0006,Dummy,Pause,10,490.0,1062.0,478.0,466.0,544.0,522.0,534.0,442.0,500.0,470.0,534.0,550.0,472.0,412.0
331,GDN0006,Dummy,Pause,11,494.0,1034.0,512.0,460.0,500.0,484.0,502.0,502.0,490.0,458.0,496.0,534.0,514.0,494.0
332,GDN0006,Dummy,Pause,12,500.0,1080.0,506.0,424.0,514.0,496.0,510.0,516.0,478.0,448.0,508.0,528.0,502.0,498.0
333,GDN0006,Dummy,Pause,13,512.0,1102.0,518.0,476.0,518.0,502.0,520.0,520.0,496.0,464.0,514.0,546.0,518.0,510.0
334,GDN0006,Dummy,Pause,14,524.0,1112.0,526.0,496.0,536.0,518.0,532.0,536.0,506.0,470.0,528.0,554.0,528.0,522.0
335,GDN0006,Dummy,Pause,15,530.0,1106.0,532.0,496.0,536.0,580.0,534.0,538.0,512.0,474.0,532.0,556.0,532.0,528.0
336,GDN0006,Dummy,Pause,16,514.0,1068.0,498.0,494.0,532.0,514.0,528.0,468.0,506.0,474.0,522.0,552.0,516.0,438.0
337,GDN0006,Dummy,Pause,17,502.0,1098.0,458.0,458.0,510.0,556.0,508.0,512.0,492.0,460.0,504.0,532.0,452.0,500.0
338,GDN0006,Dummy,Pause,18,514.0,1096.0,522.0,450.0,526.0,508.0,522.0,526.0,502.0,470.0,518.0,546.0,522.0,512.0
339,GDN0006,Dummy,Pause,19,518.0,1094.0,498.0,492.0,530.0,514.0,528.0,532.0,502.0,470.0,524.0,550.0,498.0,518.0
340,GDN0006,Dummy,Pause,20,516.0,1078.0,500.0,450.0,290.0,514.0,524.0,512.0,500.0,468.0,486.0,546.0,500.0,482.0
341,GDN0006,Dummy,Pause,21,500.0,1072.0,504.0,468.0,504.0,492.0,512.0,506.0,492.0,464.0,504.0,546.0,506.0,500.0
342,GDN0006,Dummy,Pause,22,514.0,1084.0,496.0,440.0,528.0,514.0,522.0,512.0,496.0,460.0,482.0,540.0,494.0,480.0
343,GDN0006,Dummy,Pause,23,504.0,1072.0,514.0,466.0,506.0,492.0,512.0,508.0,500.0,464.0,506.0,174.0,514.0,502.0
344,GDN0006,Dummy,Pause,24,510.0,1096.0,516.0,476.0,516.0,500.0,516.0,518.0,492.0,462.0,512.0,538.0,514.0,508.0
345,GDN0006,Dummy,Pause,25,518.0,1098.0,526.0,488.0,528.0,510.0,524.0,528.0,502.0,470.0,520.0,548.0,526.0,516.0
346,GDN0006,Dummy,Pause,26,516.0,1088.0,526.0,476.0,520.0,558.0,522.0,522.0,502.0,470.0,518.0,544.0,526.0,514.0
347,GDN0006,Dummy,Pause,27,510.0,1068.0,482.0,476.0,518.0,502.0,518.0,518.0,498.0,466.0,514.0,508.0,482.0,508.0
348,GDN0006,Dummy,Pause,28,500.0,1080.0,506.0,440.0,516.0,498.0,510.0,496.0,492.0,460.0,504.0,532.0,504.0,472.0
349,GDN0006,Dummy,Pause,29,512.0,1094.0,504.0,446.0,530.0,512.0,524.0,510.0,502.0,462.0,484.0,544.0,516.0,480.0
350,GDN0006,Dummy,Pause,30,524.0,1090.0,490.0,488.0,532.0,516.0,530.0,532.0,500.0,468.0,528.0,548.0,490.0,522.0
351,GDN0006,Dummy,Pause,31,510.0,1060.0,514.0,482.0,522.0,502.0,518.0,524.0,500.0,468.0,512.0,544.0,512.0,506.0
352,GDN0006,Dummy,Pause,32,484.0,1048.0,510.0,460.0,500.0,484.0,502.0,502.0,484.0,456.0,494.0,536.0,510.0,484.0
353,GDN0006,Dummy,Pause,33,482.0,1100.0,504.0,440.0,524.0,470.0,510.0,482.0,482.0,452.0,486.0,534.0,506.0,482.0
354,GDN0006,Dummy,Pause,34,516.0,1100.0,488.0,484.0,526.0,508.0,526.0,526.0,502.0,472.0,522.0,516.0,488.0,516.0
355,GDN0006,Dummy,Pause,35,506.0,1084.0,514.0,468.0,542.0,494.0,532.0,504.0,502.0,472.0,514.0,552.0,514.0,504.0
356,GDN0006,Dummy,Pause,36,522.0,1050.0,498.0,442.0,534.0,516.0,526.0,482.0,496.0,466.0,482.0,544.0,502.0,480.0
357,GDN0006,Dummy,Pause,37,484.0,1094.0,452.0,450.0,490.0,476.0,496.0,492.0,482.0,454.0,490.0,114.0,448.0,484.0
358,GDN0006,Dummy,Pause,38,514.0,1102.0,522.0,480.0,520.0,560.0,520.0,520.0,500.0,468.0,516.0,542.0,524.0,514.0
359,GDN0006,Dummy,Pause,39,510.0,1060.0,494.0,490.0,526.0,508.0,524.0,508.0,504.0,472.0,520.0,160.0,492.0,474.0
360,GDN0006,Dummy,Pause,40,502.0,1044.0,512.0,466.0,510.0,492.0,508.0,510.0,488.0,458.0,504.0,534.0,514.0,500.0
361,GDN0006,Dummy,Pause,41,502.0,1070.0,508.0,434.0,512.0,494.0,508.0,514.0,482.0,452.0,506.0,528.0,504.0,500.0
362,GDN0006,Dummy,Pause,42,504.0,1072.0,472.0,470.0,508.0,494.0,512.0,510.0,488.0,460.0,508.0,542.0,472.0,502.0
363,GDN0006,Dummy,Pause,43,508.0,1076.0,516.0,448.0,526.0,506.0,520.0,506.0,494.0,462.0,516.0,542.0,518.0,486.0
364,GDN0006,Dummy,Pause,44,504.0,1042.0,510.0,470.0,512.0,494.0,512.0,514.0,490.0,462.0,506.0,540.0,506.0,502.0
365,GDN0006,Dummy,Pause,45,488.0,1056.0,502.0,462.0,498.0,534.0,498.0,500.0,480.0,450.0,492.0,524.0,500.0,486.0
366,GDN0006,Dummy,Pause,46,488.0,1084.0,504.0,454.0,356.0,478.0,510.0,488.0,486.0,456.0,494.0,540.0,508.0,488.0
367,GDN0006,Dummy,Pause,47,508.0,1088.0,520.0,468.0,510.0,494.0,518.0,510.0,496.0,466.0,510.0,548.0,518.0,506.0
368,GDN0006,Dummy,Pause,48,526.0,1102.0,504.0,462.0,540.0,524.0,532.0,498.0,498.0,466.0,500.0,548.0,504.0,494.0
369,GDN0006,Dummy,Pause,49,520.0,1064.0,492.0,490.0,532.0,514.0,528.0,532.0,502.0,472.0,524.0,546.0,490.0,518.0
370,GDN0006,Dummy,Pause,50,486.0,1054.0,518.0,456.0,534.0,478.0,500.0,486.0,484.0,458.0,444.0,540.0,520.0,486.0
371,GDN0006,Dummy,Pause,51,500.0,1090.0,516.0,438.0,520.0,498.0,512.0,498.0,488.0,452.0,508.0,534.0,516.0,476.0
372,GDN0006,Dummy,Pause,52,512.0,1100.0,498.0,490.0,526.0,510.0,522.0,526.0,500.0,468.0,478.0,546.0,496.0,510.0
373,GDN0006,Dummy,Pause,53,512.0,1072.0,514.0,482.0,518.0,504.0,522.0,518.0,502.0,472.0,516.0,512.0,484.0,512.0
374,GDN0006,Dummy,Pause,54,504.0,1048.0,510.0,466.0,512.0,496.0,512.0,514.0,490.0,462.0,506.0,540.0,514.0,502.0
375,GDN0006,Dummy,TiltLevel,0,444.0,1018.0,446.0,408.0,498.0,438.0,486.0,556.0,462.0,442.0,454.0,506.0,420.0,444.0
376,GDN0006,Dummy,TiltLevel,1,484.0,1018.0,490.0,444.0,494.0,474.0,494.0,496.0,474.0,442.0,490.0,518.0,490.0,482.0
377,GDN0006,Dummy,TiltLevel,2,480.0,1024.0,466.0,408.0,496.0,474.0,490.0,436.0,466.0,442.0,396.0,512.0,464.0,436.0
378,GDN0006,Dummy,TiltLevel,3,484.0,1008.0,494.0,418.0,496.0,476.0,492.0,498.0,472.0,444.0,488.0,516.0,494.0,482.0
379,GDN0006,Dummy,TiltLevel,4,424.0,1006.0,482.0,438.0,492.0,462.0,478.0,422.0,458.0,438.0,426.0,504.0,482.0,422.0
380,GDN0006,Dummy,TiltLevel,5,480.0,1032.0,490.0,444.0,486.0,470.0,486.0,488.0,466.0,438.0,482.0,512.0,490.0,478.0
381,GDN0006,Dummy,TiltLevel,6,484.0,1042.0,492.0,458.0,498.0,480.0,494.0,498.0,476.0,448.0,490.0,518.0,492.0,484.0
382,GDN0006,Dummy,TiltLevel,7,484.0,1026.0,498.0,450.0,496.0,476.0,494.0,498.0,474.0,450.0,488.0,520.0,498.0,482.0
383,GDN0006,Dummy,TiltLevel,8,474.0,1032.0,488.0,442.0,504.0,468.0,490.0,472.0,470.0,446.0,480.0,518.0,492.0,472.0
384,GDN0006,Dummy,TiltLevel,9,472.0,1048.0,484.0,436.0,338.0,462.0,496.0,472.0,476.0,448.0,480.0,522.0,482.0,472.0
385,GDN0006,Dummy,TiltLevel,10,480.0,1068.0,466.0,452.0,518.0,476.0,498.0,478.0,476.0,452.0,490.0,524.0,460.0,478.0
386,GDN0006,Dummy,TiltLevel,11,488.0,1072.0,478.0,460.0,520.0,486.0,510.0,416.0,486.0,460.0,502.0,534.0,498.0,416.0
387,GDN0006,Dummy,TiltLevel,12,498.0,1020.0,484.0,472.0,516.0,494.0,510.0,444.0,488.0,462.0,504.0,532.0,480.0,404.0
388,GDN0006,Dummy,TiltLevel,13,460.0,1008.0,488.0,442.0,502.0,460.0,482.0,460.0,468.0,444.0,468.0,514.0,490.0,424.0
389,GDN0006,Dummy,TiltLevel,14,478.0,1056.0,482.0,426.0,502.0,454.0,492.0,404.0,466.0,438.0,482.0,514.0,478.0,404.0
390,GDN0006,Dummy,TiltLevel,15,492.0,1068.0,498.0,450.0,518.0,478.0,510.0,492.0,482.0,456.0,504.0,532.0,496.0,492.0
391,GDN0006,Dummy,TiltLevel,16,498.0,1060.0,458.0,446.0,512.0,490.0,510.0,514.0,488.0,460.0,506.0,530.0,456.0,498.0
392,GDN0006,Dummy,TiltLevel,17,432.0,1038.0,480.0,460.0,512.0,464.0,498.0,462.0,480.0,456.0,442.0,524.0,486.0,432.0
393,GDN0006,Dummy,TiltLevel,18,484.0,1092.0,438.0,438.0,492.0,474.0,492.0,494.0,474.0,450.0,488.0,482.0,436.0,482.0
394,GDN0006,Dummy,TiltLevel,19,492.0,1086.0,508.0,436.0,528.0,482.0,518.0,492.0,496.0,468.0,504.0,544.0,510.0,492.0
395,GDN0006,Dummy,TiltLevel,20,504.0,1080.0,490.0,426.0,524.0,504.0,518.0,460.0,492.0,466.0,516.0,538.0,490.0,460.0
396,GDN0006,Dummy,TiltLevel,21,494.0,1070.0,480.0,466.0,518.0,494.0,512.0,430.0,488.0,464.0,506.0,534.0,476.0,430.0
397,GDN0006,Dummy,TiltLevel,22,482.0,1026.0,504.0,446.0,506.0,472.0,500.0,506.0,484.0,460.0,490.0,526.0,506.0,480.0
398,GDN0006,Dummy,TiltLevel,23,442.0,1052.0,474.0,410.0,274.0,436.0,488.0,408.0,472.0,446.0,462.0,370.0,462.0,370.0
399,GDN0006,Dummy,TiltLevel,24,484.0,1052.0,498.0,440.0,510.0,472.0,502.0,484.0,482.0,454.0,492.0,530.0,500.0,484.0
400,GDN0006,Dummy,TiltLevel,25,496.0,1040.0,464.0,462.0,508.0,488.0,506.0,510.0,480.0,454.0,502.0,528.0,460.0,494.0
401,GDN0006,Dummy,TiltLevel,26,470.0,1026.0,486.0,450.0,492.0,468.0,486.0,468.0,470.0,450.0,434.0,516.0,490.0,432.0
402,GDN0006,Dummy,TiltLevel,27,476.0,1084.0,488.0,408.0,492.0,468.0,490.0,492.0,470.0,446.0,484.0,514.0,484.0,476.0
403,GDN0006,Dummy,TiltLevel,28,506.0,1108.0,472.0,472.0,514.0,498.0,518.0,516.0,494.0,466.0,512.0,544.0,472.0,504.0
404,GDN0006,Dummy,TiltLevel,29,510.0,1106.0,518.0,476.0,518.0,500.0,518.0,520.0,502.0,474.0,514.0,338.0,518.0,508.0
405,GDN0006,Dummy,TiltLevel,30,510.0,1080.0,508.0,476.0,524.0,502.0,518.0,480.0,496.0,474.0,512.0,540.0,494.0,442.0
406,GDN0006,Dummy,TiltLevel,31,488.0,1074.0,514.0,448.0,518.0,472.0,508.0,472.0,488.0,464.0,484.0,534.0,514.0,430.0
407,GDN0006,Dummy,TiltLevel,32,502.0,1108.0,512.0,472.0,510.0,494.0,508.0,512.0,490.0,462.0,504.0,534.0,514.0,500.0
408,GDN0006,Dummy,TiltLevel,33,496.0,1102.0,506.0,454.0,534.0,488.0,522.0,494.0,500.0,474.0,504.0,546.0,504.0,494.0
409,GDN0006,Dummy,TiltLevel,34,494.0,1084.0,504.0,442.0,546.0,472.0,510.0,440.0,498.0,472.0,490.0,342.0,502.0,418.0
410,GDN0006,Dummy,TiltLevel,35,476.0,1052.0,500.0,426.0,524.0,468.0,500.0,476.0,492.0,466.0,480.0,534.0,502.0,476.0
411,GDN0006,Dummy,TiltLevel,36,482.0,1084.0,450.0,446.0,500.0,476.0,494.0,500.0,478.0,454.0,490.0,516.0,446.0,480.0
412,GDN0006,Dummy,TiltLevel,37,488.0,1100.0,508.0,430.0,512.0,480.0,508.0,484.0,492.0,466.0,498.0,538.0,508.0,484.0
413,GDN0006,Dummy,TiltLevel,38,502.0,1058.0,512.0,472.0,512.0,496.0,512.0,512.0,498.0,472.0,506.0,98.0,510.0,500.0
414,GDN0006,Dummy,TiltLevel,39,490.0,1006.0,494.0,458.0,510.0,480.0,500.0,432.0,480.0,456.0,486.0,524.0,496.0,432.0
415,GDN0006,Dummy,TiltLevel,40,462.0,1040.0,456.0,432.0,482.0,458.0,478.0,404.0,464.0,438.0,470.0,504.0,450.0,360.0
416,GDN0006,Dummy,TiltLevel,41,484.0,1066.0,500.0,418.0,404.0,474.0,496.0,502.0,478.0,450.0,490.0,524.0,502.0,484.0
417,GDN0006,Dummy,TiltLevel,42,484.0,1060.0,504.0,440.0,512.0,476.0,506.0,482.0,486.0,460.0,498.0,532.0,500.0,482.0
418,GDN0006,Dummy,TiltLevel,43,494.0,1026.0,486.0,416.0,510.0,492.0,504.0,454.0,482.0,458.0,456.0,528.0,502.0,454.0
419,GDN0006,Dummy,TiltLevel,44,480.0,1104.0,454.0,428.0,494.0,476.0,490.0,442.0,470.0,446.0,488.0,344.0,438.0,416.0
420,GDN0006,Dummy,TiltLevel,45,504.0,1114.0,482.0,466.0,526.0,494.0,522.0,496.0,500.0,472.0,516.0,546.0,506.0,496.0
421,GDN0006,Dummy,TiltLevel,46,508.0,1116.0,502.0,440.0,524.0,504.0,520.0,504.0,502.0,476.0,476.0,88.0,498.0,468.0
422,GDN0006,Dummy,TiltLevel,47,494.0,1078.0,512.0,432.0,504.0,486.0,508.0,492.0,500.0,476.0,496.0,174.0,514.0,492.0
423,GDN0006,Dummy,TiltLevel,48,484.0,1100.0,462.0,450.0,500.0,476.0,502.0,482.0,488.0,464.0,492.0,126.0,456.0,482.0
424,GDN0006,Dummy,TiltLevel,49,502.0,1110.0,488.0,478.0,522.0,502.0,520.0,458.0,496.0,472.0,514.0,542.0,492.0,412.0
425,GDN0006,Dummy,TiltLevel,50,508.0,1090.0,476.0,482.0,526.0,504.0,522.0,526.0,500.0,474.0,518.0,542.0,474.0,508.0
426,GDN0006,Dummy,TiltLevel,51,500.0,1060.0,484.0,472.0,512.0,498.0,512.0,514.0,492.0,468.0,508.0,536.0,506.0,500.0
427,GDN0006,Dummy,TiltLevel,52,486.0,1092.0,466.0,462.0,504.0,486.0,498.0,416.0,480.0,456.0,496.0,518.0,464.0,378.0
428,GDN0006,Dummy,TiltLevel,53,496.0,1092.0,510.0,426.0,522.0,484.0,512.0,454.0,492.0,468.0,502.0,538.0,510.0,408.0
429,GDN0006,Dummy,TiltLevel,54,500.0,1088.0,484.0,470.0,516.0,496.0,514.0,518.0,494.0,468.0,506.0,540.0,508.0,498.0
430,GDN0006,Dummy,TiltUp,0,474.0,928.0,484.0,392.0,478.0,462.0,480.0,520.0,448.0,408.0,476.0,472.0,482.0,472.0
431,GDN0006,Dummy,TiltUp,1,482.0,928.0,496.0,408.0,494.0,472.0,490.0,496.0,456.0,404.0,486.0,514.0,496.0,480.0
432,GDN0006,Dummy,TiltUp,2,474.0,932.0,494.0,408.0,500.0,468.0,492.0,472.0,456.0,404.0,484.0,32.0,494.0,472.0
433,GDN0006,Dummy,TiltUp,3,482.0,926.0,496.0,408.0,490.0,472.0,490.0,492.0,458.0,408.0,484.0,482.0,498.0,482.0
434,GDN0006,Dummy,TiltUp,4,472.0,922.0,492.0,420.0,504.0,554.0,484.0,470.0,462.0,402.0,474.0,2.0,490.0,470.0
435,GDN0006,Dummy,TiltUp,5,480.0,906.0,500.0,448.0,496.0,472.0,490.0,496.0,456.0,402.0,484.0,520.0,502.0,480.0
436,GDN0006,Dummy,TiltUp,6,470.0,912.0,492.0,402.0,490.0,462.0,484.0,490.0,450.0,398.0,472.0,0.0,490.0,468.0
437,GDN0006,Dummy,TiltUp,7,482.0,906.0,492.0,450.0,496.0,546.0,490.0,498.0,458.0,398.0,486.0,512.0,494.0,480.0
438,GDN0006,Dummy,TiltUp,8,480.0,910.0,492.0,450.0,494.0,472.0,490.0,494.0,452.0,398.0,484.0,478.0,492.0,478.0
439,GDN0006,Dummy,TiltUp,9,484.0,912.0,496.0,442.0,492.0,470.0,490.0,492.0,452.0,398.0,486.0,514.0,496.0,482.0
440,GDN0006,Dummy,TiltUp,10,478.0,912.0,492.0,428.0,488.0,522.0,488.0,490.0,454.0,400.0,482.0,476.0,488.0,476.0
441,GDN0006,Dummy,TiltUp,11,486.0,904.0,504.0,410.0,496.0,478.0,494.0,498.0,456.0,400.0,488.0,520.0,506.0,484.0
442,GDN0006,Dummy,TiltUp,12,478.0,918.0,498.0,396.0,498.0,466.0,490.0,500.0,446.0,398.0,484.0,514.0,496.0,478.0
443,GDN0006,Dummy,TiltUp,13,482.0,926.0,492.0,456.0,494.0,478.0,492.0,496.0,458.0,400.0,488.0,0.0,492.0,482.0
444,GDN0006,Dummy,TiltUp,14,474.0,930.0,496.0,436.0,510.0,462.0,492.0,474.0,454.0,406.0,478.0,474.0,496.0,474.0
445,GDN0006,Dummy,TiltUp,15,480.0,942.0,494.0,442.0,486.0,518.0,486.0,486.0,460.0,406.0,482.0,14.0,492.0,478.0
446,GDN0006,Dummy,TiltUp,16,492.0,914.0,504.0,440.0,506.0,482.0,498.0,468.0,460.0,412.0,490.0,524.0,506.0,426.0
447,GDN0006,Dummy,TiltUp,17,468.0,920.0,484.0,400.0,510.0,462.0,486.0,466.0,450.0,402.0,474.0,516.0,478.0,466.0
448,GDN0006,Dummy,TiltUp,18,478.0,920.0,490.0,434.0,488.0,466.0,484.0,488.0,448.0,406.0,480.0,476.0,492.0,476.0
449,GDN0006,Dummy,TiltUp,19,478.0,918.0,490.0,404.0,486.0,468.0,486.0,486.0,454.0,404.0,482.0,478.0,490.0,478.0
450,GDN0006,Dummy,TiltUp,20,480.0,914.0,496.0,406.0,484.0,470.0,486.0,486.0,454.0,404.0,482.0,480.0,494.0,480.0
451,GDN0006,Dummy,TiltUp,21,472.0,886.0,488.0,404.0,380.0,468.0,488.0,466.0,452.0,400.0,476.0,378.0,492.0,432.0
452,GDN0006,Dummy,TiltUp,22,460.0,908.0,468.0,422.0,498.0,448.0,476.0,458.0,444.0,390.0,462.0,22.0,420.0,458.0
453,GDN0006,Dummy,TiltUp,23,470.0,912.0,484.0,400.0,476.0,460.0,478.0,478.0,444.0,402.0,472.0,468.0,488.0,468.0
454,GDN0006,Dummy,TiltUp,24,474.0,926.0,488.0,400.0,482.0,516.0,480.0,482.0,450.0,402.0,476.0,474.0,486.0,474.0
455,GDN0006,Dummy,TiltUp,25,480.0,910.0,496.0,410.0,492.0,476.0,490.0,494.0,458.0,404.0,484.0,480.0,498.0,480.0
456,GDN0006,Dummy,TiltUp,26,460.0,926.0,468.0,434.0,508.0,456.0,476.0,458.0,450.0,400.0,464.0,26.0,440.0,458.0
457,GDN0006,Dummy,TiltUp,27,472.0,938.0,488.0,438.0,478.0,462.0,486.0,472.0,460.0,402.0,476.0,14.0,492.0,472.0
458,GDN0006,Dummy,TiltUp,28,482.0,946.0,498.0,436.0,488.0,468.0,488.0,488.0,456.0,410.0,482.0,480.0,498.0,480.0
459,GDN0006,Dummy,TiltUp,29,488.0,950.0,504.0,416.0,504.0,476.0,498.0,504.0,464.0,414.0,494.0,522.0,504.0,488.0
460,GDN0006,Dummy,TiltUp,30,494.0,924.0,508.0,420.0,506.0,478.0,502.0,508.0,460.0,414.0,496.0,524.0,508.0,492.0
461,GDN0006,Dummy,TiltUp,31,480.0,922.0,488.0,438.0,486.0,470.0,490.0,488.0,456.0,406.0,482.0,478.0,484.0,478.0
462,GDN0006,Dummy,TiltUp,32,470.0,918.0,490.0,398.0,384.0,460.0,486.0,470.0,450.0,404.0,478.0,470.0,492.0,470.0
463,GDN0006,Dummy,TiltUp,33,482.0,922.0,494.0,428.0,488.0,470.0,488.0,490.0,454.0,402.0,482.0,480.0,494.0,480.0
464,GDN0006,Dummy,TiltUp,34,482.0,912.0,498.0,452.0,492.0,474.0,490.0,492.0,456.0,402.0,486.0,482.0,498.0,482.0
465,GDN0006,Dummy,TiltUp,35,478.0,920.0,490.0,446.0,494.0,470.0,490.0,494.0,452.0,400.0,480.0,478.0,488.0,478.0
466,GDN0006,Dummy,TiltUp,36,474.0,914.0,492.0,430.0,494.0,458.0,486.0,496.0,456.0,402.0,480.0,6.0,494.0,474.0
467,GDN0006,Dummy,TiltUp,37,468.0,914.0,492.0,404.0,492.0,448.0,482.0,494.0,452.0,400.0,472.0,302.0,492.0,466.0
468,GDN0006,Dummy,TiltUp,38,482.0,920.0,496.0,410.0,490.0,472.0,488.0,492.0,454.0,400.0,484.0,512.0,496.0,482.0
469,GDN0006,Dummy,TiltUp,39,482.0,922.0,498.0,446.0,492.0,470.0,490.0,492.0,458.0,402.0,484.0,14.0,496.0,480.0
470,GDN0006,Dummy,TiltUp,40,472.0,908.0,496.0,408.0,480.0,462.0,480.0,480.0,456.0,402.0,472.0,378.0,496.0,472.0
471,GDN0006,Dummy,TiltUp,41,472.0,892.0,498.0,432.0,478.0,460.0,482.0,478.0,452.0,398.0,472.0,518.0,496.0,470.0
472,GDN0006,Dummy,TiltUp,42,462.0,898.0,486.0,418.0,484.0,446.0,474.0,486.0,442.0,394.0,462.0,348.0,488.0,460.0
473,GDN0006,Dummy,TiltUp,43,462.0,908.0,482.0,422.0,470.0,450.0,474.0,472.0,448.0,394.0,464.0,340.0,482.0,462.0
474,GDN0006,Dummy,TiltUp,44,470.0,916.0,488.0,408.0,486.0,462.0,484.0,488.0,452.0,398.0,476.0,20.0,486.0,470.0
475,GDN0006,Dummy,TiltUp,45,472.0,918.0,496.0,432.0,480.0,460.0,482.0,482.0,452.0,400.0,474.0,338.0,496.0,472.0
476,GDN0006,Dummy,TiltUp,46,478.0,934.0,498.0,438.0,486.0,470.0,490.0,486.0,454.0,402.0,480.0,476.0,496.0,476.0
477,GDN0006,Dummy,TiltUp,47,480.0,938.0,498.0,446.0,510.0,470.0,492.0,478.0,460.0,406.0,482.0,14.0,498.0,478.0
478,GDN0006,Dummy,TiltUp,48,480.0,940.0,500.0,412.0,488.0,468.0,490.0,490.0,460.0,408.0,482.0,26.0,500.0,480.0
479,GDN0006,Dummy,TiltUp,49,486.0,940.0,506.0,432.0,506.0,464.0,500.0,508.0,460.0,410.0,494.0,526.0,506.0,484.0
480,GDN0006,Dummy,TiltUp,50,484.0,944.0,500.0,448.0,488.0,474.0,492.0,490.0,458.0,410.0,486.0,482.0,500.0,482.0
481,GDN0006,Dummy,TiltUp,51,484.0,612.0,504.0,464.0,500.0,480.0,496.0,502.0,464.0,410.0,490.0,342.0,502.0,484.0
482,GDN0006,Dummy,TiltUp,52,394.0,1088.0,422.0,342.0,200.0,426.0,402.0,394.0,366.0,282.0,394.0,204.0,428.0,392.0
483,GDN0006,Dummy,TiltUp,53,508.0,922.0,526.0,446.0,526.0,506.0,522.0,468.0,498.0,466.0,514.0,546.0,524.0,428.0
484,GDN0006,Dummy,TiltUp,54,478.0,898.0,496.0,400.0,484.0,468.0,486.0,486.0,450.0,404.0,478.0,516.0,496.0,476.0
485,GDN0006,Dummy,TiltUp,55,464.0,874.0,486.0,434.0,276.0,456.0,480.0,490.0,448.0,394.0,470.0,322.0,486.0,462.0
486,GDN0006,Dummy,TiltUp,56,462.0,876.0,482.0,396.0,478.0,444.0,474.0,478.0,442.0,386.0,466.0,36.0,482.0,460.0
487,GDN0006,Dummy,TiltUp,57,464.0,900.0,484.0,434.0,470.0,454.0,474.0,472.0,440.0,386.0,468.0,356.0,482.0,462.0
488,GDN0006,Dummy,TiltUp,58,468.0,922.0,488.0,428.0,474.0,454.0,476.0,474.0,448.0,394.0,468.0,320.0,488.0,466.0
489,GDN0006,Dummy,TiltUp,59,460.0,926.0,494.0,460.0,378.0,448.0,472.0,464.0,458.0,402.0,460.0,518.0,494.0,458.0
490,GDN0006,Dummy,TiltUp,60,474.0,954.0,494.0,446.0,492.0,466.0,486.0,494.0,460.0,404.0,480.0,374.0,496.0,472.0
491,GDN0006,Dummy,TiltUp,61,488.0,980.0,500.0,408.0,500.0,478.0,496.0,502.0,460.0,418.0,492.0,486.0,500.0,486.0
492,GDN0006,Dummy,TiltUp,62,494.0,966.0,514.0,456.0,444.0,480.0,504.0,514.0,478.0,424.0,496.0,394.0,514.0,492.0
493,GDN0006,Dummy,TiltUp,63,492.0,942.0,510.0,454.0,514.0,478.0,506.0,516.0,470.0,418.0,496.0,492.0,506.0,492.0
494,GDN0006,Dummy,Valsalva,0,504.0,1084.0,490.0,436.0,520.0,504.0,518.0,478.0,494.0,466.0,470.0,542.0,490.0,466.0
495,GDN0006,Dummy,Valsalva,1,506.0,1086.0,512.0,446.0,522.0,500.0,518.0,498.0,494.0,466.0,510.0,540.0,512.0,476.0
496,GDN0006,Dummy,Valsalva,2,504.0,1088.0,510.0,440.0,516.0,496.0,514.0,516.0,494.0,466.0,508.0,538.0,510.0,502.0
497,GDN0006,Dummy,Valsalva,3,506.0,1074.0,490.0,462.0,522.0,498.0,516.0,444.0,494.0,466.0,510.0,538.0,492.0,444.0
498,GDN0006,Dummy,Valsalva,4,510.0,1076.0,490.0,450.0,526.0,504.0,520.0,426.0,488.0,462.0,516.0,540.0,490.0,406.0
499,GDN0006,Dummy,Valsalva,5,488.0,1064.0,496.0,468.0,504.0,488.0,508.0,488.0,492.0,462.0,498.0,538.0,486.0,448.0
500,GDN0006,Dummy,Valsalva,6,488.0,1082.0,508.0,462.0,506.0,486.0,502.0,446.0,482.0,458.0,494.0,530.0,508.0,446.0
501,GDN0006,Dummy,Valsalva,7,510.0,1120.0,518.0,476.0,518.0,500.0,518.0,520.0,494.0,464.0,512.0,544.0,518.0,508.0
502,GDN0006,Dummy,Valsalva,8,520.0,1140.0,488.0,480.0,542.0,510.0,532.0,518.0,504.0,478.0,528.0,556.0,486.0,518.0
503,GDN0006,Dummy,Valsalva,9,526.0,1110.0,530.0,488.0,532.0,514.0,536.0,532.0,514.0,486.0,530.0,564.0,530.0,524.0
504,GDN0006,Dummy,Valsalva,10,502.0,1084.0,502.0,486.0,542.0,500.0,518.0,498.0,502.0,474.0,434.0,110.0,498.0,466.0
505,GDN0006,Dummy,Valsalva,11,504.0,1104.0,514.0,472.0,518.0,494.0,512.0,470.0,494.0,466.0,504.0,538.0,514.0,448.0
506,GDN0006,Dummy,Valsalva,12,514.0,1128.0,524.0,444.0,528.0,506.0,524.0,530.0,504.0,472.0,520.0,548.0,524.0,514.0
507,GDN0006,Dummy,Valsalva,13,504.0,1132.0,520.0,484.0,522.0,504.0,526.0,504.0,510.0,480.0,514.0,326.0,520.0,504.0
508,GDN0006,Dummy,Valsalva,14,522.0,1086.0,526.0,476.0,540.0,506.0,534.0,540.0,512.0,482.0,526.0,558.0,524.0,520.0
509,GDN0006,Dummy,Valsalva,15,482.0,1064.0,504.0,454.0,528.0,476.0,516.0,482.0,492.0,466.0,486.0,538.0,508.0,482.0
510,GDN0006,Dummy,Valsalva,16,498.0,1092.0,472.0,466.0,508.0,492.0,508.0,510.0,484.0,458.0,504.0,530.0,466.0,496.0
511,GDN0006,Dummy,Valsalva,17,516.0,1108.0,518.0,480.0,524.0,506.0,524.0,524.0,498.0,468.0,520.0,548.0,518.0,514.0
512,GDN0006,Dummy,Valsalva,18,508.0,1110.0,508.0,468.0,524.0,500.0,524.0,506.0,502.0,474.0,516.0,344.0,512.0,506.0
513,GDN0006,Dummy,Valsalva,19,506.0,1082.0,516.0,472.0,536.0,500.0,526.0,504.0,500.0,474.0,514.0,548.0,514.0,504.0
514,GDN0006,Dummy,Valsalva,20,476.0,1072.0,502.0,446.0,498.0,466.0,498.0,474.0,490.0,464.0,480.0,344.0,502.0,474.0
515,GDN0006,Dummy,Valsalva,21,478.0,1114.0,500.0,428.0,508.0,458.0,502.0,478.0,490.0,462.0,490.0,532.0,498.0,478.0
516,GDN0006,Dummy,Valsalva,22,520.0,1128.0,526.0,474.0,530.0,508.0,530.0,532.0,506.0,476.0,524.0,554.0,526.0,518.0
517,GDN0006,Dummy,Valsalva,23,518.0,1118.0,528.0,474.0,524.0,506.0,526.0,526.0,510.0,480.0,520.0,350.0,528.0,516.0
518,GDN0006,Dummy,Valsalva,24,506.0,1082.0,494.0,476.0,546.0,502.0,534.0,454.0,506.0,478.0,522.0,556.0,492.0,454.0
519,GDN0006,Dummy,Valsalva,25,490.0,1074.0,512.0,470.0,512.0,490.0,508.0,490.0,488.0,464.0,498.0,536.0,514.0,454.0
520,GDN0006,Dummy,Valsalva,26,492.0,1114.0,480.0,466.0,518.0,492.0,512.0,518.0,492.0,462.0,508.0,534.0,474.0,492.0
521,GDN0006,Dummy,Valsalva,27,514.0,1118.0,498.0,484.0,536.0,514.0,530.0,462.0,506.0,476.0,526.0,552.0,502.0,462.0
522,GDN0006,Dummy,Valsalva,28,510.0,1088.0,506.0,490.0,530.0,508.0,528.0,462.0,508.0,478.0,468.0,140.0,502.0,422.0
523,GDN0006,Dummy,Valsalva,29,504.0,1066.0,516.0,472.0,512.0,496.0,510.0,512.0,490.0,466.0,504.0,540.0,518.0,502.0
524,GDN0006,Dummy,Valsalva,30,496.0,1100.0,482.0,468.0,516.0,496.0,510.0,452.0,486.0,460.0,458.0,532.0,478.0,452.0
525,GDN0006,Dummy,Valsalva,31,518.0,1104.0,492.0,480.0,540.0,504.0,528.0,442.0,502.0,472.0,520.0,550.0,494.0,442.0
526,GDN0006,Dummy,Valsalva,32,514.0,1100.0,520.0,482.0,524.0,506.0,522.0,524.0,502.0,472.0,518.0,544.0,518.0,512.0
527,GDN0006,Dummy,Valsalva,33,498.0,1068.0,514.0,432.0,532.0,494.0,522.0,492.0,498.0,472.0,504.0,546.0,518.0,454.0
528,GDN0006,Dummy,Valsalva,34,498.0,1106.0,486.0,432.0,508.0,490.0,506.0,406.0,484.0,460.0,500.0,352.0,476.0,352.0
529,GDN0006,Dummy,Valsalva,35,516.0,1106.0,492.0,482.0,530.0,510.0,526.0,532.0,500.0,474.0,522.0,548.0,492.0,514.0
530,GDN0006,Dummy,Valsalva,36,520.0,1100.0,494.0,446.0,534.0,514.0,528.0,512.0,502.0,474.0,524.0,550.0,494.0,482.0
531,GDN0006,Dummy,Valsalva,37,512.0,1120.0,520.0,474.0,522.0,504.0,522.0,522.0,498.0,472.0,516.0,548.0,520.0,512.0
532,GDN0006,Dummy,Valsalva,38,494.0,1078.0,514.0,466.0,542.0,492.0,530.0,494.0,506.0,478.0,502.0,552.0,514.0,494.0
533,GDN0006,Dummy,Valsalva,39,496.0,1078.0,500.0,450.0,518.0,470.0,510.0,470.0,490.0,464.0,480.0,534.0,498.0,434.0
534,GDN0006,Dummy,Valsalva,40,510.0,1092.0,520.0,478.0,518.0,500.0,516.0,518.0,492.0,464.0,514.0,542.0,520.0,510.0
535,GDN0006,Dummy,Valsalva,41,500.0,1088.0,512.0,468.0,526.0,500.0,520.0,448.0,494.0,468.0,512.0,544.0,512.0,448.0
536,GDN0006,Dummy,Valsalva,42,504.0,1070.0,512.0,468.0,512.0,496.0,514.0,514.0,496.0,466.0,508.0,542.0,512.0,504.0
537,GDN0006,Dummy,Valsalva,43,496.0,1050.0,500.0,468.0,514.0,484.0,506.0,466.0,488.0,460.0,502.0,532.0,502.0,426.0
538,GDN0006,Dummy,Valsalva,44,482.0,1088.0,470.0,458.0,494.0,478.0,494.0,476.0,480.0,454.0,442.0,76.0,466.0,440.0
539,GDN0006,Dummy,Valsalva,45,508.0,1088.0,516.0,462.0,522.0,496.0,518.0,522.0,494.0,466.0,512.0,544.0,516.0,506.0
540,GDN0006,Dummy,Valsalva,46,498.0,1072.0,476.0,468.0,514.0,494.0,514.0,496.0,494.0,466.0,508.0,308.0,476.0,496.0
541,GDN0006,Dummy,Valsalva,47,504.0,1080.0,506.0,446.0,514.0,496.0,512.0,514.0,492.0,462.0,508.0,536.0,472.0,502.0
542,GDN0006,Dummy,Valsalva,48,472.0,1042.0,502.0,446.0,522.0,472.0,512.0,444.0,490.0,464.0,478.0,536.0,504.0,416.0
543,GDN0006,Dummy,Valsalva,49,480.0,1066.0,492.0,424.0,496.0,474.0,492.0,496.0,474.0,450.0,488.0,518.0,492.0,480.0
544,GDN0006,Dummy,Valsalva,50,500.0,1064.0,510.0,466.0,512.0,492.0,510.0,514.0,488.0,460.0,504.0,534.0,512.0,500.0
545,GDN0006,Dummy,Valsalva,51,502.0,1060.0,512.0,454.0,512.0,490.0,510.0,514.0,486.0,458.0,504.0,534.0,512.0,500.0
546,GDN0006,Dummy,Valsalva,52,506.0,1034.0,474.0,466.0,516.0,500.0,514.0,518.0,482.0,456.0,512.0,532.0,474.0,506.0
547,GDN0006,Dummy,Valsalva,53,474.0,,494.0,452.0,490.0,472.0,490.0,472.0,474.0,448.0,480.0,520.0,496.0,432.0
548,GDN0007,Dummy,HoldingBreath,0,444.0,902.0,370.0,366.0,240.0,438.0,454.0,342.0,430.0,402.0,340.0,444.0,372.0,444.0
549,GDN0007,Dummy,HoldingBreath,1,438.0,1106.0,374.0,376.0,444.0,420.0,448.0,438.0,434.0,402.0,372.0,250.0,372.0,438.0
550,GDN0007,Dummy,HoldingBreath,2,502.0,1270.0,432.0,472.0,516.0,500.0,514.0,402.0,500.0,474.0,516.0,130.0,432.0,402.0
551,GDN0007,Dummy,HoldingBreath,3,550.0,982.0,530.0,522.0,364.0,538.0,558.0,476.0,554.0,530.0,530.0,0.0,530.0,476.0
552,GDN0007,Dummy,HoldingBreath,4,482.0,1096.0,392.0,408.0,492.0,476.0,488.0,492.0,466.0,428.0,494.0,482.0,392.0,482.0
553,GDN0007,Dummy,HoldingBreath,5,498.0,1270.0,454.0,468.0,508.0,496.0,514.0,390.0,498.0,470.0,392.0,306.0,452.0,390.0
554,GDN0007,Dummy,HoldingBreath,6,564.0,884.0,516.0,514.0,578.0,558.0,576.0,578.0,556.0,530.0,572.0,562.0,520.0,562.0
555,GDN0007,Dummy,HoldingBreath,7,422.0,832.0,450.0,368.0,464.0,406.0,446.0,422.0,428.0,396.0,456.0,476.0,446.0,422.0
556,GDN0007,Dummy,HoldingBreath,8,420.0,818.0,440.0,354.0,436.0,414.0,430.0,436.0,412.0,376.0,428.0,456.0,442.0,420.0
557,GDN0007,Dummy,HoldingBreath,9,394.0,890.0,418.0,332.0,406.0,384.0,406.0,394.0,398.0,372.0,406.0,220.0,418.0,394.0
558,GDN0007,Dummy,HoldingBreath,10,436.0,1436.0,340.0,358.0,444.0,418.0,444.0,434.0,424.0,398.0,342.0,434.0,342.0,434.0
559,GDN0007,Dummy,HoldingBreath,11,574.0,1250.0,612.0,590.0,610.0,552.0,608.0,572.0,610.0,588.0,610.0,0.0,610.0,572.0
560,GDN0007,Dummy,HoldingBreath,12,510.0,980.0,546.0,520.0,562.0,464.0,552.0,510.0,542.0,524.0,546.0,0.0,546.0,510.0
561,GDN0007,Dummy,HoldingBreath,13,464.0,886.0,396.0,404.0,324.0,458.0,476.0,360.0,462.0,426.0,364.0,280.0,400.0,320.0
562,GDN0007,Dummy,HoldingBreath,14,424.0,820.0,372.0,374.0,454.0,408.0,448.0,424.0,430.0,394.0,370.0,260.0,370.0,424.0
563,GDN0007,Dummy,HoldingBreath,15,418.0,1364.0,346.0,350.0,430.0,474.0,428.0,432.0,408.0,372.0,434.0,260.0,346.0,418.0
564,GDN0007,Dummy,HoldingBreath,16,578.0,1114.0,584.0,552.0,538.0,572.0,590.0,572.0,582.0,564.0,578.0,618.0,578.0,536.0
565,GDN0007,Dummy,HoldingBreath,17,482.0,1348.0,452.0,456.0,442.0,520.0,530.0,482.0,502.0,476.0,434.0,132.0,452.0,434.0
566,GDN0007,Dummy,HoldingBreath,18,572.0,970.0,570.0,548.0,376.0,568.0,588.0,524.0,580.0,558.0,570.0,0.0,570.0,522.0
567,GDN0007,Dummy,HoldingBreath,19,456.0,1144.0,384.0,396.0,350.0,438.0,484.0,456.0,456.0,426.0,340.0,192.0,380.0,456.0
568,GDN0007,Dummy,HoldingBreath,20,486.0,1366.0,468.0,464.0,324.0,486.0,508.0,428.0,512.0,486.0,492.0,88.0,476.0,428.0
569,GDN0007,Dummy,HoldingBreath,21,562.0,1000.0,580.0,538.0,574.0,610.0,576.0,576.0,584.0,564.0,564.0,0.0,580.0,562.0
570,GDN0007,Dummy,HoldingBreath,22,492.0,860.0,398.0,402.0,506.0,488.0,504.0,332.0,464.0,436.0,334.0,274.0,396.0,332.0
571,GDN0007,Dummy,HoldingBreath,23,432.0,862.0,376.0,356.0,452.0,432.0,448.0,322.0,418.0,388.0,326.0,258.0,400.0,258.0
572,GDN0007,Dummy,HoldingBreath,24,416.0,822.0,374.0,368.0,426.0,404.0,426.0,414.0,416.0,388.0,430.0,224.0,370.0,414.0
573,GDN0007,Dummy,HoldingBreath,25,386.0,840.0,404.0,332.0,430.0,410.0,424.0,408.0,398.0,374.0,284.0,444.0,410.0,384.0
574,GDN0007,Dummy,HoldingBreath,26,412.0,934.0,352.0,340.0,416.0,402.0,424.0,412.0,406.0,380.0,288.0,412.0,348.0,412.0
575,GDN0007,Dummy,HoldingBreath,27,448.0,1426.0,364.0,394.0,466.0,438.0,462.0,300.0,434.0,412.0,302.0,146.0,368.0,244.0
576,GDN0007,Dummy,HoldingBreath,28,584.0,1260.0,614.0,594.0,582.0,566.0,604.0,584.0,612.0,586.0,610.0,0.0,610.0,582.0
577,GDN0007,Dummy,HoldingBreath,29,526.0,1258.0,544.0,532.0,342.0,514.0,554.0,524.0,552.0,528.0,544.0,14.0,544.0,524.0
578,GDN0007,Dummy,HoldingBreath,30,540.0,1108.0,532.0,524.0,552.0,600.0,548.0,506.0,552.0,526.0,530.0,48.0,530.0,506.0
579,GDN0007,Dummy,HoldingBreath,31,518.0,1048.0,452.0,448.0,428.0,574.0,520.0,430.0,506.0,474.0,522.0,146.0,454.0,580.0
580,GDN0007,Dummy,HoldingBreath,32,474.0,1072.0,426.0,428.0,406.0,470.0,498.0,472.0,480.0,452.0,394.0,160.0,424.0,472.0
581,GDN0007,Dummy,HoldingBreath,33,490.0,918.0,442.0,456.0,404.0,484.0,502.0,400.0,486.0,462.0,448.0,162.0,448.0,400.0
582,GDN0007,Dummy,HoldingBreath,34,444.0,872.0,392.0,374.0,464.0,438.0,458.0,464.0,434.0,408.0,318.0,478.0,396.0,442.0
583,GDN0007,Dummy,HoldingBreath,35,426.0,882.0,376.0,366.0,442.0,426.0,444.0,320.0,420.0,392.0,372.0,240.0,372.0,238.0
584,GDN0007,Dummy,HoldingBreath,36,428.0,944.0,374.0,356.0,440.0,424.0,442.0,426.0,420.0,394.0,302.0,426.0,374.0,426.0
585,GDN0007,Dummy,HoldingBreath,37,450.0,1468.0,372.0,376.0,460.0,440.0,462.0,450.0,442.0,416.0,374.0,450.0,374.0,450.0
586,GDN0007,Dummy,HoldingBreath,38,582.0,1342.0,612.0,598.0,638.0,554.0,610.0,580.0,620.0,600.0,610.0,0.0,610.0,580.0
587,GDN0007,Dummy,HoldingBreath,39,530.0,1082.0,564.0,556.0,358.0,498.0,570.0,528.0,576.0,556.0,560.0,0.0,560.0,528.0
588,GDN0007,Dummy,HoldingBreath,40,486.0,1272.0,434.0,442.0,314.0,524.0,502.0,486.0,488.0,464.0,386.0,122.0,436.0,486.0
589,GDN0007,Dummy,HoldingBreath,41,564.0,1212.0,528.0,528.0,512.0,554.0,566.0,512.0,554.0,532.0,528.0,38.0,528.0,506.0
590,GDN0007,Dummy,HoldingBreath,42,552.0,1090.0,502.0,494.0,344.0,536.0,550.0,466.0,534.0,510.0,500.0,32.0,500.0,466.0
591,GDN0007,Dummy,HoldingBreath,43,484.0,1224.0,444.0,448.0,434.0,480.0,510.0,484.0,492.0,468.0,404.0,128.0,444.0,484.0
592,GDN0007,Dummy,HoldingBreath,44,530.0,1130.0,504.0,502.0,488.0,528.0,546.0,488.0,536.0,514.0,538.0,50.0,504.0,478.0
593,GDN0007,Dummy,HoldingBreath,45,504.0,1032.0,468.0,472.0,322.0,504.0,522.0,444.0,506.0,482.0,468.0,110.0,468.0,444.0
594,GDN0007,Dummy,HoldingBreath,46,476.0,974.0,402.0,402.0,504.0,466.0,498.0,476.0,470.0,448.0,372.0,476.0,402.0,476.0
595,GDN0007,Dummy,HoldingBreath,47,446.0,928.0,398.0,416.0,492.0,446.0,480.0,336.0,454.0,426.0,338.0,266.0,402.0,336.0
596,GDN0007,Dummy,HoldingBreath,48,424.0,934.0,380.0,372.0,472.0,420.0,464.0,424.0,436.0,410.0,310.0,236.0,380.0,424.0
597,GDN0007,Dummy,HoldingBreath,49,446.0,1098.0,380.0,368.0,478.0,434.0,470.0,328.0,436.0,412.0,330.0,244.0,376.0,328.0
598,GDN0007,Dummy,HoldingBreath,50,474.0,1412.0,464.0,448.0,432.0,466.0,490.0,464.0,494.0,470.0,436.0,158.0,474.0,432.0
599,GDN0007,Dummy,HoldingBreath,51,572.0,1148.0,596.0,578.0,588.0,616.0,590.0,570.0,600.0,580.0,592.0,0.0,592.0,570.0
600,GDN0007,Dummy,HoldingBreath,52,476.0,988.0,476.0,492.0,342.0,510.0,524.0,466.0,514.0,488.0,468.0,82.0,482.0,438.0
601,GDN0007,Dummy,HoldingBreath,53,484.0,1004.0,402.0,398.0,494.0,476.0,490.0,460.0,458.0,432.0,350.0,246.0,398.0,440.0
602,GDN0007,Dummy,HoldingBreath,54,472.0,,408.0,406.0,392.0,462.0,484.0,484.0,464.0,438.0,386.0,472.0,416.0,472.0
603,GDN0007,Dummy,Pause,0,424.0,934.0,386.0,390.0,374.0,470.0,478.0,452.0,442.0,412.0,386.0,88.0,386.0,362.0
604,GDN0007,Dummy,Pause,1,474.0,924.0,388.0,392.0,378.0,466.0,482.0,450.0,442.0,412.0,366.0,230.0,388.0,434.0
605,GDN0007,Dummy,Pause,2,462.0,1350.0,378.0,388.0,472.0,456.0,468.0,456.0,446.0,408.0,476.0,236.0,378.0,426.0
606,GDN0007,Dummy,Pause,3,572.0,1072.0,560.0,548.0,492.0,568.0,584.0,524.0,578.0,558.0,554.0,2.0,554.0,524.0
607,GDN0007,Dummy,Pause,4,410.0,986.0,442.0,474.0,412.0,514.0,480.0,410.0,490.0,462.0,446.0,130.0,446.0,410.0
608,GDN0007,Dummy,Pause,5,470.0,938.0,406.0,418.0,482.0,460.0,480.0,482.0,460.0,432.0,482.0,468.0,408.0,468.0
609,GDN0007,Dummy,Pause,6,444.0,918.0,386.0,380.0,464.0,502.0,462.0,340.0,442.0,414.0,344.0,216.0,388.0,340.0
610,GDN0007,Dummy,Pause,7,436.0,846.0,386.0,398.0,448.0,432.0,452.0,434.0,434.0,408.0,344.0,202.0,388.0,434.0
611,GDN0007,Dummy,Pause,8,404.0,854.0,364.0,354.0,332.0,404.0,428.0,322.0,414.0,382.0,328.0,232.0,364.0,322.0
612,GDN0007,Dummy,Pause,9,416.0,830.0,370.0,344.0,444.0,418.0,440.0,292.0,408.0,384.0,298.0,210.0,370.0,292.0
613,GDN0007,Dummy,Pause,10,396.0,842.0,358.0,358.0,420.0,396.0,422.0,396.0,402.0,376.0,358.0,226.0,358.0,396.0
614,GDN0007,Dummy,Pause,11,412.0,1026.0,356.0,356.0,442.0,402.0,436.0,410.0,408.0,380.0,350.0,216.0,350.0,410.0
615,GDN0007,Dummy,Pause,12,450.0,1020.0,432.0,432.0,464.0,450.0,466.0,448.0,464.0,446.0,462.0,110.0,430.0,418.0
616,GDN0007,Dummy,Pause,13,464.0,1018.0,438.0,434.0,492.0,454.0,474.0,452.0,460.0,444.0,424.0,140.0,438.0,414.0
617,GDN0007,Dummy,Pause,14,404.0,1260.0,424.0,442.0,354.0,392.0,464.0,392.0,462.0,442.0,402.0,130.0,428.0,358.0
618,GDN0007,Dummy,Pause,15,514.0,1060.0,534.0,522.0,518.0,554.0,522.0,520.0,544.0,526.0,532.0,0.0,532.0,510.0
619,GDN0007,Dummy,Pause,16,470.0,962.0,436.0,444.0,480.0,510.0,486.0,412.0,480.0,458.0,396.0,136.0,438.0,394.0
620,GDN0007,Dummy,Pause,17,440.0,826.0,400.0,392.0,258.0,484.0,458.0,362.0,448.0,422.0,364.0,194.0,404.0,362.0
621,GDN0007,Dummy,Pause,18,398.0,858.0,358.0,338.0,314.0,392.0,418.0,398.0,402.0,376.0,304.0,230.0,356.0,398.0
622,GDN0007,Dummy,Pause,19,406.0,776.0,360.0,364.0,444.0,400.0,438.0,400.0,412.0,386.0,362.0,218.0,362.0,400.0
623,GDN0007,Dummy,Pause,20,380.0,804.0,334.0,330.0,424.0,364.0,412.0,378.0,382.0,358.0,334.0,236.0,334.0,378.0
624,GDN0007,Dummy,Pause,21,414.0,842.0,340.0,328.0,428.0,408.0,424.0,428.0,394.0,368.0,292.0,438.0,338.0,412.0
625,GDN0007,Dummy,Pause,22,412.0,1080.0,350.0,348.0,426.0,404.0,426.0,410.0,406.0,380.0,310.0,410.0,346.0,410.0
626,GDN0007,Dummy,Pause,23,442.0,1016.0,456.0,456.0,304.0,428.0,478.0,440.0,480.0,464.0,448.0,52.0,454.0,440.0
627,GDN0007,Dummy,Pause,24,444.0,1082.0,424.0,416.0,274.0,492.0,458.0,432.0,462.0,442.0,400.0,114.0,426.0,394.0
628,GDN0007,Dummy,Pause,25,464.0,1278.0,468.0,464.0,524.0,508.0,476.0,454.0,484.0,464.0,464.0,84.0,472.0,436.0
629,GDN0007,Dummy,Pause,26,512.0,1052.0,558.0,530.0,362.0,532.0,556.0,532.0,554.0,534.0,554.0,18.0,554.0,512.0
630,GDN0007,Dummy,Pause,27,486.0,920.0,428.0,418.0,288.0,476.0,492.0,396.0,478.0,454.0,398.0,158.0,438.0,396.0
631,GDN0007,Dummy,Pause,28,420.0,814.0,388.0,374.0,358.0,460.0,440.0,344.0,432.0,408.0,346.0,184.0,392.0,344.0
632,GDN0007,Dummy,Pause,29,382.0,828.0,392.0,334.0,240.0,374.0,404.0,382.0,398.0,370.0,392.0,238.0,392.0,382.0
633,GDN0007,Dummy,Pause,30,404.0,830.0,360.0,358.0,414.0,396.0,418.0,404.0,400.0,376.0,308.0,404.0,358.0,404.0
634,GDN0007,Dummy,Pause,31,416.0,900.0,352.0,342.0,428.0,410.0,426.0,430.0,400.0,376.0,308.0,416.0,350.0,416.0
635,GDN0007,Dummy,Pause,32,442.0,1310.0,366.0,386.0,458.0,438.0,456.0,442.0,426.0,402.0,326.0,442.0,368.0,442.0
636,GDN0007,Dummy,Pause,33,540.0,1118.0,566.0,538.0,372.0,592.0,554.0,558.0,562.0,544.0,564.0,0.0,564.0,538.0
637,GDN0007,Dummy,Pause,34,472.0,980.0,486.0,482.0,480.0,466.0,490.0,470.0,502.0,478.0,474.0,70.0,488.0,470.0
638,GDN0007,Dummy,Pause,35,450.0,950.0,406.0,408.0,392.0,446.0,478.0,372.0,458.0,430.0,352.0,156.0,406.0,352.0
639,GDN0007,Dummy,Pause,36,430.0,908.0,388.0,396.0,478.0,428.0,470.0,332.0,442.0,418.0,340.0,214.0,390.0,332.0
640,GDN0007,Dummy,Pause,37,412.0,892.0,376.0,374.0,458.0,408.0,452.0,410.0,432.0,404.0,336.0,214.0,376.0,410.0
641,GDN0007,Dummy,Pause,38,438.0,862.0,374.0,372.0,460.0,438.0,456.0,302.0,422.0,398.0,306.0,222.0,378.0,302.0
642,GDN0007,Dummy,Pause,39,398.0,836.0,362.0,368.0,238.0,398.0,428.0,320.0,414.0,388.0,296.0,230.0,362.0,290.0
643,GDN0007,Dummy,Pause,40,392.0,834.0,366.0,356.0,212.0,394.0,422.0,272.0,404.0,378.0,332.0,218.0,366.0,216.0
644,GDN0007,Dummy,Pause,41,424.0,834.0,366.0,354.0,436.0,416.0,430.0,316.0,400.0,378.0,322.0,222.0,364.0,316.0
645,GDN0007,Dummy,Pause,42,396.0,892.0,364.0,364.0,236.0,392.0,412.0,394.0,402.0,378.0,308.0,230.0,364.0,394.0
646,GDN0007,Dummy,Pause,43,434.0,1320.0,364.0,388.0,448.0,426.0,446.0,432.0,418.0,398.0,306.0,432.0,366.0,432.0
647,GDN0007,Dummy,Pause,44,538.0,1022.0,564.0,540.0,380.0,576.0,548.0,536.0,564.0,548.0,560.0,10.0,560.0,536.0
648,GDN0007,Dummy,Pause,45,428.0,1202.0,446.0,442.0,432.0,470.0,442.0,428.0,464.0,444.0,432.0,172.0,448.0,428.0
649,GDN0007,Dummy,Pause,46,486.0,930.0,502.0,504.0,338.0,524.0,502.0,486.0,526.0,506.0,502.0,0.0,502.0,486.0
650,GDN0007,Dummy,Pause,47,454.0,796.0,386.0,386.0,464.0,448.0,464.0,334.0,438.0,412.0,342.0,208.0,388.0,334.0
651,GDN0007,Dummy,Pause,48,394.0,814.0,402.0,330.0,228.0,378.0,412.0,394.0,392.0,364.0,404.0,236.0,404.0,394.0
652,GDN0007,Dummy,Pause,49,402.0,842.0,336.0,340.0,422.0,380.0,416.0,402.0,396.0,370.0,336.0,402.0,336.0,402.0
653,GDN0007,Dummy,Pause,50,408.0,856.0,352.0,334.0,230.0,400.0,426.0,404.0,402.0,380.0,350.0,404.0,350.0,404.0
654,GDN0007,Dummy,Pause,51,420.0,836.0,360.0,362.0,436.0,416.0,432.0,308.0,410.0,386.0,310.0,238.0,362.0,308.0
655,GDN0007,Dummy,Pause,52,410.0,824.0,360.0,346.0,428.0,410.0,426.0,296.0,400.0,378.0,322.0,220.0,360.0,220.0
656,GDN0007,Dummy,Pause,53,392.0,840.0,360.0,356.0,222.0,390.0,418.0,306.0,396.0,374.0,310.0,220.0,360.0,306.0
657,GDN0007,Dummy,Pause,54,412.0,1050.0,358.0,346.0,428.0,410.0,426.0,314.0,402.0,380.0,320.0,206.0,352.0,314.0
658,GDN0007,Dummy,Pause,55,436.0,1052.0,446.0,448.0,292.0,470.0,478.0,434.0,472.0,454.0,442.0,88.0,446.0,434.0
659,GDN0007,Dummy,Pause,56,454.0,1224.0,424.0,436.0,314.0,506.0,468.0,450.0,474.0,454.0,460.0,80.0,434.0,414.0
660,GDN0007,Dummy,Pause,57,498.0,1080.0,530.0,504.0,548.0,522.0,536.0,498.0,530.0,514.0,500.0,564.0,522.0,498.0
661,GDN0007,Dummy,Pause,58,456.0,958.0,470.0,426.0,462.0,448.0,468.0,464.0,482.0,464.0,460.0,144.0,472.0,456.0
662,GDN0007,Dummy,Pause,59,470.0,1118.0,404.0,404.0,482.0,468.0,478.0,348.0,440.0,422.0,354.0,168.0,400.0,348.0
663,GDN0007,Dummy,Pause,60,486.0,928.0,466.0,462.0,448.0,486.0,500.0,448.0,496.0,478.0,444.0,94.0,470.0,442.0
664,GDN0007,Dummy,Pause,61,432.0,,382.0,368.0,270.0,432.0,454.0,338.0,434.0,410.0,344.0,226.0,382.0,338.0
665,GDN0007,Dummy,TiltLevel,0,368.0,856.0,396.0,388.0,428.0,408.0,384.0,462.0,408.0,386.0,394.0,8.0,394.0,366.0
666,GDN0007,Dummy,TiltLevel,1,422.0,832.0,354.0,358.0,432.0,410.0,430.0,420.0,418.0,386.0,440.0,276.0,424.0,420.0
667,GDN0007,Dummy,TiltLevel,2,394.0,1040.0,414.0,344.0,286.0,376.0,416.0,394.0,406.0,378.0,406.0,246.0,406.0,394.0
668,GDN0007,Dummy,TiltLevel,3,480.0,950.0,420.0,424.0,494.0,480.0,492.0,398.0,470.0,450.0,402.0,154.0,418.0,366.0
669,GDN0007,Dummy,TiltLevel,4,436.0,916.0,408.0,402.0,386.0,436.0,458.0,362.0,446.0,418.0,462.0,212.0,408.0,318.0
670,GDN0007,Dummy,TiltLevel,5,428.0,1026.0,384.0,368.0,440.0,472.0,442.0,336.0,430.0,406.0,306.0,252.0,384.0,304.0
671,GDN0007,Dummy,TiltLevel,7,540.0,1108.0,570.0,566.0,610.0,588.0,558.0,540.0,590.0,570.0,566.0,0.0,566.0,540.0
672,GDN0007,Dummy,TiltLevel,8,486.0,1034.0,456.0,462.0,500.0,532.0,498.0,434.0,494.0,474.0,458.0,108.0,458.0,398.0
673,GDN0007,Dummy,TiltLevel,9,472.0,918.0,422.0,440.0,480.0,468.0,488.0,470.0,468.0,448.0,388.0,470.0,426.0,470.0
674,GDN0007,Dummy,TiltLevel,10,424.0,952.0,380.0,368.0,474.0,454.0,466.0,276.0,434.0,408.0,380.0,276.0,380.0,274.0
675,GDN0007,Dummy,TiltLevel,11,452.0,930.0,394.0,388.0,468.0,516.0,464.0,306.0,450.0,420.0,474.0,264.0,392.0,264.0
676,GDN0007,Dummy,TiltLevel,12,428.0,912.0,388.0,384.0,456.0,416.0,448.0,428.0,444.0,412.0,450.0,240.0,392.0,428.0
677,GDN0007,Dummy,TiltLevel,13,442.0,1162.0,378.0,378.0,332.0,442.0,460.0,320.0,432.0,406.0,324.0,246.0,374.0,320.0
678,GDN0007,Dummy,TiltLevel,14,508.0,1416.0,474.0,480.0,316.0,500.0,516.0,444.0,510.0,492.0,446.0,94.0,476.0,444.0
679,GDN0007,Dummy,TiltLevel,15,554.0,1098.0,594.0,572.0,406.0,622.0,594.0,552.0,600.0,582.0,594.0,0.0,594.0,552.0
680,GDN0007,Dummy,TiltLevel,16,498.0,978.0,418.0,428.0,502.0,486.0,508.0,504.0,494.0,470.0,510.0,496.0,418.0,496.0
681,GDN0007,Dummy,TiltLevel,17,462.0,980.0,408.0,426.0,482.0,462.0,478.0,360.0,458.0,428.0,362.0,264.0,410.0,360.0
682,GDN0007,Dummy,TiltLevel,18,464.0,980.0,406.0,416.0,472.0,454.0,474.0,472.0,452.0,430.0,382.0,462.0,404.0,462.0
683,GDN0007,Dummy,TiltLevel,19,444.0,926.0,402.0,408.0,360.0,436.0,470.0,444.0,458.0,430.0,478.0,248.0,408.0,444.0
684,GDN0007,Dummy,TiltLevel,20,442.0,960.0,372.0,374.0,460.0,440.0,458.0,438.0,436.0,410.0,292.0,252.0,370.0,414.0
685,GDN0007,Dummy,TiltLevel,21,452.0,956.0,400.0,398.0,268.0,436.0,466.0,370.0,448.0,422.0,374.0,262.0,400.0,370.0
686,GDN0007,Dummy,TiltLevel,22,460.0,906.0,392.0,386.0,254.0,458.0,476.0,410.0,444.0,420.0,366.0,252.0,392.0,364.0
687,GDN0007,Dummy,TiltLevel,23,424.0,886.0,380.0,386.0,224.0,414.0,456.0,326.0,428.0,404.0,330.0,234.0,378.0,326.0
688,GDN0007,Dummy,TiltLevel,24,424.0,894.0,380.0,372.0,464.0,448.0,434.0,270.0,416.0,396.0,380.0,228.0,380.0,226.0
689,GDN0007,Dummy,TiltLevel,25,434.0,1050.0,372.0,358.0,334.0,432.0,448.0,318.0,424.0,398.0,322.0,246.0,370.0,244.0
690,GDN0007,Dummy,TiltLevel,26,474.0,1362.0,438.0,442.0,290.0,540.0,432.0,428.0,478.0,454.0,424.0,286.0,440.0,422.0
691,GDN0007,Dummy,TiltLevel,27,558.0,874.0,562.0,534.0,518.0,552.0,580.0,550.0,576.0,562.0,560.0,26.0,560.0,520.0
692,GDN0007,Dummy,TiltLevel,28,414.0,904.0,362.0,360.0,412.0,442.0,424.0,412.0,420.0,392.0,420.0,264.0,420.0,412.0
693,GDN0007,Dummy,TiltLevel,29,438.0,940.0,370.0,376.0,256.0,436.0,452.0,436.0,432.0,402.0,366.0,258.0,366.0,436.0
694,GDN0007,Dummy,TiltLevel,30,420.0,902.0,388.0,378.0,360.0,450.0,464.0,348.0,442.0,416.0,350.0,238.0,392.0,348.0
695,GDN0007,Dummy,TiltLevel,31,452.0,1048.0,372.0,372.0,462.0,444.0,460.0,412.0,426.0,402.0,368.0,256.0,368.0,412.0
696,GDN0007,Dummy,TiltLevel,32,464.0,1174.0,432.0,436.0,422.0,506.0,470.0,456.0,474.0,452.0,416.0,178.0,430.0,412.0
697,GDN0007,Dummy,TiltLevel,33,512.0,1208.0,478.0,488.0,528.0,512.0,526.0,462.0,514.0,496.0,464.0,60.0,480.0,462.0
698,GDN0007,Dummy,TiltLevel,34,518.0,934.0,368.0,490.0,476.0,558.0,534.0,478.0,524.0,508.0,470.0,92.0,,468.0
699,GDN0007,Dummy,TiltLevel,35,462.0,918.0,378.0,380.0,472.0,448.0,464.0,322.0,442.0,412.0,326.0,254.0,384.0,322.0
700,GDN0007,Dummy,TiltLevel,36,436.0,970.0,376.0,372.0,442.0,426.0,448.0,434.0,434.0,408.0,372.0,250.0,372.0,434.0
701,GDN0007,Dummy,TiltLevel,37,438.0,924.0,388.0,394.0,266.0,428.0,466.0,436.0,450.0,426.0,356.0,264.0,392.0,436.0
702,GDN0007,Dummy,TiltLevel,38,440.0,950.0,364.0,396.0,444.0,480.0,448.0,446.0,434.0,410.0,292.0,440.0,356.0,440.0
703,GDN0007,Dummy,TiltLevel,39,462.0,1074.0,392.0,394.0,348.0,450.0,466.0,344.0,444.0,418.0,348.0,250.0,392.0,344.0
704,GDN0007,Dummy,TiltLevel,41,478.0,952.0,434.0,442.0,398.0,472.0,504.0,476.0,486.0,466.0,438.0,150.0,438.0,476.0
705,GDN0007,Dummy,TiltLevel,42,432.0,982.0,372.0,390.0,334.0,422.0,472.0,430.0,446.0,420.0,330.0,204.0,370.0,430.0
706,GDN0007,Dummy,TiltLevel,43,476.0,1404.0,404.0,402.0,486.0,468.0,480.0,370.0,446.0,430.0,346.0,270.0,408.0,340.0
707,GDN0007,Dummy,TiltLevel,44,546.0,988.0,588.0,570.0,398.0,628.0,588.0,544.0,594.0,578.0,582.0,0.0,582.0,544.0
708,GDN0007,Dummy,TiltLevel,45,460.0,884.0,398.0,408.0,460.0,446.0,482.0,458.0,460.0,432.0,352.0,208.0,402.0,458.0
709,GDN0007,Dummy,TiltLevel,46,432.0,920.0,360.0,372.0,440.0,422.0,444.0,432.0,422.0,396.0,352.0,432.0,352.0,432.0
710,GDN0007,Dummy,TiltLevel,47,432.0,1240.0,380.0,382.0,238.0,470.0,448.0,430.0,436.0,408.0,340.0,244.0,382.0,430.0
711,GDN0007,Dummy,TiltLevel,48,480.0,1348.0,514.0,510.0,338.0,562.0,538.0,478.0,538.0,520.0,512.0,38.0,512.0,478.0
712,GDN0007,Dummy,TiltLevel,50,456.0,1008.0,362.0,372.0,470.0,454.0,462.0,452.0,432.0,400.0,358.0,244.0,358.0,424.0
713,GDN0007,Dummy,TiltLevel,51,446.0,1042.0,414.0,418.0,400.0,480.0,488.0,380.0,464.0,438.0,384.0,266.0,414.0,380.0
714,GDN0007,Dummy,TiltLevel,52,498.0,1030.0,424.0,432.0,414.0,470.0,506.0,398.0,474.0,450.0,400.0,188.0,422.0,332.0
715,GDN0007,Dummy,TiltLevel,53,478.0,1026.0,422.0,428.0,496.0,476.0,496.0,396.0,472.0,446.0,424.0,238.0,424.0,354.0
716,GDN0007,Dummy,TiltLevel,54,468.0,1420.0,408.0,416.0,290.0,500.0,482.0,468.0,476.0,446.0,410.0,278.0,410.0,468.0
717,GDN0007,Dummy,TiltLevel,55,548.0,1310.0,588.0,580.0,422.0,616.0,594.0,570.0,602.0,584.0,586.0,18.0,586.0,546.0
718,GDN0007,Dummy,TiltLevel,56,570.0,932.0,538.0,536.0,346.0,562.0,578.0,504.0,564.0,544.0,540.0,6.0,540.0,504.0
719,GDN0007,Dummy,TiltLevel,57,456.0,,380.0,398.0,264.0,436.0,466.0,456.0,444.0,412.0,470.0,456.0,386.0,456.0
720,GDN0007,Dummy,TiltUp,0,526.0,1168.0,540.0,478.0,550.0,510.0,536.0,446.0,524.0,494.0,528.0,420.0,542.0,524.0
721,GDN0007,Dummy,TiltUp,1,530.0,1196.0,492.0,486.0,542.0,520.0,534.0,448.0,514.0,494.0,436.0,378.0,490.0,428.0
722,GDN0007,Dummy,TiltUp,2,542.0,1052.0,492.0,508.0,562.0,542.0,556.0,432.0,528.0,504.0,480.0,116.0,490.0,398.0
723,GDN0007,Dummy,TiltUp,3,490.0,966.0,502.0,452.0,496.0,480.0,500.0,496.0,490.0,452.0,494.0,326.0,504.0,490.0
724,GDN0007,Dummy,TiltUp,4,472.0,874.0,476.0,444.0,480.0,466.0,482.0,482.0,458.0,422.0,476.0,472.0,446.0,472.0
725,GDN0007,Dummy,TiltUp,5,430.0,794.0,446.0,368.0,442.0,420.0,442.0,428.0,426.0,390.0,432.0,30.0,446.0,428.0
726,GDN0007,Dummy,TiltUp,6,390.0,738.0,426.0,396.0,436.0,374.0,416.0,388.0,402.0,362.0,390.0,84.0,426.0,388.0
727,GDN0007,Dummy,TiltUp,7,378.0,708.0,412.0,382.0,410.0,462.0,398.0,410.0,386.0,340.0,380.0,118.0,414.0,378.0
728,GDN0007,Dummy,TiltUp,8,366.0,714.0,406.0,362.0,408.0,338.0,388.0,366.0,370.0,332.0,404.0,424.0,404.0,364.0
729,GDN0007,Dummy,TiltUp,9,384.0,758.0,404.0,356.0,400.0,330.0,392.0,350.0,368.0,336.0,356.0,422.0,404.0,350.0
730,GDN0007,Dummy,TiltUp,10,378.0,864.0,408.0,348.0,158.0,370.0,398.0,378.0,376.0,352.0,380.0,378.0,408.0,378.0
731,GDN0007,Dummy,TiltUp,11,426.0,900.0,436.0,350.0,442.0,426.0,438.0,424.0,414.0,388.0,394.0,34.0,436.0,392.0
732,GDN0007,Dummy,TiltUp,12,434.0,958.0,448.0,400.0,444.0,424.0,444.0,446.0,434.0,402.0,438.0,324.0,448.0,432.0
733,GDN0007,Dummy,TiltUp,13,456.0,904.0,470.0,406.0,350.0,450.0,472.0,456.0,450.0,422.0,462.0,348.0,470.0,456.0
734,GDN0007,Dummy,TiltUp,14,448.0,860.0,464.0,372.0,458.0,438.0,456.0,460.0,432.0,402.0,450.0,448.0,464.0,448.0
735,GDN0007,Dummy,TiltUp,15,430.0,820.0,442.0,394.0,378.0,420.0,444.0,428.0,420.0,388.0,432.0,20.0,442.0,428.0
736,GDN0007,Dummy,TiltUp,16,420.0,808.0,428.0,354.0,436.0,412.0,432.0,436.0,404.0,372.0,424.0,420.0,428.0,420.0
737,GDN0007,Dummy,TiltUp,17,394.0,802.0,416.0,400.0,416.0,364.0,412.0,416.0,406.0,366.0,400.0,56.0,416.0,392.0
738,GDN0007,Dummy,TiltUp,18,402.0,800.0,412.0,332.0,442.0,394.0,414.0,400.0,394.0,366.0,406.0,52.0,412.0,400.0
739,GDN0007,Dummy,TiltUp,19,400.0,796.0,410.0,360.0,190.0,388.0,414.0,398.0,398.0,366.0,404.0,96.0,410.0,398.0
740,GDN0007,Dummy,TiltUp,20,400.0,854.0,416.0,374.0,432.0,394.0,418.0,398.0,394.0,364.0,404.0,80.0,418.0,398.0
741,GDN0007,Dummy,TiltUp,21,418.0,832.0,440.0,388.0,448.0,406.0,434.0,416.0,418.0,382.0,420.0,34.0,438.0,416.0
742,GDN0007,Dummy,TiltUp,22,432.0,798.0,434.0,408.0,448.0,428.0,440.0,394.0,416.0,376.0,396.0,78.0,440.0,394.0
743,GDN0007,Dummy,TiltUp,23,398.0,780.0,430.0,336.0,442.0,364.0,420.0,398.0,396.0,366.0,426.0,92.0,426.0,398.0
744,GDN0007,Dummy,TiltUp,24,402.0,764.0,426.0,380.0,412.0,396.0,414.0,412.0,394.0,356.0,404.0,370.0,428.0,402.0
745,GDN0007,Dummy,TiltUp,25,392.0,796.0,422.0,388.0,430.0,378.0,414.0,392.0,394.0,352.0,416.0,124.0,416.0,390.0
746,GDN0007,Dummy,TiltUp,26,420.0,838.0,440.0,352.0,438.0,418.0,430.0,418.0,392.0,364.0,396.0,452.0,442.0,394.0
747,GDN0007,Dummy,TiltUp,27,396.0,852.0,416.0,356.0,444.0,430.0,404.0,398.0,410.0,380.0,396.0,40.0,408.0,394.0
748,GDN0007,Dummy,TiltUp,28,424.0,810.0,446.0,352.0,290.0,414.0,442.0,424.0,412.0,384.0,432.0,424.0,452.0,424.0
749,GDN0007,Dummy,TiltUp,29,410.0,770.0,424.0,348.0,332.0,466.0,426.0,408.0,406.0,368.0,422.0,330.0,358.0,388.0
750,GDN0007,Dummy,TiltUp,30,392.0,750.0,414.0,348.0,392.0,378.0,404.0,392.0,394.0,354.0,392.0,74.0,418.0,390.0
751,GDN0007,Dummy,TiltUp,31,380.0,728.0,400.0,322.0,384.0,414.0,390.0,386.0,380.0,348.0,382.0,78.0,398.0,378.0
752,GDN0007,Dummy,TiltUp,32,382.0,702.0,396.0,316.0,388.0,370.0,390.0,388.0,372.0,340.0,384.0,382.0,396.0,382.0
753,GDN0007,Dummy,TiltUp,33,368.0,692.0,378.0,302.0,408.0,360.0,392.0,366.0,362.0,332.0,376.0,146.0,380.0,366.0
754,GDN0007,Dummy,TiltUp,34,370.0,702.0,382.0,304.0,370.0,398.0,374.0,372.0,362.0,326.0,372.0,148.0,382.0,368.0
755,GDN0007,Dummy,TiltUp,35,372.0,722.0,386.0,336.0,374.0,404.0,378.0,374.0,368.0,330.0,374.0,130.0,384.0,372.0
756,GDN0007,Dummy,TiltUp,36,390.0,764.0,402.0,334.0,408.0,364.0,400.0,408.0,368.0,338.0,394.0,422.0,404.0,388.0
757,GDN0007,Dummy,TiltUp,37,392.0,824.0,412.0,326.0,402.0,384.0,404.0,402.0,386.0,354.0,392.0,80.0,412.0,392.0
758,GDN0007,Dummy,TiltUp,38,400.0,854.0,430.0,348.0,448.0,382.0,428.0,398.0,406.0,374.0,404.0,40.0,430.0,398.0
759,GDN0007,Dummy,TiltUp,39,410.0,956.0,438.0,414.0,456.0,394.0,440.0,408.0,422.0,382.0,412.0,36.0,438.0,408.0
760,GDN0007,Dummy,TiltUp,40,458.0,1088.0,470.0,416.0,480.0,534.0,464.0,460.0,458.0,418.0,460.0,0.0,472.0,540.0
761,GDN0007,Dummy,TiltUp,41,496.0,972.0,508.0,446.0,526.0,482.0,514.0,494.0,492.0,466.0,508.0,384.0,506.0,494.0
762,GDN0007,Dummy,TiltUp,42,478.0,910.0,444.0,444.0,334.0,470.0,490.0,490.0,462.0,424.0,488.0,478.0,446.0,478.0
763,GDN0007,Dummy,TiltUp,43,448.0,866.0,466.0,392.0,454.0,432.0,456.0,456.0,438.0,402.0,450.0,0.0,466.0,446.0
764,GDN0007,Dummy,TiltUp,44,420.0,850.0,444.0,378.0,418.0,404.0,440.0,418.0,428.0,388.0,422.0,56.0,444.0,418.0
765,GDN0007,Dummy,TiltUp,45,426.0,800.0,446.0,378.0,440.0,418.0,438.0,442.0,416.0,384.0,430.0,28.0,446.0,426.0
766,GDN0007,Dummy,TiltUp,46,400.0,766.0,424.0,366.0,406.0,388.0,410.0,406.0,402.0,364.0,424.0,76.0,424.0,398.0
767,GDN0007,Dummy,TiltUp,47,376.0,728.0,420.0,382.0,422.0,358.0,410.0,376.0,390.0,352.0,420.0,440.0,420.0,374.0
768,GDN0007,Dummy,TiltUp,48,364.0,722.0,406.0,312.0,414.0,344.0,378.0,364.0,372.0,340.0,406.0,428.0,406.0,362.0
769,GDN0007,Dummy,TiltUp,49,364.0,752.0,400.0,314.0,408.0,346.0,378.0,364.0,372.0,336.0,400.0,422.0,400.0,362.0
770,GDN0007,Dummy,TiltUp,50,378.0,898.0,414.0,324.0,412.0,358.0,398.0,378.0,382.0,350.0,414.0,430.0,414.0,376.0
771,GDN0007,Dummy,TiltUp,51,440.0,1000.0,412.0,366.0,456.0,434.0,450.0,384.0,424.0,400.0,450.0,42.0,428.0,352.0
772,GDN0007,Dummy,TiltUp,52,470.0,972.0,430.0,432.0,338.0,460.0,484.0,470.0,462.0,436.0,492.0,470.0,430.0,470.0
773,GDN0007,Dummy,TiltUp,53,440.0,990.0,474.0,452.0,490.0,476.0,482.0,444.0,462.0,424.0,442.0,346.0,474.0,440.0
774,GDN0007,Dummy,TiltUp,54,476.0,936.0,490.0,430.0,504.0,462.0,488.0,476.0,468.0,430.0,482.0,306.0,488.0,476.0
775,GDN0007,Dummy,TiltUp,55,454.0,874.0,484.0,394.0,322.0,424.0,468.0,454.0,450.0,412.0,460.0,324.0,484.0,454.0
776,GDN0007,Dummy,TiltUp,56,438.0,834.0,446.0,412.0,286.0,432.0,452.0,438.0,428.0,390.0,448.0,52.0,446.0,438.0
777,GDN0007,Dummy,TiltUp,57,430.0,816.0,438.0,398.0,442.0,420.0,438.0,442.0,414.0,376.0,432.0,428.0,438.0,428.0
778,GDN0007,Dummy,TiltUp,58,408.0,794.0,432.0,348.0,282.0,392.0,426.0,408.0,402.0,372.0,410.0,54.0,430.0,408.0
779,GDN0007,Dummy,TiltUp,59,416.0,788.0,422.0,350.0,428.0,408.0,422.0,408.0,404.0,362.0,390.0,94.0,424.0,386.0
780,GDN0007,Dummy,TiltUp,60,410.0,812.0,420.0,336.0,416.0,400.0,416.0,418.0,394.0,362.0,412.0,408.0,422.0,408.0
781,GDN0007,Dummy,TiltUp,61,396.0,828.0,416.0,348.0,272.0,378.0,412.0,394.0,400.0,370.0,398.0,66.0,416.0,394.0
782,GDN0007,Dummy,TiltUp,62,406.0,764.0,418.0,374.0,436.0,392.0,426.0,404.0,412.0,374.0,410.0,46.0,418.0,404.0
783,GDN0007,Dummy,TiltUp,63,394.0,846.0,420.0,404.0,210.0,484.0,412.0,420.0,402.0,348.0,420.0,58.0,420.0,394.0
784,GDN0007,Dummy,TiltUp,64,422.0,860.0,440.0,384.0,428.0,410.0,432.0,428.0,418.0,380.0,424.0,40.0,440.0,422.0
785,GDN0007,Dummy,TiltUp,65,410.0,878.0,432.0,426.0,462.0,440.0,448.0,408.0,430.0,384.0,410.0,54.0,434.0,408.0
786,GDN0007,Dummy,TiltUp,66,428.0,836.0,464.0,384.0,310.0,508.0,452.0,426.0,436.0,390.0,428.0,480.0,462.0,426.0
787,GDN0007,Dummy,TiltUp,67,436.0,802.0,454.0,402.0,442.0,424.0,440.0,442.0,416.0,376.0,456.0,434.0,456.0,434.0
788,GDN0007,Dummy,TiltUp,68,412.0,816.0,436.0,348.0,456.0,398.0,426.0,412.0,404.0,364.0,414.0,462.0,432.0,412.0
789,GDN0007,Dummy,TiltUp,69,428.0,654.0,440.0,384.0,438.0,420.0,434.0,440.0,400.0,372.0,432.0,426.0,442.0,426.0
790,GDN0007,Dummy,Valsalva,0,448.0,928.0,392.0,394.0,458.0,434.0,458.0,-84.0,440.0,410.0,466.0,258.0,388.0,448.0
791,GDN0007,Dummy,Valsalva,1,446.0,1512.0,362.0,370.0,450.0,434.0,456.0,446.0,436.0,410.0,364.0,446.0,364.0,446.0
792,GDN0007,Dummy,Valsalva,2,598.0,1312.0,640.0,624.0,426.0,562.0,634.0,598.0,642.0,616.0,638.0,418.0,638.0,598.0
793,GDN0007,Dummy,Valsalva,3,556.0,1336.0,570.0,524.0,566.0,598.0,566.0,566.0,568.0,546.0,570.0,16.0,570.0,556.0
794,GDN0007,Dummy,Valsalva,4,600.0,1134.0,560.0,564.0,608.0,594.0,602.0,522.0,580.0,554.0,554.0,0.0,554.0,522.0
795,GDN0007,Dummy,Valsalva,5,500.0,980.0,454.0,454.0,324.0,554.0,512.0,480.0,506.0,482.0,432.0,118.0,460.0,430.0
796,GDN0007,Dummy,Valsalva,6,476.0,964.0,390.0,434.0,486.0,466.0,484.0,488.0,464.0,428.0,488.0,476.0,390.0,476.0
797,GDN0007,Dummy,Valsalva,7,462.0,1010.0,404.0,398.0,470.0,454.0,472.0,472.0,452.0,424.0,472.0,460.0,404.0,460.0
798,GDN0007,Dummy,Valsalva,8,476.0,954.0,394.0,392.0,488.0,468.0,488.0,474.0,460.0,440.0,362.0,474.0,390.0,474.0
799,GDN0007,Dummy,Valsalva,9,456.0,870.0,400.0,398.0,346.0,448.0,472.0,456.0,448.0,420.0,346.0,456.0,410.0,456.0
800,GDN0007,Dummy,Valsalva,10,422.0,898.0,368.0,352.0,462.0,420.0,446.0,420.0,416.0,390.0,310.0,260.0,360.0,420.0
801,GDN0007,Dummy,Valsalva,11,454.0,970.0,376.0,366.0,264.0,446.0,458.0,310.0,428.0,400.0,314.0,258.0,378.0,310.0
802,GDN0007,Dummy,Valsalva,12,458.0,1108.0,402.0,410.0,300.0,494.0,468.0,456.0,456.0,426.0,356.0,254.0,396.0,456.0
803,GDN0007,Dummy,Valsalva,13,496.0,978.0,448.0,452.0,434.0,492.0,518.0,420.0,498.0,474.0,422.0,130.0,452.0,420.0
804,GDN0007,Dummy,Valsalva,14,458.0,998.0,386.0,398.0,352.0,442.0,476.0,458.0,458.0,428.0,348.0,268.0,382.0,458.0
805,GDN0007,Dummy,Valsalva,15,478.0,960.0,408.0,396.0,486.0,468.0,486.0,486.0,460.0,436.0,364.0,476.0,410.0,476.0
806,GDN0007,Dummy,Valsalva,16,452.0,948.0,392.0,418.0,490.0,444.0,478.0,452.0,450.0,422.0,328.0,258.0,392.0,452.0
807,GDN0007,Dummy,Valsalva,17,464.0,1012.0,386.0,378.0,470.0,452.0,470.0,472.0,444.0,418.0,474.0,462.0,384.0,462.0
808,GDN0007,Dummy,Valsalva,18,472.0,932.0,412.0,434.0,476.0,462.0,482.0,470.0,468.0,440.0,414.0,228.0,414.0,470.0
809,GDN0007,Dummy,Valsalva,19,436.0,946.0,386.0,376.0,354.0,434.0,456.0,436.0,440.0,412.0,346.0,220.0,386.0,436.0
810,GDN0007,Dummy,Valsalva,20,462.0,926.0,394.0,390.0,248.0,452.0,464.0,328.0,444.0,418.0,330.0,250.0,394.0,328.0
811,GDN0007,Dummy,Valsalva,21,426.0,906.0,388.0,376.0,356.0,422.0,448.0,426.0,436.0,410.0,336.0,254.0,388.0,426.0
812,GDN0007,Dummy,Valsalva,22,434.0,866.0,378.0,358.0,264.0,432.0,450.0,328.0,424.0,404.0,332.0,256.0,382.0,328.0
813,GDN0007,Dummy,Valsalva,23,412.0,866.0,368.0,358.0,432.0,410.0,430.0,280.0,420.0,390.0,436.0,254.0,366.0,252.0
814,GDN0007,Dummy,Valsalva,24,434.0,934.0,362.0,344.0,448.0,424.0,440.0,422.0,412.0,390.0,310.0,252.0,358.0,398.0
815,GDN0007,Dummy,Valsalva,25,430.0,920.0,386.0,390.0,254.0,424.0,448.0,428.0,432.0,412.0,330.0,256.0,388.0,428.0
816,GDN0007,Dummy,Valsalva,26,418.0,856.0,374.0,374.0,242.0,414.0,444.0,416.0,426.0,408.0,324.0,242.0,372.0,416.0
817,GDN0007,Dummy,Valsalva,27,408.0,836.0,420.0,364.0,416.0,398.0,420.0,406.0,410.0,386.0,420.0,226.0,422.0,406.0
818,GDN0007,Dummy,Valsalva,28,400.0,896.0,352.0,354.0,288.0,386.0,414.0,400.0,406.0,378.0,350.0,266.0,350.0,400.0
819,GDN0007,Dummy,Valsalva,30,440.0,964.0,402.0,408.0,462.0,438.0,458.0,348.0,442.0,420.0,354.0,266.0,402.0,348.0
820,GDN0007,Dummy,Valsalva,31,448.0,932.0,400.0,406.0,454.0,440.0,462.0,448.0,444.0,424.0,312.0,448.0,398.0,448.0
821,GDN0007,Dummy,Valsalva,32,416.0,910.0,388.0,378.0,248.0,416.0,456.0,340.0,436.0,412.0,342.0,246.0,390.0,340.0
822,GDN0007,Dummy,Valsalva,33,434.0,998.0,372.0,368.0,258.0,428.0,446.0,432.0,432.0,404.0,370.0,258.0,370.0,432.0
823,GDN0007,Dummy,Valsalva,34,452.0,1032.0,404.0,392.0,292.0,454.0,474.0,358.0,460.0,436.0,360.0,204.0,402.0,358.0
824,GDN0007,Dummy,Valsalva,35,460.0,1010.0,414.0,418.0,302.0,524.0,484.0,350.0,476.0,448.0,352.0,132.0,414.0,350.0
825,GDN0007,Dummy,Valsalva,36,462.0,944.0,404.0,406.0,258.0,460.0,484.0,350.0,468.0,440.0,490.0,202.0,408.0,350.0
826,GDN0007,Dummy,Valsalva,37,456.0,1026.0,368.0,386.0,472.0,454.0,468.0,454.0,446.0,416.0,472.0,256.0,364.0,428.0
827,GDN0007,Dummy,Valsalva,38,492.0,1004.0,422.0,414.0,504.0,486.0,500.0,388.0,470.0,446.0,390.0,146.0,424.0,388.0
828,GDN0007,Dummy,Valsalva,39,472.0,972.0,410.0,412.0,284.0,464.0,486.0,472.0,466.0,438.0,360.0,472.0,410.0,472.0
829,GDN0007,Dummy,Valsalva,40,444.0,936.0,396.0,406.0,486.0,466.0,480.0,444.0,452.0,426.0,340.0,252.0,398.0,444.0
830,GDN0007,Dummy,Valsalva,41,452.0,982.0,370.0,376.0,454.0,436.0,458.0,456.0,440.0,414.0,462.0,450.0,368.0,450.0
831,GDN0007,Dummy,Valsalva,42,450.0,1026.0,410.0,418.0,254.0,504.0,470.0,342.0,456.0,430.0,364.0,200.0,410.0,254.0
832,GDN0007,Dummy,Valsalva,43,482.0,1038.0,408.0,406.0,490.0,474.0,490.0,492.0,472.0,446.0,490.0,480.0,408.0,480.0
833,GDN0007,Dummy,Valsalva,44,474.0,942.0,414.0,444.0,270.0,474.0,500.0,386.0,474.0,450.0,388.0,148.0,418.0,386.0
834,GDN0007,Dummy,Valsalva,45,432.0,982.0,372.0,388.0,474.0,430.0,466.0,432.0,448.0,416.0,476.0,256.0,368.0,432.0
835,GDN0007,Dummy,Valsalva,46,462.0,996.0,406.0,424.0,372.0,460.0,486.0,362.0,456.0,430.0,366.0,150.0,410.0,362.0
836,GDN0007,Dummy,Valsalva,47,460.0,1208.0,402.0,406.0,346.0,454.0,490.0,340.0,466.0,434.0,342.0,246.0,400.0,340.0
837,GDN0007,Dummy,Valsalva,48,512.0,1046.0,488.0,490.0,524.0,556.0,524.0,454.0,532.0,508.0,488.0,58.0,488.0,454.0
838,GDN0007,Dummy,Valsalva,49,458.0,980.0,406.0,416.0,400.0,454.0,502.0,460.0,480.0,452.0,406.0,126.0,406.0,460.0
839,GDN0007,Dummy,Valsalva,50,466.0,988.0,420.0,402.0,504.0,486.0,496.0,378.0,456.0,430.0,350.0,274.0,418.0,348.0
840,GDN0007,Dummy,Valsalva,51,474.0,944.0,442.0,438.0,482.0,526.0,482.0,484.0,464.0,432.0,480.0,256.0,446.0,472.0
841,GDN0007,Dummy,Valsalva,52,442.0,992.0,390.0,396.0,444.0,478.0,452.0,444.0,442.0,416.0,452.0,238.0,390.0,444.0
842,GDN0007,Dummy,Valsalva,53,460.0,1386.0,386.0,396.0,368.0,448.0,478.0,460.0,460.0,434.0,316.0,266.0,386.0,460.0
843,GDN0007,Dummy,Valsalva,54,584.0,1194.0,588.0,582.0,606.0,674.0,596.0,558.0,598.0,572.0,582.0,16.0,582.0,532.0
844,GDN0007,Dummy,Valsalva,55,490.0,1008.0,486.0,518.0,440.0,572.0,534.0,486.0,532.0,504.0,490.0,54.0,494.0,444.0
845,GDN0007,Dummy,Valsalva,56,476.0,1310.0,380.0,402.0,486.0,468.0,488.0,476.0,466.0,438.0,340.0,476.0,384.0,476.0
846,GDN0007,Dummy,Valsalva,57,534.0,1154.0,554.0,552.0,592.0,576.0,550.0,528.0,570.0,544.0,544.0,38.0,544.0,510.0
847,GDN0008,Dummy,HoldingBreath,0,496.0,1102.0,518.0,512.0,540.0,584.0,516.0,606.0,514.0,468.0,504.0,416.0,520.0,494.0
848,GDN0008,Dummy,HoldingBreath,1,510.0,1072.0,530.0,446.0,524.0,504.0,524.0,526.0,504.0,472.0,516.0,412.0,530.0,510.0
849,GDN0008,Dummy,HoldingBreath,2,506.0,962.0,514.0,440.0,382.0,462.0,510.0,466.0,498.0,460.0,478.0,382.0,514.0,466.0
850,GDN0008,Dummy,HoldingBreath,3,446.0,896.0,482.0,418.0,484.0,444.0,478.0,390.0,458.0,420.0,460.0,378.0,484.0,378.0
851,GDN0008,Dummy,HoldingBreath,4,450.0,984.0,450.0,392.0,468.0,422.0,460.0,360.0,436.0,398.0,448.0,360.0,448.0,360.0
852,GDN0008,Dummy,HoldingBreath,5,484.0,1112.0,490.0,444.0,492.0,474.0,490.0,494.0,470.0,428.0,488.0,388.0,490.0,482.0
853,GDN0008,Dummy,HoldingBreath,6,514.0,1100.0,528.0,448.0,522.0,552.0,524.0,524.0,508.0,476.0,518.0,416.0,526.0,514.0
854,GDN0008,Dummy,HoldingBreath,7,524.0,908.0,536.0,472.0,536.0,514.0,532.0,536.0,508.0,470.0,528.0,560.0,536.0,524.0
855,GDN0008,Dummy,HoldingBreath,8,450.0,850.0,468.0,424.0,462.0,446.0,462.0,464.0,440.0,402.0,458.0,344.0,468.0,448.0
856,GDN0008,Dummy,HoldingBreath,9,424.0,844.0,440.0,382.0,452.0,410.0,444.0,346.0,418.0,382.0,424.0,466.0,440.0,346.0
857,GDN0008,Dummy,HoldingBreath,10,416.0,954.0,442.0,356.0,422.0,452.0,424.0,424.0,414.0,382.0,442.0,418.0,442.0,416.0
858,GDN0008,Dummy,HoldingBreath,11,434.0,1192.0,474.0,394.0,472.0,420.0,458.0,432.0,448.0,420.0,434.0,370.0,474.0,432.0
859,GDN0008,Dummy,HoldingBreath,12,550.0,1098.0,548.0,474.0,558.0,540.0,550.0,514.0,530.0,504.0,512.0,24.0,546.0,510.0
860,GDN0008,Dummy,HoldingBreath,13,508.0,1070.0,524.0,436.0,520.0,500.0,518.0,522.0,494.0,470.0,512.0,506.0,524.0,506.0
861,GDN0008,Dummy,HoldingBreath,14,506.0,1036.0,520.0,478.0,520.0,500.0,516.0,520.0,490.0,460.0,508.0,506.0,522.0,506.0
862,GDN0008,Dummy,HoldingBreath,15,494.0,990.0,522.0,426.0,302.0,464.0,506.0,504.0,484.0,446.0,522.0,136.0,522.0,494.0
863,GDN0008,Dummy,HoldingBreath,16,492.0,954.0,514.0,452.0,496.0,480.0,496.0,496.0,466.0,430.0,492.0,490.0,514.0,490.0
914,GDN0008,Dummy,Pause,0,460.0,1014.0,496.0,422.0,504.0,484.0,498.0,376.0,476.0,438.0,462.0,324.0,498.0,458.0
915,GDN0008,Dummy,Pause,1,458.0,1096.0,486.0,426.0,410.0,456.0,482.0,458.0,470.0,440.0,470.0,408.0,486.0,458.0
916,GDN0008,Dummy,Pause,2,490.0,1042.0,506.0,460.0,530.0,484.0,524.0,488.0,498.0,470.0,502.0,396.0,504.0,488.0
917,GDN0008,Dummy,Pause,3,470.0,974.0,508.0,422.0,510.0,468.0,506.0,392.0,482.0,450.0,496.0,392.0,510.0,392.0
918,GDN0008,Dummy,Pause,4,462.0,1056.0,484.0,402.0,482.0,462.0,478.0,424.0,460.0,424.0,472.0,368.0,484.0,366.0
919,GDN0008,Dummy,Pause,5,486.0,1030.0,506.0,436.0,510.0,480.0,504.0,510.0,484.0,456.0,496.0,382.0,506.0,486.0
920,GDN0008,Dummy,Pause,6,490.0,1012.0,510.0,446.0,508.0,476.0,502.0,508.0,482.0,444.0,494.0,374.0,510.0,490.0
921,GDN0008,Dummy,Pause,7,486.0,1120.0,500.0,460.0,500.0,484.0,498.0,502.0,476.0,438.0,492.0,372.0,498.0,484.0
922,GDN0008,Dummy,Pause,8,518.0,1074.0,486.0,480.0,530.0,598.0,532.0,518.0,522.0,474.0,526.0,410.0,482.0,518.0
923,GDN0008,Dummy,Pause,9,506.0,1034.0,532.0,448.0,540.0,474.0,524.0,504.0,502.0,460.0,512.0,344.0,534.0,504.0
924,GDN0008,Dummy,Pause,10,484.0,1102.0,504.0,448.0,380.0,478.0,502.0,484.0,482.0,446.0,492.0,384.0,504.0,484.0
925,GDN0008,Dummy,Pause,11,518.0,1058.0,534.0,470.0,532.0,590.0,528.0,534.0,514.0,468.0,520.0,264.0,532.0,516.0
926,GDN0008,Dummy,Pause,12,502.0,1018.0,524.0,442.0,516.0,464.0,512.0,516.0,496.0,454.0,504.0,300.0,524.0,500.0
927,GDN0008,Dummy,Pause,13,486.0,1118.0,502.0,442.0,498.0,474.0,496.0,500.0,474.0,442.0,492.0,522.0,502.0,484.0
928,GDN0008,Dummy,Pause,14,514.0,1110.0,516.0,474.0,518.0,504.0,528.0,512.0,508.0,478.0,520.0,360.0,520.0,512.0
929,GDN0008,Dummy,Pause,15,514.0,1018.0,468.0,468.0,540.0,500.0,532.0,540.0,512.0,472.0,528.0,392.0,466.0,512.0
930,GDN0008,Dummy,Pause,16,480.0,992.0,502.0,424.0,492.0,472.0,494.0,494.0,474.0,442.0,486.0,366.0,504.0,480.0
931,GDN0008,Dummy,Pause,17,478.0,956.0,496.0,426.0,488.0,466.0,486.0,488.0,466.0,434.0,480.0,476.0,496.0,476.0
932,GDN0008,Dummy,Pause,18,464.0,990.0,464.0,434.0,478.0,452.0,472.0,408.0,452.0,420.0,414.0,366.0,462.0,364.0
933,GDN0008,Dummy,Pause,19,468.0,1072.0,480.0,434.0,478.0,462.0,480.0,478.0,462.0,432.0,474.0,356.0,482.0,466.0
934,GDN0008,Dummy,Pause,20,510.0,1042.0,476.0,482.0,518.0,558.0,516.0,520.0,500.0,460.0,514.0,382.0,472.0,508.0
935,GDN0008,Dummy,Pause,21,494.0,984.0,510.0,420.0,504.0,486.0,504.0,506.0,480.0,450.0,498.0,492.0,510.0,492.0
936,GDN0008,Dummy,Pause,22,472.0,972.0,494.0,424.0,484.0,460.0,482.0,486.0,464.0,428.0,474.0,506.0,494.0,470.0
937,GDN0008,Dummy,Pause,23,474.0,1018.0,482.0,442.0,486.0,464.0,480.0,408.0,456.0,426.0,430.0,504.0,480.0,350.0
938,GDN0008,Dummy,Pause,24,460.0,1108.0,488.0,428.0,498.0,458.0,488.0,460.0,478.0,440.0,472.0,388.0,490.0,460.0
939,GDN0008,Dummy,Pause,25,496.0,1072.0,460.0,456.0,530.0,484.0,514.0,494.0,510.0,472.0,502.0,376.0,456.0,494.0
940,GDN0008,Dummy,Pause,26,478.0,1014.0,516.0,436.0,510.0,540.0,508.0,476.0,494.0,462.0,498.0,404.0,516.0,476.0
941,GDN0008,Dummy,Pause,27,468.0,1062.0,484.0,428.0,498.0,456.0,486.0,454.0,470.0,440.0,486.0,408.0,486.0,408.0
942,GDN0008,Dummy,Pause,29,496.0,966.0,512.0,458.0,508.0,486.0,508.0,508.0,488.0,460.0,502.0,496.0,514.0,496.0
943,GDN0008,Dummy,Pause,30,458.0,1000.0,478.0,434.0,472.0,456.0,470.0,474.0,452.0,424.0,464.0,498.0,478.0,456.0
944,GDN0008,Dummy,Pause,31,468.0,1052.0,486.0,428.0,476.0,456.0,478.0,478.0,466.0,436.0,470.0,398.0,486.0,466.0
945,GDN0008,Dummy,Pause,32,482.0,994.0,494.0,454.0,502.0,480.0,500.0,426.0,488.0,452.0,490.0,386.0,492.0,426.0
946,GDN0008,Dummy,Pause,33,482.0,950.0,496.0,454.0,492.0,476.0,490.0,494.0,466.0,434.0,484.0,514.0,496.0,480.0
947,GDN0008,Dummy,Pause,34,450.0,1040.0,472.0,410.0,464.0,444.0,464.0,466.0,450.0,418.0,454.0,342.0,472.0,450.0
948,GDN0008,Dummy,Pause,35,496.0,1116.0,502.0,468.0,514.0,486.0,506.0,434.0,482.0,450.0,498.0,374.0,504.0,374.0
949,GDN0008,Dummy,Pause,36,522.0,1028.0,532.0,482.0,528.0,510.0,528.0,528.0,512.0,474.0,522.0,378.0,532.0,520.0
950,GDN0008,Dummy,Pause,37,486.0,1004.0,508.0,438.0,516.0,476.0,504.0,486.0,478.0,446.0,492.0,530.0,506.0,486.0
951,GDN0008,Dummy,Pause,38,476.0,996.0,496.0,412.0,490.0,468.0,488.0,492.0,470.0,438.0,482.0,382.0,496.0,476.0
952,GDN0008,Dummy,Pause,39,466.0,1086.0,482.0,430.0,474.0,518.0,476.0,474.0,466.0,434.0,468.0,376.0,482.0,464.0
953,GDN0008,Dummy,Pause,40,516.0,1094.0,468.0,460.0,526.0,564.0,522.0,438.0,504.0,464.0,520.0,360.0,470.0,404.0
954,GDN0008,Dummy,Pause,41,484.0,1092.0,508.0,446.0,526.0,510.0,520.0,482.0,504.0,466.0,486.0,392.0,508.0,482.0
955,GDN0008,Dummy,Pause,42,502.0,1074.0,514.0,460.0,526.0,490.0,520.0,500.0,502.0,466.0,508.0,398.0,514.0,500.0
956,GDN0008,Dummy,Pause,43,500.0,1116.0,514.0,474.0,512.0,496.0,510.0,514.0,492.0,462.0,506.0,384.0,514.0,500.0
957,GDN0008,Dummy,Pause,44,518.0,1092.0,510.0,458.0,390.0,486.0,528.0,484.0,508.0,476.0,522.0,390.0,508.0,432.0
958,GDN0008,Dummy,Pause,45,498.0,1022.0,516.0,462.0,538.0,488.0,518.0,498.0,504.0,466.0,504.0,392.0,520.0,498.0
959,GDN0008,Dummy,Pause,46,486.0,1052.0,490.0,430.0,498.0,450.0,490.0,450.0,476.0,444.0,412.0,364.0,486.0,410.0
960,GDN0008,Dummy,Pause,47,478.0,1102.0,502.0,432.0,294.0,478.0,500.0,404.0,486.0,454.0,490.0,350.0,502.0,404.0
961,GDN0008,Dummy,Pause,48,510.0,1042.0,524.0,474.0,420.0,500.0,524.0,510.0,512.0,470.0,516.0,422.0,526.0,510.0
962,GDN0008,Dummy,Pause,49,504.0,1080.0,494.0,468.0,512.0,492.0,504.0,452.0,480.0,450.0,456.0,368.0,490.0,452.0
963,GDN0008,Dummy,Pause,50,498.0,1092.0,514.0,472.0,510.0,576.0,512.0,510.0,502.0,462.0,504.0,408.0,512.0,496.0
964,GDN0008,Dummy,Pause,51,496.0,1026.0,518.0,470.0,542.0,496.0,526.0,446.0,498.0,468.0,510.0,552.0,522.0,446.0
965,GDN0008,Dummy,Pause,52,482.0,1066.0,498.0,444.0,490.0,472.0,492.0,492.0,478.0,446.0,484.0,412.0,496.0,480.0
966,GDN0008,Dummy,Pause,53,502.0,1138.0,504.0,468.0,508.0,532.0,508.0,436.0,492.0,460.0,410.0,372.0,504.0,408.0
967,GDN0008,Dummy,Pause,54,530.0,1052.0,540.0,506.0,544.0,524.0,540.0,544.0,520.0,482.0,534.0,288.0,540.0,528.0
968,GDN0008,Dummy,Pause,55,474.0,1096.0,496.0,436.0,304.0,474.0,504.0,410.0,484.0,454.0,490.0,410.0,494.0,410.0
969,GDN0008,Dummy,TiltLevel,0,456.0,886.0,462.0,412.0,464.0,510.0,456.0,518.0,446.0,390.0,448.0,352.0,462.0,396.0
970,GDN0008,Dummy,TiltLevel,1,416.0,822.0,444.0,436.0,422.0,514.0,424.0,422.0,444.0,390.0,418.0,328.0,446.0,518.0
971,GDN0008,Dummy,TiltLevel,2,436.0,918.0,406.0,406.0,322.0,434.0,452.0,368.0,420.0,368.0,364.0,324.0,402.0,362.0
972,GDN0008,Dummy,TiltLevel,3,468.0,978.0,480.0,430.0,478.0,460.0,476.0,480.0,446.0,406.0,472.0,496.0,480.0,468.0
973,GDN0008,Dummy,TiltLevel,4,456.0,1232.0,480.0,426.0,486.0,446.0,472.0,402.0,458.0,428.0,454.0,356.0,478.0,356.0
974,GDN0008,Dummy,TiltLevel,5,572.0,1206.0,514.0,512.0,582.0,620.0,582.0,530.0,562.0,514.0,574.0,124.0,510.0,486.0
975,GDN0008,Dummy,TiltLevel,6,558.0,1062.0,576.0,512.0,558.0,542.0,568.0,558.0,546.0,506.0,558.0,304.0,578.0,556.0
976,GDN0008,Dummy,TiltLevel,7,506.0,1172.0,522.0,440.0,512.0,496.0,514.0,512.0,496.0,456.0,508.0,374.0,520.0,506.0
977,GDN0008,Dummy,TiltLevel,8,540.0,1128.0,520.0,508.0,552.0,588.0,552.0,554.0,538.0,492.0,546.0,334.0,516.0,538.0
978,GDN0008,Dummy,TiltLevel,9,534.0,1016.0,552.0,476.0,546.0,522.0,540.0,546.0,518.0,478.0,536.0,568.0,554.0,534.0
979,GDN0008,Dummy,TiltLevel,10,488.0,1100.0,480.0,460.0,446.0,484.0,498.0,432.0,486.0,438.0,436.0,398.0,474.0,432.0
980,GDN0008,Dummy,TiltLevel,11,512.0,1138.0,532.0,456.0,522.0,500.0,528.0,512.0,504.0,468.0,520.0,394.0,532.0,512.0
981,GDN0008,Dummy,TiltLevel,12,520.0,1018.0,542.0,464.0,534.0,500.0,532.0,534.0,520.0,482.0,522.0,354.0,544.0,520.0
982,GDN0008,Dummy,TiltLevel,13,472.0,1106.0,502.0,430.0,518.0,454.0,498.0,470.0,482.0,440.0,476.0,530.0,498.0,470.0
983,GDN0008,Dummy,TiltLevel,14,508.0,1144.0,532.0,446.0,516.0,498.0,518.0,516.0,506.0,474.0,512.0,374.0,530.0,508.0
984,GDN0008,Dummy,TiltLevel,15,538.0,1078.0,560.0,480.0,562.0,514.0,552.0,536.0,520.0,484.0,540.0,582.0,562.0,536.0
985,GDN0008,Dummy,TiltLevel,16,488.0,1258.0,522.0,448.0,396.0,476.0,518.0,488.0,500.0,462.0,492.0,396.0,520.0,488.0
986,GDN0008,Dummy,TiltLevel,17,542.0,1230.0,568.0,554.0,376.0,526.0,580.0,542.0,562.0,524.0,550.0,264.0,564.0,542.0
987,GDN0008,Dummy,TiltLevel,18,578.0,1146.0,588.0,534.0,586.0,568.0,586.0,586.0,556.0,514.0,580.0,578.0,588.0,578.0
988,GDN0008,Dummy,TiltLevel,19,528.0,1164.0,550.0,474.0,546.0,526.0,542.0,526.0,528.0,486.0,534.0,390.0,552.0,510.0
989,GDN0008,Dummy,TiltLevel,20,548.0,1058.0,562.0,500.0,552.0,532.0,560.0,554.0,538.0,490.0,552.0,428.0,560.0,548.0
990,GDN0008,Dummy,TiltLevel,21,512.0,1068.0,530.0,464.0,450.0,500.0,528.0,512.0,502.0,452.0,520.0,402.0,530.0,512.0
991,GDN0008,Dummy,TiltLevel,22,510.0,1236.0,526.0,480.0,410.0,504.0,522.0,504.0,508.0,454.0,514.0,412.0,528.0,458.0
992,GDN0008,Dummy,TiltLevel,23,568.0,1166.0,562.0,564.0,472.0,626.0,576.0,544.0,564.0,512.0,554.0,386.0,552.0,524.0
993,GDN0008,Dummy,TiltLevel,24,554.0,1244.0,572.0,490.0,576.0,528.0,568.0,576.0,536.0,490.0,558.0,592.0,572.0,554.0
994,GDN0008,Dummy,TiltLevel,25,584.0,1324.0,596.0,526.0,602.0,560.0,598.0,604.0,568.0,518.0,588.0,192.0,598.0,582.0
995,GDN0008,Dummy,TiltLevel,26,600.0,1150.0,610.0,556.0,604.0,586.0,612.0,598.0,596.0,546.0,602.0,430.0,610.0,598.0
996,GDN0008,Dummy,TiltLevel,27,544.0,1208.0,558.0,490.0,546.0,530.0,552.0,546.0,532.0,484.0,546.0,158.0,558.0,542.0
997,GDN0008,Dummy,TiltLevel,28,560.0,1136.0,566.0,510.0,564.0,596.0,564.0,564.0,554.0,502.0,560.0,226.0,564.0,558.0
998,GDN0008,Dummy,TiltLevel,29,538.0,1172.0,550.0,492.0,558.0,594.0,554.0,536.0,530.0,480.0,546.0,316.0,550.0,536.0
999,GDN0008,Dummy,TiltLevel,30,548.0,1178.0,568.0,492.0,554.0,614.0,556.0,556.0,542.0,492.0,550.0,406.0,568.0,548.0
1000,GDN0008,Dummy,TiltLevel,31,566.0,1068.0,578.0,514.0,568.0,550.0,572.0,568.0,538.0,496.0,566.0,564.0,580.0,564.0
1001,GDN0008,Dummy,TiltLevel,32,524.0,1024.0,504.0,492.0,540.0,512.0,532.0,470.0,500.0,458.0,526.0,354.0,496.0,470.0
1002,GDN0008,Dummy,TiltLevel,33,504.0,1042.0,528.0,436.0,510.0,490.0,514.0,510.0,486.0,440.0,506.0,548.0,528.0,502.0
1003,GDN0008,Dummy,TiltLevel,34,500.0,1290.0,518.0,474.0,520.0,500.0,518.0,452.0,492.0,446.0,512.0,318.0,518.0,452.0
1004,GDN0008,Dummy,TiltLevel,35,630.0,1264.0,598.0,534.0,592.0,628.0,598.0,594.0,584.0,534.0,592.0,340.0,600.0,590.0
1005,GDN0008,Dummy,TiltLevel,36,582.0,1226.0,596.0,524.0,578.0,562.0,590.0,580.0,574.0,524.0,582.0,60.0,594.0,580.0
1006,GDN0008,Dummy,TiltLevel,37,580.0,1272.0,588.0,536.0,590.0,564.0,590.0,592.0,558.0,512.0,582.0,618.0,588.0,580.0
1007,GDN0008,Dummy,TiltLevel,38,582.0,1260.0,604.0,582.0,452.0,564.0,594.0,582.0,580.0,526.0,584.0,172.0,604.0,582.0
1008,GDN0008,Dummy,TiltLevel,39,580.0,1164.0,610.0,516.0,614.0,554.0,598.0,578.0,568.0,522.0,580.0,632.0,610.0,578.0
1009,GDN0008,Dummy,TiltLevel,40,548.0,1150.0,568.0,506.0,556.0,534.0,556.0,558.0,538.0,490.0,550.0,410.0,568.0,548.0
1010,GDN0008,Dummy,TiltLevel,41,536.0,1070.0,552.0,484.0,374.0,522.0,546.0,542.0,534.0,484.0,538.0,376.0,550.0,534.0
1011,GDN0008,Dummy,TiltLevel,42,520.0,1084.0,530.0,458.0,520.0,502.0,530.0,520.0,502.0,456.0,524.0,260.0,530.0,518.0
1012,GDN0008,Dummy,TiltLevel,43,488.0,1148.0,534.0,500.0,382.0,464.0,528.0,486.0,506.0,464.0,520.0,382.0,534.0,486.0
1013,GDN0008,Dummy,TiltLevel,44,528.0,1100.0,560.0,480.0,366.0,506.0,550.0,526.0,530.0,484.0,532.0,368.0,562.0,526.0
1014,GDN0008,Dummy,TiltLevel,45,518.0,1204.0,532.0,460.0,398.0,560.0,526.0,526.0,512.0,466.0,520.0,400.0,530.0,516.0
1015,GDN0008,Dummy,TiltLevel,46,558.0,1190.0,574.0,514.0,584.0,630.0,570.0,584.0,552.0,504.0,562.0,112.0,574.0,556.0
1016,GDN0008,Dummy,TiltLevel,47,560.0,1140.0,578.0,536.0,574.0,556.0,570.0,576.0,542.0,500.0,564.0,560.0,578.0,560.0
1017,GDN0008,Dummy,TiltLevel,48,534.0,1206.0,560.0,476.0,572.0,510.0,558.0,534.0,520.0,482.0,548.0,584.0,560.0,534.0
1018,GDN0008,Dummy,TiltLevel,49,560.0,1082.0,574.0,520.0,566.0,548.0,566.0,566.0,548.0,506.0,562.0,406.0,574.0,560.0
1019,GDN0008,Dummy,TiltLevel,50,522.0,1108.0,532.0,458.0,530.0,574.0,532.0,532.0,508.0,460.0,526.0,268.0,530.0,520.0
1020,GDN0008,Dummy,TiltLevel,51,476.0,1184.0,528.0,508.0,556.0,530.0,548.0,478.0,522.0,468.0,484.0,424.0,528.0,478.0
1021,GDN0008,Dummy,TiltUp,0,470.0,962.0,476.0,408.0,482.0,464.0,480.0,402.0,460.0,420.0,474.0,392.0,476.0,390.0
1022,GDN0008,Dummy,TiltUp,1,454.0,1014.0,460.0,426.0,414.0,518.0,474.0,450.0,460.0,420.0,462.0,208.0,448.0,406.0
1023,GDN0008,Dummy,TiltUp,2,464.0,1026.0,492.0,432.0,470.0,456.0,478.0,464.0,470.0,440.0,468.0,380.0,494.0,464.0
1024,GDN0008,Dummy,TiltUp,3,488.0,1066.0,502.0,454.0,502.0,482.0,500.0,502.0,478.0,446.0,494.0,488.0,498.0,488.0
1025,GDN0008,Dummy,TiltUp,4,498.0,1076.0,518.0,474.0,518.0,496.0,514.0,452.0,494.0,458.0,504.0,540.0,518.0,452.0
1026,GDN0008,Dummy,TiltUp,5,474.0,1044.0,502.0,444.0,522.0,504.0,516.0,472.0,492.0,462.0,476.0,426.0,502.0,472.0
1027,GDN0008,Dummy,TiltUp,6,488.0,888.0,492.0,450.0,508.0,486.0,504.0,408.0,488.0,450.0,498.0,378.0,498.0,376.0
1028,GDN0008,Dummy,TiltUp,7,440.0,824.0,444.0,410.0,446.0,482.0,450.0,448.0,432.0,394.0,446.0,346.0,446.0,438.0
1029,GDN0008,Dummy,TiltUp,8,434.0,1020.0,386.0,388.0,438.0,420.0,438.0,438.0,402.0,374.0,442.0,432.0,384.0,432.0
1030,GDN0008,Dummy,TiltUp,9,464.0,1040.0,486.0,474.0,472.0,522.0,476.0,454.0,480.0,440.0,486.0,410.0,486.0,408.0
1031,GDN0008,Dummy,TiltUp,10,484.0,1008.0,504.0,456.0,380.0,476.0,494.0,474.0,480.0,450.0,480.0,382.0,504.0,440.0
1032,GDN0008,Dummy,TiltUp,11,476.0,1126.0,502.0,438.0,480.0,464.0,486.0,482.0,470.0,438.0,478.0,374.0,502.0,474.0
1033,GDN0008,Dummy,TiltUp,12,518.0,1154.0,540.0,474.0,520.0,504.0,520.0,520.0,514.0,478.0,540.0,550.0,540.0,516.0
1034,GDN0008,Dummy,TiltUp,13,536.0,1100.0,506.0,490.0,466.0,522.0,536.0,468.0,522.0,490.0,506.0,468.0,506.0,466.0
1035,GDN0008,Dummy,TiltUp,14,526.0,1044.0,536.0,492.0,346.0,516.0,534.0,538.0,506.0,468.0,544.0,524.0,536.0,524.0
1036,GDN0008,Dummy,TiltUp,15,492.0,1002.0,520.0,452.0,394.0,566.0,508.0,492.0,498.0,448.0,496.0,398.0,522.0,492.0
1037,GDN0008,Dummy,TiltUp,16,478.0,1002.0,498.0,412.0,382.0,460.0,500.0,476.0,470.0,434.0,500.0,382.0,496.0,476.0
1038,GDN0008,Dummy,TiltUp,17,494.0,972.0,526.0,418.0,300.0,476.0,506.0,492.0,470.0,434.0,526.0,540.0,526.0,492.0
1039,GDN0008,Dummy,TiltUp,18,464.0,940.0,480.0,406.0,466.0,506.0,468.0,466.0,460.0,424.0,464.0,388.0,478.0,464.0
1040,GDN0008,Dummy,TiltUp,19,452.0,900.0,502.0,462.0,386.0,482.0,490.0,450.0,462.0,408.0,454.0,392.0,504.0,450.0
1041,GDN0008,Dummy,TiltUp,20,490.0,930.0,504.0,448.0,496.0,478.0,494.0,496.0,454.0,394.0,502.0,490.0,502.0,490.0
1042,GDN0008,Dummy,TiltUp,21,512.0,944.0,476.0,460.0,332.0,510.0,456.0,454.0,460.0,406.0,476.0,16.0,476.0,448.0
1043,GDN0008,Dummy,TiltUp,22,436.0,926.0,470.0,474.0,434.0,526.0,442.0,436.0,468.0,408.0,436.0,536.0,466.0,536.0
1044,GDN0008,Dummy,TiltUp,23,462.0,898.0,510.0,418.0,406.0,444.0,496.0,462.0,458.0,404.0,464.0,346.0,516.0,462.0
1045,GDN0008,Dummy,TiltUp,24,450.0,892.0,490.0,402.0,324.0,506.0,474.0,448.0,448.0,394.0,450.0,380.0,484.0,448.0
1046,GDN0008,Dummy,TiltUp,25,456.0,874.0,488.0,420.0,246.0,442.0,478.0,454.0,442.0,394.0,410.0,246.0,490.0,454.0
1047,GDN0008,Dummy,TiltUp,26,484.0,878.0,490.0,456.0,492.0,538.0,486.0,476.0,448.0,380.0,448.0,38.0,488.0,448.0
1048,GDN0008,Dummy,TiltUp,27,462.0,836.0,482.0,396.0,470.0,452.0,468.0,470.0,440.0,388.0,482.0,462.0,482.0,462.0
1049,GDN0008,Dummy,TiltUp,28,462.0,832.0,476.0,440.0,296.0,526.0,466.0,452.0,436.0,366.0,458.0,54.0,472.0,426.0
1050,GDN0008,Dummy,TiltUp,29,436.0,830.0,470.0,394.0,486.0,522.0,450.0,436.0,434.0,366.0,438.0,122.0,472.0,436.0
1052,GDN0008,Dummy,TiltUp,31,464.0,830.0,450.0,390.0,476.0,510.0,474.0,,428.0,370.0,434.0,66.0,446.0,430.0
1054,GDN0008,Dummy,TiltUp,33,440.0,826.0,450.0,376.0,354.0,500.0,454.0,,426.0,376.0,444.0,198.0,366.0,440.0
1055,GDN0008,Dummy,TiltUp,34,460.0,812.0,476.0,372.0,488.0,458.0,476.0,418.0,422.0,372.0,470.0,28.0,476.0,418.0
1057,GDN0008,Dummy,TiltUp,36,456.0,796.0,464.0,368.0,466.0,448.0,460.0,,412.0,354.0,406.0,354.0,462.0,404.0
1058,GDN0008,Dummy,TiltUp,37,418.0,786.0,454.0,388.0,468.0,512.0,442.0,418.0,424.0,350.0,430.0,54.0,454.0,372.0
1059,GDN0008,Dummy,TiltUp,39,432.0,838.0,448.0,350.0,438.0,420.0,436.0,438.0,406.0,366.0,432.0,430.0,448.0,430.0
1060,GDN0008,Dummy,TiltUp,40,460.0,872.0,474.0,422.0,466.0,448.0,466.0,468.0,430.0,374.0,464.0,460.0,474.0,460.0
1061,GDN0008,Dummy,TiltUp,41,468.0,866.0,472.0,396.0,382.0,444.0,472.0,384.0,432.0,390.0,464.0,384.0,472.0,382.0
1062,GDN0008,Dummy,TiltUp,42,460.0,834.0,480.0,420.0,486.0,448.0,476.0,460.0,430.0,388.0,472.0,460.0,478.0,460.0
1063,GDN0008,Dummy,TiltUp,43,450.0,804.0,468.0,416.0,454.0,508.0,454.0,454.0,430.0,370.0,450.0,62.0,468.0,448.0
1064,GDN0008,Dummy,TiltUp,44,448.0,794.0,472.0,400.0,298.0,432.0,458.0,458.0,428.0,354.0,452.0,348.0,470.0,448.0
1065,GDN0008,Dummy,TiltUp,45,444.0,790.0,468.0,366.0,458.0,438.0,452.0,460.0,412.0,358.0,444.0,442.0,470.0,442.0
1066,GDN0008,Dummy,TiltUp,46,410.0,804.0,454.0,354.0,324.0,432.0,438.0,408.0,404.0,358.0,410.0,328.0,450.0,408.0
1067,GDN0008,Dummy,TiltUp,47,434.0,814.0,452.0,396.0,442.0,478.0,440.0,442.0,410.0,364.0,434.0,434.0,454.0,434.0
1068,GDN0008,Dummy,TiltUp,48,448.0,822.0,460.0,392.0,452.0,438.0,452.0,454.0,412.0,366.0,450.0,446.0,460.0,446.0
1070,GDN0008,Dummy,TiltUp,50,458.0,782.0,462.0,410.0,466.0,450.0,464.0,,412.0,364.0,462.0,456.0,458.0,456.0
1071,GDN0008,Dummy,TiltUp,51,432.0,772.0,456.0,360.0,456.0,410.0,448.0,430.0,398.0,358.0,434.0,470.0,456.0,430.0
1072,GDN0008,Dummy,TiltUp,52,440.0,770.0,458.0,390.0,442.0,424.0,442.0,442.0,400.0,352.0,458.0,440.0,458.0,440.0
1075,GDN0008,Dummy,TiltUp,55,428.0,710.0,440.0,388.0,236.0,406.0,430.0,,390.0,334.0,374.0,330.0,442.0,374.0
1076,GDN0008,Dummy,TiltUp,56,392.0,700.0,424.0,390.0,400.0,446.0,402.0,402.0,386.0,326.0,422.0,392.0,422.0,392.0
1077,GDN0008,Dummy,TiltUp,57,392.0,702.0,430.0,348.0,328.0,376.0,400.0,392.0,388.0,318.0,432.0,392.0,432.0,392.0
1078,GDN0008,Dummy,TiltUp,58,418.0,706.0,414.0,390.0,432.0,416.0,424.0,374.0,384.0,324.0,374.0,96.0,404.0,370.0
1079,GDN0008,Dummy,TiltUp,59,404.0,726.0,418.0,340.0,408.0,394.0,410.0,410.0,370.0,332.0,406.0,402.0,420.0,402.0
1081,GDN0008,Dummy,TiltUp,61,410.0,784.0,444.0,340.0,414.0,436.0,418.0,,396.0,356.0,410.0,410.0,440.0,410.0
1085,GDN0008,Dummy,TiltUp,65,422.0,724.0,442.0,364.0,434.0,484.0,428.0,,404.0,336.0,442.0,72.0,442.0,490.0
1086,GDN0008,Dummy,TiltUp,66,408.0,698.0,432.0,340.0,430.0,392.0,416.0,408.0,378.0,338.0,434.0,444.0,434.0,406.0
1088,GDN0008,Dummy,Valsalva,0,498.0,1046.0,512.0,452.0,508.0,486.0,508.0,518.0,488.0,450.0,500.0,346.0,510.0,496.0
1089,GDN0008,Dummy,Valsalva,1,498.0,1044.0,516.0,448.0,512.0,484.0,508.0,512.0,488.0,450.0,500.0,536.0,516.0,496.0
1090,GDN0008,Dummy,Valsalva,2,498.0,1138.0,512.0,454.0,506.0,488.0,506.0,508.0,486.0,450.0,500.0,528.0,510.0,498.0
1091,GDN0008,Dummy,Valsalva,3,532.0,1200.0,520.0,466.0,540.0,522.0,540.0,522.0,522.0,482.0,502.0,238.0,524.0,496.0
1092,GDN0008,Dummy,Valsalva,4,542.0,1126.0,552.0,504.0,492.0,530.0,552.0,542.0,544.0,504.0,544.0,412.0,552.0,542.0
1093,GDN0008,Dummy,Valsalva,5,504.0,1068.0,524.0,520.0,390.0,494.0,540.0,504.0,522.0,476.0,520.0,388.0,522.0,504.0
1094,GDN0008,Dummy,Valsalva,6,506.0,1032.0,524.0,446.0,528.0,500.0,522.0,528.0,498.0,458.0,514.0,546.0,524.0,504.0
1095,GDN0008,Dummy,Valsalva,7,474.0,996.0,510.0,446.0,512.0,468.0,506.0,472.0,486.0,446.0,494.0,386.0,508.0,472.0
1096,GDN0008,Dummy,Valsalva,8,484.0,1004.0,494.0,424.0,498.0,476.0,494.0,394.0,466.0,434.0,486.0,518.0,494.0,392.0
1097,GDN0008,Dummy,Valsalva,9,470.0,1072.0,492.0,432.0,418.0,460.0,484.0,468.0,476.0,436.0,472.0,412.0,492.0,468.0
1098,GDN0008,Dummy,Valsalva,10,508.0,1098.0,520.0,474.0,516.0,498.0,516.0,518.0,498.0,460.0,512.0,356.0,520.0,506.0
1099,GDN0008,Dummy,Valsalva,11,512.0,1078.0,522.0,472.0,514.0,544.0,520.0,514.0,506.0,468.0,516.0,378.0,522.0,512.0
1100,GDN0008,Dummy,Valsalva,12,506.0,1034.0,522.0,452.0,304.0,548.0,520.0,520.0,500.0,462.0,512.0,410.0,524.0,504.0
1101,GDN0008,Dummy,Valsalva,13,492.0,1080.0,504.0,464.0,502.0,486.0,500.0,502.0,484.0,446.0,496.0,400.0,502.0,490.0
1102,GDN0008,Dummy,Valsalva,14,514.0,1062.0,520.0,448.0,524.0,502.0,518.0,468.0,502.0,462.0,512.0,380.0,522.0,426.0
1103,GDN0008,Dummy,Valsalva,15,500.0,974.0,514.0,464.0,506.0,538.0,508.0,506.0,490.0,458.0,502.0,444.0,514.0,498.0
1104,GDN0008,Dummy,Valsalva,16,472.0,942.0,482.0,400.0,480.0,510.0,478.0,462.0,458.0,426.0,436.0,374.0,480.0,424.0
1105,GDN0008,Dummy,Valsalva,17,438.0,972.0,472.0,406.0,468.0,510.0,458.0,436.0,454.0,414.0,442.0,384.0,472.0,436.0
1106,GDN0008,Dummy,Valsalva,18,468.0,1090.0,486.0,422.0,480.0,460.0,480.0,480.0,462.0,424.0,474.0,392.0,486.0,466.0
1107,GDN0008,Dummy,Valsalva,19,500.0,1118.0,516.0,464.0,334.0,496.0,524.0,444.0,506.0,466.0,516.0,386.0,516.0,444.0
1108,GDN0008,Dummy,Valsalva,20,530.0,1098.0,540.0,486.0,540.0,520.0,538.0,540.0,508.0,478.0,536.0,530.0,540.0,530.0
1109,GDN0008,Dummy,Valsalva,21,520.0,1030.0,534.0,476.0,536.0,510.0,532.0,538.0,514.0,466.0,526.0,404.0,536.0,520.0
1110,GDN0008,Dummy,Valsalva,22,494.0,1084.0,506.0,452.0,500.0,482.0,504.0,502.0,478.0,446.0,498.0,492.0,504.0,492.0
1111,GDN0008,Dummy,Valsalva,23,510.0,1076.0,518.0,478.0,464.0,504.0,522.0,518.0,498.0,466.0,518.0,380.0,520.0,508.0
1112,GDN0008,Dummy,Valsalva,24,512.0,1004.0,526.0,464.0,522.0,500.0,518.0,522.0,504.0,458.0,512.0,546.0,526.0,510.0
1113,GDN0008,Dummy,Valsalva,25,494.0,968.0,488.0,416.0,502.0,466.0,494.0,434.0,474.0,436.0,482.0,382.0,486.0,382.0
1114,GDN0008,Dummy,Valsalva,26,462.0,1010.0,476.0,418.0,470.0,452.0,476.0,388.0,458.0,422.0,462.0,388.0,474.0,386.0
1115,GDN0008,Dummy,Valsalva,27,454.0,1062.0,486.0,428.0,310.0,454.0,476.0,454.0,478.0,438.0,462.0,408.0,488.0,406.0
1116,GDN0008,Dummy,Valsalva,28,484.0,1056.0,502.0,448.0,284.0,478.0,508.0,482.0,492.0,456.0,492.0,368.0,498.0,482.0
1117,GDN0008,Dummy,Valsalva,29,488.0,976.0,516.0,454.0,404.0,478.0,504.0,488.0,492.0,454.0,492.0,404.0,518.0,488.0
1118,GDN0008,Dummy,Valsalva,30,462.0,998.0,478.0,426.0,472.0,506.0,476.0,474.0,464.0,426.0,470.0,390.0,476.0,464.0
1119,GDN0008,Dummy,Valsalva,31,476.0,1004.0,492.0,454.0,490.0,476.0,490.0,442.0,470.0,434.0,484.0,344.0,492.0,432.0
1120,GDN0008,Dummy,Valsalva,32,486.0,920.0,494.0,462.0,500.0,532.0,496.0,444.0,472.0,436.0,446.0,392.0,496.0,444.0
1121,GDN0008,Dummy,Valsalva,34,438.0,1032.0,478.0,406.0,442.0,428.0,462.0,438.0,462.0,424.0,442.0,364.0,480.0,438.0
1122,GDN0008,Dummy,Valsalva,35,484.0,1012.0,500.0,416.0,492.0,476.0,494.0,492.0,478.0,448.0,488.0,356.0,498.0,482.0
1123,GDN0008,Dummy,Valsalva,36,480.0,1048.0,506.0,418.0,490.0,474.0,496.0,478.0,476.0,438.0,486.0,530.0,506.0,478.0
1124,GDN0008,Dummy,Valsalva,37,498.0,1082.0,512.0,460.0,508.0,488.0,508.0,510.0,488.0,450.0,502.0,394.0,514.0,496.0
1125,GDN0008,Dummy,Valsalva,38,524.0,1032.0,508.0,474.0,460.0,562.0,526.0,492.0,502.0,462.0,460.0,408.0,502.0,458.0
1126,GDN0008,Dummy,Valsalva,39,504.0,986.0,520.0,466.0,512.0,492.0,514.0,514.0,486.0,446.0,508.0,542.0,520.0,504.0
1127,GDN0008,Dummy,Valsalva,40,460.0,1036.0,490.0,432.0,336.0,460.0,486.0,406.0,470.0,430.0,470.0,386.0,490.0,406.0
1128,GDN0008,Dummy,Valsalva,41,484.0,1044.0,502.0,448.0,388.0,476.0,506.0,482.0,488.0,446.0,490.0,390.0,502.0,482.0
1129,GDN0008,Dummy,Valsalva,42,492.0,944.0,506.0,450.0,368.0,484.0,514.0,490.0,492.0,450.0,506.0,372.0,506.0,490.0
1130,GDN0008,Dummy,Valsalva,43,462.0,918.0,486.0,430.0,480.0,456.0,476.0,482.0,452.0,414.0,468.0,506.0,486.0,462.0
1131,GDN0008,Dummy,Valsalva,44,436.0,974.0,470.0,402.0,478.0,432.0,466.0,432.0,450.0,404.0,446.0,382.0,470.0,380.0
1132,GDN0008,Dummy,Valsalva,45,468.0,1010.0,486.0,408.0,478.0,504.0,478.0,478.0,458.0,426.0,472.0,468.0,486.0,468.0
1133,GDN0008,Dummy,Valsalva,46,484.0,954.0,504.0,440.0,486.0,470.0,492.0,488.0,480.0,438.0,484.0,354.0,506.0,482.0
1134,GDN0008,Dummy,Valsalva,47,460.0,1054.0,474.0,434.0,354.0,524.0,476.0,394.0,462.0,416.0,470.0,356.0,464.0,356.0
1135,GDN0008,Dummy,Valsalva,48,498.0,1074.0,514.0,460.0,510.0,488.0,506.0,510.0,488.0,452.0,504.0,374.0,514.0,496.0
1136,GDN0008,Dummy,Valsalva,49,518.0,1032.0,534.0,466.0,526.0,506.0,526.0,528.0,502.0,460.0,520.0,518.0,536.0,518.0
1137,GDN0008,Dummy,Valsalva,50,496.0,1098.0,504.0,442.0,510.0,492.0,510.0,512.0,486.0,446.0,504.0,378.0,496.0,494.0
1138,GDN0008,Dummy,Valsalva,51,526.0,1080.0,532.0,486.0,532.0,514.0,534.0,532.0,510.0,468.0,530.0,364.0,532.0,524.0
1139,GDN0008,Dummy,Valsalva,52,520.0,1028.0,536.0,486.0,538.0,510.0,530.0,538.0,508.0,460.0,524.0,556.0,536.0,518.0
1140,GDN0008,Dummy,Valsalva,53,490.0,1026.0,512.0,436.0,496.0,476.0,502.0,498.0,482.0,444.0,492.0,380.0,514.0,488.0
1141,GDN0008,Dummy,Valsalva,54,492.0,1082.0,506.0,458.0,498.0,482.0,500.0,500.0,480.0,444.0,496.0,390.0,506.0,490.0
1142,GDN0008,Dummy,Valsalva,55,492.0,1032.0,512.0,434.0,544.0,482.0,524.0,492.0,494.0,464.0,500.0,366.0,512.0,492.0
1143,GDN0008,Dummy,Valsalva,56,486.0,,508.0,444.0,326.0,474.0,502.0,510.0,482.0,446.0,494.0,328.0,508.0,484.0
1144,GDN0009,Dummy,Pause,0,388.0,722.0,306.0,312.0,400.0,386.0,396.0,,358.0,338.0,404.0,386.0,316.0,386.0
1146,GDN0009,Dummy,Pause,4,546.0,722.0,452.0,502.0,432.0,566.0,572.0,,552.0,524.0,580.0,430.0,454.0,546.0
1148,GDN0009,Dummy,Pause,8,528.0,734.0,436.0,476.0,412.0,516.0,538.0,,538.0,508.0,538.0,404.0,440.0,528.0
1152,GDN0009,Dummy,Pause,12,554.0,744.0,454.0,470.0,516.0,550.0,524.0,,530.0,500.0,522.0,402.0,456.0,516.0
1156,GDN0009,Dummy,Pause,16,540.0,1358.0,458.0,468.0,544.0,520.0,550.0,,526.0,506.0,556.0,540.0,458.0,540.0
1157,GDN0009,Dummy,Pause,17,604.0,752.0,534.0,544.0,624.0,596.0,616.0,516.0,592.0,562.0,626.0,430.0,530.0,476.0
1159,GDN0009,Dummy,Pause,19,458.0,1172.0,350.0,438.0,334.0,456.0,474.0,,454.0,428.0,350.0,316.0,350.0,426.0
1160,GDN0009,Dummy,Pause,20,540.0,1302.0,460.0,490.0,544.0,582.0,546.0,546.0,526.0,496.0,548.0,538.0,460.0,538.0
1161,GDN0009,Dummy,Pause,21,586.0,732.0,512.0,510.0,446.0,578.0,590.0,576.0,570.0,542.0,596.0,446.0,512.0,546.0
1163,GDN0009,Dummy,Pause,23,466.0,1270.0,478.0,434.0,472.0,508.0,470.0,,452.0,426.0,474.0,466.0,476.0,466.0
1164,GDN0009,Dummy,Pause,24,582.0,772.0,496.0,554.0,596.0,640.0,546.0,536.0,564.0,528.0,544.0,448.0,498.0,536.0
1167,GDN0009,Dummy,Pause,27,512.0,740.0,426.0,446.0,556.0,496.0,522.0,,512.0,486.0,522.0,376.0,428.0,510.0
1170,GDN0009,Dummy,Pause,30,502.0,1164.0,416.0,450.0,502.0,536.0,506.0,,510.0,480.0,508.0,334.0,416.0,500.0
1171,GDN0009,Dummy,Pause,31,534.0,732.0,546.0,458.0,338.0,514.0,544.0,550.0,522.0,494.0,542.0,534.0,546.0,534.0
1175,GDN0009,Dummy,Pause,35,520.0,728.0,438.0,472.0,394.0,502.0,538.0,,522.0,494.0,544.0,396.0,432.0,520.0
1176,GDN0009,Dummy,Pause,36,392.0,964.0,424.0,372.0,360.0,436.0,370.0,362.0,378.0,338.0,428.0,362.0,428.0,362.0
1178,GDN0009,Dummy,Pause,39,540.0,728.0,454.0,464.0,548.0,530.0,546.0,,528.0,502.0,546.0,538.0,456.0,538.0
1181,GDN0009,Dummy,Pause,42,532.0,1252.0,430.0,424.0,538.0,522.0,536.0,,498.0,484.0,430.0,530.0,430.0,530.0
1182,GDN0009,Dummy,Pause,43,542.0,722.0,500.0,474.0,592.0,574.0,558.0,542.0,544.0,524.0,554.0,412.0,476.0,542.0
1184,GDN0009,Dummy,Pause,45,472.0,1124.0,482.0,392.0,310.0,462.0,474.0,,452.0,422.0,474.0,310.0,450.0,446.0
1185,GDN0009,Dummy,Pause,46,506.0,1232.0,428.0,480.0,416.0,562.0,518.0,500.0,510.0,480.0,526.0,360.0,428.0,464.0
1187,GDN0009,Dummy,Pause,49,450.0,1154.0,344.0,386.0,304.0,422.0,458.0,,454.0,430.0,342.0,300.0,,448.0
1188,GDN0009,Dummy,Pause,50,522.0,1198.0,442.0,446.0,530.0,488.0,528.0,532.0,512.0,490.0,528.0,520.0,444.0,520.0
1189,GDN0009,Dummy,Pause,51,558.0,1264.0,452.0,462.0,432.0,556.0,530.0,520.0,530.0,506.0,422.0,384.0,450.0,520.0
1190,GDN0009,Dummy,Pause,52,548.0,728.0,474.0,506.0,548.0,576.0,556.0,548.0,554.0,528.0,552.0,372.0,472.0,548.0
1192,GDN0009,Dummy,Pause,54,466.0,1144.0,464.0,392.0,428.0,516.0,436.0,,454.0,424.0,436.0,276.0,460.0,432.0
1194,GDN0009,Dummy,Pause,56,562.0,748.0,492.0,504.0,562.0,546.0,566.0,,562.0,526.0,566.0,412.0,494.0,560.0
1197,GDN0009,Dummy,TiltLevel,1,522.0,1194.0,432.0,468.0,568.0,548.0,556.0,,514.0,484.0,434.0,522.0,434.0,522.0
1198,GDN0009,Dummy,TiltLevel,2,540.0,1330.0,476.0,486.0,542.0,572.0,546.0,542.0,528.0,504.0,546.0,538.0,476.0,538.0
1199,GDN0009,Dummy,TiltLevel,3,598.0,746.0,536.0,562.0,442.0,592.0,610.0,608.0,578.0,552.0,538.0,598.0,538.0,598.0
1200,GDN0009,Dummy,TiltLevel,4,384.0,958.0,416.0,388.0,296.0,460.0,398.0,408.0,390.0,344.0,416.0,384.0,416.0,384.0
1201,GDN0009,Dummy,TiltLevel,5,470.0,774.0,356.0,390.0,476.0,458.0,476.0,478.0,448.0,422.0,476.0,468.0,354.0,468.0
1202,GDN0009,Dummy,TiltLevel,6,420.0,958.0,396.0,380.0,430.0,414.0,424.0,360.0,390.0,354.0,374.0,240.0,398.0,360.0
1203,GDN0009,Dummy,TiltLevel,7,444.0,1100.0,364.0,396.0,488.0,428.0,476.0,444.0,444.0,422.0,330.0,280.0,356.0,444.0
1208,GDN0009,Dummy,TiltLevel,13,536.0,1124.0,404.0,504.0,494.0,534.0,500.0,,512.0,474.0,498.0,330.0,402.0,496.0
1211,GDN0009,Dummy,TiltLevel,16,546.0,752.0,436.0,470.0,422.0,532.0,550.0,,530.0,498.0,552.0,546.0,436.0,546.0
1212,GDN0009,Dummy,TiltLevel,17,366.0,964.0,408.0,376.0,180.0,348.0,406.0,364.0,386.0,348.0,370.0,242.0,408.0,364.0
1213,GDN0009,Dummy,TiltLevel,18,462.0,1170.0,368.0,388.0,478.0,456.0,472.0,478.0,452.0,424.0,470.0,460.0,370.0,460.0
1214,GDN0009,Dummy,TiltLevel,19,526.0,1192.0,490.0,488.0,550.0,516.0,538.0,468.0,518.0,496.0,526.0,24.0,488.0,466.0
1215,GDN0009,Dummy,TiltLevel,20,532.0,1152.0,434.0,506.0,492.0,532.0,494.0,494.0,534.0,504.0,490.0,16.0,426.0,486.0
1217,GDN0009,Dummy,TiltLevel,24,542.0,1260.0,468.0,470.0,548.0,578.0,548.0,,534.0,506.0,552.0,540.0,468.0,540.0
1218,GDN0009,Dummy,TiltLevel,25,560.0,774.0,484.0,516.0,588.0,546.0,582.0,558.0,558.0,526.0,586.0,84.0,488.0,558.0
1221,GDN0009,Dummy,TiltLevel,28,560.0,1228.0,446.0,454.0,348.0,554.0,516.0,,516.0,492.0,516.0,348.0,446.0,508.0
1222,GDN0009,Dummy,TiltLevel,29,590.0,776.0,476.0,480.0,596.0,582.0,548.0,530.0,542.0,516.0,546.0,362.0,476.0,530.0
1224,GDN0009,Dummy,TiltLevel,31,442.0,1150.0,370.0,448.0,296.0,484.0,448.0,,462.0,432.0,452.0,298.0,368.0,440.0
1225,GDN0009,Dummy,TiltLevel,32,484.0,1192.0,430.0,452.0,360.0,466.0,522.0,482.0,516.0,488.0,412.0,356.0,430.0,482.0
1227,GDN0009,Dummy,TiltLevel,34,542.0,778.0,480.0,482.0,590.0,576.0,554.0,,544.0,520.0,460.0,406.0,480.0,542.0
1230,GDN0009,Dummy,TiltLevel,37,522.0,1202.0,432.0,448.0,348.0,556.0,528.0,,514.0,490.0,530.0,522.0,432.0,522.0
1231,GDN0009,Dummy,TiltLevel,38,550.0,1270.0,450.0,468.0,332.0,540.0,558.0,562.0,532.0,506.0,562.0,550.0,450.0,550.0
1232,GDN0009,Dummy,TiltLevel,39,594.0,1298.0,506.0,518.0,560.0,590.0,564.0,560.0,554.0,530.0,500.0,558.0,506.0,558.0
1233,GDN0009,Dummy,TiltLevel,40,568.0,828.0,502.0,504.0,410.0,558.0,596.0,464.0,566.0,540.0,468.0,410.0,502.0,464.0
1235,GDN0009,Dummy,TiltLevel,42,454.0,1178.0,392.0,410.0,448.0,438.0,484.0,,458.0,428.0,456.0,322.0,456.0,454.0
1236,GDN0009,Dummy,TiltLevel,43,534.0,750.0,460.0,476.0,562.0,518.0,554.0,534.0,530.0,498.0,556.0,26.0,460.0,534.0
1237,GDN0009,Dummy,TiltLevel,44,398.0,960.0,412.0,372.0,436.0,392.0,408.0,390.0,382.0,346.0,398.0,234.0,416.0,364.0
1238,GDN0009,Dummy,TiltLevel,45,456.0,1144.0,374.0,388.0,492.0,442.0,474.0,454.0,450.0,422.0,472.0,212.0,368.0,454.0
1239,GDN0009,Dummy,TiltLevel,46,516.0,1114.0,542.0,490.0,400.0,512.0,528.0,468.0,514.0,486.0,544.0,468.0,544.0,466.0
1242,GDN0009,Dummy,TiltLevel,51,512.0,1122.0,522.0,450.0,330.0,540.0,514.0,,508.0,476.0,514.0,330.0,522.0,512.0
1245,GDN0009,Dummy,TiltUp,0,354.0,728.0,388.0,364.0,368.0,328.0,366.0,,374.0,338.0,390.0,354.0,390.0,354.0
1246,GDN0009,Dummy,TiltUp,1,342.0,836.0,394.0,360.0,278.0,324.0,366.0,342.0,372.0,340.0,396.0,92.0,396.0,342.0
1258,GDN0009,Dummy,TiltUp,13,406.0,702.0,434.0,370.0,410.0,392.0,416.0,,398.0,356.0,432.0,42.0,432.0,404.0
1259,GDN0009,Dummy,TiltUp,14,372.0,654.0,414.0,318.0,408.0,352.0,398.0,372.0,372.0,330.0,420.0,372.0,420.0,370.0
1260,GDN0009,Dummy,TiltUp,15,366.0,640.0,350.0,296.0,330.0,362.0,336.0,332.0,342.0,314.0,334.0,8.0,334.0,328.0
1266,GDN0009,Dummy,TiltUp,21,426.0,748.0,432.0,396.0,208.0,474.0,430.0,,402.0,360.0,430.0,32.0,430.0,386.0
1273,GDN0009,Dummy,TiltUp,28,358.0,640.0,390.0,302.0,286.0,420.0,382.0,,352.0,310.0,360.0,138.0,392.0,358.0
1277,GDN0009,Dummy,TiltUp,32,380.0,634.0,356.0,350.0,254.0,374.0,384.0,,352.0,302.0,304.0,18.0,352.0,302.0
1278,GDN0009,Dummy,TiltUp,33,336.0,640.0,368.0,356.0,278.0,382.0,348.0,344.0,356.0,302.0,336.0,280.0,370.0,334.0
1279,GDN0009,Dummy,TiltUp,34,322.0,666.0,366.0,340.0,326.0,414.0,332.0,328.0,348.0,308.0,366.0,322.0,366.0,320.0
1280,GDN0009,Dummy,TiltUp,35,360.0,806.0,374.0,328.0,364.0,352.0,366.0,366.0,350.0,320.0,362.0,360.0,372.0,360.0
1281,GDN0009,Dummy,TiltUp,36,424.0,760.0,408.0,332.0,436.0,422.0,388.0,386.0,392.0,368.0,420.0,378.0,420.0,376.0
1282,GDN0009,Dummy,TiltUp,37,408.0,754.0,332.0,376.0,416.0,452.0,410.0,372.0,386.0,350.0,362.0,28.0,,358.0
1288,GDN0009,Dummy,TiltUp,43,376.0,766.0,410.0,336.0,424.0,408.0,380.0,,378.0,352.0,408.0,48.0,408.0,374.0
1289,GDN0009,Dummy,TiltUp,44,400.0,772.0,412.0,372.0,440.0,394.0,410.0,394.0,384.0,354.0,414.0,24.0,414.0,364.0
1291,GDN0009,Dummy,TiltUp,46,414.0,778.0,426.0,380.0,418.0,460.0,416.0,,394.0,356.0,426.0,412.0,426.0,412.0
1294,GDN0009,Dummy,TiltUp,49,354.0,660.0,408.0,380.0,272.0,332.0,400.0,,382.0,336.0,354.0,150.0,410.0,352.0
1295,GDN0009,Dummy,TiltUp,50,368.0,640.0,390.0,318.0,380.0,422.0,376.0,380.0,360.0,312.0,390.0,368.0,390.0,366.0
1296,GDN0009,Dummy,TiltUp,51,340.0,632.0,378.0,292.0,228.0,320.0,356.0,340.0,344.0,308.0,376.0,340.0,376.0,340.0
1301,GDN0009,Dummy,TiltUp,57,422.0,764.0,398.0,380.0,196.0,414.0,430.0,,390.0,352.0,402.0,98.0,402.0,346.0
1304,GDN0009,Dummy,TiltUp,60,398.0,766.0,426.0,356.0,394.0,380.0,410.0,,388.0,352.0,426.0,398.0,426.0,396.0
1305,GDN0009,Dummy,TiltUp,61,402.0,734.0,426.0,332.0,414.0,396.0,414.0,416.0,390.0,352.0,402.0,402.0,426.0,402.0
1306,GDN0009,Dummy,TiltUp,62,388.0,668.0,402.0,362.0,402.0,382.0,400.0,364.0,374.0,342.0,388.0,70.0,400.0,318.0
1322,GDN0009,Dummy,TiltUp,78,372.0,662.0,388.0,304.0,290.0,414.0,384.0,,354.0,316.0,342.0,370.0,390.0,370.0
1325,GDN0009,Dummy,Valsalva,0,430.0,892.0,386.0,394.0,254.0,446.0,460.0,,434.0,396.0,468.0,270.0,390.0,428.0
1328,GDN0009,Dummy,Valsalva,3,492.0,810.0,432.0,440.0,422.0,526.0,504.0,,484.0,458.0,420.0,492.0,428.0,492.0
1329,GDN0009,Dummy,Valsalva,4,398.0,930.0,418.0,350.0,398.0,466.0,402.0,398.0,402.0,370.0,400.0,228.0,416.0,398.0
1331,GDN0009,Dummy,Valsalva,6,482.0,1074.0,408.0,412.0,324.0,512.0,494.0,,480.0,460.0,364.0,482.0,412.0,482.0
1332,GDN0009,Dummy,Valsalva,7,476.0,1064.0,408.0,422.0,408.0,458.0,486.0,474.0,476.0,462.0,404.0,474.0,404.0,474.0
1333,GDN0009,Dummy,Valsalva,8,502.0,1064.0,396.0,414.0,296.0,498.0,508.0,498.0,482.0,458.0,338.0,300.0,396.0,474.0
1334,GDN0009,Dummy,Valsalva,9,488.0,1082.0,396.0,420.0,316.0,476.0,494.0,486.0,484.0,458.0,356.0,318.0,396.0,486.0
1335,GDN0009,Dummy,Valsalva,10,532.0,1090.0,420.0,432.0,486.0,524.0,488.0,486.0,490.0,464.0,488.0,296.0,420.0,484.0
1336,GDN0009,Dummy,Valsalva,11,528.0,1106.0,422.0,422.0,390.0,524.0,500.0,496.0,490.0,468.0,388.0,342.0,422.0,490.0
1337,GDN0009,Dummy,Valsalva,12,500.0,1120.0,434.0,442.0,504.0,482.0,506.0,504.0,498.0,474.0,506.0,390.0,434.0,500.0
1338,GDN0009,Dummy,Valsalva,13,484.0,1128.0,434.0,434.0,366.0,474.0,520.0,482.0,502.0,478.0,404.0,366.0,434.0,482.0
1339,GDN0009,Dummy,Valsalva,14,512.0,1142.0,448.0,444.0,426.0,500.0,522.0,522.0,504.0,480.0,528.0,510.0,448.0,510.0
1340,GDN0009,Dummy,Valsalva,15,516.0,1146.0,462.0,470.0,374.0,542.0,526.0,522.0,506.0,486.0,424.0,516.0,462.0,516.0
1341,GDN0009,Dummy,Valsalva,16,516.0,1178.0,470.0,474.0,460.0,558.0,522.0,520.0,512.0,488.0,522.0,516.0,470.0,516.0
1342,GDN0009,Dummy,Valsalva,17,528.0,1200.0,472.0,488.0,532.0,602.0,536.0,532.0,530.0,498.0,534.0,378.0,472.0,526.0
1343,GDN0009,Dummy,Valsalva,18,524.0,1228.0,468.0,544.0,374.0,612.0,532.0,534.0,548.0,502.0,528.0,618.0,468.0,618.0
1344,GDN0009,Dummy,Valsalva,19,536.0,1216.0,500.0,500.0,454.0,568.0,550.0,536.0,542.0,516.0,544.0,58.0,494.0,536.0
1345,GDN0009,Dummy,Valsalva,20,562.0,750.0,478.0,502.0,576.0,546.0,572.0,576.0,536.0,512.0,576.0,562.0,492.0,562.0
1346,GDN0009,Dummy,Valsalva,21,398.0,942.0,416.0,356.0,418.0,382.0,408.0,418.0,378.0,348.0,400.0,398.0,414.0,398.0
1347,GDN0009,Dummy,Valsalva,22,462.0,1132.0,392.0,390.0,474.0,454.0,472.0,476.0,442.0,416.0,472.0,460.0,394.0,460.0
1348,GDN0009,Dummy,Valsalva,23,468.0,650.0,498.0,482.0,550.0,532.0,510.0,494.0,506.0,482.0,468.0,174.0,,466.0
1349,GDN0009,Dummy,Valsalva,26,516.0,1070.0,402.0,484.0,522.0,564.0,520.0,522.0,500.0,460.0,522.0,514.0,410.0,568.0
1351,GDN0009,Dummy,Valsalva,28,496.0,1084.0,396.0,498.0,366.0,570.0,506.0,,504.0,464.0,508.0,98.0,398.0,496.0
1353,GDN0009,Dummy,Valsalva,30,488.0,1128.0,432.0,442.0,486.0,472.0,524.0,,496.0,470.0,432.0,198.0,432.0,488.0
1354,GDN0009,Dummy,Valsalva,31,510.0,1150.0,442.0,444.0,316.0,508.0,528.0,506.0,508.0,480.0,442.0,316.0,442.0,488.0
1355,GDN0009,Dummy,Valsalva,32,532.0,1188.0,480.0,496.0,410.0,568.0,538.0,536.0,518.0,488.0,476.0,530.0,480.0,530.0
1356,GDN0009,Dummy,Valsalva,33,548.0,1266.0,474.0,476.0,560.0,546.0,554.0,514.0,518.0,502.0,460.0,400.0,474.0,512.0
1357,GDN0009,Dummy,Valsalva,34,534.0,770.0,518.0,512.0,446.0,572.0,582.0,530.0,558.0,530.0,502.0,198.0,518.0,498.0
1359,GDN0009,Dummy,Valsalva,36,448.0,1132.0,404.0,406.0,394.0,514.0,456.0,,456.0,418.0,456.0,296.0,402.0,446.0
1360,GDN0009,Dummy,Valsalva,37,518.0,1196.0,472.0,488.0,478.0,512.0,526.0,524.0,510.0,482.0,426.0,516.0,474.0,516.0
1361,GDN0009,Dummy,Valsalva,38,534.0,1326.0,482.0,480.0,544.0,574.0,546.0,428.0,528.0,504.0,548.0,352.0,482.0,428.0
1362,GDN0009,Dummy,Valsalva,39,600.0,754.0,558.0,566.0,610.0,596.0,608.0,612.0,580.0,550.0,528.0,598.0,556.0,598.0
1364,GDN0009,Dummy,Valsalva,42,522.0,760.0,406.0,458.0,520.0,502.0,528.0,520.0,502.0,476.0,526.0,520.0,,520.0
1365,GDN0009,Dummy,Valsalva,43,394.0,936.0,414.0,324.0,402.0,384.0,404.0,404.0,384.0,352.0,398.0,246.0,416.0,392.0
1366,GDN0009,Dummy,Valsalva,44,448.0,1106.0,412.0,418.0,240.0,444.0,462.0,448.0,444.0,414.0,464.0,242.0,406.0,448.0
1367,GDN0009,Dummy,Valsalva,45,502.0,1088.0,522.0,444.0,320.0,478.0,520.0,500.0,504.0,474.0,532.0,318.0,532.0,500.0
1368,GDN0009,Dummy,Valsalva,46,500.0,1082.0,402.0,448.0,532.0,478.0,518.0,500.0,486.0,466.0,392.0,500.0,392.0,500.0
1369,GDN0009,Dummy,Valsalva,48,498.0,1092.0,506.0,446.0,496.0,556.0,498.0,,502.0,462.0,498.0,332.0,506.0,496.0
1370,GDN0009,Dummy,Valsalva,49,496.0,1108.0,418.0,440.0,404.0,564.0,502.0,498.0,500.0,468.0,502.0,344.0,418.0,494.0
1371,GDN0009,Dummy,Valsalva,50,522.0,1148.0,430.0,446.0,304.0,516.0,532.0,538.0,506.0,474.0,430.0,522.0,430.0,522.0
1372,GDN0009,Dummy,Valsalva,51,500.0,1192.0,446.0,502.0,554.0,536.0,516.0,458.0,516.0,488.0,510.0,96.0,446.0,394.0
1373,GDN0009,Dummy,Valsalva,52,516.0,1244.0,474.0,474.0,364.0,566.0,536.0,516.0,534.0,504.0,532.0,364.0,474.0,516.0
1374,GDN0009,Dummy,Valsalva,53,566.0,788.0,506.0,496.0,576.0,614.0,572.0,524.0,550.0,522.0,536.0,404.0,506.0,474.0
1376,GDN0009,Dummy,Valsalva,55,488.0,1140.0,396.0,392.0,298.0,482.0,498.0,,454.0,426.0,344.0,486.0,394.0,486.0
1377,GDN0010,Dummy,HoldingBreath,0,470.0,1296.0,490.0,496.0,342.0,594.0,552.0,508.0,544.0,520.0,492.0,128.0,492.0,468.0
1378,GDN0010,Dummy,HoldingBreath,1,492.0,1312.0,524.0,542.0,362.0,610.0,564.0,520.0,562.0,540.0,524.0,320.0,524.0,490.0
1379,GDN0010,Dummy,HoldingBreath,2,556.0,1102.0,522.0,530.0,428.0,556.0,578.0,502.0,568.0,546.0,568.0,354.0,514.0,472.0
1380,GDN0010,Dummy,HoldingBreath,3,508.0,1018.0,410.0,440.0,528.0,480.0,520.0,414.0,494.0,472.0,522.0,118.0,426.0,376.0
1381,GDN0010,Dummy,HoldingBreath,4,476.0,1032.0,384.0,454.0,488.0,472.0,482.0,316.0,470.0,442.0,384.0,282.0,384.0,282.0
1382,GDN0010,Dummy,HoldingBreath,5,460.0,1040.0,440.0,434.0,312.0,454.0,470.0,350.0,466.0,448.0,476.0,312.0,442.0,310.0
1383,GDN0010,Dummy,HoldingBreath,6,436.0,1146.0,464.0,448.0,350.0,494.0,452.0,434.0,470.0,450.0,440.0,272.0,464.0,434.0
1384,GDN0010,Dummy,HoldingBreath,7,488.0,1012.0,514.0,496.0,498.0,480.0,500.0,498.0,514.0,488.0,488.0,312.0,514.0,486.0
1385,GDN0010,Dummy,HoldingBreath,8,470.0,1096.0,394.0,396.0,480.0,514.0,476.0,356.0,464.0,440.0,480.0,288.0,394.0,286.0
1386,GDN0010,Dummy,HoldingBreath,9,516.0,1184.0,442.0,440.0,524.0,512.0,482.0,464.0,496.0,470.0,422.0,298.0,438.0,420.0
1387,GDN0010,Dummy,HoldingBreath,10,508.0,1116.0,510.0,476.0,460.0,504.0,526.0,454.0,516.0,500.0,510.0,286.0,510.0,454.0
1388,GDN0010,Dummy,HoldingBreath,11,480.0,1098.0,436.0,438.0,424.0,508.0,494.0,478.0,496.0,476.0,488.0,296.0,438.0,478.0
1389,GDN0010,Dummy,HoldingBreath,12,486.0,1074.0,416.0,452.0,488.0,520.0,492.0,490.0,488.0,470.0,490.0,178.0,408.0,484.0
1390,GDN0010,Dummy,HoldingBreath,13,480.0,1090.0,428.0,430.0,494.0,464.0,492.0,478.0,482.0,462.0,488.0,286.0,424.0,478.0
1391,GDN0010,Dummy,HoldingBreath,14,482.0,1156.0,398.0,460.0,350.0,480.0,492.0,342.0,484.0,468.0,344.0,286.0,418.0,342.0
1392,GDN0010,Dummy,HoldingBreath,15,470.0,1192.0,446.0,442.0,428.0,468.0,502.0,468.0,506.0,490.0,480.0,232.0,442.0,424.0
1393,GDN0010,Dummy,HoldingBreath,16,494.0,1202.0,440.0,524.0,562.0,606.0,534.0,514.0,536.0,504.0,530.0,170.0,440.0,492.0
1394,GDN0010,Dummy,HoldingBreath,17,452.0,1226.0,492.0,486.0,550.0,498.0,522.0,452.0,526.0,506.0,454.0,320.0,492.0,452.0
1395,GDN0010,Dummy,HoldingBreath,18,522.0,1208.0,526.0,500.0,528.0,560.0,528.0,480.0,536.0,516.0,526.0,332.0,526.0,448.0
1396,GDN0010,Dummy,HoldingBreath,19,506.0,1272.0,474.0,474.0,514.0,554.0,518.0,516.0,532.0,508.0,510.0,256.0,476.0,504.0
1397,GDN0010,Dummy,HoldingBreath,20,556.0,1246.0,486.0,532.0,564.0,544.0,558.0,516.0,552.0,532.0,518.0,198.0,526.0,516.0
1398,GDN0010,Dummy,HoldingBreath,21,552.0,762.0,398.0,522.0,566.0,550.0,562.0,514.0,542.0,522.0,516.0,38.0,,514.0
1399,GDN0010,Dummy,HoldingBreath,23,282.0,1224.0,150.0,214.0,80.0,242.0,292.0,,282.0,260.0,286.0,76.0,,280.0
1400,GDN0010,Dummy,HoldingBreath,24,536.0,1140.0,466.0,512.0,550.0,534.0,548.0,532.0,534.0,514.0,500.0,294.0,516.0,498.0
1401,GDN0010,Dummy,HoldingBreath,25,500.0,1176.0,420.0,466.0,504.0,530.0,506.0,504.0,508.0,484.0,504.0,296.0,406.0,498.0
1402,GDN0010,Dummy,HoldingBreath,26,506.0,1062.0,458.0,474.0,460.0,500.0,532.0,500.0,524.0,498.0,518.0,102.0,470.0,456.0
1403,GDN0010,Dummy,HoldingBreath,27,474.0,1126.0,402.0,418.0,348.0,508.0,482.0,478.0,484.0,458.0,480.0,346.0,408.0,472.0
1404,GDN0010,Dummy,HoldingBreath,29,546.0,1230.0,462.0,476.0,552.0,594.0,548.0,436.0,542.0,516.0,514.0,0.0,464.0,436.0
1405,GDN0010,Dummy,HoldingBreath,30,516.0,1232.0,454.0,480.0,330.0,506.0,544.0,514.0,540.0,516.0,536.0,332.0,438.0,514.0
1406,GDN0010,Dummy,HoldingBreath,31,474.0,1180.0,284.0,510.0,474.0,538.0,514.0,474.0,534.0,518.0,282.0,150.0,,474.0
1407,GDN0010,Dummy,HoldingBreath,32,558.0,1148.0,482.0,492.0,334.0,556.0,516.0,490.0,520.0,500.0,474.0,332.0,492.0,438.0
1408,GDN0010,Dummy,HoldingBreath,33,510.0,1168.0,540.0,486.0,316.0,560.0,518.0,524.0,516.0,488.0,510.0,474.0,538.0,508.0
1409,GDN0010,Dummy,HoldingBreath,34,518.0,1172.0,378.0,450.0,518.0,500.0,524.0,516.0,514.0,494.0,378.0,516.0,,516.0
1410,GDN0010,Dummy,HoldingBreath,35,494.0,1058.0,500.0,450.0,382.0,480.0,512.0,492.0,518.0,496.0,500.0,146.0,510.0,492.0
1411,GDN0010,Dummy,HoldingBreath,36,472.0,1126.0,410.0,414.0,276.0,438.0,492.0,346.0,476.0,456.0,496.0,280.0,394.0,312.0
1412,GDN0010,Dummy,HoldingBreath,37,450.0,1174.0,502.0,490.0,524.0,424.0,506.0,448.0,506.0,480.0,450.0,536.0,502.0,448.0
1413,GDN0010,Dummy,HoldingBreath,38,500.0,1208.0,456.0,464.0,410.0,492.0,518.0,440.0,514.0,496.0,520.0,70.0,460.0,404.0
1414,GDN0010,Dummy,HoldingBreath,39,506.0,1070.0,516.0,464.0,432.0,502.0,532.0,506.0,532.0,508.0,522.0,302.0,522.0,506.0
1415,GDN0010,Dummy,HoldingBreath,40,472.0,1118.0,420.0,444.0,516.0,468.0,494.0,470.0,486.0,460.0,418.0,322.0,418.0,470.0
1416,GDN0010,Dummy,HoldingBreath,41,498.0,1192.0,450.0,464.0,504.0,488.0,506.0,506.0,504.0,478.0,506.0,334.0,434.0,496.0
1417,GDN0010,Dummy,HoldingBreath,42,524.0,1096.0,454.0,460.0,540.0,518.0,536.0,482.0,526.0,504.0,526.0,260.0,476.0,438.0
1418,GDN0010,Dummy,HoldingBreath,43,492.0,1110.0,502.0,444.0,388.0,476.0,500.0,494.0,494.0,470.0,498.0,382.0,418.0,490.0
1419,GDN0010,Dummy,HoldingBreath,44,492.0,1214.0,442.0,438.0,290.0,580.0,506.0,492.0,502.0,474.0,420.0,290.0,440.0,492.0
1420,GDN0010,Dummy,HoldingBreath,45,502.0,1182.0,524.0,478.0,408.0,546.0,522.0,500.0,534.0,510.0,506.0,252.0,512.0,458.0
1421,GDN0010,Dummy,HoldingBreath,49,288.0,1190.0,30.0,204.0,94.0,286.0,246.0,,270.0,256.0,236.0,0.0,,234.0
1422,GDN0010,Dummy,HoldingBreath,50,458.0,1234.0,494.0,506.0,308.0,488.0,508.0,488.0,526.0,502.0,462.0,308.0,506.0,458.0
1423,GDN0010,Dummy,HoldingBreath,51,510.0,1242.0,508.0,518.0,522.0,552.0,526.0,506.0,538.0,518.0,508.0,192.0,,506.0
1424,GDN0010,Dummy,Pause,0,602.0,1496.0,626.0,606.0,422.0,566.0,620.0,618.0,628.0,610.0,626.0,660.0,626.0,600.0
1425,GDN0010,Dummy,Pause,1,616.0,1426.0,578.0,576.0,406.0,662.0,628.0,574.0,628.0,610.0,576.0,272.0,576.0,536.0
1426,GDN0010,Dummy,Pause,2,578.0,1426.0,558.0,602.0,446.0,674.0,592.0,576.0,616.0,586.0,580.0,66.0,558.0,518.0
1427,GDN0010,Dummy,Pause,3,598.0,1384.0,540.0,606.0,606.0,684.0,606.0,608.0,618.0,586.0,598.0,72.0,540.0,686.0
1428,GDN0010,Dummy,Pause,4,586.0,1262.0,574.0,568.0,636.0,622.0,596.0,548.0,590.0,570.0,572.0,30.0,572.0,548.0
1429,GDN0010,Dummy,Pause,5,518.0,1274.0,534.0,530.0,582.0,508.0,558.0,518.0,550.0,528.0,518.0,46.0,532.0,518.0
1430,GDN0010,Dummy,Pause,6,550.0,1366.0,518.0,528.0,342.0,550.0,564.0,504.0,552.0,532.0,520.0,98.0,520.0,482.0
1431,GDN0010,Dummy,Pause,7,526.0,1336.0,554.0,550.0,462.0,646.0,578.0,526.0,590.0,564.0,554.0,82.0,554.0,526.0
1432,GDN0010,Dummy,Pause,8,596.0,1396.0,558.0,570.0,554.0,594.0,554.0,556.0,584.0,554.0,548.0,84.0,558.0,546.0
1433,GDN0010,Dummy,Pause,9,578.0,1358.0,536.0,540.0,582.0,648.0,592.0,582.0,600.0,574.0,580.0,30.0,536.0,578.0
1434,GDN0010,Dummy,Pause,10,584.0,1364.0,504.0,528.0,600.0,584.0,600.0,512.0,582.0,562.0,596.0,142.0,506.0,486.0
1435,GDN0010,Dummy,Pause,11,606.0,1286.0,570.0,514.0,622.0,604.0,614.0,562.0,584.0,564.0,566.0,28.0,568.0,562.0
1436,GDN0010,Dummy,Pause,12,544.0,1304.0,556.0,494.0,546.0,572.0,554.0,548.0,560.0,536.0,544.0,66.0,554.0,542.0
1437,GDN0010,Dummy,Pause,13,572.0,1390.0,534.0,544.0,532.0,568.0,584.0,532.0,564.0,542.0,528.0,184.0,536.0,526.0
1438,GDN0010,Dummy,Pause,14,594.0,1490.0,550.0,562.0,604.0,630.0,604.0,606.0,590.0,572.0,598.0,592.0,550.0,592.0
1439,GDN0010,Dummy,Pause,15,626.0,1390.0,558.0,608.0,412.0,672.0,636.0,620.0,628.0,608.0,594.0,18.0,556.0,592.0
1440,GDN0010,Dummy,Pause,16,588.0,1414.0,544.0,552.0,594.0,618.0,602.0,586.0,598.0,572.0,594.0,72.0,544.0,586.0
1441,GDN0010,Dummy,Pause,17,602.0,1398.0,556.0,568.0,608.0,632.0,610.0,608.0,598.0,580.0,606.0,602.0,556.0,602.0
1442,GDN0010,Dummy,Pause,18,602.0,1374.0,538.0,534.0,614.0,642.0,612.0,598.0,594.0,576.0,570.0,220.0,538.0,564.0
1443,GDN0010,Dummy,Pause,19,600.0,1384.0,518.0,524.0,616.0,598.0,608.0,564.0,590.0,566.0,568.0,358.0,518.0,564.0
1444,GDN0010,Dummy,Pause,20,576.0,1368.0,552.0,556.0,496.0,612.0,618.0,574.0,596.0,570.0,580.0,16.0,552.0,536.0
1445,GDN0010,Dummy,Pause,21,536.0,1318.0,500.0,556.0,618.0,572.0,606.0,534.0,584.0,564.0,536.0,78.0,500.0,534.0
1446,GDN0010,Dummy,Pause,22,584.0,1258.0,536.0,548.0,604.0,584.0,598.0,530.0,568.0,548.0,532.0,612.0,508.0,530.0
1447,GDN0010,Dummy,Pause,23,566.0,1306.0,504.0,536.0,582.0,564.0,576.0,488.0,552.0,526.0,476.0,98.0,504.0,474.0
1448,GDN0010,Dummy,Pause,24,542.0,1394.0,498.0,558.0,598.0,582.0,590.0,522.0,572.0,544.0,502.0,118.0,502.0,476.0
1449,GDN0010,Dummy,Pause,25,574.0,1398.0,550.0,546.0,534.0,618.0,588.0,574.0,596.0,574.0,576.0,64.0,550.0,574.0
1450,GDN0010,Dummy,Pause,26,596.0,1384.0,550.0,550.0,604.0,636.0,606.0,606.0,600.0,576.0,600.0,254.0,550.0,594.0
1451,GDN0010,Dummy,Pause,27,592.0,1380.0,552.0,566.0,368.0,634.0,602.0,542.0,588.0,570.0,554.0,28.0,554.0,488.0
1452,GDN0010,Dummy,Pause,28,580.0,1376.0,538.0,538.0,602.0,568.0,596.0,602.0,592.0,568.0,586.0,230.0,538.0,580.0
1453,GDN0010,Dummy,Pause,29,564.0,1346.0,532.0,532.0,434.0,592.0,606.0,562.0,592.0,568.0,568.0,88.0,532.0,562.0
1454,GDN0010,Dummy,Pause,30,594.0,1346.0,560.0,520.0,560.0,592.0,604.0,560.0,584.0,558.0,558.0,54.0,562.0,556.0
1455,GDN0010,Dummy,Pause,31,560.0,1292.0,514.0,516.0,616.0,596.0,578.0,560.0,576.0,558.0,562.0,218.0,514.0,560.0
1456,GDN0010,Dummy,Pause,32,548.0,1226.0,522.0,524.0,440.0,586.0,566.0,546.0,562.0,538.0,554.0,154.0,520.0,546.0
1457,GDN0010,Dummy,Pause,33,552.0,1316.0,462.0,528.0,566.0,544.0,558.0,544.0,544.0,516.0,556.0,224.0,462.0,508.0
1458,GDN0010,Dummy,Pause,34,514.0,1340.0,524.0,530.0,612.0,548.0,596.0,512.0,564.0,546.0,514.0,314.0,524.0,512.0
1459,GDN0010,Dummy,Pause,35,562.0,1384.0,568.0,572.0,410.0,650.0,574.0,562.0,584.0,554.0,568.0,224.0,568.0,562.0
1460,GDN0010,Dummy,Pause,36,572.0,1380.0,526.0,580.0,620.0,604.0,584.0,570.0,596.0,570.0,572.0,64.0,526.0,570.0
1461,GDN0010,Dummy,Pause,37,576.0,1342.0,532.0,524.0,630.0,574.0,600.0,550.0,592.0,570.0,584.0,92.0,534.0,502.0
1462,GDN0010,Dummy,Pause,38,552.0,1266.0,528.0,524.0,620.0,606.0,576.0,550.0,584.0,556.0,558.0,196.0,528.0,504.0
1463,GDN0010,Dummy,Pause,39,556.0,1164.0,518.0,526.0,454.0,554.0,576.0,504.0,554.0,530.0,572.0,74.0,516.0,504.0
1464,GDN0010,Dummy,Pause,40,494.0,1206.0,450.0,460.0,436.0,478.0,528.0,492.0,522.0,494.0,500.0,62.0,450.0,492.0
1465,GDN0010,Dummy,Pause,41,520.0,1260.0,476.0,484.0,556.0,602.0,544.0,484.0,540.0,508.0,530.0,184.0,478.0,464.0
1466,GDN0010,Dummy,Pause,42,538.0,1126.0,498.0,498.0,560.0,598.0,556.0,480.0,550.0,528.0,548.0,320.0,498.0,480.0
1467,GDN0010,Dummy,Pause,43,490.0,,472.0,496.0,314.0,524.0,508.0,416.0,510.0,480.0,494.0,310.0,478.0,368.0
1468,GDN0010,Dummy,TiltLevel,0,582.0,1424.0,598.0,534.0,516.0,570.0,618.0,518.0,602.0,584.0,594.0,516.0,598.0,580.0
1469,GDN0010,Dummy,TiltLevel,1,558.0,1452.0,590.0,586.0,400.0,538.0,610.0,558.0,606.0,584.0,570.0,396.0,590.0,558.0
1470,GDN0010,Dummy,TiltLevel,2,582.0,1442.0,554.0,598.0,628.0,666.0,622.0,580.0,618.0,594.0,584.0,174.0,552.0,580.0
1471,GDN0010,Dummy,TiltLevel,3,620.0,1418.0,582.0,584.0,638.0,614.0,632.0,638.0,610.0,590.0,628.0,652.0,584.0,620.0
1472,GDN0010,Dummy,TiltLevel,4,582.0,1456.0,568.0,554.0,618.0,656.0,610.0,574.0,608.0,582.0,570.0,254.0,570.0,534.0
1473,GDN0010,Dummy,TiltLevel,5,602.0,1446.0,504.0,556.0,490.0,638.0,612.0,612.0,622.0,596.0,604.0,16.0,,602.0
1474,GDN0010,Dummy,TiltLevel,6,570.0,1430.0,602.0,588.0,650.0,606.0,630.0,570.0,610.0,592.0,602.0,56.0,602.0,570.0
1475,GDN0010,Dummy,TiltLevel,7,626.0,1456.0,574.0,564.0,638.0,614.0,628.0,544.0,604.0,586.0,574.0,156.0,574.0,544.0
1476,GDN0010,Dummy,TiltLevel,8,568.0,1450.0,588.0,594.0,652.0,610.0,632.0,566.0,616.0,596.0,588.0,36.0,588.0,566.0
1477,GDN0010,Dummy,TiltLevel,9,614.0,1350.0,566.0,560.0,642.0,684.0,634.0,538.0,622.0,594.0,626.0,654.0,566.0,538.0
1478,GDN0010,Dummy,TiltLevel,11,632.0,1436.0,574.0,598.0,646.0,628.0,642.0,560.0,620.0,600.0,640.0,152.0,572.0,560.0
1479,GDN0010,Dummy,TiltLevel,12,596.0,1416.0,604.0,546.0,600.0,630.0,606.0,602.0,612.0,588.0,598.0,42.0,604.0,594.0
1480,GDN0010,Dummy,TiltLevel,13,564.0,1434.0,584.0,584.0,624.0,498.0,594.0,558.0,604.0,582.0,586.0,374.0,586.0,558.0
1481,GDN0010,Dummy,TiltLevel,14,614.0,1416.0,568.0,576.0,626.0,606.0,622.0,626.0,606.0,588.0,618.0,612.0,566.0,612.0
1482,GDN0010,Dummy,TiltLevel,15,590.0,1392.0,600.0,564.0,642.0,626.0,604.0,588.0,606.0,582.0,592.0,102.0,600.0,588.0
1483,GDN0010,Dummy,TiltLevel,16,586.0,1424.0,560.0,556.0,602.0,584.0,602.0,532.0,596.0,574.0,592.0,380.0,562.0,532.0
1484,GDN0010,Dummy,TiltLevel,17,572.0,1432.0,562.0,548.0,458.0,598.0,620.0,568.0,606.0,584.0,560.0,16.0,560.0,532.0
1485,GDN0010,Dummy,TiltLevel,18,630.0,1404.0,562.0,548.0,642.0,628.0,638.0,586.0,610.0,588.0,592.0,652.0,564.0,586.0
1486,GDN0010,Dummy,TiltLevel,19,610.0,1438.0,576.0,586.0,626.0,608.0,620.0,556.0,604.0,578.0,576.0,378.0,576.0,528.0
1487,GDN0010,Dummy,TiltLevel,20,610.0,1430.0,562.0,560.0,634.0,604.0,626.0,540.0,616.0,590.0,614.0,8.0,562.0,540.0
1488,GDN0010,Dummy,TiltLevel,21,606.0,1394.0,558.0,576.0,612.0,640.0,614.0,614.0,604.0,586.0,610.0,606.0,554.0,606.0
1489,GDN0010,Dummy,TiltLevel,22,570.0,1368.0,586.0,530.0,624.0,600.0,606.0,568.0,594.0,574.0,572.0,36.0,586.0,568.0
1490,GDN0010,Dummy,TiltLevel,23,594.0,1396.0,556.0,568.0,608.0,582.0,598.0,518.0,588.0,564.0,508.0,48.0,558.0,504.0
1491,GDN0010,Dummy,TiltLevel,24,596.0,1338.0,552.0,554.0,606.0,586.0,606.0,606.0,596.0,574.0,600.0,32.0,550.0,594.0
1492,GDN0010,Dummy,TiltLevel,25,520.0,1118.0,522.0,552.0,620.0,566.0,586.0,514.0,576.0,554.0,522.0,146.0,524.0,476.0
1493,GDN0010,Dummy,TiltLevel,26,502.0,1206.0,444.0,444.0,384.0,492.0,516.0,422.0,504.0,478.0,512.0,242.0,446.0,382.0
1494,GDN0010,Dummy,TiltLevel,27,544.0,1204.0,496.0,522.0,558.0,542.0,554.0,472.0,536.0,508.0,494.0,70.0,494.0,472.0
1495,GDN0010,Dummy,TiltLevel,28,502.0,1300.0,516.0,514.0,350.0,556.0,526.0,492.0,532.0,508.0,506.0,350.0,518.0,492.0
1496,GDN0010,Dummy,TiltLevel,29,482.0,1394.0,518.0,542.0,588.0,568.0,578.0,514.0,562.0,540.0,482.0,126.0,522.0,482.0
1497,GDN0010,Dummy,TiltLevel,30,582.0,1384.0,548.0,550.0,384.0,574.0,594.0,580.0,598.0,574.0,584.0,170.0,548.0,580.0
1498,GDN0010,Dummy,TiltLevel,31,594.0,1382.0,524.0,588.0,602.0,580.0,596.0,548.0,600.0,570.0,524.0,192.0,524.0,506.0
1499,GDN0010,Dummy,TiltLevel,32,552.0,1358.0,556.0,570.0,626.0,602.0,614.0,546.0,590.0,570.0,558.0,16.0,558.0,508.0
1500,GDN0010,Dummy,TiltLevel,33,542.0,1382.0,576.0,564.0,484.0,524.0,576.0,542.0,584.0,562.0,576.0,68.0,576.0,542.0
1501,GDN0010,Dummy,TiltLevel,34,570.0,1398.0,582.0,530.0,384.0,618.0,582.0,568.0,588.0,570.0,570.0,144.0,582.0,568.0
1502,GDN0010,Dummy,TiltLevel,35,600.0,1400.0,556.0,580.0,612.0,594.0,604.0,548.0,600.0,576.0,556.0,296.0,556.0,498.0
1503,GDN0010,Dummy,TiltLevel,36,556.0,1384.0,570.0,582.0,600.0,556.0,600.0,554.0,600.0,576.0,568.0,252.0,568.0,514.0
1504,GDN0010,Dummy,TiltLevel,37,582.0,1380.0,586.0,550.0,588.0,574.0,596.0,590.0,588.0,570.0,586.0,242.0,586.0,582.0
1505,GDN0010,Dummy,TiltLevel,38,588.0,1410.0,550.0,538.0,604.0,562.0,598.0,560.0,596.0,570.0,552.0,352.0,552.0,512.0
1506,GDN0010,Dummy,TiltLevel,39,578.0,1420.0,544.0,544.0,626.0,570.0,612.0,576.0,600.0,580.0,580.0,96.0,542.0,576.0
1507,GDN0010,Dummy,TiltLevel,40,588.0,1402.0,558.0,558.0,646.0,628.0,634.0,582.0,604.0,584.0,560.0,24.0,560.0,540.0
1508,GDN0010,Dummy,TiltLevel,41,598.0,1432.0,538.0,532.0,518.0,586.0,606.0,584.0,600.0,576.0,570.0,382.0,536.0,560.0
1509,GDN0010,Dummy,TiltUp,0,466.0,1032.0,400.0,426.0,536.0,522.0,500.0,698.0,474.0,448.0,404.0,282.0,404.0,464.0
1510,GDN0010,Dummy,TiltUp,3,342.0,994.0,352.0,312.0,140.0,340.0,300.0,300.0,314.0,266.0,368.0,142.0,368.0,290.0
1511,GDN0010,Dummy,TiltUp,4,456.0,1036.0,478.0,400.0,268.0,432.0,466.0,454.0,454.0,434.0,460.0,272.0,460.0,454.0
1512,GDN0010,Dummy,TiltUp,5,450.0,1084.0,370.0,416.0,276.0,540.0,480.0,448.0,478.0,448.0,364.0,72.0,364.0,448.0
1513,GDN0010,Dummy,TiltUp,6,496.0,1010.0,456.0,464.0,506.0,490.0,504.0,508.0,486.0,466.0,508.0,494.0,464.0,494.0
1514,GDN0010,Dummy,TiltUp,7,434.0,1034.0,390.0,456.0,366.0,538.0,448.0,434.0,476.0,438.0,438.0,106.0,388.0,434.0
1515,GDN0010,Dummy,TiltUp,8,462.0,1108.0,394.0,426.0,484.0,524.0,476.0,484.0,470.0,448.0,478.0,302.0,392.0,460.0
1516,GDN0010,Dummy,TiltUp,9,512.0,1134.0,528.0,446.0,516.0,500.0,516.0,228.0,506.0,474.0,516.0,546.0,528.0,512.0
1517,GDN0010,Dummy,TiltUp,10,508.0,1078.0,340.0,462.0,518.0,496.0,512.0,518.0,492.0,480.0,514.0,532.0,,506.0
1518,GDN0010,Dummy,TiltUp,12,490.0,1136.0,470.0,424.0,410.0,492.0,454.0,410.0,480.0,476.0,468.0,510.0,468.0,410.0
1519,GDN0010,Dummy,TiltUp,13,488.0,1154.0,490.0,442.0,358.0,484.0,530.0,462.0,508.0,484.0,496.0,282.0,494.0,426.0
1520,GDN0010,Dummy,TiltUp,14,512.0,1202.0,482.0,488.0,530.0,512.0,526.0,466.0,516.0,490.0,528.0,192.0,484.0,466.0
1521,GDN0010,Dummy,TiltUp,15,504.0,1204.0,468.0,466.0,512.0,550.0,516.0,504.0,530.0,506.0,508.0,288.0,468.0,504.0
1522,GDN0010,Dummy,TiltUp,16,524.0,1230.0,494.0,500.0,578.0,522.0,552.0,466.0,530.0,508.0,468.0,312.0,498.0,466.0
1523,GDN0010,Dummy,TiltUp,17,522.0,1238.0,454.0,536.0,522.0,618.0,562.0,524.0,548.0,516.0,522.0,318.0,454.0,520.0
1524,GDN0010,Dummy,TiltUp,18,554.0,1244.0,474.0,528.0,514.0,552.0,566.0,568.0,546.0,520.0,512.0,552.0,474.0,552.0
1525,GDN0010,Dummy,TiltUp,19,540.0,1240.0,498.0,512.0,554.0,620.0,556.0,442.0,552.0,522.0,548.0,320.0,496.0,408.0
1526,GDN0010,Dummy,TiltUp,20,550.0,1254.0,470.0,516.0,558.0,542.0,560.0,558.0,542.0,520.0,556.0,548.0,472.0,548.0
1527,GDN0010,Dummy,TiltUp,21,568.0,1172.0,486.0,498.0,488.0,564.0,576.0,534.0,550.0,524.0,534.0,320.0,452.0,528.0
1528,GDN0010,Dummy,TiltUp,22,520.0,1244.0,460.0,488.0,364.0,514.0,534.0,520.0,526.0,496.0,528.0,122.0,460.0,520.0
1529,GDN0010,Dummy,TiltUp,23,566.0,1318.0,486.0,512.0,576.0,560.0,568.0,490.0,550.0,522.0,496.0,320.0,502.0,454.0
1530,GDN0010,Dummy,TiltUp,24,580.0,1358.0,504.0,544.0,596.0,580.0,592.0,514.0,566.0,548.0,498.0,332.0,506.0,458.0
1531,GDN0010,Dummy,TiltUp,25,566.0,1300.0,540.0,538.0,370.0,564.0,596.0,510.0,586.0,562.0,574.0,364.0,536.0,492.0
1532,GDN0010,Dummy,TiltUp,26,556.0,1034.0,512.0,500.0,608.0,554.0,588.0,536.0,566.0,542.0,566.0,148.0,528.0,484.0
1533,GDN0010,Dummy,TiltUp,27,474.0,1110.0,490.0,426.0,476.0,522.0,476.0,478.0,478.0,448.0,490.0,500.0,490.0,528.0
1534,GDN0010,Dummy,TiltUp,28,546.0,1180.0,550.0,486.0,554.0,536.0,550.0,556.0,502.0,474.0,548.0,566.0,552.0,546.0
1535,GDN0010,Dummy,TiltUp,29,534.0,1532.0,436.0,474.0,424.0,532.0,548.0,532.0,532.0,496.0,550.0,126.0,434.0,504.0
1536,GDN0010,Dummy,TiltUp,30,626.0,1400.0,640.0,598.0,582.0,708.0,646.0,624.0,652.0,622.0,628.0,74.0,638.0,624.0
1537,GDN0010,Dummy,TiltUp,31,586.0,1444.0,544.0,558.0,594.0,664.0,596.0,596.0,606.0,576.0,588.0,0.0,542.0,586.0
1538,GDN0010,Dummy,TiltUp,32,552.0,1344.0,564.0,594.0,644.0,630.0,604.0,554.0,614.0,592.0,560.0,88.0,560.0,554.0
1539,GDN0010,Dummy,TiltUp,33,574.0,1142.0,484.0,552.0,588.0,572.0,588.0,498.0,580.0,556.0,578.0,162.0,490.0,446.0
1540,GDN0010,Dummy,TiltUp,34,526.0,1134.0,422.0,492.0,396.0,520.0,538.0,542.0,516.0,486.0,544.0,526.0,420.0,526.0
1541,GDN0010,Dummy,TiltUp,35,510.0,1178.0,446.0,454.0,298.0,550.0,522.0,452.0,510.0,482.0,516.0,296.0,446.0,396.0
1542,GDN0010,Dummy,TiltUp,36,490.0,1216.0,454.0,508.0,406.0,524.0,542.0,488.0,524.0,498.0,494.0,154.0,458.0,488.0
1543,GDN0010,Dummy,TiltUp,38,576.0,1438.0,612.0,608.0,510.0,652.0,606.0,574.0,628.0,606.0,610.0,202.0,610.0,574.0
1544,GDN0010,Dummy,TiltUp,39,598.0,1294.0,638.0,558.0,596.0,628.0,606.0,598.0,612.0,590.0,638.0,660.0,638.0,598.0
1545,GDN0010,Dummy,TiltUp,40,562.0,1360.0,518.0,516.0,570.0,552.0,570.0,572.0,562.0,538.0,568.0,338.0,518.0,560.0
1546,GDN0010,Dummy,TiltUp,41,558.0,1298.0,534.0,582.0,480.0,592.0,598.0,556.0,594.0,562.0,562.0,376.0,540.0,556.0
1547,GDN0010,Dummy,TiltUp,42,582.0,1352.0,474.0,560.0,598.0,638.0,590.0,540.0,574.0,538.0,594.0,392.0,472.0,540.0
1548,GDN0010,Dummy,TiltUp,43,594.0,1308.0,482.0,600.0,490.0,670.0,600.0,602.0,602.0,556.0,596.0,216.0,,592.0
1549,GDN0010,Dummy,TiltUp,44,588.0,738.0,480.0,574.0,426.0,646.0,596.0,584.0,582.0,542.0,602.0,424.0,,550.0
1550,GDN0010,Dummy,TiltUp,47,616.0,1342.0,510.0,506.0,622.0,604.0,618.0,622.0,574.0,550.0,622.0,634.0,510.0,614.0
1551,GDN0010,Dummy,TiltUp,48,612.0,1234.0,562.0,568.0,450.0,600.0,550.0,610.0,592.0,554.0,546.0,610.0,562.0,610.0
1552,GDN0010,Dummy,TiltUp,49,544.0,,584.0,472.0,574.0,504.0,552.0,544.0,534.0,518.0,584.0,590.0,584.0,542.0
1553,GDN0011,Dummy,HoldingBreath,0,350.0,712.0,360.0,324.0,192.0,350.0,364.0,390.0,358.0,336.0,366.0,230.0,378.0,230.0
1554,GDN0011,Dummy,HoldingBreath,1,374.0,726.0,402.0,370.0,382.0,330.0,378.0,384.0,376.0,334.0,392.0,352.0,392.0,350.0
1555,GDN0011,Dummy,HoldingBreath,2,370.0,694.0,380.0,328.0,254.0,362.0,384.0,368.0,358.0,340.0,308.0,368.0,394.0,368.0
1556,GDN0011,Dummy,HoldingBreath,3,356.0,688.0,368.0,318.0,248.0,346.0,370.0,354.0,358.0,328.0,324.0,246.0,324.0,354.0
1557,GDN0011,Dummy,HoldingBreath,4,356.0,718.0,288.0,298.0,176.0,422.0,366.0,226.0,358.0,326.0,374.0,226.0,288.0,224.0
1558,GDN0011,Dummy,HoldingBreath,5,348.0,800.0,318.0,298.0,226.0,346.0,372.0,230.0,364.0,338.0,316.0,230.0,316.0,230.0
1559,GDN0011,Dummy,HoldingBreath,6,338.0,794.0,352.0,310.0,256.0,392.0,402.0,256.0,382.0,366.0,352.0,254.0,352.0,254.0
1560,GDN0011,Dummy,HoldingBreath,7,400.0,820.0,438.0,344.0,414.0,364.0,408.0,398.0,400.0,362.0,402.0,450.0,438.0,398.0
1561,GDN0011,Dummy,HoldingBreath,9,390.0,788.0,336.0,342.0,396.0,440.0,398.0,396.0,384.0,358.0,328.0,388.0,328.0,388.0
1562,GDN0011,Dummy,HoldingBreath,10,364.0,836.0,390.0,318.0,372.0,422.0,378.0,364.0,386.0,362.0,374.0,258.0,390.0,364.0
1563,GDN0011,Dummy,HoldingBreath,11,358.0,828.0,370.0,376.0,268.0,436.0,396.0,356.0,402.0,378.0,366.0,266.0,384.0,356.0
1564,GDN0011,Dummy,HoldingBreath,12,402.0,868.0,332.0,334.0,404.0,390.0,410.0,402.0,400.0,376.0,322.0,268.0,322.0,402.0
1565,GDN0011,Dummy,HoldingBreath,13,406.0,808.0,438.0,330.0,406.0,392.0,412.0,406.0,400.0,388.0,446.0,404.0,446.0,404.0
1566,GDN0011,Dummy,HoldingBreath,14,380.0,834.0,362.0,344.0,232.0,374.0,396.0,270.0,398.0,368.0,348.0,270.0,348.0,270.0
1567,GDN0011,Dummy,HoldingBreath,15,384.0,810.0,348.0,346.0,284.0,420.0,396.0,382.0,398.0,378.0,394.0,278.0,396.0,382.0
1568,GDN0011,Dummy,HoldingBreath,16,390.0,846.0,326.0,346.0,272.0,378.0,406.0,388.0,396.0,370.0,308.0,228.0,308.0,388.0
1569,GDN0011,Dummy,HoldingBreath,17,382.0,824.0,382.0,362.0,396.0,464.0,398.0,338.0,408.0,382.0,398.0,268.0,398.0,266.0
1570,GDN0011,Dummy,HoldingBreath,18,390.0,832.0,364.0,352.0,404.0,384.0,404.0,390.0,398.0,374.0,414.0,260.0,356.0,390.0
1571,GDN0011,Dummy,HoldingBreath,19,376.0,770.0,404.0,348.0,428.0,372.0,410.0,372.0,400.0,378.0,388.0,264.0,412.0,328.0
1572,GDN0011,Dummy,HoldingBreath,20,354.0,598.0,328.0,316.0,252.0,350.0,396.0,254.0,382.0,356.0,318.0,246.0,318.0,246.0
1573,GDN0011,Dummy,HoldingBreath,22,490.0,754.0,506.0,458.0,502.0,480.0,502.0,502.0,504.0,488.0,492.0,22.0,506.0,488.0
1574,GDN0011,Dummy,HoldingBreath,23,372.0,778.0,380.0,312.0,224.0,364.0,394.0,236.0,376.0,350.0,366.0,236.0,366.0,236.0
1575,GDN0011,Dummy,HoldingBreath,25,368.0,770.0,310.0,312.0,382.0,418.0,378.0,366.0,366.0,340.0,382.0,0.0,298.0,366.0
1576,GDN0011,Dummy,HoldingBreath,26,382.0,716.0,354.0,356.0,342.0,382.0,344.0,342.0,376.0,356.0,340.0,270.0,358.0,334.0
1577,GDN0011,Dummy,HoldingBreath,27,332.0,676.0,300.0,300.0,234.0,362.0,380.0,360.0,364.0,336.0,298.0,236.0,298.0,332.0
1578,GDN0011,Dummy,HoldingBreath,28,314.0,676.0,356.0,272.0,318.0,344.0,350.0,314.0,342.0,322.0,322.0,230.0,356.0,314.0
1579,GDN0011,Dummy,HoldingBreath,29,352.0,906.0,348.0,282.0,222.0,350.0,362.0,230.0,348.0,322.0,348.0,230.0,348.0,228.0
1580,GDN0011,Dummy,HoldingBreath,30,406.0,934.0,428.0,410.0,408.0,382.0,418.0,404.0,428.0,404.0,412.0,254.0,430.0,404.0
1581,GDN0011,Dummy,HoldingBreath,31,422.0,876.0,448.0,378.0,366.0,402.0,442.0,452.0,440.0,412.0,428.0,286.0,446.0,420.0
1582,GDN0011,Dummy,HoldingBreath,32,406.0,820.0,394.0,384.0,368.0,406.0,420.0,404.0,418.0,392.0,418.0,266.0,404.0,368.0
1583,GDN0011,Dummy,HoldingBreath,33,386.0,772.0,372.0,364.0,400.0,384.0,400.0,316.0,400.0,372.0,402.0,256.0,370.0,256.0
1584,GDN0011,Dummy,HoldingBreath,34,378.0,750.0,340.0,326.0,252.0,368.0,406.0,254.0,382.0,356.0,334.0,254.0,334.0,252.0
1585,GDN0011,Dummy,HoldingBreath,35,364.0,700.0,356.0,300.0,240.0,362.0,380.0,276.0,368.0,348.0,380.0,242.0,380.0,240.0
1586,GDN0011,Dummy,HoldingBreath,36,362.0,764.0,322.0,324.0,368.0,354.0,370.0,368.0,360.0,330.0,308.0,230.0,308.0,362.0
1587,GDN0011,Dummy,HoldingBreath,37,352.0,780.0,364.0,370.0,366.0,404.0,366.0,366.0,384.0,354.0,364.0,252.0,372.0,352.0
1588,GDN0011,Dummy,HoldingBreath,38,374.0,774.0,344.0,316.0,388.0,426.0,384.0,254.0,382.0,358.0,350.0,254.0,350.0,252.0
1589,GDN0011,Dummy,HoldingBreath,39,364.0,666.0,340.0,334.0,240.0,420.0,378.0,280.0,376.0,356.0,330.0,238.0,330.0,238.0
1590,GDN0011,Dummy,HoldingBreath,40,334.0,642.0,362.0,304.0,346.0,392.0,344.0,346.0,346.0,320.0,340.0,368.0,368.0,332.0
1591,GDN0011,Dummy,HoldingBreath,41,306.0,658.0,332.0,268.0,314.0,350.0,318.0,314.0,326.0,310.0,310.0,42.0,326.0,304.0
1592,GDN0011,Dummy,HoldingBreath,42,330.0,830.0,354.0,266.0,342.0,366.0,344.0,342.0,332.0,316.0,342.0,330.0,356.0,330.0
1593,GDN0011,Dummy,HoldingBreath,43,368.0,874.0,408.0,318.0,404.0,348.0,394.0,366.0,392.0,376.0,382.0,426.0,408.0,366.0
1594,GDN0011,Dummy,HoldingBreath,44,406.0,902.0,426.0,348.0,416.0,398.0,412.0,416.0,408.0,392.0,408.0,438.0,424.0,406.0
1595,GDN0011,Dummy,HoldingBreath,45,404.0,918.0,426.0,358.0,420.0,490.0,416.0,334.0,426.0,402.0,412.0,300.0,426.0,298.0
1596,GDN0011,Dummy,HoldingBreath,46,436.0,958.0,428.0,356.0,450.0,426.0,442.0,324.0,420.0,406.0,428.0,324.0,428.0,322.0
1597,GDN0011,Dummy,HoldingBreath,47,442.0,950.0,450.0,378.0,454.0,502.0,450.0,456.0,446.0,422.0,448.0,470.0,450.0,440.0
1598,GDN0011,Dummy,HoldingBreath,48,428.0,946.0,444.0,368.0,434.0,420.0,440.0,426.0,438.0,418.0,436.0,334.0,444.0,426.0
1599,GDN0011,Dummy,HoldingBreath,49,444.0,920.0,458.0,400.0,458.0,506.0,454.0,460.0,442.0,418.0,452.0,476.0,458.0,442.0
1600,GDN0011,Dummy,HoldingBreath,50,436.0,882.0,456.0,358.0,458.0,426.0,448.0,434.0,428.0,408.0,444.0,434.0,456.0,434.0
1601,GDN0011,Dummy,HoldingBreath,51,420.0,892.0,440.0,354.0,436.0,388.0,432.0,438.0,412.0,394.0,432.0,420.0,440.0,420.0
1602,GDN0011,Dummy,HoldingBreath,52,428.0,914.0,444.0,348.0,434.0,418.0,432.0,436.0,418.0,398.0,430.0,458.0,444.0,428.0
1603,GDN0011,Dummy,HoldingBreath,53,432.0,910.0,452.0,368.0,448.0,416.0,440.0,448.0,432.0,406.0,436.0,468.0,452.0,430.0
1604,GDN0011,Dummy,HoldingBreath,54,430.0,946.0,446.0,366.0,434.0,420.0,436.0,436.0,430.0,404.0,434.0,320.0,446.0,430.0
1605,GDN0011,Dummy,HoldingBreath,55,446.0,974.0,460.0,398.0,452.0,432.0,450.0,452.0,442.0,418.0,448.0,474.0,462.0,444.0
1606,GDN0011,Dummy,HoldingBreath,56,420.0,956.0,468.0,382.0,480.0,412.0,466.0,418.0,442.0,426.0,468.0,488.0,468.0,418.0
1607,GDN0011,Dummy,HoldingBreath,57,450.0,948.0,466.0,412.0,456.0,438.0,454.0,456.0,444.0,420.0,450.0,482.0,466.0,448.0
1608,GDN0011,Dummy,HoldingBreath,58,446.0,964.0,460.0,374.0,458.0,410.0,452.0,424.0,442.0,418.0,448.0,350.0,460.0,424.0
1609,GDN0011,Dummy,HoldingBreath,59,458.0,974.0,470.0,428.0,466.0,450.0,464.0,466.0,448.0,424.0,462.0,456.0,470.0,456.0
1610,GDN0011,Dummy,HoldingBreath,60,450.0,952.0,470.0,388.0,462.0,438.0,460.0,462.0,448.0,426.0,456.0,334.0,470.0,448.0
1611,GDN0011,Dummy,HoldingBreath,61,452.0,1004.0,468.0,384.0,464.0,446.0,460.0,466.0,442.0,420.0,458.0,484.0,468.0,450.0
1612,GDN0011,Dummy,HoldingBreath,62,458.0,1028.0,478.0,418.0,468.0,448.0,468.0,468.0,464.0,438.0,462.0,346.0,478.0,456.0
1613,GDN0011,Dummy,HoldingBreath,63,476.0,1020.0,492.0,408.0,492.0,470.0,488.0,494.0,470.0,446.0,486.0,512.0,490.0,474.0
1614,GDN0011,Dummy,HoldingBreath,64,466.0,744.0,486.0,414.0,480.0,458.0,478.0,480.0,474.0,444.0,474.0,366.0,488.0,466.0
1615,GDN0011,Dummy,HoldingBreath,66,528.0,942.0,548.0,494.0,538.0,520.0,540.0,538.0,534.0,518.0,532.0,572.0,546.0,526.0
1616,GDN0011,Dummy,HoldingBreath,67,446.0,982.0,466.0,376.0,452.0,436.0,454.0,454.0,442.0,416.0,448.0,312.0,468.0,444.0
1617,GDN0011,Dummy,HoldingBreath,68,454.0,948.0,474.0,394.0,332.0,444.0,466.0,462.0,456.0,430.0,460.0,332.0,472.0,454.0
1618,GDN0011,Dummy,HoldingBreath,69,434.0,,470.0,382.0,466.0,414.0,456.0,434.0,446.0,418.0,448.0,334.0,470.0,434.0
1619,GDN0011,Dummy,Pause,0,462.0,1044.0,466.0,442.0,300.0,458.0,482.0,486.0,476.0,452.0,468.0,92.0,476.0,460.0
1620,GDN0011,Dummy,Pause,1,466.0,1068.0,386.0,428.0,374.0,490.0,498.0,464.0,480.0,452.0,372.0,76.0,380.0,464.0
1621,GDN0011,Dummy,Pause,2,474.0,1116.0,484.0,426.0,494.0,546.0,490.0,426.0,488.0,460.0,484.0,86.0,490.0,378.0
1622,GDN0011,Dummy,Pause,3,464.0,1070.0,414.0,426.0,346.0,520.0,502.0,482.0,496.0,476.0,470.0,56.0,,462.0
1623,GDN0011,Dummy,Pause,4,476.0,1068.0,484.0,456.0,494.0,474.0,490.0,472.0,480.0,460.0,482.0,514.0,482.0,434.0
1624,GDN0011,Dummy,Pause,5,480.0,1122.0,488.0,414.0,486.0,468.0,486.0,486.0,482.0,460.0,482.0,330.0,490.0,478.0
1625,GDN0011,Dummy,Pause,6,478.0,1112.0,496.0,488.0,478.0,464.0,492.0,478.0,504.0,478.0,480.0,46.0,490.0,476.0
1626,GDN0011,Dummy,Pause,7,504.0,996.0,520.0,438.0,516.0,496.0,514.0,518.0,496.0,476.0,506.0,540.0,524.0,504.0
1627,GDN0011,Dummy,Pause,8,468.0,1108.0,402.0,410.0,472.0,456.0,480.0,466.0,462.0,434.0,396.0,318.0,396.0,466.0
1628,GDN0011,Dummy,Pause,9,486.0,1108.0,502.0,446.0,494.0,474.0,498.0,494.0,498.0,474.0,490.0,110.0,502.0,486.0
1629,GDN0011,Dummy,Pause,10,500.0,996.0,482.0,480.0,516.0,498.0,512.0,496.0,498.0,474.0,506.0,136.0,490.0,466.0
1630,GDN0011,Dummy,Pause,11,458.0,1070.0,378.0,418.0,366.0,446.0,470.0,456.0,464.0,434.0,468.0,126.0,374.0,456.0
1631,GDN0011,Dummy,Pause,12,464.0,1074.0,478.0,428.0,468.0,494.0,476.0,468.0,482.0,460.0,466.0,122.0,482.0,462.0
1632,GDN0011,Dummy,Pause,13,494.0,992.0,452.0,460.0,508.0,482.0,498.0,444.0,482.0,462.0,450.0,130.0,448.0,444.0
1633,GDN0011,Dummy,Pause,14,440.0,1010.0,408.0,404.0,464.0,494.0,462.0,382.0,454.0,434.0,458.0,158.0,402.0,382.0
1634,GDN0011,Dummy,Pause,15,448.0,1076.0,444.0,406.0,302.0,524.0,470.0,414.0,468.0,440.0,462.0,154.0,464.0,358.0
1635,GDN0011,Dummy,Pause,16,486.0,1032.0,424.0,434.0,506.0,486.0,502.0,408.0,490.0,462.0,496.0,110.0,392.0,366.0
1636,GDN0011,Dummy,Pause,17,458.0,1052.0,482.0,424.0,482.0,458.0,478.0,422.0,472.0,448.0,468.0,508.0,482.0,386.0
1637,GDN0011,Dummy,Pause,18,462.0,1106.0,484.0,420.0,408.0,448.0,480.0,462.0,482.0,454.0,466.0,118.0,486.0,462.0
1638,GDN0011,Dummy,Pause,19,480.0,684.0,442.0,444.0,518.0,498.0,512.0,478.0,498.0,474.0,508.0,122.0,406.0,478.0
1639,GDN0011,Dummy,Pause,20,358.0,1412.0,416.0,364.0,418.0,322.0,376.0,358.0,368.0,322.0,420.0,358.0,420.0,358.0
1640,GDN0011,Dummy,Pause,21,596.0,1086.0,604.0,578.0,616.0,596.0,610.0,596.0,600.0,580.0,562.0,634.0,596.0,560.0
1641,GDN0011,Dummy,Pause,22,482.0,964.0,440.0,438.0,344.0,532.0,496.0,418.0,488.0,466.0,492.0,108.0,434.0,418.0
1642,GDN0011,Dummy,Pause,23,448.0,844.0,462.0,420.0,458.0,440.0,458.0,460.0,448.0,424.0,450.0,188.0,468.0,446.0
1643,GDN0011,Dummy,Pause,24,410.0,840.0,340.0,350.0,406.0,392.0,418.0,408.0,412.0,382.0,330.0,256.0,330.0,408.0
1644,GDN0011,Dummy,Pause,25,438.0,1070.0,372.0,344.0,454.0,438.0,448.0,270.0,408.0,380.0,406.0,270.0,406.0,268.0
1645,GDN0011,Dummy,Pause,26,446.0,1086.0,458.0,466.0,512.0,494.0,476.0,446.0,484.0,460.0,456.0,104.0,416.0,392.0
1646,GDN0011,Dummy,Pause,27,460.0,1034.0,486.0,442.0,426.0,460.0,498.0,458.0,488.0,466.0,462.0,526.0,486.0,428.0
1647,GDN0011,Dummy,Pause,28,456.0,1130.0,474.0,402.0,510.0,444.0,476.0,454.0,470.0,448.0,462.0,134.0,480.0,454.0
1648,GDN0011,Dummy,Pause,29,474.0,1030.0,380.0,484.0,548.0,458.0,510.0,474.0,504.0,482.0,478.0,96.0,,474.0
1649,GDN0011,Dummy,Pause,30,456.0,986.0,436.0,434.0,486.0,456.0,476.0,454.0,472.0,446.0,468.0,148.0,432.0,414.0
1650,GDN0011,Dummy,Pause,31,398.0,1090.0,444.0,446.0,248.0,432.0,464.0,432.0,460.0,432.0,402.0,142.0,452.0,396.0
1651,GDN0011,Dummy,Pause,32,490.0,986.0,466.0,468.0,508.0,490.0,504.0,488.0,492.0,468.0,498.0,52.0,452.0,448.0
1652,GDN0011,Dummy,Pause,33,452.0,860.0,472.0,424.0,486.0,446.0,464.0,450.0,450.0,432.0,454.0,496.0,478.0,450.0
1653,GDN0011,Dummy,Pause,34,426.0,874.0,352.0,356.0,434.0,476.0,434.0,434.0,416.0,386.0,438.0,258.0,344.0,424.0
1654,GDN0011,Dummy,Pause,35,428.0,962.0,388.0,362.0,344.0,420.0,438.0,428.0,422.0,392.0,338.0,260.0,394.0,428.0
1655,GDN0011,Dummy,Pause,36,444.0,896.0,424.0,420.0,476.0,442.0,464.0,370.0,446.0,422.0,456.0,196.0,422.0,324.0
1656,GDN0011,Dummy,Pause,37,396.0,1082.0,418.0,418.0,448.0,496.0,438.0,396.0,430.0,400.0,406.0,198.0,414.0,396.0
1657,GDN0011,Dummy,Pause,38,452.0,1152.0,490.0,470.0,514.0,436.0,496.0,450.0,488.0,464.0,456.0,102.0,494.0,450.0
1658,GDN0011,Dummy,Pause,39,492.0,978.0,514.0,450.0,428.0,470.0,526.0,492.0,516.0,490.0,496.0,62.0,518.0,492.0
1659,GDN0011,Dummy,Pause,40,458.0,1060.0,368.0,408.0,464.0,444.0,468.0,466.0,456.0,428.0,466.0,148.0,356.0,458.0
1660,GDN0011,Dummy,Pause,41,484.0,1098.0,492.0,452.0,490.0,520.0,490.0,492.0,484.0,458.0,486.0,114.0,490.0,482.0
1661,GDN0011,Dummy,Pause,42,498.0,928.0,510.0,428.0,506.0,488.0,506.0,506.0,494.0,470.0,514.0,536.0,514.0,496.0
1662,GDN0011,Dummy,Pause,43,430.0,1122.0,346.0,380.0,272.0,410.0,456.0,428.0,436.0,410.0,342.0,150.0,342.0,428.0
1663,GDN0011,Dummy,Pause,44,466.0,1072.0,500.0,486.0,374.0,454.0,502.0,466.0,504.0,478.0,472.0,68.0,496.0,466.0
1664,GDN0011,Dummy,Pause,45,482.0,888.0,498.0,448.0,492.0,474.0,494.0,494.0,484.0,462.0,482.0,530.0,504.0,480.0
1665,GDN0011,Dummy,Pause,46,422.0,1090.0,358.0,372.0,436.0,486.0,432.0,422.0,430.0,394.0,432.0,242.0,350.0,422.0
1666,GDN0011,Dummy,Pause,47,464.0,1110.0,492.0,478.0,342.0,456.0,488.0,462.0,494.0,468.0,470.0,86.0,492.0,462.0
1667,GDN0011,Dummy,Pause,48,472.0,898.0,494.0,432.0,420.0,504.0,486.0,472.0,496.0,474.0,496.0,114.0,496.0,470.0
1668,GDN0011,Dummy,Pause,49,414.0,1116.0,392.0,386.0,272.0,506.0,440.0,366.0,434.0,398.0,440.0,214.0,382.0,314.0
1669,GDN0011,Dummy,Pause,50,486.0,1104.0,500.0,458.0,506.0,536.0,504.0,484.0,504.0,476.0,494.0,84.0,504.0,436.0
1670,GDN0011,Dummy,Pause,51,496.0,982.0,382.0,476.0,514.0,496.0,510.0,494.0,496.0,472.0,504.0,86.0,,462.0
1671,GDN0011,Dummy,Pause,52,448.0,944.0,458.0,388.0,464.0,446.0,464.0,408.0,454.0,430.0,454.0,200.0,462.0,364.0
1672,GDN0011,Dummy,Pause,53,434.0,1186.0,400.0,402.0,482.0,432.0,472.0,434.0,442.0,416.0,336.0,280.0,400.0,434.0
1673,GDN0011,Dummy,Pause,54,518.0,1058.0,532.0,482.0,522.0,556.0,524.0,524.0,524.0,502.0,518.0,26.0,530.0,516.0
1674,GDN0011,Dummy,Pause,55,456.0,930.0,498.0,420.0,506.0,444.0,494.0,456.0,480.0,456.0,458.0,524.0,504.0,456.0
1675,GDN0011,Dummy,Pause,56,446.0,,380.0,386.0,452.0,492.0,452.0,454.0,440.0,412.0,452.0,240.0,378.0,444.0
1676,GDN0011,Dummy,TiltLevel,0,392.0,856.0,414.0,372.0,412.0,392.0,410.0,200.0,406.0,386.0,406.0,438.0,414.0,236.0
1677,GDN0011,Dummy,TiltLevel,1,406.0,896.0,390.0,376.0,424.0,404.0,418.0,318.0,402.0,386.0,396.0,280.0,396.0,278.0
1678,GDN0011,Dummy,TiltLevel,2,414.0,1026.0,394.0,348.0,328.0,412.0,426.0,410.0,418.0,400.0,324.0,266.0,392.0,370.0
1679,GDN0011,Dummy,TiltLevel,3,448.0,946.0,460.0,400.0,462.0,444.0,464.0,448.0,462.0,446.0,452.0,206.0,466.0,448.0
1680,GDN0011,Dummy,TiltLevel,5,482.0,1116.0,496.0,456.0,492.0,476.0,492.0,494.0,486.0,468.0,488.0,128.0,498.0,482.0
1681,GDN0011,Dummy,TiltLevel,6,474.0,958.0,498.0,418.0,524.0,440.0,508.0,472.0,492.0,476.0,474.0,534.0,506.0,472.0
1682,GDN0011,Dummy,TiltLevel,7,448.0,1072.0,368.0,412.0,454.0,438.0,456.0,454.0,440.0,422.0,342.0,446.0,356.0,446.0
1683,GDN0011,Dummy,TiltLevel,8,470.0,1012.0,482.0,462.0,490.0,406.0,484.0,424.0,482.0,462.0,474.0,66.0,486.0,424.0
1684,GDN0011,Dummy,TiltLevel,9,454.0,884.0,438.0,428.0,466.0,450.0,466.0,468.0,458.0,440.0,460.0,174.0,436.0,454.0
1685,GDN0011,Dummy,TiltLevel,10,386.0,858.0,412.0,354.0,342.0,380.0,420.0,386.0,416.0,396.0,422.0,446.0,410.0,386.0
1686,GDN0011,Dummy,TiltLevel,11,378.0,1032.0,396.0,396.0,290.0,428.0,400.0,328.0,412.0,386.0,390.0,282.0,402.0,282.0
1687,GDN0011,Dummy,TiltLevel,12,434.0,1088.0,450.0,444.0,356.0,420.0,464.0,434.0,466.0,448.0,440.0,76.0,376.0,434.0
1688,GDN0011,Dummy,TiltLevel,13,454.0,996.0,504.0,414.0,492.0,436.0,486.0,454.0,484.0,466.0,506.0,526.0,506.0,452.0
1689,GDN0011,Dummy,TiltLevel,14,438.0,1158.0,456.0,416.0,344.0,516.0,454.0,436.0,456.0,434.0,446.0,340.0,462.0,436.0
1690,GDN0011,Dummy,TiltLevel,15,504.0,1040.0,510.0,440.0,516.0,544.0,514.0,516.0,510.0,492.0,508.0,42.0,,502.0
1691,GDN0011,Dummy,TiltLevel,16,462.0,984.0,488.0,408.0,478.0,454.0,474.0,454.0,470.0,450.0,490.0,508.0,490.0,438.0
1692,GDN0011,Dummy,TiltLevel,17,430.0,724.0,454.0,404.0,284.0,426.0,452.0,384.0,454.0,430.0,444.0,286.0,456.0,338.0
1693,GDN0011,Dummy,TiltLevel,18,356.0,1358.0,404.0,380.0,362.0,404.0,368.0,362.0,388.0,334.0,400.0,0.0,400.0,354.0
1694,GDN0011,Dummy,TiltLevel,19,566.0,990.0,592.0,524.0,574.0,550.0,576.0,576.0,578.0,562.0,592.0,614.0,592.0,564.0
1695,GDN0011,Dummy,TiltLevel,20,426.0,1032.0,450.0,410.0,476.0,426.0,458.0,364.0,448.0,432.0,436.0,488.0,458.0,288.0
1696,GDN0011,Dummy,TiltLevel,21,430.0,1010.0,454.0,442.0,504.0,416.0,456.0,428.0,466.0,448.0,432.0,146.0,446.0,428.0
1697,GDN0011,Dummy,TiltLevel,22,432.0,966.0,478.0,438.0,468.0,414.0,462.0,430.0,460.0,440.0,430.0,500.0,480.0,430.0
1698,GDN0011,Dummy,TiltLevel,23,446.0,1070.0,436.0,370.0,464.0,446.0,456.0,406.0,442.0,424.0,408.0,316.0,438.0,406.0
1699,GDN0011,Dummy,TiltLevel,24,476.0,1062.0,460.0,456.0,494.0,476.0,490.0,474.0,486.0,460.0,436.0,70.0,450.0,432.0
1700,GDN0011,Dummy,TiltLevel,25,464.0,1014.0,496.0,424.0,464.0,448.0,474.0,464.0,476.0,458.0,498.0,518.0,498.0,462.0
1701,GDN0011,Dummy,TiltLevel,26,438.0,1146.0,454.0,398.0,290.0,466.0,454.0,436.0,458.0,440.0,440.0,332.0,456.0,436.0
1702,GDN0011,Dummy,TiltLevel,27,496.0,1104.0,506.0,454.0,506.0,484.0,506.0,506.0,508.0,488.0,500.0,74.0,,496.0
1703,GDN0011,Dummy,TiltLevel,28,500.0,1048.0,514.0,414.0,510.0,490.0,502.0,488.0,488.0,472.0,516.0,530.0,516.0,464.0
1704,GDN0011,Dummy,TiltLevel,29,460.0,1128.0,476.0,430.0,468.0,450.0,468.0,468.0,472.0,452.0,462.0,308.0,478.0,458.0
1705,GDN0011,Dummy,TiltLevel,30,470.0,1040.0,482.0,454.0,524.0,508.0,514.0,468.0,500.0,480.0,478.0,42.0,454.0,442.0
1706,GDN0011,Dummy,TiltLevel,31,454.0,962.0,488.0,420.0,496.0,442.0,474.0,454.0,468.0,450.0,492.0,512.0,492.0,452.0
1707,GDN0011,Dummy,TiltLevel,32,438.0,1022.0,424.0,412.0,450.0,436.0,448.0,434.0,438.0,422.0,404.0,310.0,422.0,400.0
1708,GDN0011,Dummy,TiltLevel,33,436.0,1014.0,458.0,410.0,398.0,432.0,464.0,432.0,464.0,444.0,446.0,164.0,450.0,394.0
1709,GDN0011,Dummy,TiltLevel,34,444.0,892.0,468.0,384.0,294.0,442.0,464.0,442.0,456.0,440.0,450.0,500.0,476.0,418.0
1710,GDN0011,Dummy,TiltLevel,35,420.0,984.0,354.0,358.0,430.0,412.0,432.0,432.0,416.0,398.0,326.0,418.0,344.0,418.0
1711,GDN0011,Dummy,TiltLevel,36,440.0,1074.0,452.0,390.0,450.0,432.0,452.0,438.0,450.0,430.0,444.0,150.0,458.0,438.0
1712,GDN0011,Dummy,TiltLevel,37,440.0,1036.0,458.0,458.0,500.0,476.0,492.0,476.0,480.0,462.0,444.0,512.0,396.0,438.0
1713,GDN0011,Dummy,TiltLevel,38,468.0,974.0,490.0,392.0,484.0,454.0,476.0,486.0,464.0,448.0,492.0,506.0,492.0,466.0
1714,GDN0011,Dummy,TiltLevel,39,436.0,1086.0,444.0,376.0,326.0,402.0,446.0,410.0,444.0,426.0,436.0,326.0,444.0,410.0
1715,GDN0011,Dummy,TiltLevel,40,472.0,1058.0,458.0,452.0,438.0,470.0,486.0,468.0,488.0,466.0,476.0,84.0,444.0,438.0
1716,GDN0011,Dummy,TiltLevel,41,482.0,976.0,494.0,400.0,492.0,468.0,482.0,442.0,472.0,456.0,496.0,514.0,496.0,440.0
1717,GDN0011,Dummy,TiltLevel,42,426.0,1094.0,450.0,388.0,490.0,474.0,444.0,426.0,446.0,428.0,430.0,314.0,452.0,426.0
1718,GDN0011,Dummy,TiltLevel,43,476.0,1040.0,480.0,442.0,486.0,466.0,486.0,488.0,486.0,468.0,480.0,78.0,388.0,474.0
1719,GDN0011,Dummy,TiltLevel,44,472.0,950.0,490.0,396.0,482.0,458.0,476.0,456.0,468.0,450.0,492.0,512.0,492.0,436.0
1720,GDN0011,Dummy,TiltLevel,45,392.0,744.0,428.0,416.0,418.0,440.0,424.0,390.0,438.0,418.0,402.0,314.0,424.0,390.0
1721,GDN0011,Dummy,TiltLevel,46,352.0,1374.0,410.0,394.0,350.0,466.0,388.0,352.0,394.0,340.0,408.0,352.0,408.0,350.0
1722,GDN0011,Dummy,TiltLevel,47,568.0,910.0,604.0,512.0,608.0,544.0,584.0,566.0,580.0,566.0,606.0,622.0,606.0,566.0
1723,GDN0011,Dummy,TiltLevel,48,418.0,1006.0,390.0,394.0,382.0,452.0,434.0,382.0,426.0,404.0,388.0,306.0,388.0,372.0
1724,GDN0011,Dummy,TiltLevel,49,460.0,1028.0,440.0,428.0,462.0,492.0,460.0,444.0,454.0,438.0,416.0,170.0,426.0,410.0
1725,GDN0011,Dummy,TiltLevel,50,442.0,894.0,476.0,394.0,286.0,426.0,468.0,440.0,464.0,446.0,484.0,508.0,484.0,440.0
1726,GDN0011,Dummy,TiltLevel,51,416.0,1200.0,362.0,356.0,456.0,410.0,446.0,416.0,414.0,398.0,330.0,416.0,356.0,416.0
1727,GDN0011,Dummy,TiltLevel,52,502.0,1138.0,526.0,474.0,550.0,490.0,520.0,502.0,520.0,506.0,504.0,558.0,520.0,502.0
1728,GDN0011,Dummy,TiltLevel,53,488.0,1044.0,520.0,468.0,454.0,484.0,506.0,488.0,504.0,484.0,490.0,548.0,524.0,488.0
1729,GDN0011,Dummy,TiltLevel,54,446.0,1152.0,424.0,408.0,504.0,490.0,466.0,364.0,476.0,452.0,458.0,364.0,418.0,362.0
1730,GDN0011,Dummy,TiltLevel,55,512.0,1088.0,496.0,488.0,334.0,502.0,518.0,500.0,510.0,490.0,508.0,542.0,486.0,470.0
1731,GDN0011,Dummy,TiltLevel,56,474.0,1014.0,506.0,428.0,414.0,456.0,494.0,472.0,486.0,466.0,474.0,526.0,506.0,472.0
1732,GDN0011,Dummy,TiltUp,0,346.0,680.0,374.0,296.0,380.0,428.0,366.0,340.0,356.0,324.0,356.0,252.0,374.0,344.0
1733,GDN0011,Dummy,TiltUp,1,354.0,692.0,370.0,312.0,254.0,438.0,360.0,362.0,364.0,322.0,358.0,254.0,374.0,442.0
1734,GDN0011,Dummy,TiltUp,2,366.0,694.0,376.0,290.0,374.0,352.0,372.0,376.0,354.0,328.0,368.0,364.0,282.0,364.0
1735,GDN0011,Dummy,TiltUp,3,368.0,666.0,388.0,294.0,374.0,354.0,372.0,374.0,356.0,328.0,392.0,366.0,392.0,366.0
1736,GDN0011,Dummy,TiltUp,4,350.0,678.0,374.0,288.0,376.0,320.0,368.0,348.0,350.0,320.0,360.0,96.0,248.0,348.0
1737,GDN0011,Dummy,TiltUp,5,368.0,686.0,376.0,338.0,374.0,360.0,372.0,376.0,354.0,324.0,370.0,366.0,380.0,366.0
1738,GDN0011,Dummy,TiltUp,6,370.0,702.0,294.0,340.0,204.0,434.0,378.0,388.0,362.0,324.0,380.0,202.0,290.0,368.0
1739,GDN0011,Dummy,TiltUp,7,366.0,684.0,382.0,302.0,374.0,334.0,372.0,376.0,362.0,332.0,366.0,62.0,384.0,364.0
1740,GDN0011,Dummy,TiltUp,8,352.0,674.0,374.0,300.0,350.0,334.0,376.0,352.0,356.0,326.0,358.0,100.0,372.0,352.0
1741,GDN0011,Dummy,TiltUp,9,354.0,686.0,374.0,290.0,356.0,336.0,362.0,358.0,350.0,322.0,356.0,184.0,374.0,352.0
1742,GDN0011,Dummy,TiltUp,10,372.0,702.0,380.0,318.0,378.0,436.0,376.0,378.0,364.0,324.0,374.0,98.0,384.0,370.0
1743,GDN0011,Dummy,TiltUp,11,356.0,704.0,376.0,288.0,358.0,342.0,364.0,358.0,356.0,332.0,358.0,120.0,368.0,356.0
1744,GDN0011,Dummy,TiltUp,12,376.0,680.0,394.0,304.0,388.0,428.0,382.0,388.0,364.0,332.0,376.0,404.0,400.0,374.0
1745,GDN0011,Dummy,TiltUp,13,368.0,680.0,378.0,340.0,380.0,364.0,378.0,382.0,354.0,324.0,374.0,366.0,262.0,366.0
1746,GDN0011,Dummy,TiltUp,14,348.0,684.0,368.0,304.0,346.0,426.0,354.0,346.0,354.0,324.0,350.0,168.0,374.0,346.0
1747,GDN0011,Dummy,TiltUp,15,356.0,702.0,374.0,314.0,358.0,402.0,364.0,360.0,352.0,326.0,360.0,108.0,374.0,356.0
1748,GDN0011,Dummy,TiltUp,16,362.0,698.0,380.0,296.0,376.0,330.0,374.0,378.0,360.0,332.0,366.0,76.0,370.0,362.0
1749,GDN0011,Dummy,TiltUp,17,372.0,664.0,394.0,336.0,376.0,360.0,376.0,378.0,360.0,330.0,398.0,370.0,398.0,370.0
1750,GDN0011,Dummy,TiltUp,18,362.0,662.0,376.0,336.0,374.0,356.0,368.0,376.0,348.0,318.0,366.0,390.0,366.0,360.0
1751,GDN0011,Dummy,TiltUp,19,352.0,664.0,356.0,280.0,364.0,342.0,362.0,364.0,344.0,318.0,360.0,350.0,364.0,350.0
1752,GDN0011,Dummy,TiltUp,20,354.0,680.0,364.0,286.0,356.0,340.0,360.0,358.0,348.0,318.0,358.0,122.0,364.0,352.0
1753,GDN0011,Dummy,TiltUp,21,362.0,684.0,342.0,344.0,274.0,362.0,372.0,360.0,360.0,322.0,336.0,90.0,286.0,332.0
1754,GDN0011,Dummy,TiltUp,22,358.0,654.0,384.0,296.0,374.0,408.0,368.0,374.0,356.0,326.0,362.0,244.0,388.0,358.0
1755,GDN0011,Dummy,TiltUp,23,342.0,668.0,368.0,284.0,370.0,324.0,358.0,340.0,344.0,314.0,348.0,388.0,360.0,340.0
1756,GDN0011,Dummy,TiltUp,24,348.0,690.0,368.0,300.0,238.0,334.0,358.0,364.0,342.0,320.0,354.0,346.0,372.0,346.0
1757,GDN0011,Dummy,TiltUp,25,352.0,732.0,374.0,292.0,388.0,336.0,376.0,350.0,356.0,328.0,358.0,86.0,378.0,350.0
1758,GDN0011,Dummy,TiltUp,26,372.0,752.0,386.0,320.0,388.0,442.0,384.0,388.0,378.0,340.0,378.0,38.0,378.0,370.0
1759,GDN0011,Dummy,TiltUp,27,386.0,722.0,404.0,324.0,402.0,356.0,396.0,402.0,380.0,350.0,388.0,54.0,406.0,384.0
1760,GDN0011,Dummy,TiltUp,28,374.0,698.0,396.0,350.0,388.0,368.0,388.0,390.0,370.0,338.0,378.0,150.0,396.0,374.0
1761,GDN0011,Dummy,TiltUp,29,352.0,696.0,384.0,296.0,384.0,332.0,376.0,352.0,358.0,330.0,356.0,102.0,382.0,352.0
1762,GDN0011,Dummy,TiltUp,30,362.0,710.0,380.0,310.0,246.0,342.0,374.0,360.0,356.0,330.0,372.0,360.0,386.0,360.0
1763,GDN0011,Dummy,TiltUp,31,360.0,724.0,384.0,312.0,358.0,432.0,368.0,360.0,370.0,332.0,362.0,52.0,382.0,360.0
1764,GDN0011,Dummy,TiltUp,32,372.0,708.0,390.0,306.0,260.0,362.0,380.0,382.0,368.0,340.0,376.0,58.0,386.0,372.0
1765,GDN0011,Dummy,TiltUp,33,376.0,674.0,402.0,298.0,392.0,366.0,386.0,394.0,362.0,334.0,378.0,416.0,404.0,376.0
1766,GDN0011,Dummy,TiltUp,34,368.0,670.0,382.0,338.0,378.0,360.0,374.0,378.0,352.0,322.0,370.0,368.0,376.0,368.0
1767,GDN0011,Dummy,TiltUp,35,356.0,678.0,370.0,282.0,366.0,350.0,364.0,366.0,344.0,320.0,360.0,356.0,374.0,356.0
1768,GDN0011,Dummy,TiltUp,36,352.0,690.0,370.0,298.0,268.0,318.0,360.0,360.0,356.0,324.0,356.0,104.0,370.0,352.0
1769,GDN0011,Dummy,TiltUp,37,340.0,696.0,374.0,300.0,388.0,364.0,378.0,362.0,360.0,328.0,344.0,60.0,350.0,340.0
1770,GDN0011,Dummy,TiltUp,38,364.0,672.0,390.0,298.0,334.0,404.0,378.0,364.0,360.0,330.0,368.0,336.0,396.0,334.0
1771,GDN0011,Dummy,TiltUp,39,358.0,686.0,376.0,294.0,368.0,400.0,368.0,368.0,352.0,322.0,362.0,136.0,366.0,356.0
1772,GDN0011,Dummy,TiltUp,40,354.0,688.0,378.0,328.0,372.0,344.0,368.0,374.0,358.0,326.0,362.0,242.0,382.0,354.0
1773,GDN0011,Dummy,TiltUp,41,358.0,706.0,378.0,296.0,366.0,344.0,366.0,366.0,356.0,326.0,364.0,248.0,380.0,358.0
1774,GDN0011,Dummy,TiltUp,42,372.0,706.0,380.0,312.0,388.0,438.0,380.0,390.0,370.0,332.0,376.0,100.0,294.0,370.0
1775,GDN0011,Dummy,TiltUp,43,368.0,684.0,392.0,322.0,364.0,350.0,378.0,366.0,362.0,334.0,368.0,94.0,400.0,366.0
1776,GDN0011,Dummy,TiltUp,44,352.0,668.0,376.0,290.0,352.0,336.0,364.0,354.0,354.0,326.0,352.0,102.0,366.0,350.0
1777,GDN0011,Dummy,TiltUp,45,364.0,690.0,376.0,278.0,374.0,356.0,370.0,374.0,344.0,320.0,368.0,362.0,380.0,362.0
1778,GDN0011,Dummy,TiltUp,46,362.0,682.0,374.0,296.0,370.0,414.0,368.0,372.0,352.0,328.0,364.0,360.0,374.0,360.0
1779,GDN0011,Dummy,TiltUp,47,358.0,684.0,374.0,284.0,370.0,344.0,364.0,370.0,350.0,324.0,360.0,356.0,368.0,356.0
1780,GDN0011,Dummy,TiltUp,48,356.0,654.0,388.0,296.0,172.0,342.0,370.0,354.0,356.0,326.0,356.0,170.0,394.0,354.0
1781,GDN0011,Dummy,TiltUp,49,338.0,664.0,364.0,342.0,216.0,418.0,360.0,336.0,350.0,312.0,344.0,216.0,264.0,336.0
1782,GDN0011,Dummy,TiltUp,50,338.0,698.0,358.0,274.0,348.0,380.0,346.0,348.0,342.0,318.0,338.0,102.0,362.0,336.0
1783,GDN0011,Dummy,TiltUp,51,354.0,702.0,372.0,308.0,246.0,338.0,364.0,354.0,360.0,330.0,356.0,116.0,374.0,354.0
1784,GDN0011,Dummy,TiltUp,52,360.0,660.0,376.0,308.0,174.0,342.0,370.0,360.0,360.0,332.0,362.0,66.0,376.0,360.0
1785,GDN0011,Dummy,TiltUp,53,350.0,632.0,268.0,276.0,386.0,338.0,374.0,348.0,342.0,316.0,236.0,348.0,252.0,348.0
1786,GDN0011,Dummy,TiltUp,54,340.0,618.0,372.0,274.0,354.0,332.0,356.0,340.0,336.0,308.0,346.0,394.0,380.0,340.0
1787,GDN0011,Dummy,TiltUp,55,338.0,632.0,360.0,274.0,354.0,334.0,348.0,356.0,334.0,302.0,340.0,218.0,356.0,336.0
1788,GDN0011,Dummy,TiltUp,56,336.0,642.0,342.0,256.0,230.0,328.0,350.0,334.0,326.0,308.0,352.0,334.0,348.0,334.0
1789,GDN0011,Dummy,TiltUp,57,336.0,648.0,350.0,290.0,338.0,322.0,342.0,338.0,338.0,310.0,338.0,170.0,350.0,334.0
1790,GDN0011,Dummy,TiltUp,58,336.0,652.0,352.0,296.0,234.0,414.0,346.0,358.0,350.0,310.0,340.0,230.0,264.0,336.0
1791,GDN0011,Dummy,TiltUp,59,344.0,644.0,372.0,294.0,356.0,398.0,354.0,358.0,350.0,312.0,346.0,202.0,378.0,344.0
1792,GDN0011,Dummy,TiltUp,60,346.0,652.0,364.0,312.0,362.0,336.0,356.0,362.0,342.0,312.0,350.0,124.0,354.0,346.0
1793,GDN0011,Dummy,TiltUp,61,346.0,672.0,360.0,284.0,358.0,340.0,356.0,360.0,334.0,314.0,354.0,344.0,364.0,344.0
1794,GDN0011,Dummy,TiltUp,62,360.0,682.0,368.0,298.0,370.0,348.0,366.0,370.0,348.0,322.0,368.0,360.0,366.0,360.0
1795,GDN0011,Dummy,TiltUp,63,346.0,674.0,364.0,304.0,382.0,366.0,374.0,346.0,356.0,324.0,350.0,242.0,350.0,346.0
1796,GDN0011,Dummy,TiltUp,64,354.0,648.0,382.0,364.0,372.0,418.0,368.0,374.0,366.0,318.0,360.0,226.0,390.0,352.0
1797,GDN0011,Dummy,TiltUp,65,348.0,652.0,366.0,310.0,348.0,334.0,354.0,350.0,340.0,312.0,348.0,110.0,354.0,346.0
1798,GDN0011,Dummy,TiltUp,66,338.0,656.0,350.0,300.0,338.0,326.0,348.0,340.0,346.0,314.0,344.0,208.0,360.0,336.0
1799,GDN0011,Dummy,TiltUp,67,356.0,664.0,364.0,288.0,362.0,346.0,360.0,364.0,336.0,316.0,360.0,378.0,294.0,354.0
1800,GDN0011,Dummy,TiltUp,68,340.0,656.0,278.0,282.0,380.0,316.0,370.0,340.0,346.0,318.0,376.0,206.0,360.0,340.0
1801,GDN0011,Dummy,TiltUp,69,366.0,638.0,388.0,294.0,374.0,350.0,372.0,374.0,352.0,314.0,384.0,402.0,384.0,364.0
1802,GDN0011,Dummy,TiltUp,70,354.0,602.0,378.0,280.0,372.0,354.0,366.0,352.0,340.0,310.0,382.0,396.0,382.0,322.0
1803,GDN0011,Dummy,TiltUp,71,316.0,616.0,338.0,278.0,222.0,340.0,352.0,316.0,332.0,294.0,330.0,214.0,330.0,316.0
1804,GDN0011,Dummy,TiltUp,72,338.0,628.0,358.0,314.0,350.0,392.0,344.0,350.0,334.0,302.0,340.0,196.0,356.0,336.0
1805,GDN0011,Dummy,TiltUp,73,314.0,688.0,348.0,270.0,308.0,336.0,342.0,312.0,334.0,306.0,318.0,206.0,356.0,312.0
1806,GDN0011,Dummy,TiltUp,74,356.0,772.0,376.0,272.0,364.0,342.0,364.0,366.0,344.0,326.0,358.0,356.0,374.0,356.0
1807,GDN0011,Dummy,TiltUp,75,364.0,816.0,392.0,310.0,406.0,352.0,394.0,364.0,378.0,356.0,372.0,276.0,394.0,364.0
1808,GDN0011,Dummy,TiltUp,76,412.0,834.0,412.0,334.0,420.0,404.0,418.0,422.0,398.0,372.0,416.0,410.0,414.0,410.0
1809,GDN0011,Dummy,TiltUp,77,388.0,796.0,420.0,344.0,384.0,370.0,416.0,386.0,406.0,378.0,390.0,38.0,420.0,386.0
1810,GDN0011,Dummy,TiltUp,78,398.0,750.0,416.0,328.0,418.0,364.0,412.0,420.0,392.0,364.0,408.0,398.0,416.0,398.0
1811,GDN0011,Dummy,TiltUp,79,386.0,698.0,400.0,320.0,390.0,428.0,390.0,390.0,380.0,348.0,386.0,90.0,400.0,384.0
1812,GDN0011,Dummy,TiltUp,80,358.0,662.0,376.0,306.0,390.0,428.0,378.0,356.0,364.0,328.0,360.0,100.0,366.0,356.0
1813,GDN0011,Dummy,TiltUp,81,334.0,632.0,378.0,346.0,370.0,396.0,366.0,332.0,354.0,316.0,342.0,214.0,384.0,332.0
1814,GDN0011,Dummy,TiltUp,82,348.0,636.0,362.0,274.0,380.0,342.0,362.0,346.0,336.0,308.0,356.0,346.0,308.0,346.0
1815,GDN0011,Dummy,TiltUp,83,340.0,656.0,356.0,280.0,342.0,326.0,346.0,344.0,340.0,308.0,344.0,178.0,360.0,338.0
1816,GDN0011,Dummy,TiltUp,84,356.0,704.0,370.0,318.0,364.0,344.0,362.0,366.0,350.0,314.0,358.0,236.0,370.0,356.0
1817,GDN0011,Dummy,TiltUp,85,356.0,730.0,376.0,304.0,356.0,340.0,364.0,356.0,364.0,332.0,358.0,80.0,374.0,356.0
1818,GDN0011,Dummy,Valsalva,0,432.0,970.0,460.0,372.0,476.0,404.0,446.0,710.0,444.0,426.0,432.0,486.0,458.0,432.0
1819,GDN0011,Dummy,Valsalva,1,422.0,638.0,458.0,374.0,416.0,404.0,446.0,422.0,444.0,426.0,426.0,296.0,458.0,422.0
1820,GDN0011,Dummy,Valsalva,3,518.0,872.0,538.0,468.0,528.0,500.0,526.0,528.0,526.0,510.0,538.0,562.0,538.0,518.0
1821,GDN0011,Dummy,Valsalva,4,372.0,852.0,400.0,346.0,288.0,412.0,424.0,370.0,412.0,392.0,402.0,286.0,402.0,326.0
1822,GDN0011,Dummy,Valsalva,5,412.0,864.0,400.0,336.0,288.0,396.0,414.0,292.0,404.0,384.0,398.0,292.0,398.0,290.0
1823,GDN0011,Dummy,Valsalva,6,412.0,882.0,394.0,336.0,300.0,410.0,426.0,364.0,406.0,388.0,394.0,300.0,394.0,364.0
1824,GDN0011,Dummy,Valsalva,7,366.0,936.0,404.0,396.0,286.0,418.0,384.0,364.0,418.0,394.0,316.0,298.0,404.0,314.0
1825,GDN0011,Dummy,Valsalva,8,410.0,928.0,436.0,378.0,414.0,400.0,434.0,408.0,438.0,414.0,414.0,288.0,436.0,408.0
1826,GDN0011,Dummy,Valsalva,9,432.0,954.0,438.0,400.0,442.0,426.0,442.0,444.0,434.0,410.0,438.0,308.0,440.0,430.0
1827,GDN0011,Dummy,Valsalva,10,444.0,900.0,436.0,420.0,464.0,444.0,458.0,404.0,440.0,420.0,410.0,480.0,436.0,404.0
1828,GDN0011,Dummy,Valsalva,11,388.0,876.0,422.0,402.0,318.0,384.0,428.0,388.0,422.0,400.0,396.0,316.0,422.0,388.0
1829,GDN0011,Dummy,Valsalva,12,398.0,890.0,408.0,372.0,406.0,436.0,410.0,408.0,412.0,392.0,408.0,298.0,408.0,396.0
1830,GDN0011,Dummy,Valsalva,13,382.0,876.0,336.0,402.0,300.0,434.0,416.0,300.0,422.0,398.0,338.0,292.0,338.0,292.0
1831,GDN0011,Dummy,Valsalva,15,410.0,758.0,410.0,336.0,424.0,406.0,420.0,404.0,402.0,382.0,420.0,274.0,420.0,374.0
1832,GDN0011,Dummy,Valsalva,17,322.0,668.0,348.0,294.0,216.0,342.0,360.0,226.0,358.0,330.0,338.0,226.0,338.0,226.0
1833,GDN0011,Dummy,Valsalva,18,318.0,666.0,362.0,274.0,332.0,318.0,340.0,246.0,340.0,320.0,330.0,246.0,370.0,246.0
1834,GDN0011,Dummy,Valsalva,19,306.0,862.0,344.0,282.0,226.0,304.0,334.0,258.0,340.0,320.0,316.0,232.0,334.0,232.0
1835,GDN0011,Dummy,Valsalva,20,378.0,902.0,400.0,328.0,386.0,416.0,390.0,378.0,402.0,388.0,384.0,252.0,404.0,378.0
1836,GDN0011,Dummy,Valsalva,21,394.0,864.0,320.0,396.0,392.0,378.0,416.0,392.0,420.0,402.0,400.0,256.0,396.0,392.0
1837,GDN0011,Dummy,Valsalva,22,434.0,894.0,382.0,330.0,444.0,430.0,398.0,362.0,404.0,388.0,400.0,230.0,376.0,362.0
1838,GDN0011,Dummy,Valsalva,23,378.0,956.0,400.0,390.0,380.0,418.0,390.0,376.0,414.0,398.0,382.0,264.0,398.0,376.0
1839,GDN0011,Dummy,Valsalva,24,436.0,858.0,448.0,412.0,460.0,426.0,444.0,424.0,440.0,420.0,398.0,474.0,446.0,396.0
1840,GDN0011,Dummy,Valsalva,25,396.0,856.0,416.0,368.0,404.0,388.0,404.0,406.0,408.0,386.0,398.0,426.0,418.0,396.0
1841,GDN0011,Dummy,Valsalva,26,426.0,992.0,386.0,390.0,440.0,424.0,378.0,298.0,410.0,386.0,304.0,228.0,374.0,228.0
1842,GDN0011,Dummy,Valsalva,27,440.0,1058.0,464.0,434.0,444.0,482.0,446.0,446.0,454.0,434.0,484.0,440.0,484.0,438.0
1843,GDN0011,Dummy,Valsalva,28,490.0,978.0,508.0,394.0,498.0,480.0,494.0,498.0,470.0,456.0,36.0,490.0,,490.0
1844,GDN0011,Dummy,Valsalva,29,428.0,876.0,456.0,384.0,428.0,414.0,442.0,428.0,448.0,428.0,462.0,486.0,462.0,428.0
1845,GDN0011,Dummy,Valsalva,30,376.0,820.0,416.0,400.0,384.0,422.0,386.0,386.0,420.0,392.0,378.0,230.0,414.0,376.0
1846,GDN0011,Dummy,Valsalva,31,362.0,860.0,378.0,380.0,264.0,426.0,376.0,314.0,398.0,374.0,372.0,264.0,378.0,264.0
1847,GDN0011,Dummy,Valsalva,32,400.0,1120.0,382.0,380.0,410.0,442.0,410.0,270.0,412.0,386.0,386.0,228.0,386.0,270.0
1848,GDN0011,Dummy,Valsalva,33,460.0,1006.0,468.0,472.0,322.0,440.0,496.0,460.0,496.0,478.0,468.0,18.0,,460.0
1849,GDN0011,Dummy,Valsalva,34,442.0,904.0,458.0,426.0,456.0,494.0,454.0,404.0,456.0,438.0,462.0,94.0,462.0,378.0
1850,GDN0011,Dummy,Valsalva,35,420.0,1006.0,366.0,386.0,434.0,480.0,432.0,436.0,426.0,402.0,432.0,310.0,350.0,418.0
1851,GDN0011,Dummy,Valsalva,36,446.0,1046.0,448.0,418.0,458.0,440.0,456.0,458.0,462.0,438.0,450.0,174.0,452.0,444.0
1852,GDN0011,Dummy,Valsalva,37,472.0,1044.0,462.0,410.0,480.0,460.0,476.0,460.0,470.0,452.0,468.0,116.0,460.0,440.0
1853,GDN0011,Dummy,Valsalva,38,460.0,1030.0,470.0,410.0,476.0,514.0,476.0,440.0,472.0,452.0,466.0,130.0,472.0,394.0
1854,GDN0011,Dummy,Valsalva,39,432.0,966.0,450.0,450.0,486.0,468.0,480.0,430.0,470.0,446.0,434.0,82.0,444.0,400.0
1855,GDN0011,Dummy,Valsalva,40,428.0,908.0,446.0,408.0,442.0,428.0,442.0,426.0,446.0,424.0,428.0,186.0,450.0,390.0
1856,GDN0011,Dummy,Valsalva,41,420.0,974.0,376.0,354.0,426.0,466.0,426.0,428.0,424.0,404.0,424.0,326.0,366.0,418.0
1857,GDN0011,Dummy,Valsalva,42,422.0,906.0,464.0,428.0,466.0,446.0,458.0,420.0,448.0,426.0,470.0,482.0,470.0,420.0
1858,GDN0011,Dummy,Valsalva,43,430.0,980.0,354.0,372.0,454.0,404.0,448.0,454.0,428.0,404.0,456.0,430.0,334.0,430.0
1859,GDN0011,Dummy,Valsalva,44,412.0,846.0,454.0,426.0,472.0,398.0,448.0,410.0,448.0,428.0,418.0,286.0,464.0,410.0
1860,GDN0011,Dummy,Valsalva,45,404.0,768.0,360.0,372.0,408.0,394.0,414.0,404.0,404.0,382.0,328.0,276.0,328.0,404.0
1861,GDN0011,Dummy,Valsalva,46,370.0,756.0,370.0,316.0,374.0,404.0,380.0,368.0,378.0,354.0,380.0,234.0,380.0,368.0
1862,GDN0011,Dummy,Valsalva,47,340.0,828.0,352.0,306.0,244.0,338.0,374.0,240.0,374.0,350.0,318.0,240.0,318.0,240.0
1863,GDN0011,Dummy,Valsalva,48,344.0,1120.0,374.0,374.0,258.0,416.0,378.0,256.0,396.0,376.0,372.0,256.0,380.0,256.0
1864,GDN0011,Dummy,Valsalva,49,486.0,1056.0,460.0,462.0,496.0,522.0,496.0,496.0,502.0,478.0,454.0,36.0,,484.0
1865,GDN0011,Dummy,Valsalva,50,432.0,970.0,484.0,446.0,490.0,456.0,476.0,454.0,472.0,456.0,488.0,508.0,488.0,432.0
1866,GDN0011,Dummy,Valsalva,51,432.0,1150.0,374.0,386.0,488.0,470.0,482.0,430.0,444.0,426.0,370.0,106.0,370.0,430.0
1867,GDN0011,Dummy,Valsalva,52,484.0,1100.0,502.0,490.0,336.0,476.0,502.0,482.0,510.0,488.0,484.0,40.0,502.0,482.0
1868,GDN0011,Dummy,Valsalva,53,484.0,1106.0,478.0,466.0,276.0,484.0,500.0,484.0,494.0,470.0,444.0,86.0,482.0,442.0
1869,GDN0011,Dummy,Valsalva,54,498.0,1008.0,476.0,470.0,512.0,494.0,508.0,514.0,492.0,474.0,502.0,530.0,474.0,496.0
1870,GDN0011,Dummy,Valsalva,55,408.0,1022.0,458.0,434.0,490.0,432.0,454.0,430.0,456.0,438.0,404.0,150.0,456.0,384.0
1871,GDN0011,Dummy,Valsalva,56,440.0,1048.0,468.0,406.0,444.0,428.0,456.0,440.0,462.0,444.0,442.0,268.0,472.0,440.0
1872,GDN0011,Dummy,Valsalva,57,444.0,1034.0,460.0,406.0,502.0,484.0,454.0,448.0,474.0,452.0,446.0,188.0,458.0,444.0
1873,GDN0011,Dummy,Valsalva,58,466.0,1006.0,474.0,420.0,476.0,454.0,476.0,478.0,468.0,448.0,468.0,124.0,478.0,464.0
1874,GDN0011,Dummy,Valsalva,59,460.0,944.0,426.0,430.0,468.0,500.0,468.0,468.0,462.0,438.0,464.0,176.0,424.0,460.0
1875,GDN0011,Dummy,Valsalva,60,408.0,940.0,440.0,418.0,462.0,406.0,442.0,408.0,438.0,416.0,414.0,166.0,442.0,408.0
1876,GDN0011,Dummy,Valsalva,61,414.0,982.0,380.0,380.0,368.0,454.0,462.0,412.0,430.0,414.0,362.0,160.0,376.0,412.0
1877,GDN0011,Dummy,Valsalva,62,432.0,998.0,450.0,382.0,354.0,488.0,446.0,430.0,450.0,430.0,436.0,178.0,452.0,430.0
1878,GDN0011,Dummy,Valsalva,63,446.0,,452.0,424.0,268.0,504.0,456.0,434.0,458.0,436.0,410.0,182.0,456.0,408.0
1879,GDN0012,Dummy,HoldingBreath,0,452.0,952.0,470.0,378.0,466.0,444.0,462.0,412.0,440.0,420.0,458.0,366.0,470.0,364.0
1880,GDN0012,Dummy,HoldingBreath,1,434.0,966.0,472.0,398.0,382.0,426.0,470.0,436.0,444.0,420.0,444.0,380.0,472.0,436.0
1881,GDN0012,Dummy,HoldingBreath,2,448.0,968.0,474.0,402.0,314.0,444.0,474.0,450.0,446.0,424.0,472.0,450.0,474.0,450.0
1882,GDN0012,Dummy,HoldingBreath,3,460.0,932.0,474.0,416.0,468.0,450.0,468.0,470.0,456.0,424.0,464.0,376.0,474.0,460.0
1883,GDN0012,Dummy,HoldingBreath,4,408.0,918.0,448.0,384.0,370.0,484.0,448.0,406.0,440.0,412.0,448.0,364.0,448.0,364.0
1884,GDN0012,Dummy,HoldingBreath,5,444.0,982.0,458.0,408.0,450.0,434.0,450.0,452.0,434.0,408.0,448.0,442.0,458.0,442.0
1885,GDN0012,Dummy,HoldingBreath,6,470.0,946.0,482.0,436.0,478.0,528.0,476.0,478.0,460.0,430.0,474.0,470.0,482.0,470.0
1886,GDN0012,Dummy,HoldingBreath,7,452.0,938.0,470.0,396.0,468.0,512.0,464.0,412.0,454.0,416.0,460.0,368.0,470.0,366.0
1887,GDN0012,Dummy,HoldingBreath,8,446.0,998.0,460.0,418.0,478.0,444.0,468.0,392.0,438.0,414.0,472.0,364.0,460.0,364.0
1888,GDN0012,Dummy,HoldingBreath,9,474.0,976.0,478.0,416.0,404.0,530.0,482.0,436.0,466.0,436.0,480.0,402.0,480.0,400.0
1889,GDN0012,Dummy,HoldingBreath,10,470.0,956.0,468.0,446.0,484.0,468.0,478.0,396.0,460.0,428.0,398.0,362.0,468.0,396.0
1890,GDN0012,Dummy,HoldingBreath,11,452.0,954.0,468.0,392.0,460.0,502.0,458.0,460.0,452.0,420.0,454.0,356.0,468.0,450.0
1891,GDN0012,Dummy,HoldingBreath,12,450.0,994.0,466.0,414.0,456.0,516.0,458.0,456.0,456.0,418.0,452.0,392.0,466.0,448.0
1892,GDN0012,Dummy,HoldingBreath,13,472.0,948.0,486.0,426.0,476.0,460.0,476.0,478.0,466.0,434.0,472.0,400.0,486.0,470.0
1893,GDN0012,Dummy,HoldingBreath,14,454.0,968.0,470.0,416.0,462.0,520.0,462.0,462.0,456.0,416.0,456.0,352.0,470.0,452.0
1894,GDN0012,Dummy,HoldingBreath,15,452.0,976.0,466.0,430.0,466.0,502.0,464.0,406.0,454.0,424.0,408.0,350.0,468.0,406.0
1895,GDN0012,Dummy,HoldingBreath,16,438.0,966.0,472.0,396.0,456.0,524.0,458.0,438.0,458.0,428.0,448.0,372.0,470.0,438.0
1896,GDN0012,Dummy,HoldingBreath,17,452.0,984.0,470.0,416.0,456.0,514.0,458.0,458.0,456.0,424.0,454.0,396.0,470.0,450.0
1897,GDN0012,Dummy,HoldingBreath,18,452.0,938.0,478.0,400.0,332.0,452.0,474.0,378.0,460.0,430.0,466.0,378.0,478.0,378.0
1898,GDN0012,Dummy,HoldingBreath,19,452.0,972.0,468.0,400.0,466.0,520.0,462.0,468.0,454.0,412.0,458.0,376.0,470.0,452.0
1899,GDN0012,Dummy,HoldingBreath,20,456.0,974.0,476.0,408.0,472.0,512.0,472.0,474.0,458.0,426.0,464.0,388.0,476.0,456.0
1900,GDN0012,Dummy,HoldingBreath,21,466.0,1048.0,480.0,424.0,476.0,458.0,476.0,476.0,462.0,424.0,472.0,348.0,482.0,466.0
1901,GDN0012,Dummy,HoldingBreath,22,474.0,1058.0,498.0,450.0,490.0,526.0,488.0,490.0,480.0,452.0,480.0,396.0,498.0,474.0
1902,GDN0012,Dummy,HoldingBreath,23,494.0,1002.0,482.0,442.0,388.0,494.0,510.0,418.0,486.0,456.0,510.0,392.0,482.0,390.0
1903,GDN0012,Dummy,HoldingBreath,24,450.0,990.0,490.0,414.0,500.0,442.0,476.0,450.0,460.0,436.0,456.0,358.0,490.0,450.0
1904,GDN0012,Dummy,HoldingBreath,25,458.0,1016.0,474.0,414.0,396.0,536.0,472.0,396.0,470.0,430.0,466.0,396.0,478.0,396.0
1905,GDN0012,Dummy,HoldingBreath,26,478.0,994.0,450.0,438.0,288.0,472.0,484.0,436.0,460.0,442.0,448.0,12.0,448.0,430.0
1906,GDN0012,Dummy,HoldingBreath,27,454.0,918.0,478.0,436.0,472.0,452.0,468.0,436.0,460.0,434.0,454.0,396.0,476.0,396.0
1907,GDN0012,Dummy,HoldingBreath,28,426.0,890.0,448.0,388.0,430.0,460.0,434.0,432.0,426.0,408.0,430.0,426.0,448.0,426.0
1908,GDN0012,Dummy,HoldingBreath,29,414.0,878.0,438.0,352.0,454.0,414.0,438.0,374.0,416.0,398.0,432.0,334.0,428.0,332.0
1909,GDN0012,Dummy,HoldingBreath,30,406.0,778.0,428.0,386.0,370.0,404.0,420.0,404.0,416.0,394.0,370.0,266.0,434.0,368.0
1910,GDN0012,Dummy,HoldingBreath,31,352.0,764.0,404.0,312.0,390.0,338.0,382.0,352.0,380.0,358.0,402.0,352.0,402.0,352.0
1911,GDN0012,Dummy,HoldingBreath,32,368.0,708.0,392.0,338.0,376.0,362.0,378.0,378.0,382.0,354.0,374.0,276.0,394.0,366.0
1912,GDN0012,Dummy,HoldingBreath,33,268.0,1088.0,356.0,344.0,236.0,320.0,340.0,264.0,360.0,334.0,266.0,246.0,352.0,246.0
1913,GDN0012,Dummy,HoldingBreath,34,490.0,972.0,454.0,460.0,300.0,554.0,498.0,494.0,498.0,466.0,494.0,298.0,458.0,490.0
1914,GDN0012,Dummy,HoldingBreath,35,440.0,1022.0,464.0,384.0,454.0,492.0,452.0,436.0,450.0,426.0,410.0,304.0,462.0,410.0
1915,GDN0012,Dummy,HoldingBreath,36,458.0,996.0,482.0,422.0,262.0,448.0,472.0,458.0,472.0,444.0,460.0,212.0,484.0,458.0
1916,GDN0012,Dummy,HoldingBreath,37,458.0,966.0,470.0,416.0,470.0,450.0,466.0,470.0,456.0,434.0,460.0,70.0,468.0,456.0
1917,GDN0012,Dummy,HoldingBreath,38,456.0,848.0,460.0,414.0,464.0,444.0,454.0,404.0,440.0,424.0,406.0,478.0,460.0,404.0
1918,GDN0012,Dummy,HoldingBreath,39,406.0,828.0,418.0,364.0,418.0,462.0,414.0,418.0,406.0,382.0,412.0,434.0,420.0,404.0
1919,GDN0012,Dummy,HoldingBreath,40,394.0,478.0,392.0,336.0,314.0,462.0,408.0,354.0,402.0,376.0,406.0,310.0,378.0,310.0
1920,GDN0012,Dummy,HoldingBreath,42,250.0,952.0,272.0,208.0,254.0,294.0,254.0,,252.0,232.0,250.0,156.0,272.0,248.0
1921,GDN0012,Dummy,HoldingBreath,43,412.0,972.0,454.0,420.0,338.0,446.0,456.0,404.0,440.0,420.0,412.0,336.0,452.0,388.0
1922,GDN0012,Dummy,HoldingBreath,44,432.0,968.0,462.0,434.0,448.0,420.0,446.0,448.0,452.0,426.0,434.0,318.0,462.0,432.0
1923,GDN0012,Dummy,HoldingBreath,45,392.0,932.0,452.0,416.0,452.0,490.0,448.0,392.0,446.0,424.0,392.0,312.0,452.0,392.0
1924,GDN0012,Dummy,HoldingBreath,46,420.0,828.0,444.0,408.0,436.0,494.0,430.0,410.0,432.0,412.0,398.0,462.0,444.0,396.0
1925,GDN0012,Dummy,HoldingBreath,47,384.0,808.0,406.0,356.0,342.0,384.0,402.0,342.0,400.0,376.0,396.0,278.0,406.0,336.0
1926,GDN0012,Dummy,HoldingBreath,48,376.0,848.0,402.0,322.0,302.0,372.0,394.0,302.0,390.0,368.0,380.0,302.0,402.0,300.0
1927,GDN0012,Dummy,HoldingBreath,49,394.0,924.0,420.0,362.0,414.0,474.0,408.0,392.0,412.0,382.0,398.0,288.0,420.0,344.0
1928,GDN0012,Dummy,HoldingBreath,50,424.0,922.0,446.0,398.0,326.0,422.0,438.0,420.0,432.0,410.0,430.0,324.0,446.0,380.0
1929,GDN0012,Dummy,HoldingBreath,51,394.0,840.0,424.0,424.0,406.0,448.0,408.0,392.0,438.0,408.0,394.0,322.0,426.0,392.0
1930,GDN0012,Dummy,HoldingBreath,52,402.0,784.0,398.0,382.0,324.0,470.0,414.0,402.0,412.0,380.0,370.0,318.0,386.0,366.0
1931,GDN0012,Dummy,HoldingBreath,53,368.0,758.0,396.0,346.0,382.0,366.0,380.0,366.0,382.0,360.0,370.0,288.0,398.0,322.0
1932,GDN0012,Dummy,HoldingBreath,54,366.0,744.0,384.0,342.0,378.0,412.0,376.0,318.0,370.0,352.0,322.0,276.0,384.0,318.0
1933,GDN0012,Dummy,HoldingBreath,55,352.0,766.0,382.0,320.0,368.0,352.0,368.0,288.0,366.0,346.0,360.0,288.0,384.0,288.0
1934,GDN0012,Dummy,HoldingBreath,56,344.0,830.0,384.0,306.0,366.0,422.0,364.0,292.0,374.0,354.0,354.0,288.0,382.0,288.0
1935,GDN0012,Dummy,HoldingBreath,57,318.0,922.0,398.0,360.0,420.0,400.0,410.0,318.0,396.0,376.0,400.0,318.0,400.0,318.0
1936,GDN0012,Dummy,HoldingBreath,58,370.0,916.0,428.0,396.0,324.0,360.0,424.0,370.0,422.0,408.0,372.0,324.0,426.0,370.0
1937,GDN0012,Dummy,HoldingBreath,59,396.0,926.0,428.0,420.0,406.0,496.0,408.0,408.0,434.0,406.0,398.0,316.0,428.0,396.0
1938,GDN0012,Dummy,HoldingBreath,60,422.0,874.0,436.0,400.0,340.0,460.0,434.0,390.0,426.0,410.0,388.0,340.0,436.0,386.0
1939,GDN0012,Dummy,HoldingBreath,61,392.0,842.0,422.0,396.0,406.0,380.0,404.0,406.0,416.0,392.0,422.0,438.0,422.0,390.0
1940,GDN0012,Dummy,HoldingBreath,62,394.0,874.0,406.0,372.0,408.0,394.0,406.0,344.0,398.0,380.0,322.0,264.0,408.0,320.0
1941,GDN0012,Dummy,HoldingBreath,63,362.0,876.0,420.0,392.0,436.0,422.0,400.0,360.0,412.0,392.0,362.0,316.0,416.0,360.0
1942,GDN0012,Dummy,HoldingBreath,64,394.0,,428.0,370.0,426.0,390.0,414.0,388.0,406.0,392.0,432.0,446.0,432.0,354.0
1943,GDN0012,Dummy,Pause,0,420.0,908.0,440.0,392.0,378.0,510.0,442.0,536.0,442.0,404.0,428.0,290.0,440.0,512.0
1944,GDN0012,Dummy,Pause,1,432.0,922.0,446.0,398.0,440.0,492.0,438.0,442.0,438.0,402.0,434.0,458.0,446.0,432.0
1945,GDN0012,Dummy,Pause,2,412.0,906.0,438.0,372.0,246.0,468.0,436.0,340.0,430.0,408.0,424.0,182.0,436.0,340.0
1946,GDN0012,Dummy,Pause,3,388.0,868.0,430.0,404.0,388.0,432.0,442.0,390.0,424.0,404.0,388.0,240.0,430.0,386.0
1947,GDN0012,Dummy,Pause,4,402.0,898.0,426.0,370.0,416.0,398.0,414.0,416.0,410.0,390.0,408.0,292.0,424.0,402.0
1948,GDN0012,Dummy,Pause,5,370.0,910.0,426.0,412.0,326.0,404.0,422.0,368.0,428.0,400.0,372.0,320.0,428.0,368.0
1949,GDN0012,Dummy,Pause,6,394.0,950.0,430.0,420.0,436.0,476.0,424.0,360.0,434.0,404.0,430.0,324.0,430.0,322.0
1950,GDN0012,Dummy,Pause,7,430.0,952.0,456.0,392.0,306.0,420.0,446.0,430.0,444.0,418.0,434.0,308.0,456.0,430.0
1951,GDN0012,Dummy,Pause,8,414.0,1006.0,454.0,430.0,462.0,446.0,456.0,412.0,446.0,420.0,418.0,342.0,456.0,412.0
1952,GDN0012,Dummy,Pause,9,458.0,916.0,476.0,432.0,314.0,528.0,474.0,456.0,468.0,438.0,462.0,314.0,474.0,456.0
1953,GDN0012,Dummy,Pause,10,410.0,878.0,434.0,424.0,236.0,408.0,428.0,408.0,436.0,406.0,414.0,242.0,434.0,374.0
1954,GDN0012,Dummy,Pause,11,402.0,902.0,384.0,376.0,362.0,402.0,424.0,400.0,414.0,394.0,360.0,308.0,382.0,358.0
1955,GDN0012,Dummy,Pause,12,390.0,974.0,432.0,416.0,232.0,498.0,412.0,388.0,434.0,402.0,392.0,340.0,434.0,338.0
1956,GDN0012,Dummy,Pause,13,448.0,942.0,458.0,408.0,462.0,442.0,462.0,462.0,448.0,426.0,456.0,386.0,458.0,446.0
1957,GDN0012,Dummy,Pause,14,426.0,936.0,446.0,436.0,390.0,504.0,442.0,420.0,448.0,416.0,390.0,330.0,446.0,388.0
1958,GDN0012,Dummy,Pause,15,418.0,856.0,444.0,434.0,470.0,454.0,432.0,426.0,446.0,414.0,382.0,326.0,448.0,418.0
1959,GDN0012,Dummy,Pause,16,400.0,824.0,414.0,358.0,294.0,456.0,412.0,414.0,418.0,386.0,408.0,298.0,410.0,398.0
1960,GDN0012,Dummy,Pause,17,386.0,834.0,420.0,342.0,416.0,384.0,406.0,326.0,402.0,374.0,392.0,326.0,422.0,324.0
1961,GDN0012,Dummy,Pause,18,388.0,814.0,414.0,394.0,394.0,378.0,396.0,396.0,408.0,378.0,388.0,336.0,414.0,388.0
1962,GDN0012,Dummy,Pause,19,386.0,814.0,406.0,360.0,404.0,384.0,400.0,406.0,392.0,370.0,394.0,422.0,406.0,384.0
1963,GDN0012,Dummy,Pause,20,388.0,854.0,404.0,324.0,398.0,378.0,394.0,378.0,392.0,370.0,356.0,280.0,406.0,344.0
1964,GDN0012,Dummy,Pause,21,384.0,988.0,410.0,400.0,390.0,466.0,394.0,392.0,414.0,384.0,386.0,300.0,408.0,382.0
1965,GDN0012,Dummy,Pause,22,450.0,1012.0,466.0,460.0,462.0,538.0,460.0,462.0,468.0,430.0,454.0,344.0,466.0,450.0
1966,GDN0012,Dummy,Pause,23,434.0,1034.0,468.0,456.0,496.0,478.0,486.0,432.0,470.0,440.0,434.0,256.0,468.0,432.0
1967,GDN0012,Dummy,Pause,24,470.0,892.0,492.0,450.0,484.0,466.0,480.0,484.0,474.0,448.0,472.0,314.0,492.0,468.0
1968,GDN0012,Dummy,Pause,25,382.0,864.0,422.0,388.0,302.0,426.0,396.0,380.0,414.0,398.0,386.0,300.0,422.0,380.0
1969,GDN0012,Dummy,Pause,26,394.0,858.0,414.0,364.0,246.0,388.0,412.0,330.0,416.0,388.0,412.0,300.0,412.0,300.0
1970,GDN0012,Dummy,Pause,27,398.0,902.0,422.0,372.0,414.0,396.0,414.0,336.0,408.0,386.0,402.0,292.0,422.0,292.0
1971,GDN0012,Dummy,Pause,28,412.0,1020.0,436.0,386.0,432.0,412.0,430.0,348.0,424.0,402.0,420.0,348.0,436.0,348.0
1972,GDN0012,Dummy,Pause,29,430.0,1010.0,470.0,450.0,324.0,408.0,458.0,430.0,468.0,442.0,438.0,326.0,470.0,430.0
1973,GDN0012,Dummy,Pause,30,444.0,1008.0,476.0,468.0,442.0,542.0,460.0,444.0,476.0,438.0,446.0,358.0,478.0,444.0
1974,GDN0012,Dummy,Pause,31,454.0,882.0,474.0,394.0,484.0,440.0,466.0,452.0,462.0,438.0,456.0,322.0,474.0,452.0
1975,GDN0012,Dummy,Pause,32,408.0,842.0,418.0,380.0,414.0,454.0,410.0,356.0,414.0,394.0,360.0,288.0,418.0,356.0
1976,GDN0012,Dummy,Pause,33,412.0,824.0,404.0,336.0,422.0,402.0,418.0,314.0,404.0,380.0,418.0,272.0,392.0,314.0
1977,GDN0012,Dummy,Pause,34,396.0,828.0,412.0,364.0,406.0,390.0,404.0,408.0,390.0,374.0,400.0,396.0,416.0,396.0
1978,GDN0012,Dummy,Pause,35,396.0,898.0,408.0,354.0,402.0,444.0,406.0,404.0,398.0,376.0,402.0,312.0,400.0,394.0
1979,GDN0012,Dummy,Pause,36,412.0,1000.0,430.0,388.0,428.0,410.0,426.0,352.0,424.0,400.0,354.0,300.0,430.0,352.0
1980,GDN0012,Dummy,Pause,37,450.0,1012.0,464.0,428.0,322.0,444.0,462.0,444.0,456.0,436.0,416.0,324.0,464.0,406.0
1981,GDN0012,Dummy,Pause,38,440.0,1016.0,472.0,456.0,262.0,506.0,462.0,438.0,470.0,440.0,446.0,354.0,474.0,438.0
1982,GDN0012,Dummy,Pause,39,470.0,1012.0,484.0,444.0,484.0,530.0,478.0,486.0,474.0,442.0,474.0,500.0,484.0,532.0
1983,GDN0012,Dummy,Pause,40,460.0,890.0,480.0,434.0,470.0,452.0,468.0,470.0,464.0,440.0,460.0,280.0,480.0,460.0
1984,GDN0012,Dummy,Pause,41,388.0,846.0,428.0,406.0,430.0,484.0,420.0,386.0,424.0,398.0,398.0,286.0,428.0,386.0
1985,GDN0012,Dummy,Pause,42,392.0,808.0,410.0,376.0,408.0,392.0,404.0,390.0,406.0,382.0,360.0,310.0,410.0,354.0
1986,GDN0012,Dummy,Pause,43,386.0,824.0,408.0,352.0,406.0,384.0,404.0,406.0,394.0,368.0,398.0,322.0,408.0,386.0
1987,GDN0012,Dummy,Pause,44,370.0,902.0,398.0,342.0,330.0,466.0,388.0,298.0,402.0,374.0,376.0,298.0,396.0,296.0
1988,GDN0012,Dummy,Pause,45,408.0,1000.0,434.0,432.0,428.0,502.0,424.0,340.0,440.0,400.0,418.0,340.0,434.0,510.0
1989,GDN0012,Dummy,Pause,46,430.0,994.0,456.0,452.0,278.0,506.0,440.0,434.0,468.0,436.0,430.0,280.0,456.0,428.0
1990,GDN0012,Dummy,Pause,47,402.0,990.0,460.0,418.0,402.0,438.0,468.0,400.0,462.0,434.0,402.0,320.0,460.0,400.0
1991,GDN0012,Dummy,Pause,48,438.0,884.0,464.0,446.0,256.0,426.0,452.0,436.0,460.0,432.0,438.0,254.0,464.0,436.0
1992,GDN0012,Dummy,Pause,49,384.0,862.0,430.0,394.0,430.0,468.0,416.0,382.0,416.0,396.0,386.0,280.0,428.0,382.0
1993,GDN0012,Dummy,Pause,50,370.0,846.0,416.0,390.0,424.0,410.0,420.0,368.0,412.0,388.0,372.0,308.0,416.0,368.0
1994,GDN0012,Dummy,Pause,51,338.0,892.0,404.0,360.0,280.0,456.0,394.0,338.0,406.0,382.0,344.0,284.0,402.0,338.0
1995,GDN0012,Dummy,Pause,52,346.0,966.0,428.0,410.0,348.0,378.0,422.0,378.0,426.0,398.0,428.0,346.0,428.0,346.0
1996,GDN0012,Dummy,Pause,53,418.0,938.0,456.0,384.0,466.0,448.0,458.0,416.0,448.0,424.0,420.0,302.0,456.0,416.0
1997,GDN0012,Dummy,Pause,54,432.0,880.0,444.0,374.0,442.0,498.0,438.0,406.0,440.0,414.0,430.0,292.0,444.0,352.0
1998,GDN0012,Dummy,Pause,55,372.0,872.0,422.0,392.0,440.0,420.0,430.0,370.0,414.0,394.0,376.0,328.0,422.0,370.0
1999,GDN0012,Dummy,Pause,56,408.0,858.0,426.0,380.0,416.0,464.0,414.0,416.0,416.0,392.0,410.0,434.0,428.0,406.0
2000,GDN0012,Dummy,Pause,57,316.0,910.0,392.0,378.0,422.0,406.0,418.0,316.0,402.0,386.0,390.0,316.0,390.0,316.0
2001,GDN0012,Dummy,Pause,58,350.0,960.0,436.0,408.0,444.0,428.0,440.0,380.0,428.0,404.0,350.0,290.0,438.0,350.0
2002,GDN0012,Dummy,Pause,59,420.0,866.0,444.0,440.0,368.0,512.0,432.0,422.0,452.0,422.0,422.0,364.0,442.0,418.0
2003,GDN0012,Dummy,Pause,60,418.0,868.0,428.0,398.0,432.0,470.0,426.0,354.0,416.0,390.0,356.0,450.0,430.0,354.0
2004,GDN0012,Dummy,Pause,61,374.0,844.0,422.0,394.0,424.0,402.0,410.0,374.0,414.0,390.0,374.0,280.0,422.0,374.0
2005,GDN0012,Dummy,Pause,62,360.0,840.0,414.0,376.0,420.0,402.0,412.0,358.0,400.0,382.0,318.0,288.0,416.0,316.0
2006,GDN0012,Dummy,Pause,63,402.0,900.0,414.0,364.0,408.0,392.0,408.0,410.0,400.0,380.0,406.0,428.0,412.0,400.0
2007,GDN0012,Dummy,TiltLevel,0,380.0,848.0,400.0,344.0,232.0,418.0,394.0,242.0,396.0,382.0,328.0,232.0,400.0,378.0
2008,GDN0012,Dummy,TiltLevel,1,392.0,822.0,420.0,326.0,434.0,388.0,422.0,312.0,398.0,382.0,420.0,312.0,420.0,310.0
2009,GDN0012,Dummy,TiltLevel,2,384.0,792.0,412.0,358.0,398.0,382.0,398.0,400.0,390.0,374.0,390.0,432.0,412.0,384.0
2010,GDN0012,Dummy,TiltLevel,3,364.0,756.0,400.0,322.0,294.0,354.0,390.0,362.0,388.0,364.0,372.0,296.0,398.0,362.0
2011,GDN0012,Dummy,TiltLevel,4,310.0,752.0,334.0,254.0,320.0,280.0,312.0,322.0,324.0,324.0,336.0,344.0,336.0,308.0
2012,GDN0012,Dummy,TiltLevel,5,344.0,818.0,382.0,320.0,358.0,340.0,360.0,358.0,364.0,350.0,348.0,292.0,380.0,342.0
2013,GDN0012,Dummy,TiltLevel,6,368.0,870.0,398.0,342.0,384.0,418.0,384.0,310.0,386.0,372.0,374.0,310.0,400.0,308.0
2014,GDN0012,Dummy,TiltLevel,7,382.0,876.0,420.0,350.0,388.0,372.0,398.0,382.0,408.0,390.0,384.0,296.0,420.0,382.0
2015,GDN0012,Dummy,TiltLevel,8,388.0,818.0,420.0,340.0,414.0,376.0,406.0,416.0,410.0,392.0,390.0,432.0,422.0,386.0
2016,GDN0012,Dummy,TiltLevel,9,372.0,780.0,404.0,340.0,402.0,360.0,392.0,360.0,382.0,370.0,406.0,422.0,406.0,324.0
2017,GDN0012,Dummy,TiltLevel,10,356.0,772.0,390.0,324.0,390.0,348.0,372.0,356.0,370.0,358.0,358.0,406.0,390.0,356.0
2018,GDN0012,Dummy,TiltLevel,11,354.0,770.0,382.0,332.0,368.0,352.0,370.0,352.0,370.0,356.0,358.0,404.0,382.0,312.0
2019,GDN0012,Dummy,TiltLevel,12,344.0,804.0,380.0,322.0,262.0,342.0,360.0,342.0,372.0,356.0,346.0,310.0,378.0,308.0
2020,GDN0012,Dummy,TiltLevel,13,370.0,798.0,390.0,344.0,382.0,360.0,376.0,314.0,384.0,368.0,390.0,292.0,390.0,290.0
2021,GDN0012,Dummy,TiltLevel,14,374.0,738.0,396.0,346.0,394.0,366.0,384.0,322.0,382.0,366.0,372.0,414.0,398.0,290.0
2022,GDN0012,Dummy,TiltLevel,15,344.0,718.0,374.0,320.0,362.0,342.0,358.0,342.0,362.0,344.0,346.0,304.0,374.0,302.0
2023,GDN0012,Dummy,TiltLevel,16,350.0,712.0,364.0,328.0,260.0,348.0,358.0,304.0,354.0,338.0,306.0,264.0,364.0,304.0
2024,GDN0012,Dummy,TiltLevel,17,342.0,714.0,368.0,316.0,364.0,340.0,356.0,338.0,346.0,334.0,368.0,384.0,368.0,306.0
2025,GDN0012,Dummy,TiltLevel,18,342.0,714.0,364.0,320.0,360.0,342.0,356.0,340.0,352.0,336.0,364.0,382.0,364.0,298.0
2026,GDN0012,Dummy,TiltLevel,19,334.0,718.0,360.0,308.0,350.0,334.0,350.0,292.0,346.0,334.0,342.0,288.0,360.0,288.0
2027,GDN0012,Dummy,TiltLevel,20,326.0,750.0,360.0,298.0,334.0,364.0,338.0,336.0,354.0,338.0,328.0,258.0,358.0,326.0
2028,GDN0012,Dummy,TiltLevel,21,348.0,766.0,370.0,322.0,364.0,348.0,360.0,306.0,354.0,346.0,370.0,306.0,370.0,306.0
2029,GDN0012,Dummy,TiltLevel,22,356.0,768.0,376.0,332.0,364.0,348.0,360.0,318.0,362.0,352.0,376.0,318.0,376.0,316.0
2030,GDN0012,Dummy,TiltLevel,23,324.0,772.0,376.0,340.0,238.0,358.0,342.0,322.0,368.0,354.0,324.0,240.0,376.0,322.0
2031,GDN0012,Dummy,TiltLevel,24,346.0,738.0,376.0,328.0,358.0,388.0,360.0,342.0,374.0,356.0,376.0,306.0,376.0,306.0
2032,GDN0012,Dummy,TiltLevel,25,356.0,726.0,374.0,330.0,370.0,352.0,364.0,318.0,358.0,344.0,320.0,390.0,374.0,318.0
2033,GDN0012,Dummy,TiltLevel,26,346.0,718.0,370.0,320.0,364.0,344.0,358.0,300.0,352.0,338.0,352.0,386.0,370.0,298.0
2034,GDN0012,Dummy,TiltLevel,27,350.0,720.0,364.0,314.0,362.0,342.0,356.0,294.0,352.0,338.0,364.0,382.0,364.0,292.0
2035,GDN0012,Dummy,TiltLevel,28,338.0,722.0,366.0,312.0,370.0,330.0,352.0,330.0,354.0,338.0,368.0,382.0,368.0,294.0
2036,GDN0012,Dummy,TiltLevel,29,346.0,748.0,362.0,322.0,360.0,344.0,356.0,344.0,356.0,338.0,360.0,304.0,360.0,304.0
2037,GDN0012,Dummy,TiltLevel,30,366.0,758.0,374.0,338.0,378.0,362.0,374.0,304.0,364.0,348.0,374.0,302.0,374.0,302.0
2038,GDN0012,Dummy,TiltLevel,31,326.0,764.0,378.0,344.0,280.0,426.0,364.0,326.0,370.0,352.0,328.0,282.0,378.0,326.0
2039,GDN0012,Dummy,TiltLevel,32,322.0,780.0,380.0,346.0,194.0,354.0,366.0,322.0,374.0,354.0,380.0,322.0,380.0,320.0
2040,GDN0012,Dummy,TiltLevel,33,354.0,758.0,390.0,310.0,372.0,348.0,370.0,374.0,376.0,360.0,356.0,298.0,390.0,354.0
2041,GDN0012,Dummy,TiltLevel,34,312.0,744.0,374.0,344.0,164.0,296.0,360.0,310.0,368.0,352.0,376.0,310.0,376.0,310.0
2042,GDN0012,Dummy,TiltLevel,35,350.0,746.0,372.0,328.0,368.0,346.0,362.0,346.0,362.0,346.0,372.0,388.0,372.0,308.0
2043,GDN0012,Dummy,TiltLevel,36,328.0,750.0,380.0,346.0,384.0,366.0,372.0,326.0,368.0,348.0,328.0,398.0,380.0,326.0
2044,GDN0012,Dummy,TiltLevel,37,348.0,764.0,376.0,322.0,368.0,348.0,364.0,292.0,362.0,348.0,354.0,394.0,376.0,292.0
2045,GDN0012,Dummy,TiltLevel,38,348.0,778.0,378.0,316.0,364.0,418.0,364.0,346.0,372.0,354.0,352.0,284.0,378.0,346.0
2046,GDN0012,Dummy,TiltLevel,39,368.0,784.0,384.0,304.0,376.0,360.0,374.0,360.0,368.0,356.0,336.0,290.0,384.0,332.0
2047,GDN0012,Dummy,TiltLevel,40,362.0,794.0,386.0,302.0,382.0,348.0,372.0,340.0,376.0,360.0,386.0,404.0,386.0,286.0
2048,GDN0012,Dummy,TiltLevel,41,362.0,836.0,392.0,340.0,278.0,360.0,380.0,360.0,374.0,362.0,364.0,412.0,392.0,320.0
2049,GDN0012,Dummy,TiltLevel,42,382.0,846.0,408.0,364.0,402.0,382.0,396.0,380.0,394.0,378.0,346.0,426.0,408.0,346.0
2050,GDN0012,Dummy,TiltLevel,43,390.0,854.0,414.0,360.0,400.0,382.0,400.0,402.0,398.0,382.0,392.0,434.0,414.0,390.0
2051,GDN0012,Dummy,TiltLevel,44,384.0,876.0,416.0,322.0,416.0,368.0,406.0,368.0,398.0,384.0,378.0,434.0,414.0,342.0
2052,GDN0012,Dummy,TiltLevel,45,384.0,888.0,428.0,352.0,422.0,376.0,416.0,384.0,412.0,392.0,386.0,444.0,428.0,384.0
2053,GDN0012,Dummy,TiltLevel,46,390.0,868.0,422.0,368.0,232.0,388.0,410.0,386.0,418.0,396.0,420.0,348.0,420.0,346.0
2054,GDN0012,Dummy,TiltLevel,47,412.0,786.0,432.0,342.0,422.0,402.0,418.0,402.0,410.0,390.0,408.0,318.0,436.0,368.0
2055,GDN0012,Dummy,TiltLevel,48,372.0,758.0,394.0,342.0,262.0,370.0,388.0,318.0,378.0,362.0,382.0,318.0,392.0,316.0
2056,GDN0012,Dummy,TiltLevel,49,370.0,756.0,388.0,342.0,388.0,370.0,386.0,306.0,376.0,352.0,382.0,276.0,388.0,276.0
2057,GDN0012,Dummy,TiltLevel,50,340.0,740.0,386.0,314.0,380.0,334.0,374.0,340.0,368.0,350.0,342.0,300.0,386.0,340.0
2058,GDN0012,Dummy,TiltLevel,51,326.0,742.0,378.0,290.0,276.0,356.0,368.0,326.0,356.0,344.0,328.0,396.0,378.0,326.0
2059,GDN0012,Dummy,TiltLevel,52,352.0,762.0,376.0,322.0,200.0,348.0,366.0,300.0,364.0,346.0,376.0,300.0,376.0,300.0
2060,GDN0012,Dummy,TiltLevel,53,342.0,790.0,380.0,314.0,360.0,338.0,364.0,338.0,368.0,352.0,380.0,288.0,380.0,286.0
2061,GDN0012,Dummy,TiltLevel,54,382.0,860.0,396.0,354.0,396.0,380.0,390.0,334.0,378.0,362.0,394.0,308.0,394.0,308.0
2062,GDN0012,Dummy,TiltLevel,55,398.0,884.0,414.0,386.0,216.0,362.0,402.0,362.0,408.0,388.0,328.0,286.0,414.0,326.0
2063,GDN0012,Dummy,TiltLevel,56,382.0,888.0,426.0,404.0,428.0,476.0,420.0,378.0,422.0,396.0,426.0,318.0,426.0,318.0
2064,GDN0012,Dummy,TiltLevel,57,370.0,906.0,414.0,394.0,322.0,414.0,422.0,368.0,416.0,396.0,376.0,324.0,412.0,324.0
2065,GDN0012,Dummy,TiltLevel,58,420.0,904.0,430.0,398.0,434.0,510.0,428.0,370.0,436.0,404.0,372.0,320.0,432.0,512.0
2066,GDN0012,Dummy,TiltLevel,59,398.0,882.0,430.0,408.0,274.0,394.0,418.0,376.0,426.0,402.0,398.0,324.0,428.0,322.0
2067,GDN0012,Dummy,TiltLevel,60,376.0,788.0,430.0,388.0,432.0,356.0,414.0,376.0,412.0,394.0,378.0,450.0,432.0,376.0
2068,GDN0012,Dummy,TiltLevel,61,368.0,768.0,394.0,340.0,392.0,368.0,386.0,300.0,380.0,362.0,378.0,410.0,394.0,298.0
2069,GDN0012,Dummy,TiltLevel,62,370.0,772.0,384.0,346.0,172.0,326.0,372.0,326.0,370.0,354.0,384.0,296.0,384.0,296.0
2070,GDN0012,Dummy,TiltLevel,63,372.0,804.0,386.0,352.0,384.0,370.0,380.0,338.0,376.0,356.0,386.0,332.0,386.0,330.0
2071,GDN0012,Dummy,TiltLevel,64,372.0,884.0,398.0,346.0,386.0,370.0,388.0,370.0,384.0,368.0,380.0,328.0,396.0,326.0
2072,GDN0012,Dummy,TiltLevel,65,396.0,910.0,424.0,346.0,332.0,382.0,412.0,394.0,414.0,396.0,402.0,330.0,424.0,394.0
2073,GDN0012,Dummy,TiltLevel,66,420.0,924.0,438.0,374.0,432.0,412.0,428.0,434.0,424.0,404.0,424.0,316.0,438.0,418.0
2074,GDN0012,Dummy,TiltLevel,67,384.0,920.0,438.0,402.0,384.0,416.0,428.0,384.0,434.0,410.0,438.0,384.0,438.0,384.0
2075,GDN0012,Dummy,TiltLevel,68,426.0,876.0,446.0,404.0,442.0,424.0,438.0,422.0,430.0,408.0,432.0,332.0,448.0,386.0
2076,GDN0012,Dummy,TiltLevel,69,396.0,862.0,422.0,342.0,404.0,434.0,404.0,406.0,412.0,392.0,422.0,396.0,422.0,394.0
2077,GDN0012,Dummy,TiltLevel,70,390.0,880.0,420.0,360.0,186.0,438.0,406.0,390.0,406.0,388.0,396.0,344.0,420.0,390.0
2078,GDN0012,Dummy,TiltLevel,71,406.0,930.0,426.0,382.0,422.0,400.0,416.0,362.0,418.0,394.0,426.0,362.0,426.0,362.0
2079,GDN0012,Dummy,TiltLevel,72,382.0,926.0,434.0,414.0,332.0,438.0,418.0,380.0,434.0,412.0,382.0,330.0,432.0,380.0
2080,GDN0012,Dummy,TiltUp,0,392.0,738.0,390.0,328.0,402.0,390.0,396.0,410.0,368.0,344.0,362.0,106.0,386.0,358.0
2081,GDN0012,Dummy,TiltUp,1,382.0,720.0,396.0,328.0,238.0,372.0,392.0,386.0,368.0,344.0,386.0,380.0,394.0,380.0
2082,GDN0012,Dummy,TiltUp,2,376.0,724.0,392.0,344.0,174.0,412.0,390.0,374.0,370.0,338.0,380.0,184.0,398.0,374.0
2083,GDN0012,Dummy,TiltUp,3,380.0,720.0,392.0,324.0,392.0,370.0,386.0,392.0,364.0,340.0,382.0,378.0,388.0,378.0
2085,GDN0012,Dummy,TiltUp,5,378.0,714.0,386.0,310.0,388.0,374.0,384.0,,362.0,336.0,346.0,298.0,384.0,344.0
2086,GDN0012,Dummy,TiltUp,6,382.0,708.0,388.0,298.0,392.0,378.0,390.0,394.0,362.0,336.0,340.0,380.0,388.0,380.0
2088,GDN0012,Dummy,TiltUp,8,372.0,702.0,398.0,332.0,194.0,356.0,392.0,,368.0,330.0,384.0,208.0,400.0,370.0
2089,GDN0012,Dummy,TiltUp,9,362.0,702.0,386.0,326.0,312.0,352.0,368.0,368.0,358.0,332.0,362.0,316.0,386.0,360.0
2090,GDN0012,Dummy,TiltUp,10,360.0,702.0,378.0,314.0,376.0,342.0,370.0,378.0,358.0,332.0,364.0,250.0,376.0,360.0
2091,GDN0012,Dummy,TiltUp,11,368.0,714.0,382.0,334.0,382.0,362.0,378.0,384.0,356.0,332.0,374.0,366.0,384.0,366.0
2093,GDN0012,Dummy,TiltUp,13,388.0,740.0,400.0,322.0,406.0,386.0,400.0,,374.0,346.0,358.0,228.0,396.0,352.0
2095,GDN0012,Dummy,TiltUp,15,372.0,730.0,410.0,322.0,412.0,352.0,400.0,,372.0,340.0,410.0,372.0,410.0,370.0
2096,GDN0012,Dummy,TiltUp,16,386.0,728.0,398.0,346.0,398.0,376.0,392.0,400.0,366.0,342.0,388.0,382.0,396.0,382.0
2097,GDN0012,Dummy,TiltUp,17,362.0,722.0,376.0,286.0,216.0,350.0,382.0,360.0,356.0,340.0,380.0,360.0,382.0,360.0
2098,GDN0012,Dummy,TiltUp,18,396.0,720.0,374.0,362.0,354.0,448.0,354.0,354.0,372.0,336.0,376.0,352.0,376.0,350.0
2099,GDN0012,Dummy,TiltUp,19,366.0,704.0,384.0,324.0,368.0,406.0,370.0,370.0,364.0,338.0,366.0,228.0,384.0,364.0
2101,GDN0012,Dummy,TiltUp,21,384.0,660.0,398.0,342.0,390.0,448.0,390.0,,368.0,320.0,386.0,182.0,400.0,384.0
2102,GDN0012,Dummy,TiltUp,22,388.0,660.0,372.0,314.0,352.0,386.0,354.0,352.0,358.0,316.0,348.0,226.0,372.0,348.0
2103,GDN0012,Dummy,TiltUp,23,368.0,652.0,382.0,294.0,382.0,366.0,376.0,364.0,350.0,318.0,340.0,276.0,380.0,336.0
2104,GDN0012,Dummy,TiltUp,24,342.0,668.0,366.0,306.0,150.0,414.0,352.0,368.0,344.0,314.0,342.0,150.0,366.0,340.0
2105,GDN0012,Dummy,TiltUp,25,366.0,682.0,370.0,316.0,378.0,356.0,372.0,378.0,338.0,320.0,372.0,364.0,370.0,364.0
2109,GDN0012,Dummy,TiltUp,29,376.0,720.0,410.0,342.0,412.0,458.0,402.0,,382.0,334.0,376.0,196.0,410.0,374.0
2110,GDN0012,Dummy,TiltUp,30,378.0,700.0,404.0,316.0,380.0,438.0,386.0,382.0,374.0,336.0,404.0,378.0,404.0,378.0
2111,GDN0012,Dummy,TiltUp,31,364.0,702.0,398.0,320.0,404.0,350.0,376.0,364.0,358.0,330.0,364.0,258.0,402.0,362.0
2112,GDN0012,Dummy,TiltUp,32,346.0,700.0,374.0,314.0,390.0,374.0,358.0,350.0,352.0,332.0,348.0,300.0,368.0,344.0
2113,GDN0012,Dummy,TiltUp,33,356.0,704.0,380.0,302.0,160.0,336.0,364.0,354.0,350.0,332.0,358.0,354.0,382.0,354.0
2118,GDN0012,Dummy,TiltUp,39,396.0,614.0,420.0,352.0,338.0,382.0,406.0,396.0,388.0,356.0,398.0,18.0,420.0,396.0
2119,GDN0012,Dummy,TiltUp,40,344.0,620.0,364.0,292.0,146.0,324.0,356.0,364.0,336.0,298.0,348.0,148.0,366.0,342.0
2120,GDN0012,Dummy,TiltUp,41,342.0,636.0,348.0,282.0,362.0,340.0,356.0,340.0,324.0,304.0,262.0,340.0,318.0,340.0
2126,GDN0012,Dummy,TiltUp,47,386.0,670.0,400.0,346.0,236.0,458.0,394.0,,370.0,322.0,394.0,236.0,402.0,384.0
2129,GDN0012,Dummy,TiltUp,50,346.0,708.0,370.0,318.0,354.0,390.0,354.0,,352.0,322.0,348.0,106.0,370.0,346.0
2130,GDN0012,Dummy,TiltUp,51,370.0,742.0,378.0,340.0,188.0,414.0,378.0,380.0,360.0,334.0,376.0,370.0,378.0,370.0
2132,GDN0012,Dummy,TiltUp,53,398.0,794.0,408.0,372.0,408.0,454.0,406.0,,394.0,354.0,408.0,78.0,408.0,396.0
2133,GDN0012,Dummy,TiltUp,54,386.0,786.0,416.0,350.0,424.0,408.0,416.0,384.0,394.0,364.0,386.0,50.0,416.0,384.0
2134,GDN0012,Dummy,TiltUp,55,416.0,770.0,390.0,360.0,350.0,414.0,424.0,352.0,382.0,362.0,430.0,352.0,392.0,350.0
2135,GDN0012,Dummy,TiltUp,56,366.0,736.0,404.0,324.0,308.0,350.0,404.0,364.0,380.0,356.0,370.0,88.0,406.0,364.0
2136,GDN0012,Dummy,TiltUp,57,384.0,726.0,404.0,350.0,224.0,422.0,390.0,388.0,370.0,344.0,386.0,384.0,404.0,384.0
2138,GDN0012,Dummy,TiltUp,59,418.0,676.0,420.0,312.0,428.0,410.0,422.0,,366.0,326.0,378.0,416.0,426.0,416.0
2140,GDN0012,Dummy,TiltUp,61,364.0,702.0,374.0,328.0,314.0,358.0,378.0,,348.0,326.0,376.0,364.0,378.0,364.0
2141,GDN0012,Dummy,TiltUp,62,348.0,714.0,376.0,356.0,204.0,334.0,358.0,354.0,366.0,330.0,348.0,140.0,376.0,346.0
2142,GDN0012,Dummy,TiltUp,63,374.0,744.0,388.0,330.0,316.0,364.0,380.0,386.0,356.0,336.0,378.0,374.0,388.0,374.0
2143,GDN0012,Dummy,TiltUp,64,372.0,772.0,398.0,318.0,148.0,358.0,384.0,384.0,366.0,346.0,374.0,372.0,400.0,372.0
2144,GDN0012,Dummy,TiltUp,65,388.0,780.0,408.0,348.0,216.0,376.0,394.0,394.0,380.0,356.0,390.0,386.0,406.0,386.0
2147,GDN0012,Dummy,TiltUp,68,400.0,728.0,406.0,354.0,408.0,390.0,404.0,,376.0,348.0,402.0,398.0,362.0,398.0
2148,GDN0012,Dummy,TiltUp,69,358.0,702.0,400.0,326.0,422.0,348.0,396.0,358.0,370.0,340.0,316.0,190.0,406.0,358.0
2149,GDN0012,Dummy,TiltUp,70,350.0,704.0,396.0,326.0,398.0,442.0,388.0,348.0,372.0,330.0,352.0,86.0,394.0,348.0
2150,GDN0012,Dummy,TiltUp,71,342.0,696.0,368.0,304.0,284.0,380.0,386.0,340.0,360.0,332.0,346.0,290.0,372.0,340.0
2151,GDN0012,Dummy,TiltUp,72,378.0,694.0,380.0,334.0,188.0,370.0,384.0,388.0,354.0,330.0,384.0,376.0,382.0,376.0
2153,GDN0012,Dummy,TiltUp,74,350.0,718.0,394.0,298.0,144.0,328.0,380.0,,360.0,336.0,394.0,134.0,394.0,348.0
2154,GDN0012,Dummy,TiltUp,75,390.0,716.0,380.0,352.0,354.0,390.0,356.0,356.0,366.0,338.0,386.0,350.0,386.0,348.0
2156,GDN0012,Dummy,TiltUp,77,374.0,684.0,400.0,328.0,256.0,358.0,400.0,,370.0,328.0,408.0,256.0,408.0,372.0
2157,GDN0012,Dummy,TiltUp,78,378.0,684.0,396.0,330.0,390.0,368.0,386.0,392.0,358.0,326.0,380.0,378.0,396.0,378.0
2158,GDN0012,Dummy,TiltUp,79,380.0,670.0,350.0,332.0,390.0,372.0,388.0,392.0,350.0,326.0,330.0,380.0,346.0,380.0
2159,GDN0012,Dummy,TiltUp,80,388.0,672.0,350.0,284.0,170.0,388.0,342.0,336.0,346.0,320.0,332.0,118.0,354.0,330.0
2162,GDN0012,Dummy,Valsalva,0,412.0,802.0,398.0,374.0,374.0,450.0,374.0,390.0,392.0,366.0,398.0,334.0,398.0,334.0
2163,GDN0012,Dummy,Valsalva,1,356.0,754.0,420.0,386.0,292.0,466.0,404.0,354.0,398.0,366.0,360.0,290.0,420.0,354.0
2164,GDN0012,Dummy,Valsalva,2,350.0,726.0,408.0,362.0,350.0,378.0,386.0,350.0,378.0,350.0,410.0,350.0,410.0,348.0
2165,GDN0012,Dummy,Valsalva,3,382.0,714.0,396.0,318.0,252.0,374.0,396.0,380.0,370.0,340.0,396.0,380.0,396.0,380.0
2166,GDN0012,Dummy,Valsalva,4,356.0,710.0,394.0,324.0,358.0,394.0,360.0,360.0,364.0,336.0,392.0,356.0,392.0,356.0
2167,GDN0012,Dummy,Valsalva,5,368.0,728.0,382.0,324.0,190.0,362.0,374.0,378.0,350.0,334.0,382.0,368.0,382.0,368.0
2169,GDN0012,Dummy,Valsalva,7,386.0,738.0,404.0,318.0,392.0,436.0,390.0,,376.0,340.0,388.0,262.0,404.0,386.0
2175,GDN0012,Dummy,Valsalva,13,392.0,788.0,420.0,354.0,398.0,380.0,398.0,,388.0,348.0,392.0,338.0,420.0,392.0
2176,GDN0012,Dummy,Valsalva,14,376.0,766.0,420.0,354.0,288.0,408.0,392.0,374.0,380.0,362.0,340.0,292.0,418.0,338.0
2177,GDN0012,Dummy,Valsalva,15,350.0,740.0,382.0,316.0,346.0,430.0,378.0,350.0,380.0,354.0,352.0,50.0,386.0,350.0
2178,GDN0012,Dummy,Valsalva,16,364.0,700.0,384.0,324.0,426.0,412.0,376.0,370.0,370.0,346.0,366.0,276.0,388.0,362.0
2179,GDN0012,Dummy,Valsalva,17,354.0,678.0,376.0,318.0,370.0,344.0,364.0,370.0,356.0,330.0,356.0,250.0,370.0,352.0
2180,GDN0012,Dummy,Valsalva,18,334.0,648.0,362.0,294.0,338.0,410.0,340.0,340.0,350.0,324.0,334.0,250.0,366.0,332.0
2181,GDN0012,Dummy,Valsalva,19,332.0,642.0,352.0,294.0,340.0,322.0,338.0,340.0,336.0,312.0,334.0,268.0,350.0,330.0
2182,GDN0012,Dummy,Valsalva,20,318.0,642.0,338.0,300.0,326.0,310.0,320.0,282.0,330.0,310.0,342.0,282.0,342.0,280.0
2183,GDN0012,Dummy,Valsalva,21,318.0,672.0,344.0,284.0,324.0,354.0,324.0,324.0,324.0,310.0,318.0,270.0,340.0,316.0
2184,GDN0012,Dummy,Valsalva,22,334.0,750.0,358.0,312.0,348.0,332.0,342.0,300.0,338.0,322.0,360.0,370.0,360.0,296.0
2185,GDN0012,Dummy,Valsalva,23,356.0,962.0,330.0,316.0,376.0,348.0,370.0,378.0,362.0,348.0,364.0,388.0,314.0,354.0
2186,GDN0012,Dummy,Valsalva,24,418.0,924.0,448.0,362.0,440.0,394.0,434.0,442.0,436.0,422.0,422.0,460.0,448.0,416.0
2187,GDN0012,Dummy,Valsalva,25,396.0,968.0,428.0,406.0,422.0,378.0,414.0,422.0,428.0,410.0,400.0,262.0,428.0,394.0
2188,GDN0012,Dummy,Valsalva,26,442.0,1020.0,458.0,372.0,450.0,434.0,450.0,450.0,442.0,424.0,446.0,330.0,458.0,440.0
2189,GDN0012,Dummy,Valsalva,27,466.0,970.0,482.0,414.0,476.0,452.0,474.0,478.0,474.0,444.0,468.0,110.0,482.0,464.0
2190,GDN0012,Dummy,Valsalva,28,448.0,992.0,464.0,414.0,456.0,500.0,458.0,458.0,452.0,426.0,450.0,148.0,464.0,446.0
2191,GDN0012,Dummy,Valsalva,29,464.0,958.0,478.0,438.0,474.0,458.0,470.0,476.0,460.0,434.0,466.0,496.0,478.0,462.0
2192,GDN0012,Dummy,Valsalva,30,436.0,936.0,456.0,376.0,450.0,432.0,446.0,450.0,440.0,422.0,438.0,472.0,456.0,434.0
2193,GDN0012,Dummy,Valsalva,31,416.0,870.0,446.0,360.0,440.0,402.0,432.0,440.0,432.0,414.0,416.0,200.0,446.0,414.0
2194,GDN0012,Dummy,Valsalva,32,392.0,852.0,422.0,368.0,418.0,392.0,412.0,390.0,404.0,390.0,404.0,442.0,422.0,352.0
2195,GDN0012,Dummy,Valsalva,33,394.0,858.0,414.0,366.0,406.0,388.0,406.0,408.0,400.0,384.0,400.0,436.0,414.0,394.0
2196,GDN0012,Dummy,Valsalva,34,376.0,902.0,420.0,336.0,418.0,362.0,408.0,374.0,406.0,386.0,378.0,438.0,422.0,374.0
2197,GDN0012,Dummy,Valsalva,35,414.0,960.0,434.0,378.0,422.0,404.0,422.0,424.0,420.0,402.0,416.0,314.0,432.0,412.0
2198,GDN0012,Dummy,Valsalva,36,430.0,1036.0,448.0,408.0,444.0,488.0,442.0,368.0,446.0,422.0,428.0,330.0,448.0,330.0
2199,GDN0012,Dummy,Valsalva,37,436.0,978.0,474.0,454.0,328.0,518.0,474.0,436.0,472.0,448.0,448.0,172.0,474.0,436.0
2200,GDN0012,Dummy,Valsalva,38,440.0,992.0,462.0,396.0,446.0,426.0,452.0,448.0,452.0,428.0,442.0,332.0,462.0,440.0
2201,GDN0012,Dummy,Valsalva,39,456.0,972.0,472.0,430.0,468.0,450.0,464.0,468.0,462.0,434.0,458.0,332.0,472.0,454.0
2202,GDN0012,Dummy,Valsalva,40,432.0,924.0,462.0,396.0,460.0,502.0,452.0,460.0,450.0,426.0,436.0,478.0,462.0,432.0
2203,GDN0012,Dummy,Valsalva,41,410.0,906.0,438.0,392.0,426.0,460.0,424.0,406.0,428.0,410.0,382.0,258.0,438.0,378.0
2204,GDN0012,Dummy,Valsalva,42,408.0,906.0,436.0,384.0,274.0,398.0,422.0,396.0,424.0,404.0,376.0,280.0,438.0,372.0
2205,GDN0012,Dummy,Valsalva,43,362.0,952.0,428.0,382.0,434.0,402.0,424.0,358.0,428.0,404.0,362.0,330.0,426.0,330.0
2206,GDN0012,Dummy,Valsalva,44,434.0,980.0,456.0,390.0,442.0,508.0,444.0,442.0,450.0,420.0,436.0,328.0,456.0,434.0
2207,GDN0012,Dummy,Valsalva,45,436.0,970.0,460.0,404.0,334.0,486.0,448.0,450.0,452.0,428.0,440.0,328.0,460.0,436.0
2208,GDN0012,Dummy,Valsalva,46,438.0,966.0,462.0,414.0,454.0,434.0,452.0,454.0,448.0,426.0,442.0,346.0,462.0,438.0
2209,GDN0012,Dummy,Valsalva,47,450.0,910.0,466.0,386.0,462.0,444.0,456.0,444.0,448.0,424.0,422.0,482.0,466.0,420.0
2210,GDN0012,Dummy,Valsalva,48,404.0,894.0,434.0,362.0,430.0,404.0,426.0,362.0,422.0,404.0,414.0,284.0,434.0,344.0
2211,GDN0012,Dummy,Valsalva,49,386.0,888.0,430.0,350.0,422.0,370.0,416.0,384.0,418.0,398.0,396.0,292.0,430.0,384.0
2212,GDN0012,Dummy,Valsalva,50,410.0,926.0,424.0,376.0,422.0,402.0,418.0,348.0,420.0,396.0,352.0,314.0,424.0,348.0
2213,GDN0012,Dummy,Valsalva,51,412.0,972.0,440.0,388.0,234.0,410.0,432.0,408.0,428.0,410.0,440.0,368.0,440.0,368.0
2214,GDN0012,Dummy,Valsalva,52,438.0,976.0,462.0,402.0,450.0,426.0,450.0,452.0,454.0,426.0,440.0,292.0,462.0,436.0
2215,GDN0012,Dummy,Valsalva,53,416.0,968.0,458.0,434.0,416.0,448.0,458.0,414.0,456.0,428.0,416.0,320.0,458.0,414.0
2216,GDN0012,Dummy,Valsalva,54,446.0,966.0,454.0,422.0,462.0,444.0,460.0,444.0,454.0,424.0,452.0,228.0,454.0,402.0
2217,GDN0012,Dummy,Valsalva,55,438.0,916.0,460.0,414.0,460.0,436.0,452.0,436.0,440.0,424.0,406.0,478.0,460.0,404.0
2218,GDN0012,Dummy,Valsalva,56,424.0,892.0,436.0,396.0,436.0,414.0,430.0,360.0,422.0,406.0,362.0,302.0,436.0,360.0
2219,GDN0012,Dummy,Valsalva,57,412.0,928.0,406.0,384.0,428.0,470.0,424.0,352.0,422.0,398.0,356.0,304.0,400.0,352.0
2220,GDN0012,Dummy,Valsalva,58,404.0,938.0,444.0,418.0,448.0,494.0,432.0,404.0,436.0,410.0,408.0,312.0,444.0,404.0
2221,GDN0012,Dummy,Valsalva,59,422.0,948.0,448.0,366.0,434.0,412.0,436.0,420.0,434.0,414.0,426.0,318.0,448.0,420.0
2222,GDN0012,Dummy,Valsalva,60,420.0,930.0,450.0,382.0,422.0,406.0,434.0,418.0,444.0,418.0,420.0,292.0,450.0,418.0
2223,GDN0012,Dummy,Valsalva,62,374.0,822.0,416.0,388.0,424.0,404.0,416.0,342.0,408.0,388.0,368.0,292.0,414.0,342.0
2224,GDN0012,Dummy,Valsalva,64,380.0,826.0,402.0,340.0,398.0,378.0,392.0,316.0,380.0,362.0,400.0,316.0,400.0,316.0
2225,GDN0012,Dummy,Valsalva,65,386.0,896.0,400.0,366.0,352.0,384.0,394.0,354.0,404.0,376.0,352.0,286.0,400.0,350.0
2226,GDN0012,Dummy,Valsalva,66,448.0,926.0,426.0,374.0,412.0,446.0,412.0,412.0,422.0,400.0,408.0,320.0,426.0,406.0
2227,GDN0012,Dummy,Valsalva,67,430.0,906.0,446.0,408.0,446.0,428.0,442.0,380.0,434.0,410.0,446.0,338.0,446.0,338.0
2228,GDN0012,Dummy,Valsalva,68,422.0,870.0,440.0,398.0,386.0,420.0,434.0,418.0,422.0,404.0,382.0,286.0,440.0,382.0
2229,GDN0013,Dummy,HoldingBreath,0,396.0,808.0,312.0,310.0,246.0,386.0,412.0,390.0,384.0,368.0,312.0,394.0,312.0,394.0
2230,GDN0013,Dummy,HoldingBreath,1,424.0,824.0,314.0,316.0,386.0,422.0,388.0,388.0,386.0,368.0,312.0,226.0,312.0,384.0
2231,GDN0013,Dummy,HoldingBreath,2,414.0,852.0,314.0,314.0,430.0,414.0,424.0,376.0,388.0,374.0,316.0,232.0,316.0,376.0
2232,GDN0013,Dummy,HoldingBreath,3,416.0,876.0,334.0,350.0,222.0,410.0,422.0,414.0,412.0,384.0,334.0,230.0,334.0,414.0
2233,GDN0013,Dummy,HoldingBreath,4,412.0,844.0,346.0,352.0,456.0,390.0,440.0,410.0,410.0,392.0,342.0,410.0,342.0,410.0
2235,GDN0013,Dummy,HoldingBreath,6,424.0,888.0,324.0,326.0,434.0,418.0,430.0,,396.0,378.0,322.0,422.0,322.0,422.0
2236,GDN0013,Dummy,HoldingBreath,7,412.0,894.0,360.0,374.0,414.0,498.0,416.0,414.0,432.0,394.0,362.0,240.0,362.0,410.0
2237,GDN0013,Dummy,HoldingBreath,8,428.0,900.0,354.0,358.0,434.0,420.0,440.0,426.0,418.0,398.0,312.0,426.0,354.0,426.0
2238,GDN0013,Dummy,HoldingBreath,9,426.0,884.0,354.0,360.0,222.0,452.0,436.0,424.0,424.0,402.0,348.0,226.0,348.0,424.0
2240,GDN0013,Dummy,HoldingBreath,11,430.0,898.0,350.0,358.0,440.0,420.0,438.0,,410.0,392.0,348.0,428.0,348.0,428.0
2241,GDN0013,Dummy,HoldingBreath,12,408.0,916.0,356.0,348.0,464.0,406.0,454.0,406.0,418.0,400.0,356.0,246.0,356.0,406.0
2242,GDN0013,Dummy,HoldingBreath,13,418.0,922.0,360.0,358.0,458.0,404.0,450.0,416.0,426.0,406.0,334.0,256.0,360.0,416.0
2243,GDN0013,Dummy,HoldingBreath,14,436.0,922.0,354.0,396.0,438.0,476.0,442.0,440.0,432.0,408.0,356.0,230.0,356.0,434.0
2244,GDN0013,Dummy,HoldingBreath,15,440.0,922.0,370.0,360.0,456.0,436.0,452.0,458.0,428.0,408.0,334.0,438.0,368.0,438.0
2245,GDN0013,Dummy,HoldingBreath,16,468.0,854.0,350.0,392.0,478.0,460.0,472.0,478.0,432.0,408.0,354.0,468.0,354.0,468.0
2246,GDN0013,Dummy,HoldingBreath,18,412.0,876.0,368.0,346.0,412.0,400.0,430.0,412.0,404.0,386.0,362.0,412.0,362.0,412.0
2247,GDN0013,Dummy,HoldingBreath,19,310.0,870.0,404.0,366.0,348.0,400.0,426.0,308.0,410.0,392.0,316.0,272.0,412.0,270.0
2248,GDN0013,Dummy,HoldingBreath,20,416.0,864.0,362.0,346.0,294.0,416.0,434.0,288.0,410.0,390.0,352.0,288.0,352.0,288.0
2249,GDN0013,Dummy,HoldingBreath,21,388.0,838.0,386.0,358.0,230.0,432.0,414.0,292.0,410.0,388.0,410.0,236.0,410.0,234.0
2250,GDN0013,Dummy,HoldingBreath,23,406.0,874.0,310.0,346.0,406.0,384.0,410.0,406.0,402.0,384.0,310.0,404.0,310.0,404.0
2251,GDN0013,Dummy,HoldingBreath,26,370.0,882.0,330.0,332.0,318.0,368.0,316.0,228.0,378.0,376.0,310.0,6.0,330.0,226.0
2252,GDN0013,Dummy,HoldingBreath,27,398.0,878.0,370.0,362.0,348.0,438.0,418.0,348.0,420.0,394.0,342.0,252.0,362.0,338.0
2253,GDN0013,Dummy,HoldingBreath,28,416.0,882.0,352.0,352.0,424.0,468.0,424.0,416.0,416.0,394.0,366.0,230.0,366.0,416.0
2254,GDN0013,Dummy,HoldingBreath,29,428.0,856.0,366.0,370.0,442.0,428.0,442.0,296.0,412.0,394.0,342.0,240.0,342.0,238.0
2255,GDN0013,Dummy,HoldingBreath,30,382.0,852.0,356.0,346.0,328.0,418.0,430.0,310.0,408.0,386.0,362.0,242.0,362.0,242.0
2256,GDN0013,Dummy,HoldingBreath,31,406.0,854.0,338.0,360.0,406.0,450.0,410.0,408.0,404.0,384.0,412.0,244.0,338.0,404.0
2257,GDN0013,Dummy,HoldingBreath,32,434.0,846.0,336.0,334.0,442.0,426.0,438.0,398.0,398.0,384.0,338.0,398.0,338.0,398.0
2258,GDN0013,Dummy,HoldingBreath,33,410.0,848.0,344.0,346.0,412.0,456.0,416.0,414.0,408.0,382.0,342.0,238.0,342.0,408.0
2259,GDN0013,Dummy,HoldingBreath,34,396.0,850.0,336.0,340.0,238.0,376.0,416.0,394.0,406.0,382.0,338.0,246.0,338.0,394.0
2260,GDN0013,Dummy,HoldingBreath,35,410.0,854.0,336.0,340.0,268.0,392.0,420.0,408.0,408.0,384.0,330.0,256.0,330.0,408.0
2261,GDN0013,Dummy,HoldingBreath,36,416.0,836.0,352.0,350.0,252.0,402.0,424.0,414.0,412.0,384.0,298.0,250.0,422.0,414.0
2262,GDN0013,Dummy,HoldingBreath,37,410.0,864.0,312.0,400.0,296.0,472.0,416.0,410.0,410.0,378.0,428.0,236.0,310.0,410.0
2263,GDN0013,Dummy,HoldingBreath,38,412.0,874.0,342.0,344.0,258.0,398.0,420.0,410.0,412.0,388.0,336.0,256.0,336.0,410.0
2264,GDN0013,Dummy,HoldingBreath,39,408.0,858.0,440.0,468.0,332.0,550.0,432.0,364.0,462.0,370.0,414.0,520.0,444.0,520.0
2265,GDN0013,Dummy,HoldingBreath,40,434.0,864.0,352.0,366.0,444.0,486.0,442.0,404.0,414.0,386.0,348.0,250.0,348.0,400.0
2266,GDN0013,Dummy,HoldingBreath,41,432.0,834.0,318.0,356.0,434.0,418.0,436.0,436.0,408.0,388.0,330.0,432.0,348.0,432.0
2267,GDN0013,Dummy,HoldingBreath,43,406.0,826.0,440.0,344.0,434.0,402.0,426.0,286.0,408.0,382.0,432.0,242.0,446.0,242.0
2268,GDN0013,Dummy,HoldingBreath,44,432.0,854.0,326.0,340.0,442.0,428.0,440.0,444.0,404.0,376.0,324.0,430.0,324.0,430.0
2269,GDN0013,Dummy,HoldingBreath,45,410.0,880.0,328.0,340.0,248.0,390.0,426.0,408.0,408.0,384.0,348.0,244.0,348.0,408.0
2270,GDN0013,Dummy,HoldingBreath,49,400.0,828.0,334.0,332.0,314.0,440.0,416.0,400.0,400.0,380.0,308.0,238.0,340.0,400.0
2271,GDN0013,Dummy,HoldingBreath,50,416.0,854.0,326.0,338.0,218.0,412.0,424.0,414.0,402.0,376.0,324.0,414.0,324.0,414.0
2272,GDN0013,Dummy,HoldingBreath,51,408.0,876.0,336.0,384.0,322.0,482.0,428.0,402.0,416.0,384.0,340.0,236.0,340.0,370.0
2273,GDN0013,Dummy,HoldingBreath,52,404.0,878.0,338.0,342.0,214.0,432.0,442.0,402.0,412.0,392.0,330.0,264.0,330.0,402.0
2274,GDN0013,Dummy,HoldingBreath,53,432.0,842.0,416.0,364.0,446.0,428.0,442.0,446.0,412.0,394.0,352.0,430.0,446.0,430.0
2275,GDN0013,Dummy,HoldingBreath,54,414.0,874.0,332.0,384.0,228.0,404.0,422.0,412.0,416.0,378.0,326.0,266.0,326.0,412.0
2276,GDN0013,Dummy,HoldingBreath,55,426.0,864.0,352.0,362.0,442.0,486.0,436.0,426.0,422.0,392.0,356.0,234.0,356.0,392.0
2277,GDN0013,Dummy,HoldingBreath,56,394.0,838.0,340.0,344.0,332.0,414.0,430.0,414.0,410.0,388.0,340.0,264.0,340.0,392.0
2278,GDN0013,Dummy,HoldingBreath,57,390.0,820.0,340.0,354.0,288.0,444.0,416.0,278.0,406.0,380.0,280.0,224.0,338.0,278.0
2279,GDN0013,Dummy,HoldingBreath,58,376.0,820.0,304.0,322.0,202.0,424.0,396.0,374.0,392.0,372.0,310.0,234.0,310.0,374.0
2280,GDN0013,Dummy,HoldingBreath,59,394.0,852.0,294.0,324.0,214.0,418.0,398.0,392.0,392.0,372.0,288.0,0.0,288.0,392.0
2281,GDN0013,Dummy,HoldingBreath,60,426.0,860.0,336.0,346.0,438.0,480.0,398.0,424.0,410.0,384.0,342.0,238.0,342.0,392.0
2282,GDN0013,Dummy,HoldingBreath,61,426.0,874.0,334.0,334.0,240.0,416.0,434.0,414.0,406.0,388.0,332.0,242.0,332.0,396.0
2283,GDN0013,Dummy,HoldingBreath,62,416.0,896.0,338.0,352.0,420.0,404.0,424.0,416.0,418.0,392.0,340.0,262.0,340.0,416.0
2284,GDN0013,Dummy,HoldingBreath,63,422.0,894.0,354.0,356.0,282.0,422.0,446.0,274.0,418.0,400.0,276.0,240.0,348.0,274.0
2285,GDN0013,Dummy,HoldingBreath,64,424.0,854.0,426.0,356.0,428.0,456.0,432.0,430.0,416.0,398.0,442.0,422.0,442.0,422.0
2286,GDN0013,Dummy,HoldingBreath,65,408.0,886.0,320.0,356.0,410.0,458.0,410.0,410.0,416.0,384.0,414.0,256.0,312.0,406.0
2287,GDN0013,Dummy,HoldingBreath,66,422.0,902.0,358.0,372.0,346.0,498.0,426.0,422.0,430.0,394.0,340.0,238.0,358.0,422.0
2288,GDN0013,Dummy,HoldingBreath,67,438.0,894.0,354.0,362.0,452.0,438.0,448.0,436.0,428.0,402.0,356.0,254.0,356.0,412.0
2289,GDN0013,Dummy,HoldingBreath,68,430.0,,346.0,358.0,446.0,424.0,442.0,424.0,418.0,398.0,316.0,248.0,346.0,404.0
2290,GDN0013,Dummy,Pause,0,428.0,904.0,358.0,370.0,222.0,408.0,444.0,464.0,426.0,402.0,350.0,254.0,350.0,428.0
2291,GDN0013,Dummy,Pause,1,438.0,876.0,358.0,368.0,240.0,478.0,450.0,436.0,428.0,402.0,366.0,240.0,366.0,414.0
2292,GDN0013,Dummy,Pause,2,428.0,920.0,326.0,360.0,310.0,404.0,438.0,426.0,414.0,392.0,300.0,426.0,320.0,426.0
2293,GDN0013,Dummy,Pause,3,450.0,920.0,366.0,368.0,270.0,434.0,460.0,448.0,432.0,408.0,320.0,448.0,368.0,448.0
2294,GDN0013,Dummy,Pause,4,446.0,922.0,364.0,368.0,450.0,434.0,450.0,452.0,434.0,408.0,454.0,446.0,364.0,446.0
2295,GDN0013,Dummy,Pause,5,426.0,900.0,360.0,374.0,422.0,454.0,434.0,424.0,436.0,408.0,360.0,248.0,360.0,424.0
2296,GDN0013,Dummy,Pause,6,444.0,876.0,356.0,362.0,446.0,422.0,450.0,446.0,428.0,402.0,320.0,442.0,358.0,442.0
2297,GDN0013,Dummy,Pause,7,420.0,900.0,332.0,348.0,460.0,394.0,434.0,420.0,416.0,392.0,328.0,420.0,328.0,420.0
2298,GDN0013,Dummy,Pause,8,426.0,902.0,364.0,378.0,234.0,410.0,440.0,426.0,422.0,402.0,324.0,426.0,368.0,426.0
2299,GDN0013,Dummy,Pause,9,438.0,900.0,356.0,360.0,248.0,426.0,446.0,436.0,426.0,402.0,356.0,436.0,356.0,436.0
2300,GDN0013,Dummy,Pause,10,428.0,904.0,360.0,366.0,270.0,428.0,450.0,328.0,428.0,400.0,360.0,266.0,360.0,266.0
2301,GDN0013,Dummy,Pause,11,440.0,884.0,358.0,360.0,348.0,430.0,452.0,440.0,422.0,402.0,358.0,440.0,358.0,440.0
2302,GDN0013,Dummy,Pause,12,432.0,900.0,358.0,354.0,434.0,420.0,438.0,434.0,420.0,396.0,356.0,430.0,356.0,430.0
2303,GDN0013,Dummy,Pause,13,426.0,932.0,362.0,364.0,350.0,468.0,434.0,426.0,426.0,400.0,342.0,244.0,364.0,426.0
2304,GDN0013,Dummy,Pause,14,436.0,940.0,366.0,378.0,236.0,470.0,448.0,434.0,440.0,412.0,366.0,242.0,366.0,434.0
2305,GDN0013,Dummy,Pause,15,452.0,900.0,378.0,382.0,468.0,424.0,464.0,468.0,436.0,416.0,306.0,450.0,376.0,450.0
2306,GDN0013,Dummy,Pause,16,452.0,852.0,350.0,364.0,422.0,450.0,428.0,422.0,428.0,400.0,430.0,246.0,356.0,422.0
2307,GDN0013,Dummy,Pause,17,422.0,898.0,326.0,344.0,246.0,384.0,430.0,420.0,410.0,384.0,322.0,420.0,322.0,420.0
2308,GDN0013,Dummy,Pause,18,424.0,920.0,360.0,366.0,422.0,454.0,436.0,422.0,428.0,400.0,362.0,232.0,362.0,422.0
2309,GDN0013,Dummy,Pause,19,440.0,930.0,358.0,358.0,242.0,414.0,448.0,438.0,428.0,408.0,322.0,438.0,358.0,438.0
2310,GDN0013,Dummy,Pause,20,450.0,906.0,368.0,382.0,450.0,432.0,456.0,452.0,436.0,412.0,366.0,448.0,366.0,448.0
2311,GDN0013,Dummy,Pause,21,430.0,860.0,348.0,362.0,328.0,404.0,440.0,428.0,428.0,404.0,322.0,244.0,352.0,428.0
2312,GDN0013,Dummy,Pause,22,422.0,882.0,326.0,346.0,318.0,408.0,426.0,426.0,412.0,386.0,306.0,420.0,324.0,420.0
2313,GDN0013,Dummy,Pause,23,428.0,916.0,354.0,358.0,242.0,414.0,434.0,434.0,420.0,394.0,358.0,428.0,358.0,428.0
2314,GDN0013,Dummy,Pause,24,436.0,916.0,364.0,376.0,436.0,458.0,444.0,438.0,426.0,406.0,316.0,434.0,362.0,434.0
2315,GDN0013,Dummy,Pause,25,438.0,926.0,356.0,356.0,340.0,422.0,450.0,436.0,426.0,406.0,316.0,436.0,358.0,436.0
2316,GDN0013,Dummy,Pause,26,450.0,918.0,364.0,364.0,454.0,440.0,456.0,456.0,432.0,410.0,336.0,450.0,362.0,450.0
2317,GDN0013,Dummy,Pause,27,458.0,888.0,354.0,376.0,470.0,456.0,462.0,422.0,438.0,408.0,366.0,266.0,366.0,422.0
2318,GDN0013,Dummy,Pause,28,444.0,922.0,320.0,352.0,456.0,438.0,450.0,458.0,420.0,396.0,308.0,442.0,,442.0
2319,GDN0013,Dummy,Pause,29,444.0,924.0,374.0,376.0,450.0,432.0,454.0,442.0,432.0,408.0,310.0,442.0,376.0,442.0
2320,GDN0013,Dummy,Pause,30,430.0,926.0,364.0,368.0,356.0,400.0,460.0,428.0,430.0,410.0,364.0,248.0,364.0,428.0
2321,GDN0013,Dummy,Pause,31,426.0,912.0,366.0,380.0,352.0,504.0,444.0,352.0,440.0,410.0,364.0,244.0,364.0,300.0
2322,GDN0013,Dummy,Pause,32,436.0,866.0,360.0,372.0,336.0,424.0,444.0,436.0,434.0,406.0,330.0,246.0,360.0,436.0
2323,GDN0013,Dummy,Pause,33,396.0,868.0,360.0,352.0,250.0,384.0,434.0,396.0,416.0,390.0,360.0,242.0,360.0,396.0
2324,GDN0013,Dummy,Pause,34,434.0,896.0,344.0,360.0,330.0,426.0,442.0,432.0,420.0,390.0,346.0,432.0,346.0,432.0
2325,GDN0013,Dummy,Pause,35,462.0,916.0,356.0,358.0,422.0,460.0,426.0,424.0,424.0,400.0,330.0,236.0,354.0,418.0
2326,GDN0013,Dummy,Pause,36,438.0,928.0,360.0,370.0,260.0,432.0,450.0,430.0,434.0,406.0,306.0,260.0,360.0,418.0
2327,GDN0013,Dummy,Pause,37,438.0,916.0,368.0,370.0,444.0,422.0,446.0,444.0,434.0,410.0,368.0,438.0,368.0,438.0
2328,GDN0013,Dummy,Pause,38,438.0,878.0,368.0,380.0,440.0,468.0,444.0,440.0,432.0,406.0,450.0,438.0,366.0,438.0
2329,GDN0013,Dummy,Pause,39,446.0,872.0,414.0,366.0,460.0,444.0,454.0,410.0,422.0,394.0,416.0,234.0,416.0,410.0
2330,GDN0013,Dummy,Pause,40,446.0,894.0,348.0,348.0,460.0,446.0,454.0,414.0,412.0,392.0,348.0,414.0,348.0,414.0
2331,GDN0013,Dummy,Pause,41,424.0,912.0,356.0,358.0,242.0,454.0,430.0,424.0,424.0,398.0,356.0,240.0,356.0,422.0
2332,GDN0013,Dummy,Pause,42,462.0,920.0,362.0,366.0,426.0,460.0,430.0,426.0,426.0,406.0,312.0,248.0,362.0,422.0
2333,GDN0013,Dummy,Pause,43,436.0,930.0,358.0,370.0,438.0,468.0,440.0,438.0,434.0,408.0,442.0,266.0,358.0,434.0
2334,GDN0013,Dummy,Pause,44,442.0,932.0,364.0,370.0,242.0,426.0,450.0,440.0,436.0,412.0,324.0,440.0,362.0,440.0
2335,GDN0013,Dummy,Pause,45,444.0,938.0,366.0,372.0,446.0,486.0,448.0,448.0,438.0,412.0,454.0,442.0,366.0,442.0
2336,GDN0013,Dummy,Pause,46,448.0,930.0,372.0,384.0,450.0,432.0,454.0,450.0,444.0,414.0,462.0,258.0,370.0,446.0
2337,GDN0013,Dummy,Pause,47,450.0,914.0,380.0,390.0,460.0,434.0,458.0,462.0,436.0,412.0,466.0,448.0,384.0,448.0
2338,GDN0013,Dummy,Pause,48,436.0,920.0,354.0,384.0,244.0,418.0,444.0,434.0,430.0,406.0,352.0,434.0,352.0,434.0
2339,GDN0013,Dummy,Pause,49,430.0,924.0,362.0,368.0,344.0,484.0,442.0,428.0,434.0,408.0,320.0,248.0,362.0,428.0
2340,GDN0013,Dummy,Pause,50,438.0,922.0,362.0,368.0,344.0,486.0,450.0,436.0,434.0,410.0,334.0,256.0,362.0,436.0
2341,GDN0013,Dummy,Pause,51,432.0,922.0,358.0,374.0,434.0,418.0,436.0,436.0,436.0,408.0,440.0,244.0,358.0,432.0
2342,GDN0013,Dummy,Pause,52,456.0,904.0,360.0,358.0,470.0,454.0,464.0,424.0,428.0,408.0,360.0,266.0,360.0,424.0
2343,GDN0013,Dummy,Pause,53,442.0,878.0,354.0,362.0,442.0,428.0,446.0,444.0,428.0,402.0,448.0,440.0,356.0,440.0
2344,GDN0013,Dummy,Pause,54,424.0,902.0,330.0,348.0,236.0,412.0,434.0,422.0,416.0,394.0,282.0,422.0,324.0,422.0
2345,GDN0013,Dummy,Pause,55,422.0,900.0,362.0,360.0,340.0,456.0,464.0,420.0,422.0,402.0,328.0,232.0,366.0,420.0
2346,GDN0013,Dummy,Pause,56,430.0,906.0,360.0,372.0,322.0,500.0,440.0,430.0,432.0,402.0,320.0,250.0,358.0,430.0
2347,GDN0013,Dummy,Pause,57,432.0,866.0,354.0,360.0,430.0,460.0,436.0,430.0,428.0,404.0,292.0,430.0,354.0,430.0
2348,GDN0013,Dummy,Pause,58,408.0,872.0,436.0,350.0,314.0,390.0,436.0,408.0,416.0,390.0,306.0,242.0,438.0,408.0
2349,GDN0013,Dummy,Pause,59,432.0,906.0,336.0,356.0,434.0,470.0,436.0,436.0,420.0,392.0,336.0,430.0,336.0,430.0
2350,GDN0013,Dummy,Pause,60,432.0,916.0,362.0,368.0,260.0,470.0,440.0,438.0,428.0,404.0,314.0,432.0,364.0,432.0
2351,GDN0013,Dummy,Pause,61,440.0,896.0,354.0,370.0,440.0,478.0,442.0,442.0,434.0,406.0,448.0,258.0,350.0,438.0
2352,GDN0013,Dummy,Pause,62,440.0,858.0,344.0,390.0,446.0,424.0,446.0,446.0,426.0,400.0,454.0,440.0,442.0,440.0
2353,GDN0013,Dummy,Pause,63,424.0,910.0,326.0,354.0,244.0,376.0,436.0,422.0,416.0,386.0,286.0,242.0,320.0,422.0
2356,GDN0013,Dummy,TiltLevel,0,428.0,932.0,374.0,380.0,430.0,464.0,436.0,416.0,428.0,412.0,306.0,428.0,374.0,428.0
2357,GDN0013,Dummy,TiltLevel,1,420.0,930.0,368.0,374.0,424.0,458.0,428.0,418.0,432.0,412.0,368.0,250.0,368.0,418.0
2358,GDN0013,Dummy,TiltLevel,2,424.0,918.0,356.0,362.0,264.0,462.0,432.0,422.0,432.0,412.0,358.0,264.0,358.0,422.0
2359,GDN0013,Dummy,TiltLevel,3,444.0,910.0,368.0,366.0,352.0,442.0,458.0,406.0,430.0,408.0,368.0,254.0,368.0,406.0
2360,GDN0013,Dummy,TiltLevel,4,438.0,866.0,362.0,362.0,350.0,426.0,448.0,438.0,424.0,404.0,362.0,438.0,362.0,438.0
2361,GDN0013,Dummy,TiltLevel,5,424.0,890.0,374.0,350.0,248.0,412.0,434.0,422.0,416.0,390.0,376.0,422.0,376.0,422.0
2362,GDN0013,Dummy,TiltLevel,6,420.0,918.0,354.0,352.0,240.0,410.0,438.0,420.0,418.0,398.0,354.0,420.0,354.0,420.0
2363,GDN0013,Dummy,TiltLevel,7,412.0,924.0,364.0,370.0,360.0,400.0,444.0,410.0,424.0,408.0,364.0,258.0,364.0,410.0
2364,GDN0013,Dummy,TiltLevel,8,414.0,926.0,360.0,352.0,460.0,438.0,452.0,412.0,426.0,410.0,358.0,260.0,358.0,412.0
2365,GDN0013,Dummy,TiltLevel,9,440.0,882.0,368.0,392.0,216.0,432.0,452.0,438.0,434.0,410.0,364.0,438.0,364.0,438.0
2366,GDN0013,Dummy,TiltLevel,10,432.0,890.0,408.0,354.0,448.0,432.0,444.0,402.0,414.0,394.0,412.0,242.0,412.0,402.0
2367,GDN0013,Dummy,TiltLevel,11,420.0,930.0,344.0,352.0,316.0,406.0,438.0,418.0,420.0,398.0,344.0,256.0,344.0,418.0
2368,GDN0013,Dummy,TiltLevel,12,432.0,936.0,368.0,358.0,434.0,476.0,438.0,434.0,430.0,412.0,302.0,430.0,370.0,430.0
2369,GDN0013,Dummy,TiltLevel,13,436.0,914.0,368.0,374.0,442.0,478.0,444.0,436.0,440.0,414.0,280.0,250.0,366.0,436.0
2370,GDN0013,Dummy,TiltLevel,14,430.0,868.0,360.0,362.0,332.0,470.0,438.0,436.0,430.0,406.0,328.0,238.0,358.0,428.0
2371,GDN0013,Dummy,TiltLevel,15,418.0,864.0,384.0,384.0,318.0,408.0,432.0,416.0,418.0,390.0,308.0,232.0,422.0,416.0
2372,GDN0013,Dummy,TiltLevel,16,404.0,924.0,346.0,350.0,220.0,438.0,414.0,404.0,410.0,388.0,344.0,230.0,344.0,404.0
2373,GDN0013,Dummy,TiltLevel,17,426.0,942.0,380.0,390.0,258.0,482.0,454.0,294.0,432.0,410.0,382.0,258.0,382.0,258.0
2374,GDN0013,Dummy,TiltLevel,18,420.0,944.0,370.0,370.0,356.0,406.0,440.0,420.0,436.0,416.0,370.0,274.0,370.0,420.0
2375,GDN0013,Dummy,TiltLevel,19,436.0,902.0,384.0,386.0,472.0,424.0,466.0,434.0,432.0,416.0,362.0,434.0,382.0,434.0
2376,GDN0013,Dummy,TiltLevel,20,428.0,874.0,434.0,372.0,428.0,410.0,434.0,428.0,426.0,402.0,438.0,250.0,442.0,426.0
2377,GDN0013,Dummy,TiltLevel,21,430.0,930.0,342.0,350.0,444.0,426.0,438.0,424.0,416.0,392.0,338.0,258.0,338.0,404.0
2378,GDN0013,Dummy,TiltLevel,22,424.0,948.0,372.0,362.0,430.0,458.0,438.0,424.0,432.0,412.0,374.0,260.0,374.0,424.0
2379,GDN0013,Dummy,TiltLevel,23,456.0,954.0,366.0,364.0,470.0,442.0,464.0,470.0,436.0,418.0,368.0,454.0,368.0,454.0
2380,GDN0013,Dummy,TiltLevel,24,450.0,930.0,376.0,390.0,458.0,440.0,458.0,460.0,434.0,420.0,320.0,448.0,368.0,448.0
2381,GDN0013,Dummy,TiltLevel,25,436.0,912.0,450.0,380.0,468.0,418.0,456.0,434.0,428.0,412.0,324.0,434.0,458.0,434.0
2382,GDN0013,Dummy,TiltLevel,26,430.0,958.0,364.0,376.0,430.0,460.0,436.0,430.0,428.0,406.0,364.0,258.0,364.0,428.0
2383,GDN0013,Dummy,TiltLevel,27,430.0,958.0,380.0,380.0,480.0,464.0,472.0,428.0,440.0,422.0,318.0,270.0,380.0,428.0
2384,GDN0013,Dummy,TiltLevel,28,428.0,956.0,378.0,390.0,432.0,464.0,436.0,432.0,438.0,422.0,328.0,268.0,376.0,428.0
2385,GDN0013,Dummy,TiltLevel,29,456.0,960.0,378.0,374.0,358.0,442.0,464.0,460.0,440.0,420.0,352.0,454.0,380.0,454.0
2386,GDN0013,Dummy,TiltLevel,30,424.0,950.0,382.0,374.0,258.0,422.0,470.0,296.0,440.0,422.0,380.0,260.0,380.0,260.0
2387,GDN0013,Dummy,TiltLevel,31,452.0,914.0,384.0,384.0,464.0,452.0,464.0,450.0,444.0,418.0,332.0,272.0,390.0,418.0
2388,GDN0013,Dummy,TiltLevel,32,436.0,932.0,360.0,370.0,436.0,420.0,440.0,438.0,434.0,406.0,444.0,248.0,356.0,434.0
2389,GDN0013,Dummy,TiltLevel,33,430.0,924.0,370.0,364.0,244.0,424.0,444.0,430.0,432.0,412.0,302.0,244.0,370.0,430.0
2390,GDN0013,Dummy,TiltLevel,34,436.0,922.0,366.0,370.0,266.0,486.0,444.0,448.0,434.0,410.0,318.0,262.0,366.0,434.0
2391,GDN0013,Dummy,TiltLevel,35,424.0,930.0,364.0,364.0,466.0,450.0,460.0,424.0,426.0,408.0,318.0,424.0,364.0,424.0
2392,GDN0013,Dummy,TiltLevel,36,434.0,936.0,370.0,376.0,246.0,420.0,442.0,434.0,438.0,412.0,308.0,246.0,370.0,434.0
2393,GDN0013,Dummy,TiltLevel,37,432.0,888.0,370.0,374.0,472.0,452.0,464.0,430.0,432.0,414.0,368.0,430.0,368.0,430.0
2394,GDN0013,Dummy,TiltLevel,38,422.0,856.0,342.0,352.0,436.0,416.0,432.0,436.0,420.0,396.0,346.0,422.0,346.0,422.0
2395,GDN0013,Dummy,TiltLevel,39,400.0,892.0,318.0,340.0,272.0,432.0,406.0,398.0,408.0,386.0,312.0,268.0,312.0,398.0
2396,GDN0013,Dummy,TiltLevel,40,426.0,912.0,358.0,366.0,432.0,482.0,430.0,434.0,428.0,398.0,442.0,274.0,362.0,486.0
2397,GDN0013,Dummy,TiltLevel,41,456.0,938.0,362.0,356.0,470.0,456.0,468.0,426.0,426.0,406.0,362.0,276.0,362.0,422.0
2398,GDN0013,Dummy,TiltLevel,42,454.0,934.0,368.0,358.0,472.0,450.0,466.0,452.0,430.0,414.0,328.0,452.0,366.0,452.0
2399,GDN0013,Dummy,TiltLevel,43,456.0,886.0,374.0,382.0,472.0,456.0,468.0,424.0,432.0,412.0,340.0,254.0,372.0,422.0
2400,GDN0013,Dummy,TiltLevel,44,432.0,880.0,442.0,350.0,336.0,420.0,442.0,430.0,418.0,396.0,444.0,430.0,444.0,430.0
2401,GDN0013,Dummy,TiltLevel,45,426.0,940.0,344.0,348.0,242.0,418.0,434.0,436.0,416.0,394.0,288.0,426.0,344.0,426.0
2402,GDN0013,Dummy,TiltLevel,46,424.0,962.0,370.0,368.0,238.0,420.0,456.0,422.0,432.0,414.0,314.0,246.0,372.0,422.0
2403,GDN0013,Dummy,TiltLevel,47,440.0,974.0,376.0,392.0,446.0,482.0,448.0,448.0,440.0,422.0,326.0,440.0,374.0,440.0
2404,GDN0013,Dummy,TiltLevel,48,450.0,978.0,378.0,402.0,464.0,512.0,458.0,466.0,460.0,424.0,464.0,264.0,378.0,448.0
2405,GDN0013,Dummy,TiltLevel,49,434.0,988.0,382.0,390.0,250.0,462.0,474.0,432.0,448.0,428.0,324.0,256.0,380.0,432.0
2406,GDN0013,Dummy,TiltLevel,50,450.0,948.0,386.0,402.0,276.0,524.0,460.0,450.0,462.0,432.0,464.0,274.0,390.0,528.0
2407,GDN0013,Dummy,TiltLevel,51,448.0,948.0,342.0,368.0,336.0,426.0,456.0,448.0,438.0,418.0,334.0,448.0,334.0,448.0
2408,GDN0013,Dummy,TiltLevel,52,434.0,940.0,378.0,382.0,226.0,490.0,456.0,432.0,442.0,418.0,382.0,288.0,382.0,432.0
2409,GDN0013,Dummy,TiltLevel,53,422.0,934.0,362.0,376.0,316.0,486.0,456.0,442.0,442.0,416.0,314.0,258.0,362.0,420.0
2410,GDN0013,Dummy,TiltLevel,54,436.0,934.0,356.0,392.0,340.0,420.0,454.0,434.0,440.0,412.0,356.0,262.0,356.0,434.0
2411,GDN0013,Dummy,TiltLevel,55,424.0,932.0,358.0,372.0,242.0,414.0,436.0,422.0,438.0,412.0,358.0,248.0,358.0,422.0
2412,GDN0013,Dummy,TiltLevel,56,434.0,932.0,360.0,370.0,254.0,458.0,442.0,434.0,436.0,412.0,312.0,252.0,360.0,434.0
2413,GDN0013,Dummy,TiltLevel,57,448.0,930.0,360.0,370.0,458.0,442.0,450.0,440.0,436.0,412.0,304.0,244.0,358.0,418.0
2414,GDN0013,Dummy,TiltLevel,58,442.0,928.0,354.0,380.0,456.0,496.0,452.0,440.0,442.0,412.0,356.0,248.0,356.0,440.0
2415,GDN0013,Dummy,TiltLevel,59,420.0,926.0,358.0,380.0,418.0,512.0,424.0,420.0,440.0,410.0,328.0,272.0,358.0,518.0
2416,GDN0013,Dummy,TiltLevel,60,442.0,894.0,358.0,402.0,456.0,504.0,448.0,440.0,442.0,410.0,456.0,252.0,356.0,512.0
2417,GDN0013,Dummy,TiltLevel,61,446.0,894.0,430.0,360.0,460.0,446.0,454.0,444.0,424.0,398.0,434.0,230.0,434.0,416.0
2418,GDN0013,Dummy,TiltLevel,62,414.0,926.0,342.0,352.0,238.0,454.0,424.0,412.0,420.0,398.0,342.0,244.0,342.0,412.0
2419,GDN0013,Dummy,TiltUp,0,386.0,750.0,400.0,312.0,396.0,374.0,394.0,332.0,372.0,348.0,390.0,386.0,400.0,386.0
2420,GDN0013,Dummy,TiltUp,1,378.0,776.0,392.0,346.0,270.0,370.0,390.0,378.0,370.0,348.0,386.0,378.0,396.0,378.0
2421,GDN0013,Dummy,TiltUp,2,394.0,794.0,406.0,336.0,406.0,362.0,402.0,408.0,388.0,358.0,398.0,86.0,406.0,392.0
2422,GDN0013,Dummy,TiltUp,3,398.0,800.0,406.0,326.0,406.0,386.0,406.0,406.0,390.0,364.0,404.0,396.0,314.0,396.0
2423,GDN0013,Dummy,TiltUp,4,400.0,778.0,420.0,336.0,422.0,382.0,412.0,422.0,396.0,366.0,404.0,440.0,424.0,398.0
2424,GDN0013,Dummy,TiltUp,5,384.0,772.0,398.0,336.0,388.0,370.0,398.0,384.0,386.0,358.0,388.0,36.0,290.0,384.0
2425,GDN0013,Dummy,TiltUp,6,402.0,762.0,364.0,362.0,414.0,394.0,410.0,414.0,380.0,356.0,410.0,402.0,408.0,402.0
2426,GDN0013,Dummy,TiltUp,7,376.0,756.0,396.0,332.0,408.0,362.0,398.0,376.0,372.0,352.0,392.0,376.0,400.0,376.0
2427,GDN0013,Dummy,TiltUp,8,370.0,744.0,398.0,320.0,416.0,354.0,404.0,370.0,380.0,350.0,374.0,102.0,388.0,370.0
2428,GDN0013,Dummy,TiltUp,9,386.0,734.0,394.0,324.0,414.0,374.0,398.0,384.0,370.0,346.0,394.0,384.0,392.0,384.0
2429,GDN0013,Dummy,TiltUp,10,380.0,694.0,406.0,316.0,406.0,370.0,394.0,368.0,374.0,342.0,382.0,282.0,410.0,354.0
2430,GDN0013,Dummy,TiltUp,11,366.0,724.0,384.0,288.0,372.0,352.0,374.0,374.0,354.0,328.0,370.0,366.0,376.0,366.0
2431,GDN0013,Dummy,TiltUp,12,376.0,718.0,390.0,326.0,380.0,362.0,382.0,380.0,366.0,340.0,378.0,374.0,394.0,374.0
2432,GDN0013,Dummy,TiltUp,13,376.0,738.0,388.0,322.0,400.0,358.0,388.0,374.0,364.0,338.0,382.0,374.0,390.0,374.0
2433,GDN0013,Dummy,TiltUp,14,384.0,752.0,392.0,336.0,394.0,468.0,390.0,394.0,384.0,342.0,388.0,148.0,326.0,384.0
2434,GDN0013,Dummy,TiltUp,15,392.0,756.0,400.0,364.0,400.0,384.0,398.0,402.0,380.0,350.0,396.0,390.0,404.0,390.0
2435,GDN0013,Dummy,TiltUp,16,368.0,744.0,412.0,324.0,406.0,348.0,392.0,366.0,382.0,350.0,370.0,428.0,412.0,366.0
2436,GDN0013,Dummy,TiltUp,17,362.0,760.0,400.0,328.0,402.0,382.0,394.0,360.0,370.0,346.0,366.0,264.0,398.0,360.0
2437,GDN0013,Dummy,TiltUp,18,392.0,772.0,400.0,322.0,402.0,382.0,400.0,404.0,382.0,352.0,396.0,76.0,402.0,390.0
2438,GDN0013,Dummy,TiltUp,19,386.0,774.0,404.0,344.0,278.0,374.0,396.0,392.0,380.0,356.0,388.0,386.0,404.0,386.0
2439,GDN0013,Dummy,TiltUp,20,374.0,776.0,406.0,344.0,416.0,468.0,408.0,372.0,394.0,354.0,332.0,70.0,406.0,372.0
2440,GDN0013,Dummy,TiltUp,21,396.0,764.0,410.0,332.0,400.0,380.0,404.0,400.0,384.0,358.0,398.0,394.0,406.0,394.0
2441,GDN0013,Dummy,TiltUp,22,388.0,736.0,414.0,318.0,398.0,426.0,398.0,398.0,382.0,354.0,390.0,388.0,418.0,388.0
2442,GDN0013,Dummy,TiltUp,23,388.0,744.0,402.0,302.0,400.0,378.0,394.0,400.0,368.0,344.0,392.0,386.0,394.0,386.0
2443,GDN0013,Dummy,TiltUp,24,380.0,732.0,398.0,334.0,392.0,366.0,388.0,394.0,374.0,346.0,384.0,230.0,400.0,380.0
2444,GDN0013,Dummy,TiltUp,25,366.0,736.0,396.0,328.0,406.0,352.0,394.0,366.0,370.0,342.0,370.0,100.0,394.0,366.0
2445,GDN0013,Dummy,TiltUp,26,386.0,740.0,388.0,348.0,390.0,374.0,392.0,392.0,380.0,342.0,388.0,72.0,308.0,384.0
2446,GDN0013,Dummy,TiltUp,27,374.0,730.0,394.0,310.0,296.0,350.0,386.0,394.0,374.0,346.0,376.0,94.0,402.0,372.0
2447,GDN0013,Dummy,TiltUp,28,378.0,746.0,382.0,310.0,388.0,420.0,384.0,388.0,372.0,342.0,380.0,96.0,298.0,356.0
2448,GDN0013,Dummy,TiltUp,29,386.0,760.0,402.0,312.0,396.0,376.0,392.0,396.0,374.0,348.0,388.0,384.0,404.0,384.0
2449,GDN0013,Dummy,TiltUp,30,382.0,774.0,396.0,326.0,254.0,366.0,394.0,382.0,378.0,352.0,390.0,382.0,396.0,382.0
2450,GDN0013,Dummy,TiltUp,31,390.0,772.0,398.0,318.0,396.0,378.0,396.0,398.0,380.0,356.0,394.0,390.0,322.0,390.0
2451,GDN0013,Dummy,TiltUp,32,392.0,766.0,404.0,326.0,406.0,386.0,402.0,406.0,386.0,356.0,400.0,232.0,412.0,390.0
2452,GDN0013,Dummy,TiltUp,33,386.0,772.0,404.0,322.0,392.0,372.0,392.0,394.0,384.0,354.0,386.0,112.0,398.0,384.0
2453,GDN0013,Dummy,TiltUp,34,382.0,782.0,402.0,328.0,388.0,364.0,392.0,390.0,386.0,356.0,384.0,238.0,408.0,380.0
2454,GDN0013,Dummy,TiltUp,35,404.0,780.0,394.0,376.0,232.0,390.0,408.0,360.0,390.0,360.0,364.0,74.0,376.0,360.0
2455,GDN0013,Dummy,TiltUp,36,392.0,764.0,410.0,328.0,232.0,380.0,400.0,404.0,390.0,360.0,394.0,284.0,416.0,392.0
2456,GDN0013,Dummy,TiltUp,37,358.0,766.0,400.0,320.0,410.0,384.0,402.0,384.0,382.0,354.0,362.0,12.0,364.0,356.0
2457,GDN0013,Dummy,TiltUp,38,394.0,764.0,406.0,316.0,398.0,382.0,398.0,400.0,378.0,354.0,394.0,392.0,410.0,392.0
2458,GDN0013,Dummy,TiltUp,39,394.0,764.0,402.0,324.0,406.0,384.0,402.0,382.0,380.0,354.0,392.0,86.0,394.0,366.0
2459,GDN0013,Dummy,TiltUp,40,386.0,750.0,402.0,336.0,268.0,374.0,398.0,406.0,380.0,354.0,390.0,384.0,406.0,384.0
2460,GDN0013,Dummy,TiltUp,41,370.0,752.0,394.0,322.0,390.0,420.0,388.0,392.0,380.0,348.0,382.0,246.0,392.0,368.0
2461,GDN0013,Dummy,TiltUp,42,372.0,752.0,396.0,306.0,422.0,350.0,396.0,370.0,374.0,350.0,390.0,274.0,400.0,370.0
2462,GDN0013,Dummy,TiltUp,43,380.0,754.0,398.0,334.0,404.0,458.0,396.0,404.0,388.0,348.0,388.0,140.0,400.0,378.0
2463,GDN0013,Dummy,TiltUp,44,392.0,750.0,314.0,314.0,404.0,382.0,402.0,406.0,376.0,350.0,398.0,390.0,304.0,390.0
2464,GDN0013,Dummy,TiltUp,45,388.0,728.0,404.0,320.0,398.0,374.0,396.0,400.0,380.0,348.0,392.0,268.0,410.0,388.0
2465,GDN0013,Dummy,TiltUp,46,370.0,742.0,390.0,310.0,392.0,340.0,382.0,392.0,370.0,340.0,376.0,246.0,302.0,370.0
2466,GDN0013,Dummy,TiltUp,47,382.0,752.0,394.0,336.0,392.0,368.0,388.0,392.0,384.0,344.0,386.0,268.0,400.0,382.0
2467,GDN0013,Dummy,TiltUp,48,392.0,768.0,400.0,326.0,402.0,456.0,398.0,402.0,384.0,348.0,396.0,418.0,324.0,392.0
2468,GDN0013,Dummy,TiltUp,49,378.0,756.0,400.0,330.0,380.0,360.0,390.0,376.0,380.0,354.0,380.0,268.0,404.0,376.0
2469,GDN0013,Dummy,TiltUp,50,366.0,754.0,382.0,314.0,378.0,352.0,384.0,364.0,378.0,350.0,376.0,268.0,378.0,364.0
2470,GDN0013,Dummy,TiltUp,51,386.0,770.0,400.0,324.0,392.0,428.0,392.0,394.0,376.0,350.0,386.0,384.0,400.0,384.0
2471,GDN0013,Dummy,TiltUp,52,394.0,782.0,404.0,340.0,400.0,382.0,400.0,402.0,384.0,356.0,396.0,392.0,408.0,392.0
2472,GDN0013,Dummy,TiltUp,53,398.0,788.0,398.0,322.0,404.0,438.0,404.0,406.0,386.0,360.0,402.0,396.0,308.0,396.0
2473,GDN0013,Dummy,TiltUp,54,394.0,766.0,410.0,322.0,398.0,382.0,400.0,400.0,388.0,362.0,396.0,392.0,418.0,392.0
2474,GDN0013,Dummy,TiltUp,55,372.0,770.0,406.0,332.0,368.0,392.0,398.0,372.0,382.0,354.0,372.0,262.0,392.0,372.0
2475,GDN0013,Dummy,TiltUp,56,368.0,770.0,392.0,326.0,266.0,354.0,400.0,366.0,382.0,356.0,374.0,64.0,402.0,366.0
2476,GDN0013,Dummy,TiltUp,57,394.0,756.0,408.0,328.0,402.0,382.0,400.0,404.0,384.0,356.0,396.0,392.0,404.0,392.0
2477,GDN0013,Dummy,TiltUp,58,380.0,740.0,400.0,360.0,396.0,376.0,392.0,398.0,380.0,350.0,384.0,272.0,404.0,380.0
2478,GDN0013,Dummy,TiltUp,59,376.0,734.0,382.0,300.0,408.0,362.0,392.0,376.0,368.0,346.0,384.0,376.0,284.0,376.0
2479,GDN0013,Dummy,TiltUp,60,368.0,726.0,384.0,322.0,370.0,404.0,374.0,372.0,370.0,342.0,370.0,258.0,390.0,368.0
2480,GDN0013,Dummy,TiltUp,61,370.0,716.0,382.0,316.0,372.0,412.0,376.0,374.0,366.0,340.0,372.0,136.0,376.0,368.0
2481,GDN0013,Dummy,TiltUp,62,366.0,694.0,384.0,304.0,402.0,354.0,380.0,364.0,366.0,336.0,370.0,242.0,394.0,364.0
2482,GDN0013,Dummy,TiltUp,63,362.0,714.0,366.0,304.0,358.0,342.0,376.0,360.0,356.0,328.0,370.0,126.0,280.0,360.0
2483,GDN0013,Dummy,TiltUp,64,374.0,706.0,390.0,328.0,376.0,358.0,378.0,378.0,364.0,336.0,376.0,372.0,390.0,372.0
2484,GDN0013,Dummy,TiltUp,65,372.0,700.0,384.0,312.0,250.0,360.0,384.0,372.0,360.0,334.0,382.0,372.0,384.0,372.0
2485,GDN0013,Dummy,TiltUp,66,372.0,694.0,388.0,290.0,380.0,360.0,378.0,380.0,356.0,332.0,376.0,372.0,392.0,372.0
2486,GDN0013,Dummy,TiltUp,67,368.0,692.0,232.0,306.0,376.0,350.0,374.0,378.0,348.0,328.0,376.0,366.0,,366.0
2487,GDN0013,Dummy,TiltUp,68,370.0,684.0,386.0,332.0,376.0,358.0,374.0,376.0,352.0,328.0,370.0,400.0,394.0,368.0
2488,GDN0013,Dummy,TiltUp,69,370.0,690.0,380.0,304.0,386.0,332.0,378.0,352.0,352.0,326.0,374.0,238.0,250.0,352.0
2489,GDN0013,Dummy,TiltUp,70,362.0,696.0,372.0,336.0,372.0,434.0,370.0,372.0,366.0,326.0,366.0,110.0,380.0,440.0
2490,GDN0013,Dummy,TiltUp,71,362.0,708.0,370.0,292.0,376.0,346.0,370.0,376.0,356.0,330.0,368.0,74.0,274.0,360.0
2491,GDN0013,Dummy,TiltUp,72,364.0,694.0,378.0,290.0,376.0,358.0,374.0,378.0,358.0,334.0,368.0,364.0,388.0,364.0
2492,GDN0013,Dummy,TiltUp,73,370.0,704.0,374.0,330.0,378.0,360.0,376.0,380.0,354.0,328.0,372.0,368.0,260.0,368.0
2493,GDN0013,Dummy,TiltUp,74,372.0,718.0,288.0,286.0,386.0,362.0,382.0,386.0,354.0,332.0,386.0,372.0,292.0,372.0
2494,GDN0013,Dummy,TiltUp,75,376.0,720.0,388.0,338.0,382.0,364.0,382.0,384.0,364.0,338.0,380.0,376.0,392.0,376.0
2495,GDN0013,Dummy,TiltUp,76,374.0,724.0,384.0,380.0,378.0,452.0,378.0,378.0,382.0,334.0,376.0,94.0,290.0,460.0
2496,GDN0013,Dummy,TiltUp,77,376.0,718.0,396.0,328.0,400.0,356.0,386.0,374.0,364.0,340.0,376.0,374.0,402.0,374.0
2497,GDN0013,Dummy,TiltUp,78,376.0,714.0,380.0,300.0,388.0,364.0,384.0,390.0,364.0,338.0,382.0,376.0,280.0,376.0
2498,GDN0013,Dummy,TiltUp,79,378.0,,384.0,318.0,392.0,366.0,386.0,394.0,358.0,336.0,386.0,376.0,390.0,376.0
2499,GDN0013,Dummy,Valsalva,0,434.0,914.0,364.0,374.0,438.0,466.0,442.0,136.0,426.0,406.0,362.0,432.0,362.0,432.0
2500,GDN0013,Dummy,Valsalva,1,436.0,916.0,362.0,366.0,290.0,436.0,452.0,292.0,430.0,406.0,362.0,234.0,362.0,286.0
2501,GDN0013,Dummy,Valsalva,2,444.0,922.0,360.0,368.0,446.0,474.0,448.0,446.0,432.0,406.0,360.0,442.0,360.0,442.0
2502,GDN0013,Dummy,Valsalva,3,436.0,910.0,356.0,364.0,474.0,420.0,448.0,434.0,432.0,408.0,354.0,434.0,354.0,434.0
2503,GDN0013,Dummy,Valsalva,4,440.0,898.0,366.0,364.0,350.0,422.0,454.0,440.0,428.0,404.0,338.0,440.0,368.0,440.0
2504,GDN0013,Dummy,Valsalva,5,432.0,912.0,356.0,356.0,430.0,414.0,438.0,430.0,424.0,400.0,326.0,430.0,356.0,430.0
2505,GDN0013,Dummy,Valsalva,6,464.0,918.0,354.0,378.0,474.0,462.0,470.0,476.0,438.0,406.0,324.0,462.0,356.0,462.0
2506,GDN0013,Dummy,Valsalva,7,430.0,908.0,366.0,376.0,364.0,410.0,454.0,428.0,428.0,408.0,364.0,244.0,364.0,428.0
2507,GDN0013,Dummy,Valsalva,8,440.0,896.0,356.0,364.0,444.0,480.0,446.0,446.0,430.0,404.0,326.0,440.0,358.0,440.0
2508,GDN0013,Dummy,Valsalva,9,442.0,922.0,330.0,354.0,410.0,440.0,450.0,438.0,422.0,400.0,326.0,234.0,326.0,414.0
2509,GDN0013,Dummy,Valsalva,10,440.0,926.0,366.0,366.0,226.0,424.0,454.0,438.0,428.0,408.0,370.0,438.0,370.0,438.0
2510,GDN0013,Dummy,Valsalva,11,430.0,916.0,366.0,368.0,350.0,462.0,474.0,430.0,434.0,410.0,364.0,244.0,364.0,430.0
2511,GDN0013,Dummy,Valsalva,12,448.0,886.0,358.0,374.0,318.0,438.0,460.0,448.0,430.0,406.0,316.0,448.0,360.0,448.0
2512,GDN0013,Dummy,Valsalva,13,416.0,916.0,344.0,354.0,328.0,450.0,426.0,416.0,420.0,396.0,342.0,236.0,342.0,416.0
2513,GDN0013,Dummy,Valsalva,14,442.0,916.0,360.0,376.0,336.0,422.0,452.0,440.0,436.0,406.0,320.0,244.0,364.0,440.0
2514,GDN0013,Dummy,Valsalva,15,432.0,926.0,358.0,364.0,254.0,468.0,442.0,432.0,430.0,406.0,316.0,252.0,356.0,432.0
2515,GDN0013,Dummy,Valsalva,16,434.0,908.0,360.0,358.0,440.0,470.0,444.0,440.0,428.0,410.0,304.0,434.0,362.0,434.0
2516,GDN0013,Dummy,Valsalva,17,448.0,918.0,360.0,366.0,458.0,440.0,454.0,440.0,430.0,404.0,300.0,244.0,358.0,424.0
2517,GDN0013,Dummy,Valsalva,18,436.0,934.0,370.0,384.0,360.0,496.0,446.0,434.0,442.0,406.0,346.0,274.0,372.0,434.0
2518,GDN0013,Dummy,Valsalva,19,478.0,938.0,368.0,372.0,440.0,474.0,446.0,436.0,438.0,412.0,366.0,236.0,366.0,436.0
2519,GDN0013,Dummy,Valsalva,20,446.0,906.0,364.0,372.0,354.0,434.0,464.0,432.0,438.0,414.0,314.0,256.0,366.0,414.0
2520,GDN0013,Dummy,Valsalva,21,452.0,918.0,350.0,374.0,458.0,444.0,456.0,460.0,434.0,404.0,466.0,452.0,348.0,452.0
2521,GDN0013,Dummy,Valsalva,22,448.0,928.0,366.0,380.0,458.0,498.0,456.0,460.0,440.0,408.0,328.0,252.0,368.0,448.0
2522,GDN0013,Dummy,Valsalva,23,442.0,932.0,356.0,408.0,444.0,480.0,448.0,446.0,436.0,410.0,312.0,442.0,356.0,442.0
2523,GDN0013,Dummy,Valsalva,24,430.0,922.0,372.0,392.0,466.0,510.0,452.0,430.0,448.0,410.0,460.0,258.0,372.0,518.0
2524,GDN0013,Dummy,Valsalva,25,440.0,890.0,356.0,378.0,304.0,472.0,450.0,440.0,432.0,408.0,352.0,440.0,352.0,440.0
2525,GDN0013,Dummy,Valsalva,26,434.0,886.0,448.0,360.0,432.0,416.0,442.0,432.0,424.0,398.0,294.0,432.0,452.0,432.0
2526,GDN0013,Dummy,Valsalva,27,444.0,928.0,342.0,354.0,454.0,438.0,450.0,454.0,420.0,396.0,302.0,444.0,342.0,444.0
2527,GDN0013,Dummy,Valsalva,28,426.0,938.0,368.0,378.0,482.0,462.0,468.0,424.0,432.0,410.0,372.0,244.0,372.0,424.0
2528,GDN0013,Dummy,Valsalva,29,452.0,920.0,364.0,374.0,322.0,430.0,464.0,450.0,438.0,414.0,316.0,450.0,358.0,450.0
2529,GDN0013,Dummy,Valsalva,30,452.0,888.0,458.0,370.0,456.0,438.0,456.0,458.0,434.0,408.0,458.0,450.0,466.0,450.0
2530,GDN0013,Dummy,Valsalva,31,444.0,940.0,328.0,378.0,448.0,430.0,446.0,448.0,420.0,396.0,300.0,442.0,324.0,442.0
2531,GDN0013,Dummy,Valsalva,32,466.0,952.0,370.0,372.0,432.0,462.0,470.0,432.0,438.0,414.0,372.0,250.0,372.0,432.0
2532,GDN0013,Dummy,Valsalva,33,458.0,922.0,362.0,388.0,330.0,420.0,466.0,472.0,450.0,420.0,356.0,226.0,356.0,456.0
2533,GDN0013,Dummy,Valsalva,34,436.0,868.0,358.0,366.0,352.0,410.0,456.0,434.0,432.0,408.0,306.0,250.0,446.0,434.0
2534,GDN0013,Dummy,Valsalva,35,426.0,918.0,320.0,424.0,226.0,384.0,430.0,424.0,430.0,388.0,314.0,272.0,314.0,424.0
2535,GDN0013,Dummy,Valsalva,36,432.0,934.0,368.0,360.0,260.0,476.0,448.0,432.0,428.0,408.0,324.0,432.0,374.0,432.0
2536,GDN0013,Dummy,Valsalva,37,446.0,940.0,366.0,384.0,328.0,488.0,456.0,458.0,436.0,412.0,320.0,446.0,366.0,446.0
2537,GDN0013,Dummy,Valsalva,38,446.0,918.0,360.0,366.0,308.0,428.0,456.0,444.0,436.0,416.0,304.0,444.0,356.0,444.0
2538,GDN0013,Dummy,Valsalva,39,440.0,902.0,460.0,370.0,358.0,416.0,450.0,440.0,434.0,408.0,456.0,440.0,462.0,440.0
2539,GDN0013,Dummy,Valsalva,40,436.0,932.0,348.0,366.0,408.0,432.0,444.0,432.0,430.0,402.0,346.0,232.0,346.0,414.0
2540,GDN0013,Dummy,Valsalva,41,442.0,930.0,360.0,404.0,442.0,486.0,448.0,440.0,442.0,412.0,454.0,246.0,362.0,440.0
2541,GDN0013,Dummy,Valsalva,42,450.0,910.0,356.0,360.0,340.0,434.0,458.0,464.0,430.0,412.0,352.0,448.0,352.0,448.0
2543,GDN0013,Dummy,Valsalva,44,428.0,876.0,342.0,378.0,438.0,408.0,434.0,,418.0,392.0,282.0,426.0,336.0,426.0
2544,GDN0013,Dummy,Valsalva,45,412.0,838.0,346.0,354.0,230.0,396.0,426.0,412.0,418.0,392.0,272.0,232.0,348.0,412.0
2545,GDN0013,Dummy,Valsalva,46,416.0,830.0,338.0,336.0,420.0,452.0,422.0,420.0,402.0,380.0,338.0,414.0,338.0,414.0
2546,GDN0013,Dummy,Valsalva,47,418.0,840.0,334.0,340.0,284.0,412.0,422.0,412.0,402.0,376.0,276.0,228.0,336.0,390.0
2547,GDN0013,Dummy,Valsalva,48,408.0,834.0,322.0,330.0,274.0,392.0,414.0,410.0,400.0,380.0,318.0,408.0,318.0,408.0
2548,GDN0013,Dummy,Valsalva,49,392.0,854.0,344.0,338.0,446.0,430.0,410.0,392.0,404.0,378.0,344.0,244.0,344.0,392.0
2549,GDN0013,Dummy,Valsalva,50,432.0,912.0,334.0,350.0,398.0,430.0,440.0,430.0,412.0,384.0,340.0,266.0,340.0,400.0
2550,GDN0013,Dummy,Valsalva,51,454.0,908.0,348.0,374.0,232.0,452.0,460.0,450.0,436.0,406.0,338.0,236.0,338.0,418.0
2551,GDN0013,Dummy,Valsalva,52,446.0,858.0,460.0,356.0,464.0,414.0,454.0,444.0,424.0,404.0,460.0,444.0,468.0,444.0
2552,GDN0013,Dummy,Valsalva,53,424.0,926.0,318.0,360.0,432.0,470.0,430.0,424.0,418.0,386.0,312.0,226.0,312.0,424.0
2553,GDN0013,Dummy,Valsalva,54,446.0,952.0,364.0,372.0,454.0,434.0,456.0,444.0,436.0,410.0,368.0,444.0,368.0,444.0
2554,GDN0013,Dummy,Valsalva,55,464.0,960.0,370.0,386.0,470.0,510.0,468.0,472.0,448.0,420.0,474.0,462.0,368.0,462.0
2555,GDN0013,Dummy,Valsalva,56,452.0,954.0,376.0,380.0,452.0,440.0,458.0,452.0,446.0,422.0,378.0,452.0,378.0,452.0
2556,GDN0013,Dummy,Valsalva,57,454.0,904.0,372.0,372.0,236.0,436.0,462.0,452.0,440.0,420.0,368.0,452.0,368.0,452.0
2557,GDN0013,Dummy,Valsalva,58,428.0,844.0,444.0,372.0,298.0,408.0,448.0,426.0,428.0,402.0,296.0,244.0,452.0,426.0
2558,GDN0013,Dummy,Valsalva,59,408.0,832.0,342.0,332.0,446.0,394.0,432.0,408.0,402.0,382.0,284.0,408.0,334.0,408.0
2559,GDN0013,Dummy,Valsalva,60,400.0,846.0,330.0,330.0,312.0,378.0,412.0,398.0,398.0,378.0,422.0,226.0,332.0,398.0
2560,GDN0013,Dummy,Valsalva,61,398.0,886.0,364.0,364.0,404.0,442.0,404.0,406.0,396.0,382.0,406.0,398.0,362.0,398.0
2561,GDN0013,Dummy,Valsalva,62,418.0,930.0,386.0,378.0,436.0,418.0,430.0,374.0,406.0,394.0,372.0,214.0,386.0,368.0
2562,GDN0013,Dummy,Valsalva,63,434.0,940.0,398.0,396.0,468.0,424.0,456.0,368.0,428.0,412.0,370.0,196.0,400.0,368.0
2563,GDN0013,Dummy,Valsalva,64,454.0,978.0,384.0,380.0,366.0,454.0,468.0,406.0,440.0,416.0,378.0,224.0,378.0,354.0
2564,GDN0014,Dummy,HoldingBreath,0,370.0,824.0,382.0,288.0,384.0,366.0,378.0,218.0,374.0,368.0,338.0,404.0,386.0,332.0
2565,GDN0014,Dummy,HoldingBreath,1,346.0,810.0,370.0,292.0,376.0,336.0,372.0,238.0,376.0,370.0,366.0,398.0,366.0,236.0
2566,GDN0014,Dummy,HoldingBreath,2,374.0,782.0,334.0,318.0,396.0,372.0,390.0,268.0,372.0,366.0,338.0,232.0,338.0,232.0
2567,GDN0014,Dummy,HoldingBreath,3,316.0,784.0,346.0,290.0,366.0,352.0,364.0,266.0,364.0,356.0,342.0,234.0,342.0,234.0
2568,GDN0014,Dummy,HoldingBreath,4,336.0,754.0,358.0,274.0,350.0,332.0,354.0,334.0,360.0,354.0,350.0,388.0,362.0,334.0
2569,GDN0014,Dummy,HoldingBreath,6,322.0,730.0,338.0,266.0,220.0,302.0,344.0,226.0,338.0,330.0,342.0,368.0,342.0,226.0
2570,GDN0014,Dummy,HoldingBreath,7,334.0,746.0,338.0,272.0,254.0,330.0,344.0,226.0,350.0,340.0,348.0,226.0,332.0,226.0
2571,GDN0014,Dummy,HoldingBreath,11,284.0,800.0,306.0,254.0,172.0,278.0,318.0,200.0,324.0,316.0,318.0,200.0,314.0,198.0
2572,GDN0014,Dummy,HoldingBreath,12,370.0,806.0,376.0,272.0,382.0,364.0,376.0,368.0,354.0,354.0,372.0,390.0,376.0,368.0
2584,GDN0014,Dummy,HoldingBreath,25,412.0,804.0,374.0,340.0,416.0,404.0,356.0,,378.0,370.0,328.0,410.0,374.0,410.0
2586,GDN0014,Dummy,HoldingBreath,27,400.0,806.0,354.0,318.0,304.0,390.0,308.0,,372.0,364.0,354.0,398.0,354.0,398.0
2588,GDN0014,Dummy,HoldingBreath,29,382.0,800.0,390.0,350.0,286.0,418.0,388.0,,384.0,370.0,390.0,382.0,390.0,382.0
2590,GDN0014,Dummy,HoldingBreath,31,378.0,782.0,340.0,310.0,288.0,418.0,426.0,,378.0,362.0,334.0,378.0,334.0,378.0
2595,GDN0014,Dummy,HoldingBreath,36,380.0,764.0,384.0,300.0,230.0,366.0,382.0,,356.0,352.0,390.0,378.0,384.0,378.0
2607,GDN0014,Dummy,HoldingBreath,50,372.0,770.0,316.0,328.0,170.0,392.0,384.0,,366.0,354.0,270.0,374.0,314.0,374.0
2609,GDN0014,Dummy,HoldingBreath,52,368.0,766.0,356.0,260.0,238.0,366.0,336.0,,348.0,344.0,334.0,330.0,356.0,330.0
2610,GDN0014,Dummy,HoldingBreath,53,354.0,764.0,366.0,290.0,270.0,408.0,374.0,314.0,366.0,352.0,374.0,272.0,366.0,308.0
2613,GDN0014,Dummy,HoldingBreath,58,346.0,698.0,348.0,266.0,250.0,348.0,254.0,252.0,362.0,358.0,356.0,372.0,356.0,250.0
2619,GDN0014,Dummy,HoldingBreath,64,334.0,692.0,286.0,238.0,218.0,334.0,344.0,,318.0,316.0,308.0,220.0,308.0,276.0
2633,GDN0014,Dummy,Pause,0,358.0,786.0,354.0,286.0,256.0,336.0,362.0,200.0,368.0,358.0,356.0,248.0,356.0,248.0
2634,GDN0014,Dummy,Pause,1,316.0,798.0,346.0,292.0,232.0,364.0,372.0,256.0,370.0,360.0,340.0,238.0,340.0,238.0
2635,GDN0014,Dummy,Pause,2,378.0,774.0,346.0,334.0,392.0,378.0,388.0,304.0,376.0,364.0,310.0,246.0,348.0,304.0
2636,GDN0014,Dummy,Pause,3,378.0,758.0,328.0,308.0,396.0,378.0,394.0,242.0,362.0,352.0,332.0,224.0,332.0,224.0
2637,GDN0014,Dummy,Pause,4,360.0,758.0,338.0,294.0,232.0,358.0,370.0,270.0,358.0,350.0,334.0,388.0,334.0,232.0
2638,GDN0014,Dummy,Pause,5,312.0,802.0,334.0,282.0,214.0,376.0,330.0,230.0,356.0,348.0,338.0,230.0,338.0,230.0
2639,GDN0014,Dummy,Pause,6,352.0,802.0,382.0,298.0,394.0,336.0,374.0,350.0,372.0,362.0,358.0,406.0,384.0,350.0
2640,GDN0014,Dummy,Pause,7,336.0,800.0,348.0,292.0,238.0,326.0,358.0,334.0,368.0,360.0,348.0,242.0,296.0,334.0
2641,GDN0014,Dummy,Pause,8,388.0,764.0,358.0,330.0,400.0,386.0,394.0,298.0,374.0,364.0,260.0,408.0,368.0,258.0
2642,GDN0014,Dummy,Pause,9,372.0,786.0,362.0,300.0,384.0,370.0,380.0,248.0,370.0,354.0,388.0,228.0,356.0,248.0
2643,GDN0014,Dummy,Pause,10,330.0,756.0,346.0,290.0,276.0,368.0,378.0,330.0,368.0,358.0,340.0,228.0,346.0,330.0
2644,GDN0014,Dummy,Pause,11,366.0,742.0,330.0,306.0,288.0,358.0,378.0,378.0,364.0,350.0,282.0,364.0,330.0,364.0
2645,GDN0014,Dummy,Pause,12,320.0,762.0,346.0,286.0,224.0,314.0,348.0,262.0,352.0,342.0,344.0,382.0,344.0,228.0
2646,GDN0014,Dummy,Pause,13,310.0,764.0,368.0,336.0,388.0,368.0,348.0,300.0,364.0,350.0,332.0,396.0,362.0,234.0
2647,GDN0014,Dummy,Pause,14,382.0,726.0,372.0,316.0,304.0,372.0,386.0,304.0,366.0,352.0,386.0,406.0,386.0,252.0
2648,GDN0014,Dummy,Pause,15,330.0,730.0,336.0,268.0,244.0,364.0,372.0,330.0,348.0,338.0,306.0,236.0,306.0,330.0
2649,GDN0014,Dummy,Pause,16,356.0,736.0,306.0,306.0,374.0,348.0,372.0,376.0,348.0,340.0,304.0,356.0,304.0,356.0
2650,GDN0014,Dummy,Pause,17,366.0,750.0,338.0,294.0,226.0,358.0,366.0,270.0,350.0,342.0,342.0,226.0,342.0,226.0
2651,GDN0014,Dummy,Pause,18,332.0,770.0,322.0,280.0,240.0,326.0,358.0,236.0,358.0,346.0,314.0,236.0,314.0,236.0
2652,GDN0014,Dummy,Pause,19,314.0,744.0,340.0,338.0,226.0,362.0,334.0,230.0,366.0,354.0,342.0,230.0,342.0,228.0
2653,GDN0014,Dummy,Pause,20,354.0,740.0,318.0,310.0,238.0,350.0,376.0,234.0,354.0,344.0,318.0,234.0,318.0,232.0
2654,GDN0014,Dummy,Pause,21,346.0,736.0,328.0,316.0,240.0,340.0,354.0,236.0,350.0,342.0,336.0,236.0,336.0,234.0
2655,GDN0014,Dummy,Pause,22,308.0,700.0,334.0,278.0,372.0,356.0,330.0,222.0,348.0,340.0,332.0,222.0,332.0,222.0
2656,GDN0014,Dummy,Pause,23,336.0,728.0,284.0,264.0,236.0,380.0,346.0,334.0,342.0,330.0,288.0,334.0,288.0,334.0
2657,GDN0014,Dummy,Pause,25,348.0,744.0,378.0,326.0,312.0,348.0,362.0,346.0,364.0,352.0,370.0,392.0,370.0,310.0
2658,GDN0014,Dummy,Pause,26,336.0,768.0,304.0,268.0,234.0,334.0,360.0,228.0,350.0,342.0,304.0,228.0,304.0,228.0
2659,GDN0014,Dummy,Pause,27,380.0,750.0,324.0,298.0,386.0,370.0,386.0,386.0,362.0,352.0,330.0,378.0,330.0,378.0
2660,GDN0014,Dummy,Pause,29,356.0,770.0,324.0,314.0,302.0,346.0,370.0,288.0,360.0,352.0,328.0,224.0,328.0,224.0
2661,GDN0014,Dummy,Pause,30,342.0,780.0,330.0,284.0,232.0,338.0,360.0,234.0,364.0,354.0,320.0,234.0,320.0,232.0
2662,GDN0014,Dummy,Pause,31,380.0,764.0,348.0,342.0,228.0,376.0,342.0,232.0,370.0,358.0,350.0,232.0,350.0,230.0
2663,GDN0014,Dummy,Pause,32,364.0,762.0,328.0,330.0,384.0,364.0,382.0,272.0,362.0,352.0,328.0,230.0,328.0,228.0
2664,GDN0014,Dummy,Pause,33,334.0,780.0,344.0,278.0,340.0,372.0,340.0,226.0,358.0,350.0,334.0,226.0,344.0,226.0
2665,GDN0014,Dummy,Pause,34,324.0,798.0,350.0,298.0,240.0,364.0,346.0,240.0,372.0,358.0,338.0,240.0,352.0,240.0
2666,GDN0014,Dummy,Pause,35,336.0,788.0,370.0,294.0,260.0,334.0,372.0,250.0,374.0,364.0,372.0,402.0,368.0,248.0
2667,GDN0014,Dummy,Pause,36,386.0,774.0,322.0,318.0,400.0,382.0,398.0,400.0,372.0,360.0,326.0,386.0,326.0,386.0
2668,GDN0014,Dummy,Pause,37,328.0,804.0,344.0,294.0,248.0,324.0,354.0,326.0,366.0,354.0,344.0,240.0,330.0,326.0
2669,GDN0014,Dummy,Pause,38,348.0,820.0,370.0,292.0,242.0,346.0,370.0,238.0,374.0,364.0,368.0,402.0,374.0,238.0
2670,GDN0014,Dummy,Pause,39,344.0,830.0,376.0,308.0,226.0,340.0,372.0,262.0,384.0,372.0,366.0,406.0,372.0,262.0
2671,GDN0014,Dummy,Pause,40,390.0,794.0,370.0,354.0,402.0,386.0,394.0,344.0,384.0,374.0,352.0,414.0,372.0,344.0
2672,GDN0014,Dummy,Pause,41,372.0,798.0,340.0,340.0,222.0,372.0,390.0,256.0,374.0,362.0,316.0,228.0,338.0,226.0
2673,GDN0014,Dummy,Pause,42,338.0,806.0,376.0,296.0,384.0,330.0,372.0,336.0,374.0,364.0,346.0,402.0,380.0,336.0
2674,GDN0014,Dummy,Pause,43,356.0,794.0,374.0,322.0,374.0,346.0,370.0,356.0,376.0,366.0,362.0,402.0,372.0,356.0
2675,GDN0014,Dummy,Pause,44,346.0,792.0,356.0,290.0,236.0,378.0,388.0,242.0,370.0,362.0,354.0,242.0,354.0,240.0
2676,GDN0014,Dummy,Pause,45,354.0,794.0,340.0,316.0,228.0,354.0,378.0,280.0,374.0,362.0,338.0,234.0,338.0,234.0
2677,GDN0014,Dummy,Pause,46,342.0,772.0,360.0,310.0,352.0,386.0,356.0,354.0,376.0,362.0,360.0,240.0,360.0,340.0
2678,GDN0014,Dummy,Pause,47,376.0,766.0,330.0,330.0,384.0,366.0,388.0,376.0,364.0,354.0,330.0,376.0,330.0,376.0
2679,GDN0014,Dummy,Pause,48,362.0,782.0,336.0,334.0,222.0,360.0,370.0,230.0,364.0,352.0,338.0,230.0,338.0,230.0
2680,GDN0014,Dummy,Pause,49,338.0,768.0,362.0,286.0,390.0,374.0,350.0,336.0,366.0,358.0,344.0,398.0,362.0,336.0
2681,GDN0014,Dummy,Pause,51,380.0,764.0,320.0,288.0,240.0,378.0,386.0,240.0,364.0,352.0,310.0,240.0,310.0,240.0
2682,GDN0014,Dummy,Pause,52,368.0,744.0,324.0,324.0,236.0,364.0,382.0,236.0,364.0,352.0,330.0,236.0,330.0,234.0
2683,GDN0014,Dummy,Pause,54,328.0,714.0,336.0,288.0,382.0,368.0,346.0,234.0,364.0,350.0,314.0,234.0,314.0,234.0
2684,GDN0014,Dummy,Pause,55,346.0,710.0,324.0,304.0,242.0,342.0,360.0,236.0,344.0,334.0,334.0,374.0,334.0,236.0
2685,GDN0014,Dummy,Pause,56,288.0,718.0,332.0,312.0,242.0,336.0,308.0,244.0,342.0,332.0,326.0,244.0,326.0,242.0
2686,GDN0014,Dummy,Pause,58,326.0,752.0,320.0,292.0,382.0,364.0,374.0,232.0,350.0,340.0,326.0,232.0,326.0,230.0
2687,GDN0014,Dummy,Pause,60,378.0,760.0,302.0,310.0,392.0,376.0,388.0,228.0,358.0,348.0,296.0,0.0,296.0,226.0
2688,GDN0014,Dummy,Pause,61,356.0,750.0,330.0,322.0,308.0,352.0,372.0,308.0,360.0,350.0,306.0,224.0,338.0,300.0
2689,GDN0014,Dummy,Pause,62,316.0,772.0,340.0,274.0,210.0,374.0,334.0,240.0,354.0,346.0,328.0,220.0,338.0,218.0
2690,GDN0014,Dummy,Pause,63,316.0,772.0,352.0,330.0,242.0,360.0,368.0,272.0,362.0,354.0,322.0,244.0,356.0,244.0
2691,GDN0014,Dummy,Pause,65,318.0,752.0,348.0,286.0,200.0,360.0,334.0,318.0,364.0,354.0,326.0,244.0,352.0,318.0
2692,GDN0014,Dummy,Pause,66,366.0,758.0,320.0,306.0,388.0,366.0,384.0,274.0,358.0,348.0,280.0,220.0,320.0,218.0
2693,GDN0014,Dummy,Pause,67,308.0,774.0,342.0,278.0,266.0,354.0,360.0,236.0,358.0,350.0,320.0,236.0,340.0,236.0
2694,GDN0014,Dummy,Pause,68,326.0,776.0,326.0,278.0,250.0,322.0,348.0,240.0,360.0,352.0,332.0,240.0,332.0,240.0
2695,GDN0014,Dummy,Pause,69,326.0,772.0,350.0,292.0,228.0,324.0,372.0,260.0,368.0,356.0,346.0,236.0,346.0,236.0
2696,GDN0014,Dummy,Pause,70,366.0,764.0,328.0,296.0,378.0,364.0,382.0,244.0,368.0,354.0,330.0,244.0,330.0,244.0
2697,GDN0014,Dummy,Pause,71,334.0,748.0,318.0,298.0,230.0,380.0,388.0,234.0,370.0,354.0,310.0,234.0,310.0,234.0
2698,GDN0014,Dummy,Pause,72,368.0,730.0,306.0,302.0,244.0,358.0,380.0,366.0,362.0,348.0,306.0,366.0,306.0,366.0
2699,GDN0014,Dummy,Pause,73,364.0,718.0,306.0,288.0,372.0,356.0,372.0,374.0,348.0,338.0,306.0,362.0,306.0,362.0
2700,GDN0014,Dummy,Pause,74,338.0,740.0,314.0,300.0,360.0,338.0,356.0,232.0,352.0,338.0,310.0,232.0,310.0,232.0
2701,GDN0014,Dummy,Pause,75,344.0,742.0,330.0,316.0,238.0,344.0,360.0,238.0,360.0,346.0,338.0,238.0,338.0,236.0
2702,GDN0014,Dummy,Pause,76,362.0,744.0,332.0,286.0,218.0,360.0,374.0,258.0,360.0,346.0,326.0,222.0,326.0,220.0
2703,GDN0014,Dummy,Pause,77,350.0,,330.0,266.0,368.0,350.0,364.0,232.0,350.0,342.0,358.0,382.0,358.0,232.0
2704,GDN0014,Dummy,TiltLevel,0,332.0,768.0,52.0,-40.0,,,0.0,-34.0,174.0,-92.0,-4.0,0.0,,
2705,GDN0014,Dummy,TiltLevel,1,378.0,770.0,68.0,2.0,-164.0,,4.0,-14.0,184.0,-50.0,68.0,0.0,,
2706,GDN0014,Dummy,TiltLevel,2,378.0,752.0,66.0,-26.0,-38.0,,10.0,6.0,178.0,-82.0,2.0,0.0,,0.0
2707,GDN0014,Dummy,TiltLevel,3,364.0,752.0,80.0,18.0,118.0,,2.0,4.0,200.0,28.0,78.0,0.0,,116.0
2708,GDN0014,Dummy,TiltLevel,5,352.0,764.0,340.0,330.0,366.0,406.0,362.0,262.0,362.0,350.0,338.0,382.0,338.0,230.0
2709,GDN0014,Dummy,TiltLevel,6,336.0,784.0,64.0,-2.0,56.0,,-10.0,58.0,182.0,-60.0,66.0,50.0,,50.0
2710,GDN0014,Dummy,TiltLevel,7,320.0,782.0,346.0,292.0,234.0,362.0,374.0,264.0,370.0,358.0,346.0,240.0,346.0,238.0
2711,GDN0014,Dummy,TiltLevel,8,304.0,758.0,348.0,338.0,260.0,390.0,350.0,302.0,368.0,358.0,314.0,252.0,348.0,250.0
2712,GDN0014,Dummy,TiltLevel,9,370.0,768.0,334.0,332.0,384.0,368.0,380.0,240.0,362.0,350.0,334.0,240.0,334.0,240.0
2713,GDN0014,Dummy,TiltLevel,10,320.0,772.0,356.0,282.0,224.0,384.0,350.0,258.0,362.0,352.0,336.0,230.0,358.0,230.0
2714,GDN0014,Dummy,TiltLevel,11,326.0,772.0,360.0,288.0,158.0,320.0,354.0,240.0,364.0,354.0,338.0,390.0,358.0,238.0
2715,GDN0014,Dummy,TiltLevel,12,354.0,786.0,354.0,288.0,236.0,342.0,362.0,260.0,364.0,354.0,356.0,388.0,356.0,240.0
2716,GDN0014,Dummy,TiltLevel,13,322.0,770.0,354.0,346.0,236.0,368.0,342.0,244.0,374.0,360.0,332.0,244.0,354.0,244.0
2717,GDN0014,Dummy,TiltLevel,14,384.0,746.0,348.0,300.0,394.0,380.0,340.0,244.0,366.0,354.0,350.0,244.0,350.0,242.0
2718,GDN0014,Dummy,TiltLevel,16,370.0,756.0,342.0,294.0,380.0,364.0,376.0,270.0,358.0,346.0,344.0,390.0,344.0,232.0
2719,GDN0014,Dummy,TiltLevel,17,330.0,770.0,348.0,306.0,216.0,326.0,346.0,244.0,358.0,348.0,248.0,384.0,346.0,222.0
2720,GDN0014,Dummy,TiltLevel,18,328.0,784.0,354.0,284.0,252.0,320.0,352.0,252.0,364.0,354.0,342.0,252.0,354.0,250.0
2721,GDN0014,Dummy,TiltLevel,19,340.0,774.0,348.0,312.0,252.0,382.0,360.0,248.0,368.0,358.0,344.0,248.0,344.0,246.0
2722,GDN0014,Dummy,TiltLevel,20,372.0,764.0,344.0,336.0,246.0,368.0,338.0,240.0,366.0,354.0,346.0,240.0,346.0,240.0
2723,GDN0014,Dummy,TiltLevel,21,378.0,752.0,342.0,334.0,334.0,374.0,334.0,232.0,364.0,352.0,328.0,232.0,342.0,230.0
2724,GDN0014,Dummy,TiltLevel,22,298.0,756.0,346.0,326.0,250.0,368.0,344.0,296.0,358.0,348.0,308.0,232.0,346.0,296.0
2725,GDN0014,Dummy,TiltLevel,23,336.0,760.0,352.0,312.0,378.0,328.0,358.0,290.0,358.0,348.0,352.0,386.0,352.0,246.0
2726,GDN0014,Dummy,TiltLevel,24,332.0,784.0,352.0,286.0,354.0,332.0,354.0,248.0,360.0,350.0,352.0,248.0,352.0,246.0
2727,GDN0014,Dummy,TiltLevel,25,324.0,738.0,352.0,288.0,256.0,322.0,352.0,248.0,368.0,358.0,338.0,248.0,348.0,248.0
2728,GDN0014,Dummy,TiltLevel,26,368.0,736.0,326.0,294.0,218.0,364.0,376.0,226.0,352.0,342.0,330.0,226.0,330.0,226.0
2729,GDN0014,Dummy,TiltLevel,28,308.0,716.0,338.0,284.0,230.0,360.0,326.0,232.0,348.0,338.0,314.0,232.0,338.0,232.0
2730,GDN0014,Dummy,TiltLevel,29,320.0,734.0,332.0,294.0,280.0,366.0,336.0,262.0,344.0,334.0,328.0,232.0,328.0,232.0
2731,GDN0014,Dummy,TiltLevel,31,310.0,772.0,340.0,332.0,240.0,368.0,324.0,308.0,362.0,352.0,316.0,242.0,338.0,308.0
2732,GDN0014,Dummy,TiltLevel,32,312.0,760.0,350.0,338.0,250.0,352.0,336.0,244.0,366.0,354.0,320.0,244.0,352.0,242.0
2733,GDN0014,Dummy,TiltLevel,33,360.0,742.0,330.0,332.0,232.0,356.0,372.0,234.0,362.0,350.0,328.0,234.0,328.0,234.0
2734,GDN0014,Dummy,TiltLevel,34,376.0,740.0,336.0,294.0,386.0,372.0,328.0,270.0,352.0,342.0,340.0,230.0,340.0,230.0
2735,GDN0014,Dummy,TiltLevel,36,320.0,750.0,342.0,296.0,332.0,362.0,336.0,238.0,356.0,344.0,342.0,238.0,342.0,236.0
2736,GDN0014,Dummy,TiltLevel,37,306.0,746.0,332.0,280.0,224.0,352.0,362.0,234.0,358.0,346.0,332.0,234.0,332.0,234.0
2737,GDN0014,Dummy,TiltLevel,39,350.0,724.0,316.0,316.0,228.0,346.0,366.0,348.0,350.0,340.0,314.0,348.0,314.0,348.0
2738,GDN0014,Dummy,TiltLevel,40,360.0,720.0,326.0,292.0,220.0,358.0,370.0,226.0,346.0,338.0,328.0,226.0,328.0,224.0
2739,GDN0014,Dummy,TiltLevel,42,352.0,740.0,322.0,314.0,240.0,348.0,362.0,290.0,346.0,338.0,324.0,238.0,324.0,238.0
2740,GDN0014,Dummy,TiltLevel,44,324.0,730.0,342.0,292.0,214.0,322.0,348.0,236.0,356.0,344.0,344.0,236.0,344.0,236.0
2741,GDN0014,Dummy,TiltLevel,45,354.0,720.0,316.0,276.0,370.0,352.0,370.0,236.0,352.0,340.0,314.0,236.0,314.0,236.0
2742,GDN0014,Dummy,TiltLevel,47,352.0,718.0,324.0,268.0,366.0,350.0,362.0,294.0,344.0,334.0,322.0,372.0,322.0,242.0
2743,GDN0014,Dummy,TiltLevel,48,366.0,734.0,320.0,276.0,376.0,362.0,372.0,232.0,344.0,336.0,322.0,232.0,322.0,232.0
2744,GDN0014,Dummy,TiltLevel,49,344.0,722.0,316.0,274.0,216.0,340.0,356.0,232.0,352.0,340.0,312.0,232.0,312.0,232.0
2745,GDN0014,Dummy,TiltLevel,50,350.0,702.0,310.0,270.0,220.0,346.0,364.0,226.0,348.0,336.0,312.0,226.0,312.0,226.0
2746,GDN0014,Dummy,TiltLevel,51,344.0,712.0,312.0,278.0,354.0,342.0,358.0,230.0,342.0,330.0,310.0,230.0,310.0,230.0
2747,GDN0014,Dummy,TiltLevel,52,346.0,710.0,318.0,308.0,234.0,342.0,358.0,232.0,346.0,334.0,320.0,232.0,320.0,232.0
2748,GDN0014,Dummy,TiltLevel,53,346.0,720.0,314.0,308.0,362.0,344.0,360.0,234.0,346.0,332.0,312.0,234.0,312.0,234.0
2749,GDN0014,Dummy,TiltLevel,54,346.0,728.0,318.0,316.0,360.0,344.0,360.0,240.0,346.0,336.0,320.0,240.0,320.0,238.0
2750,GDN0014,Dummy,TiltLevel,57,338.0,714.0,306.0,302.0,234.0,378.0,356.0,274.0,348.0,336.0,304.0,230.0,304.0,228.0
2751,GDN0014,Dummy,TiltLevel,58,340.0,708.0,318.0,298.0,358.0,340.0,358.0,238.0,346.0,334.0,326.0,238.0,326.0,238.0
2752,GDN0014,Dummy,TiltLevel,59,350.0,726.0,316.0,312.0,366.0,350.0,364.0,234.0,342.0,332.0,314.0,234.0,314.0,234.0
2753,GDN0014,Dummy,TiltLevel,61,356.0,726.0,310.0,266.0,236.0,352.0,370.0,236.0,346.0,338.0,306.0,236.0,306.0,234.0
2754,GDN0014,Dummy,TiltLevel,62,356.0,714.0,312.0,276.0,216.0,352.0,370.0,228.0,348.0,338.0,312.0,228.0,312.0,226.0
2755,GDN0014,Dummy,TiltLevel,63,344.0,700.0,308.0,270.0,366.0,340.0,362.0,222.0,344.0,334.0,312.0,222.0,312.0,222.0
2756,GDN0014,Dummy,TiltLevel,64,348.0,724.0,310.0,272.0,368.0,346.0,364.0,232.0,340.0,330.0,306.0,232.0,306.0,232.0
2757,GDN0014,Dummy,TiltLevel,67,348.0,714.0,320.0,272.0,242.0,348.0,364.0,242.0,350.0,340.0,322.0,240.0,322.0,238.0
2758,GDN0014,Dummy,TiltLevel,68,330.0,724.0,314.0,294.0,224.0,322.0,356.0,226.0,344.0,334.0,312.0,226.0,312.0,226.0
2759,GDN0014,Dummy,TiltLevel,72,362.0,732.0,328.0,286.0,374.0,360.0,374.0,234.0,358.0,346.0,324.0,234.0,324.0,234.0
2760,GDN0014,Dummy,TiltLevel,73,356.0,716.0,316.0,286.0,226.0,354.0,370.0,232.0,352.0,340.0,318.0,232.0,318.0,230.0
2761,GDN0014,Dummy,TiltLevel,74,344.0,714.0,310.0,300.0,364.0,342.0,360.0,276.0,344.0,334.0,310.0,374.0,310.0,224.0
2762,GDN0014,Dummy,TiltLevel,77,318.0,742.0,328.0,290.0,224.0,362.0,332.0,256.0,348.0,340.0,332.0,230.0,332.0,228.0
2763,GDN0014,Dummy,TiltLevel,78,340.0,742.0,316.0,276.0,234.0,370.0,376.0,238.0,354.0,344.0,312.0,238.0,312.0,236.0
2764,GDN0014,Dummy,TiltLevel,79,360.0,726.0,318.0,318.0,378.0,358.0,376.0,234.0,354.0,344.0,318.0,234.0,318.0,232.0
2765,GDN0014,Dummy,TiltUp,0,332.0,636.0,278.0,266.0,342.0,322.0,340.0,364.0,320.0,306.0,340.0,358.0,282.0,330.0
2766,GDN0014,Dummy,TiltUp,1,336.0,652.0,264.0,254.0,348.0,326.0,344.0,350.0,318.0,306.0,346.0,360.0,264.0,334.0
2767,GDN0014,Dummy,TiltUp,2,336.0,666.0,272.0,274.0,352.0,326.0,346.0,326.0,324.0,312.0,248.0,364.0,272.0,314.0
2768,GDN0014,Dummy,TiltUp,3,342.0,664.0,286.0,294.0,346.0,328.0,350.0,348.0,334.0,320.0,350.0,374.0,288.0,342.0
2769,GDN0014,Dummy,TiltUp,4,332.0,662.0,284.0,286.0,362.0,318.0,350.0,332.0,334.0,318.0,342.0,370.0,284.0,332.0
2770,GDN0014,Dummy,TiltUp,5,328.0,666.0,336.0,276.0,360.0,314.0,350.0,326.0,330.0,316.0,346.0,370.0,340.0,326.0
2771,GDN0014,Dummy,TiltUp,6,346.0,682.0,292.0,284.0,360.0,340.0,356.0,362.0,330.0,318.0,360.0,370.0,290.0,344.0
2772,GDN0014,Dummy,TiltUp,7,348.0,700.0,306.0,278.0,358.0,340.0,356.0,358.0,336.0,322.0,356.0,376.0,310.0,346.0
2773,GDN0014,Dummy,TiltUp,8,344.0,686.0,306.0,302.0,364.0,336.0,358.0,344.0,338.0,328.0,360.0,376.0,306.0,344.0
2774,GDN0014,Dummy,TiltUp,9,340.0,648.0,294.0,298.0,362.0,328.0,356.0,362.0,340.0,326.0,360.0,340.0,294.0,340.0
2775,GDN0014,Dummy,TiltUp,10,334.0,648.0,274.0,288.0,344.0,322.0,342.0,344.0,326.0,312.0,342.0,362.0,274.0,332.0
2776,GDN0014,Dummy,TiltUp,11,328.0,632.0,276.0,260.0,348.0,320.0,342.0,326.0,322.0,310.0,344.0,360.0,284.0,326.0
2777,GDN0014,Dummy,TiltUp,12,334.0,628.0,284.0,276.0,348.0,330.0,344.0,350.0,322.0,308.0,344.0,360.0,280.0,332.0
2778,GDN0014,Dummy,TiltUp,13,326.0,632.0,272.0,246.0,344.0,316.0,338.0,324.0,316.0,304.0,342.0,354.0,270.0,324.0
2779,GDN0014,Dummy,TiltUp,14,332.0,636.0,276.0,272.0,348.0,324.0,342.0,324.0,316.0,306.0,226.0,356.0,278.0,306.0
2780,GDN0014,Dummy,TiltUp,15,334.0,640.0,268.0,266.0,348.0,320.0,344.0,348.0,318.0,306.0,230.0,332.0,266.0,332.0
2781,GDN0014,Dummy,TiltUp,16,336.0,636.0,270.0,268.0,350.0,334.0,346.0,352.0,320.0,308.0,352.0,360.0,270.0,334.0
2782,GDN0014,Dummy,TiltUp,17,316.0,626.0,276.0,262.0,354.0,306.0,346.0,316.0,320.0,306.0,348.0,364.0,278.0,316.0
2783,GDN0014,Dummy,TiltUp,18,330.0,624.0,288.0,260.0,342.0,324.0,340.0,344.0,320.0,306.0,340.0,356.0,290.0,328.0
2784,GDN0014,Dummy,TiltUp,19,300.0,630.0,286.0,246.0,348.0,300.0,340.0,228.0,318.0,304.0,340.0,354.0,282.0,228.0
2785,GDN0014,Dummy,TiltUp,20,336.0,644.0,338.0,262.0,346.0,324.0,342.0,348.0,314.0,304.0,342.0,358.0,342.0,334.0
2786,GDN0014,Dummy,TiltUp,21,334.0,658.0,284.0,260.0,344.0,324.0,342.0,346.0,322.0,310.0,342.0,358.0,280.0,334.0
2787,GDN0014,Dummy,TiltUp,22,308.0,644.0,288.0,280.0,352.0,334.0,348.0,250.0,330.0,316.0,346.0,364.0,290.0,250.0
2788,GDN0014,Dummy,TiltUp,23,312.0,640.0,272.0,272.0,350.0,302.0,344.0,310.0,322.0,310.0,346.0,360.0,272.0,310.0
2789,GDN0014,Dummy,TiltUp,24,310.0,624.0,272.0,266.0,346.0,300.0,340.0,310.0,324.0,310.0,340.0,358.0,274.0,310.0
2790,GDN0014,Dummy,TiltUp,25,324.0,624.0,282.0,256.0,346.0,324.0,340.0,222.0,312.0,302.0,228.0,352.0,274.0,156.0
2791,GDN0014,Dummy,TiltUp,26,304.0,622.0,274.0,268.0,350.0,302.0,340.0,226.0,314.0,302.0,230.0,142.0,280.0,226.0
2792,GDN0014,Dummy,TiltUp,27,328.0,630.0,276.0,274.0,342.0,324.0,340.0,344.0,318.0,304.0,346.0,326.0,274.0,326.0
2793,GDN0014,Dummy,TiltUp,28,324.0,632.0,268.0,254.0,338.0,320.0,334.0,214.0,316.0,304.0,266.0,120.0,266.0,212.0
2794,GDN0014,Dummy,TiltUp,29,338.0,638.0,266.0,254.0,348.0,330.0,346.0,350.0,320.0,306.0,352.0,358.0,266.0,336.0
2795,GDN0014,Dummy,TiltUp,30,328.0,632.0,274.0,268.0,344.0,320.0,340.0,346.0,322.0,308.0,340.0,362.0,282.0,326.0
2796,GDN0014,Dummy,TiltUp,31,326.0,634.0,278.0,254.0,350.0,324.0,344.0,232.0,318.0,306.0,234.0,358.0,272.0,232.0
2797,GDN0014,Dummy,TiltUp,32,334.0,642.0,274.0,268.0,346.0,324.0,340.0,346.0,322.0,308.0,340.0,360.0,276.0,332.0
2798,GDN0014,Dummy,TiltUp,33,326.0,658.0,284.0,254.0,134.0,318.0,338.0,338.0,326.0,310.0,336.0,326.0,286.0,326.0
2799,GDN0014,Dummy,TiltUp,34,330.0,660.0,284.0,290.0,354.0,320.0,344.0,328.0,326.0,314.0,348.0,328.0,280.0,328.0
2800,GDN0014,Dummy,TiltUp,35,334.0,654.0,290.0,302.0,340.0,328.0,346.0,342.0,332.0,318.0,290.0,332.0,290.0,332.0
2801,GDN0014,Dummy,TiltUp,36,340.0,640.0,278.0,276.0,350.0,330.0,346.0,352.0,324.0,312.0,346.0,364.0,282.0,340.0
2802,GDN0014,Dummy,TiltUp,37,336.0,638.0,278.0,272.0,352.0,330.0,346.0,354.0,320.0,308.0,348.0,362.0,272.0,336.0
2803,GDN0014,Dummy,TiltUp,38,334.0,644.0,280.0,276.0,352.0,308.0,346.0,314.0,320.0,308.0,350.0,362.0,282.0,314.0
2804,GDN0014,Dummy,TiltUp,39,338.0,638.0,342.0,270.0,344.0,328.0,342.0,346.0,328.0,312.0,340.0,358.0,342.0,338.0
2805,GDN0014,Dummy,TiltUp,40,340.0,638.0,278.0,278.0,352.0,332.0,348.0,352.0,320.0,308.0,352.0,360.0,274.0,340.0
2806,GDN0014,Dummy,TiltUp,41,340.0,638.0,288.0,292.0,350.0,332.0,348.0,352.0,324.0,310.0,350.0,360.0,290.0,340.0
2807,GDN0014,Dummy,TiltUp,42,308.0,634.0,280.0,280.0,356.0,336.0,348.0,258.0,320.0,308.0,224.0,360.0,280.0,222.0
2808,GDN0014,Dummy,TiltUp,43,328.0,622.0,268.0,258.0,344.0,324.0,340.0,224.0,322.0,308.0,340.0,358.0,270.0,222.0
2809,GDN0014,Dummy,TiltUp,44,326.0,626.0,280.0,270.0,340.0,320.0,336.0,342.0,316.0,302.0,336.0,354.0,278.0,326.0
2810,GDN0014,Dummy,TiltUp,45,320.0,642.0,278.0,246.0,344.0,306.0,338.0,318.0,320.0,306.0,336.0,360.0,278.0,318.0
2811,GDN0014,Dummy,TiltUp,46,332.0,660.0,294.0,256.0,348.0,330.0,344.0,350.0,322.0,308.0,346.0,362.0,298.0,330.0
2812,GDN0014,Dummy,TiltUp,47,338.0,652.0,282.0,264.0,354.0,336.0,348.0,234.0,324.0,314.0,236.0,32.0,278.0,212.0
2813,GDN0014,Dummy,TiltUp,48,342.0,636.0,290.0,282.0,354.0,330.0,346.0,254.0,324.0,312.0,290.0,194.0,290.0,192.0
2814,GDN0014,Dummy,TiltUp,49,330.0,640.0,280.0,284.0,346.0,318.0,340.0,348.0,320.0,306.0,344.0,358.0,280.0,328.0
2815,GDN0014,Dummy,TiltUp,50,326.0,636.0,292.0,272.0,346.0,326.0,342.0,220.0,322.0,308.0,344.0,362.0,296.0,220.0
2816,GDN0014,Dummy,TiltUp,51,338.0,636.0,276.0,276.0,344.0,328.0,342.0,346.0,322.0,308.0,344.0,356.0,276.0,336.0
2817,GDN0014,Dummy,TiltUp,52,332.0,660.0,280.0,274.0,348.0,314.0,342.0,348.0,322.0,308.0,340.0,362.0,278.0,330.0
2818,GDN0014,Dummy,TiltUp,53,348.0,670.0,284.0,280.0,358.0,342.0,354.0,314.0,330.0,316.0,358.0,84.0,286.0,314.0
2819,GDN0014,Dummy,TiltUp,54,342.0,656.0,290.0,270.0,362.0,340.0,358.0,246.0,334.0,320.0,284.0,42.0,284.0,246.0
2820,GDN0014,Dummy,TiltUp,55,338.0,646.0,286.0,290.0,354.0,328.0,350.0,354.0,334.0,316.0,350.0,338.0,288.0,338.0
2821,GDN0014,Dummy,TiltUp,56,344.0,644.0,268.0,256.0,356.0,336.0,352.0,358.0,326.0,312.0,354.0,366.0,264.0,342.0
2822,GDN0014,Dummy,TiltUp,57,334.0,644.0,284.0,276.0,356.0,326.0,350.0,332.0,322.0,310.0,350.0,366.0,288.0,332.0
2823,GDN0014,Dummy,TiltUp,58,338.0,638.0,282.0,276.0,348.0,328.0,346.0,350.0,324.0,310.0,344.0,362.0,280.0,336.0
2824,GDN0014,Dummy,TiltUp,59,328.0,642.0,290.0,288.0,346.0,318.0,340.0,348.0,320.0,308.0,340.0,360.0,290.0,328.0
2825,GDN0014,Dummy,TiltUp,60,332.0,656.0,274.0,244.0,346.0,328.0,342.0,328.0,318.0,308.0,342.0,358.0,276.0,312.0
2826,GDN0014,Dummy,TiltUp,61,318.0,652.0,288.0,282.0,360.0,312.0,350.0,316.0,324.0,314.0,234.0,364.0,290.0,316.0
2827,GDN0014,Dummy,TiltUp,62,342.0,644.0,278.0,276.0,350.0,334.0,348.0,352.0,324.0,312.0,348.0,362.0,276.0,340.0
2828,GDN0014,Dummy,TiltUp,63,342.0,644.0,282.0,278.0,356.0,336.0,352.0,358.0,326.0,312.0,354.0,366.0,284.0,340.0
2829,GDN0014,Dummy,TiltUp,64,328.0,636.0,332.0,248.0,342.0,314.0,338.0,342.0,324.0,310.0,334.0,362.0,332.0,326.0
2830,GDN0014,Dummy,TiltUp,65,340.0,628.0,322.0,264.0,350.0,330.0,342.0,304.0,320.0,306.0,342.0,360.0,326.0,304.0
2831,GDN0014,Dummy,TiltUp,66,338.0,632.0,276.0,268.0,348.0,328.0,344.0,348.0,316.0,304.0,346.0,360.0,272.0,336.0
2832,GDN0014,Dummy,TiltUp,67,342.0,642.0,286.0,262.0,348.0,332.0,348.0,350.0,324.0,308.0,348.0,362.0,292.0,342.0
2833,GDN0014,Dummy,TiltUp,68,328.0,648.0,280.0,268.0,346.0,326.0,342.0,234.0,320.0,308.0,282.0,356.0,282.0,176.0
2834,GDN0014,Dummy,TiltUp,69,340.0,646.0,272.0,274.0,352.0,336.0,348.0,352.0,324.0,310.0,354.0,338.0,270.0,338.0
2835,GDN0014,Dummy,TiltUp,70,320.0,642.0,274.0,270.0,354.0,312.0,346.0,318.0,322.0,310.0,350.0,362.0,276.0,318.0
2836,GDN0014,Dummy,TiltUp,71,338.0,638.0,276.0,278.0,354.0,336.0,348.0,320.0,320.0,308.0,352.0,362.0,276.0,308.0
2837,GDN0014,Dummy,TiltUp,72,326.0,632.0,278.0,276.0,350.0,306.0,344.0,324.0,322.0,308.0,344.0,362.0,280.0,324.0
2838,GDN0014,Dummy,TiltUp,73,336.0,638.0,282.0,276.0,344.0,328.0,344.0,346.0,322.0,308.0,344.0,362.0,280.0,334.0
2839,GDN0014,Dummy,TiltUp,74,334.0,636.0,280.0,278.0,348.0,326.0,344.0,350.0,322.0,308.0,344.0,362.0,280.0,334.0
2840,GDN0014,Dummy,TiltUp,75,330.0,640.0,286.0,286.0,346.0,322.0,342.0,348.0,316.0,306.0,348.0,358.0,284.0,330.0
2841,GDN0014,Dummy,TiltUp,76,330.0,640.0,278.0,274.0,344.0,300.0,340.0,246.0,320.0,308.0,222.0,142.0,278.0,218.0
2842,GDN0014,Dummy,TiltUp,77,330.0,640.0,270.0,268.0,346.0,320.0,344.0,348.0,324.0,310.0,350.0,362.0,270.0,328.0
2843,GDN0014,Dummy,TiltUp,78,338.0,626.0,286.0,268.0,352.0,330.0,346.0,240.0,322.0,308.0,346.0,362.0,288.0,240.0
2844,GDN0014,Dummy,TiltUp,79,334.0,626.0,288.0,262.0,346.0,326.0,342.0,348.0,316.0,304.0,344.0,358.0,290.0,334.0
2845,GDN0014,Dummy,TiltUp,80,316.0,626.0,288.0,260.0,246.0,314.0,338.0,248.0,318.0,304.0,338.0,356.0,282.0,242.0
2846,GDN0014,Dummy,TiltUp,81,334.0,632.0,272.0,268.0,344.0,326.0,340.0,346.0,316.0,304.0,342.0,356.0,274.0,332.0
2847,GDN0014,Dummy,TiltUp,82,318.0,644.0,276.0,244.0,346.0,312.0,338.0,318.0,320.0,306.0,348.0,318.0,272.0,318.0
2848,GDN0014,Dummy,TiltUp,83,334.0,632.0,276.0,260.0,352.0,334.0,348.0,232.0,322.0,310.0,350.0,362.0,274.0,196.0
2849,GDN0014,Dummy,TiltUp,84,340.0,620.0,274.0,274.0,348.0,330.0,344.0,350.0,318.0,306.0,346.0,360.0,278.0,338.0
2850,GDN0014,Dummy,TiltUp,85,334.0,612.0,266.0,258.0,346.0,328.0,342.0,348.0,314.0,302.0,174.0,354.0,264.0,332.0
2851,GDN0014,Dummy,TiltUp,86,328.0,620.0,268.0,264.0,340.0,322.0,336.0,340.0,312.0,298.0,338.0,352.0,262.0,326.0
2852,GDN0014,Dummy,TiltUp,87,312.0,608.0,272.0,260.0,350.0,302.0,334.0,310.0,316.0,302.0,232.0,310.0,320.0,310.0
2853,GDN0014,Dummy,TiltUp,88,326.0,586.0,262.0,258.0,336.0,318.0,332.0,338.0,312.0,298.0,336.0,346.0,258.0,324.0
2854,GDN0014,Dummy,TiltUp,89,326.0,590.0,262.0,266.0,336.0,314.0,332.0,336.0,304.0,290.0,214.0,346.0,262.0,324.0
2855,GDN0014,Dummy,TiltUp,90,318.0,618.0,244.0,226.0,324.0,308.0,324.0,324.0,302.0,290.0,242.0,316.0,242.0,316.0
2856,GDN0014,Dummy,TiltUp,91,312.0,620.0,272.0,274.0,150.0,308.0,334.0,214.0,312.0,300.0,218.0,96.0,278.0,150.0
2857,GDN0014,Dummy,TiltUp,92,304.0,,264.0,262.0,346.0,328.0,336.0,302.0,312.0,300.0,212.0,350.0,264.0,302.0
2858,GDN0014,Dummy,Valsalva,0,366.0,750.0,330.0,298.0,380.0,362.0,376.0,258.0,356.0,346.0,316.0,222.0,316.0,222.0
2859,GDN0014,Dummy,Valsalva,1,360.0,736.0,318.0,314.0,382.0,358.0,378.0,248.0,354.0,344.0,324.0,218.0,324.0,218.0
2860,GDN0014,Dummy,Valsalva,3,296.0,694.0,338.0,322.0,236.0,364.0,316.0,294.0,352.0,342.0,304.0,232.0,340.0,294.0
2861,GDN0014,Dummy,Valsalva,4,346.0,670.0,324.0,308.0,360.0,344.0,308.0,228.0,338.0,326.0,322.0,228.0,322.0,228.0
2862,GDN0014,Dummy,Valsalva,5,316.0,690.0,324.0,270.0,362.0,344.0,350.0,314.0,330.0,318.0,328.0,222.0,328.0,314.0
2863,GDN0014,Dummy,Valsalva,6,332.0,710.0,292.0,268.0,340.0,324.0,342.0,340.0,332.0,324.0,346.0,330.0,292.0,330.0
2864,GDN0014,Dummy,Valsalva,7,318.0,722.0,292.0,282.0,206.0,312.0,352.0,318.0,342.0,332.0,292.0,218.0,292.0,318.0
2865,GDN0014,Dummy,Valsalva,8,354.0,728.0,312.0,294.0,212.0,348.0,366.0,352.0,344.0,336.0,318.0,352.0,318.0,352.0
2866,GDN0014,Dummy,Valsalva,9,308.0,734.0,322.0,274.0,316.0,344.0,354.0,308.0,344.0,336.0,294.0,228.0,294.0,308.0
2867,GDN0014,Dummy,Valsalva,10,318.0,742.0,330.0,274.0,246.0,298.0,334.0,238.0,352.0,340.0,334.0,238.0,334.0,236.0
2868,GDN0014,Dummy,Valsalva,11,312.0,760.0,346.0,284.0,210.0,310.0,348.0,258.0,360.0,346.0,346.0,218.0,348.0,216.0
2869,GDN0014,Dummy,Valsalva,12,336.0,772.0,344.0,280.0,202.0,376.0,350.0,238.0,360.0,350.0,336.0,238.0,336.0,238.0
2870,GDN0014,Dummy,Valsalva,13,320.0,744.0,352.0,284.0,328.0,360.0,366.0,318.0,362.0,354.0,326.0,228.0,354.0,318.0
2871,GDN0014,Dummy,Valsalva,14,362.0,722.0,328.0,320.0,210.0,358.0,374.0,224.0,352.0,344.0,328.0,224.0,328.0,222.0
2872,GDN0014,Dummy,Valsalva,16,300.0,722.0,330.0,266.0,218.0,336.0,316.0,298.0,344.0,334.0,306.0,226.0,330.0,298.0
2873,GDN0014,Dummy,Valsalva,18,336.0,722.0,322.0,294.0,230.0,332.0,358.0,230.0,348.0,340.0,316.0,230.0,316.0,228.0
2874,GDN0014,Dummy,Valsalva,19,312.0,720.0,326.0,270.0,240.0,380.0,338.0,236.0,348.0,336.0,326.0,236.0,326.0,234.0
2875,GDN0014,Dummy,Valsalva,21,346.0,700.0,318.0,276.0,360.0,342.0,358.0,248.0,342.0,334.0,316.0,372.0,316.0,216.0
2876,GDN0014,Dummy,Valsalva,22,324.0,710.0,322.0,292.0,340.0,320.0,340.0,226.0,340.0,330.0,320.0,226.0,320.0,226.0
2877,GDN0014,Dummy,Valsalva,23,310.0,712.0,332.0,278.0,366.0,352.0,360.0,226.0,340.0,330.0,336.0,372.0,336.0,226.0
2878,GDN0014,Dummy,Valsalva,24,294.0,734.0,334.0,264.0,240.0,374.0,326.0,292.0,344.0,334.0,298.0,236.0,332.0,292.0
2879,GDN0014,Dummy,Valsalva,25,298.0,760.0,338.0,266.0,140.0,360.0,326.0,288.0,348.0,338.0,340.0,238.0,340.0,238.0
2880,GDN0014,Dummy,Valsalva,26,276.0,776.0,346.0,328.0,214.0,378.0,322.0,254.0,360.0,350.0,260.0,226.0,346.0,226.0
2881,GDN0014,Dummy,Valsalva,27,326.0,784.0,354.0,294.0,338.0,374.0,342.0,258.0,366.0,356.0,330.0,258.0,354.0,256.0
2882,GDN0014,Dummy,Valsalva,28,336.0,792.0,356.0,300.0,350.0,386.0,354.0,266.0,374.0,360.0,346.0,266.0,356.0,266.0
2883,GDN0014,Dummy,Valsalva,29,356.0,792.0,360.0,324.0,370.0,352.0,372.0,264.0,374.0,362.0,360.0,264.0,360.0,262.0
2884,GDN0014,Dummy,Valsalva,30,382.0,796.0,352.0,346.0,396.0,380.0,396.0,270.0,374.0,362.0,352.0,270.0,352.0,270.0
2885,GDN0014,Dummy,Valsalva,32,352.0,792.0,368.0,296.0,280.0,394.0,368.0,282.0,374.0,364.0,368.0,276.0,368.0,276.0
2886,GDN0014,Dummy,Valsalva,33,380.0,782.0,350.0,342.0,404.0,380.0,398.0,270.0,372.0,362.0,350.0,408.0,350.0,268.0
2887,GDN0014,Dummy,Valsalva,34,376.0,778.0,348.0,292.0,392.0,374.0,390.0,270.0,370.0,358.0,348.0,404.0,348.0,268.0
2888,GDN0014,Dummy,Valsalva,35,362.0,772.0,344.0,302.0,286.0,362.0,378.0,286.0,368.0,356.0,344.0,398.0,344.0,280.0
2889,GDN0014,Dummy,Valsalva,36,360.0,770.0,342.0,326.0,264.0,356.0,378.0,264.0,366.0,354.0,342.0,400.0,342.0,262.0
2890,GDN0014,Dummy,Valsalva,37,356.0,784.0,342.0,320.0,270.0,352.0,380.0,268.0,368.0,354.0,342.0,400.0,342.0,268.0
2891,GDN0014,Dummy,Valsalva,38,358.0,796.0,352.0,318.0,152.0,348.0,382.0,272.0,374.0,360.0,352.0,272.0,352.0,272.0
2892,GDN0014,Dummy,Valsalva,39,358.0,814.0,340.0,326.0,398.0,356.0,388.0,272.0,372.0,362.0,342.0,404.0,342.0,272.0
2893,GDN0014,Dummy,Valsalva,40,384.0,816.0,360.0,332.0,184.0,380.0,400.0,282.0,380.0,368.0,360.0,416.0,360.0,280.0
2894,GDN0014,Dummy,Valsalva,41,386.0,830.0,360.0,346.0,402.0,382.0,396.0,280.0,384.0,370.0,360.0,414.0,360.0,280.0
2895,GDN0014,Dummy,Valsalva,42,362.0,822.0,382.0,326.0,308.0,360.0,388.0,298.0,384.0,374.0,378.0,416.0,382.0,298.0
2896,GDN0014,Dummy,Valsalva,43,330.0,816.0,368.0,360.0,408.0,390.0,400.0,326.0,388.0,374.0,368.0,416.0,368.0,280.0
2897,GDN0014,Dummy,Valsalva,44,354.0,802.0,374.0,324.0,168.0,352.0,376.0,274.0,382.0,370.0,374.0,274.0,374.0,274.0
2898,GDN0014,Dummy,Valsalva,45,354.0,806.0,364.0,320.0,262.0,350.0,378.0,272.0,378.0,364.0,366.0,272.0,366.0,270.0
2899,GDN0014,Dummy,Valsalva,47,390.0,818.0,362.0,354.0,270.0,384.0,396.0,328.0,382.0,368.0,360.0,270.0,360.0,268.0
2900,GDN0014,Dummy,Valsalva,48,344.0,818.0,362.0,312.0,256.0,388.0,364.0,288.0,380.0,370.0,364.0,258.0,364.0,258.0
2901,GDN0014,Dummy,Valsalva,49,408.0,834.0,334.0,330.0,316.0,398.0,418.0,406.0,388.0,372.0,332.0,406.0,332.0,406.0
2902,GDN0014,Dummy,Valsalva,50,350.0,800.0,372.0,358.0,358.0,394.0,362.0,360.0,388.0,376.0,356.0,232.0,374.0,350.0
2903,GDN0014,Dummy,Valsalva,51,338.0,790.0,360.0,342.0,346.0,394.0,348.0,232.0,374.0,364.0,340.0,232.0,358.0,230.0
2904,GDN0014,Dummy,Valsalva,52,344.0,774.0,368.0,348.0,244.0,382.0,356.0,242.0,376.0,362.0,346.0,242.0,368.0,240.0
2905,GDN0014,Dummy,Valsalva,53,338.0,772.0,378.0,280.0,246.0,326.0,362.0,336.0,362.0,352.0,354.0,396.0,378.0,336.0
2906,GDN0014,Dummy,Valsalva,54,348.0,784.0,372.0,298.0,350.0,382.0,354.0,352.0,362.0,352.0,350.0,396.0,372.0,346.0
2907,GDN0014,Dummy,Valsalva,55,350.0,790.0,380.0,292.0,352.0,334.0,358.0,352.0,370.0,358.0,352.0,402.0,382.0,348.0
2908,GDN0014,Dummy,Valsalva,56,344.0,762.0,358.0,292.0,228.0,404.0,360.0,368.0,368.0,360.0,360.0,386.0,354.0,342.0
2909,GDN0014,Dummy,Valsalva,57,306.0,752.0,348.0,328.0,152.0,380.0,340.0,304.0,360.0,350.0,316.0,224.0,346.0,304.0
2910,GDN0014,Dummy,Valsalva,58,336.0,730.0,362.0,290.0,276.0,380.0,346.0,348.0,352.0,344.0,344.0,386.0,364.0,336.0
2911,GDN0014,Dummy,Valsalva,59,330.0,752.0,354.0,300.0,348.0,402.0,344.0,350.0,356.0,342.0,338.0,370.0,352.0,328.0
2912,GDN0014,Dummy,Valsalva,60,342.0,760.0,360.0,304.0,346.0,386.0,348.0,346.0,358.0,348.0,346.0,374.0,362.0,342.0
2913,GDN0014,Dummy,Valsalva,61,324.0,756.0,352.0,284.0,198.0,354.0,336.0,324.0,362.0,350.0,332.0,382.0,346.0,324.0
2914,GDN0014,Dummy,Valsalva,62,336.0,734.0,360.0,272.0,380.0,330.0,354.0,224.0,354.0,346.0,364.0,388.0,364.0,222.0
2915,GDN0014,Dummy,Valsalva,63,296.0,716.0,330.0,310.0,220.0,358.0,312.0,294.0,346.0,338.0,304.0,222.0,330.0,294.0
2916,GDN0014,Dummy,Valsalva,64,282.0,712.0,324.0,298.0,232.0,356.0,326.0,272.0,342.0,334.0,280.0,226.0,318.0,224.0
2917,GDN0014,Dummy,Valsalva,65,290.0,718.0,336.0,262.0,200.0,360.0,322.0,234.0,340.0,332.0,294.0,208.0,338.0,208.0
2918,GDN0014,Dummy,Valsalva,67,314.0,746.0,338.0,282.0,350.0,310.0,344.0,230.0,348.0,338.0,348.0,370.0,332.0,228.0
2919,GDN0014,Dummy,Valsalva,68,300.0,734.0,342.0,324.0,376.0,360.0,336.0,290.0,356.0,346.0,296.0,232.0,344.0,230.0
2920,GDN0014,Dummy,Valsalva,69,288.0,734.0,338.0,314.0,206.0,380.0,342.0,218.0,348.0,338.0,288.0,218.0,336.0,216.0
2921,GDN0014,Dummy,Valsalva,70,294.0,730.0,346.0,266.0,234.0,290.0,344.0,228.0,348.0,338.0,312.0,376.0,346.0,226.0
2922,GDN0014,Dummy,Valsalva,71,300.0,730.0,344.0,268.0,224.0,298.0,332.0,226.0,346.0,338.0,314.0,374.0,346.0,226.0
2923,GDN0014,Dummy,Valsalva,72,316.0,762.0,348.0,270.0,316.0,302.0,334.0,316.0,348.0,338.0,320.0,374.0,348.0,316.0
2924,GDN0014,Dummy,Valsalva,73,336.0,768.0,356.0,274.0,352.0,326.0,352.0,334.0,356.0,348.0,350.0,382.0,356.0,334.0
2925,GDN0014,Dummy,Valsalva,74,292.0,762.0,348.0,320.0,238.0,332.0,348.0,292.0,362.0,352.0,304.0,232.0,344.0,292.0
2926,GDN0014,Dummy,Valsalva,75,300.0,734.0,346.0,274.0,222.0,372.0,334.0,224.0,356.0,348.0,326.0,224.0,348.0,222.0
2927,GDN0014,Dummy,Valsalva,76,354.0,738.0,314.0,312.0,222.0,346.0,366.0,270.0,348.0,340.0,276.0,224.0,312.0,222.0
2928,GDN0014,Dummy,Valsalva,77,284.0,738.0,340.0,312.0,348.0,374.0,342.0,280.0,350.0,340.0,290.0,220.0,346.0,218.0
2929,GDN0014,Dummy,Valsalva,78,312.0,,340.0,272.0,316.0,392.0,324.0,310.0,350.0,340.0,314.0,370.0,334.0,310.0
2930,GDN0016,Dummy,HoldingBreath,0,460.0,958.0,386.0,394.0,280.0,498.0,472.0,384.0,452.0,422.0,384.0,124.0,384.0,458.0
2931,GDN0016,Dummy,HoldingBreath,1,438.0,1066.0,450.0,394.0,380.0,424.0,440.0,440.0,428.0,420.0,440.0,462.0,450.0,436.0
2932,GDN0016,Dummy,HoldingBreath,2,426.0,1240.0,462.0,448.0,288.0,406.0,478.0,426.0,474.0,460.0,462.0,94.0,462.0,426.0
2933,GDN0016,Dummy,HoldingBreath,3,530.0,1152.0,558.0,454.0,532.0,512.0,538.0,534.0,530.0,518.0,558.0,576.0,558.0,528.0
2934,GDN0016,Dummy,HoldingBreath,4,518.0,994.0,536.0,490.0,526.0,510.0,522.0,526.0,510.0,490.0,520.0,516.0,540.0,516.0
2935,GDN0016,Dummy,HoldingBreath,5,418.0,1006.0,444.0,440.0,286.0,510.0,428.0,426.0,458.0,434.0,420.0,280.0,440.0,418.0
2936,GDN0016,Dummy,HoldingBreath,6,420.0,1186.0,450.0,446.0,286.0,490.0,448.0,410.0,464.0,438.0,426.0,226.0,450.0,394.0
2937,GDN0016,Dummy,HoldingBreath,7,482.0,1180.0,512.0,496.0,362.0,436.0,502.0,482.0,520.0,502.0,512.0,30.0,512.0,482.0
2938,GDN0016,Dummy,HoldingBreath,8,484.0,1194.0,502.0,454.0,442.0,476.0,496.0,488.0,520.0,498.0,486.0,104.0,502.0,484.0
2939,GDN0016,Dummy,HoldingBreath,9,518.0,1176.0,502.0,494.0,532.0,516.0,528.0,480.0,522.0,504.0,502.0,36.0,502.0,474.0
2940,GDN0016,Dummy,HoldingBreath,10,510.0,1154.0,486.0,480.0,466.0,504.0,520.0,520.0,514.0,498.0,516.0,8.0,484.0,510.0
2941,GDN0016,Dummy,HoldingBreath,11,510.0,1186.0,482.0,484.0,420.0,506.0,520.0,462.0,508.0,490.0,464.0,50.0,482.0,462.0
2942,GDN0016,Dummy,HoldingBreath,12,514.0,1122.0,496.0,484.0,524.0,512.0,524.0,470.0,512.0,500.0,454.0,12.0,494.0,452.0
2943,GDN0016,Dummy,HoldingBreath,13,530.0,1180.0,480.0,472.0,542.0,526.0,472.0,468.0,496.0,478.0,462.0,126.0,482.0,460.0
2944,GDN0016,Dummy,HoldingBreath,14,504.0,1164.0,488.0,486.0,352.0,506.0,524.0,460.0,518.0,498.0,438.0,18.0,488.0,436.0
2945,GDN0016,Dummy,HoldingBreath,15,482.0,1148.0,500.0,490.0,484.0,470.0,492.0,486.0,512.0,494.0,482.0,38.0,500.0,480.0
2946,GDN0016,Dummy,HoldingBreath,16,472.0,1166.0,488.0,482.0,548.0,532.0,490.0,464.0,506.0,488.0,470.0,134.0,488.0,464.0
2947,GDN0016,Dummy,HoldingBreath,17,540.0,1174.0,492.0,498.0,326.0,536.0,548.0,472.0,518.0,494.0,494.0,82.0,494.0,444.0
2948,GDN0016,Dummy,HoldingBreath,18,450.0,1094.0,490.0,494.0,330.0,518.0,490.0,448.0,516.0,496.0,488.0,32.0,488.0,448.0
2949,GDN0016,Dummy,HoldingBreath,19,468.0,1030.0,448.0,480.0,480.0,554.0,480.0,464.0,496.0,468.0,436.0,178.0,452.0,434.0
2950,GDN0016,Dummy,HoldingBreath,20,468.0,1044.0,444.0,442.0,282.0,516.0,482.0,418.0,476.0,446.0,420.0,282.0,444.0,418.0
2951,GDN0016,Dummy,HoldingBreath,21,434.0,1066.0,448.0,450.0,438.0,510.0,444.0,440.0,472.0,452.0,436.0,154.0,450.0,432.0
2952,GDN0016,Dummy,HoldingBreath,22,450.0,1174.0,442.0,422.0,406.0,520.0,480.0,446.0,484.0,460.0,456.0,294.0,440.0,406.0
2953,GDN0016,Dummy,HoldingBreath,23,476.0,1122.0,492.0,492.0,478.0,504.0,512.0,474.0,516.0,496.0,476.0,86.0,492.0,474.0
2954,GDN0016,Dummy,HoldingBreath,24,524.0,1090.0,474.0,476.0,456.0,524.0,542.0,458.0,506.0,478.0,474.0,126.0,474.0,452.0
2955,GDN0016,Dummy,HoldingBreath,25,508.0,1044.0,440.0,444.0,520.0,500.0,514.0,410.0,488.0,468.0,518.0,70.0,444.0,410.0
2956,GDN0016,Dummy,HoldingBreath,26,494.0,1028.0,438.0,454.0,318.0,486.0,502.0,504.0,482.0,452.0,504.0,492.0,428.0,492.0
2957,GDN0016,Dummy,HoldingBreath,27,496.0,898.0,418.0,418.0,400.0,486.0,528.0,496.0,476.0,446.0,422.0,496.0,422.0,496.0
2958,GDN0016,Dummy,HoldingBreath,28,462.0,914.0,374.0,390.0,326.0,512.0,470.0,,442.0,396.0,370.0,460.0,370.0,460.0
2959,GDN0016,Dummy,HoldingBreath,30,496.0,1270.0,474.0,514.0,508.0,544.0,510.0,496.0,532.0,506.0,502.0,0.0,,496.0
2960,GDN0016,Dummy,HoldingBreath,31,518.0,1286.0,552.0,532.0,390.0,588.0,542.0,518.0,552.0,530.0,522.0,384.0,552.0,518.0
2961,GDN0016,Dummy,HoldingBreath,32,556.0,1062.0,576.0,506.0,568.0,604.0,566.0,568.0,558.0,536.0,576.0,14.0,576.0,554.0
2962,GDN0016,Dummy,HoldingBreath,33,512.0,926.0,424.0,432.0,410.0,508.0,532.0,,490.0,458.0,422.0,512.0,422.0,512.0
2963,GDN0016,Dummy,HoldingBreath,34,362.0,950.0,394.0,390.0,372.0,448.0,378.0,374.0,440.0,410.0,398.0,170.0,398.0,362.0
2964,GDN0016,Dummy,HoldingBreath,35,446.0,1176.0,400.0,410.0,272.0,502.0,464.0,352.0,448.0,418.0,378.0,114.0,392.0,318.0
2965,GDN0016,Dummy,HoldingBreath,36,492.0,1156.0,514.0,498.0,490.0,474.0,506.0,490.0,518.0,498.0,496.0,0.0,516.0,490.0
2966,GDN0016,Dummy,HoldingBreath,37,476.0,1028.0,508.0,488.0,358.0,540.0,488.0,474.0,510.0,490.0,476.0,352.0,510.0,474.0
2967,GDN0016,Dummy,HoldingBreath,38,488.0,948.0,462.0,438.0,498.0,484.0,492.0,424.0,472.0,446.0,418.0,114.0,460.0,418.0
2968,GDN0016,Dummy,HoldingBreath,39,436.0,876.0,458.0,400.0,442.0,426.0,444.0,444.0,436.0,418.0,440.0,436.0,462.0,436.0
2969,GDN0016,Dummy,HoldingBreath,40,434.0,1044.0,372.0,366.0,350.0,424.0,456.0,432.0,422.0,392.0,338.0,432.0,366.0,432.0
2970,GDN0016,Dummy,HoldingBreath,41,438.0,1076.0,512.0,448.0,430.0,414.0,466.0,438.0,470.0,452.0,514.0,526.0,514.0,436.0
2971,GDN0016,Dummy,HoldingBreath,42,488.0,1154.0,482.0,462.0,328.0,482.0,452.0,438.0,488.0,462.0,486.0,438.0,486.0,436.0
2972,GDN0016,Dummy,HoldingBreath,43,490.0,1096.0,526.0,448.0,540.0,466.0,500.0,488.0,504.0,490.0,490.0,320.0,526.0,488.0
2973,GDN0016,Dummy,HoldingBreath,44,474.0,1016.0,522.0,470.0,492.0,420.0,482.0,492.0,490.0,470.0,518.0,514.0,518.0,472.0
2974,GDN0016,Dummy,HoldingBreath,47,390.0,960.0,432.0,414.0,418.0,366.0,416.0,390.0,434.0,410.0,396.0,188.0,440.0,390.0
2975,GDN0016,Dummy,HoldingBreath,48,422.0,1010.0,442.0,366.0,436.0,474.0,434.0,348.0,438.0,422.0,428.0,230.0,434.0,332.0
2976,GDN0016,Dummy,HoldingBreath,49,414.0,990.0,460.0,434.0,238.0,392.0,444.0,412.0,458.0,440.0,464.0,238.0,464.0,412.0
2977,GDN0016,Dummy,HoldingBreath,50,468.0,986.0,406.0,416.0,484.0,448.0,484.0,486.0,452.0,432.0,406.0,466.0,406.0,466.0
2978,GDN0016,Dummy,HoldingBreath,51,484.0,1164.0,410.0,422.0,496.0,482.0,438.0,382.0,450.0,432.0,394.0,300.0,410.0,382.0
2979,GDN0016,Dummy,HoldingBreath,52,464.0,1176.0,504.0,482.0,348.0,504.0,516.0,462.0,508.0,494.0,464.0,72.0,504.0,462.0
2980,GDN0016,Dummy,HoldingBreath,53,494.0,1080.0,518.0,458.0,302.0,484.0,512.0,520.0,514.0,498.0,494.0,136.0,516.0,492.0
2981,GDN0016,Dummy,HoldingBreath,54,490.0,,436.0,462.0,502.0,542.0,504.0,502.0,488.0,464.0,440.0,490.0,440.0,490.0
2982,GDN0016,Dummy,Pause,0,534.0,1092.0,540.0,508.0,552.0,532.0,550.0,742.0,544.0,526.0,540.0,106.0,520.0,486.0
2983,GDN0016,Dummy,Pause,1,532.0,1014.0,450.0,428.0,536.0,522.0,536.0,538.0,494.0,468.0,474.0,530.0,472.0,530.0
2984,GDN0016,Dummy,Pause,2,444.0,1216.0,398.0,398.0,338.0,438.0,490.0,442.0,460.0,440.0,402.0,328.0,402.0,442.0
2985,GDN0016,Dummy,Pause,3,516.0,1232.0,514.0,494.0,350.0,558.0,522.0,510.0,528.0,512.0,480.0,64.0,508.0,478.0
2986,GDN0016,Dummy,Pause,4,552.0,1132.0,514.0,514.0,564.0,548.0,564.0,566.0,536.0,518.0,516.0,550.0,516.0,550.0
2987,GDN0016,Dummy,Pause,5,496.0,1218.0,440.0,460.0,434.0,550.0,516.0,434.0,504.0,482.0,520.0,16.0,436.0,434.0
2988,GDN0016,Dummy,Pause,6,498.0,1316.0,508.0,506.0,358.0,526.0,536.0,496.0,530.0,512.0,504.0,354.0,512.0,496.0
2989,GDN0016,Dummy,Pause,7,552.0,1284.0,558.0,530.0,516.0,552.0,566.0,550.0,564.0,546.0,558.0,0.0,544.0,518.0
2990,GDN0016,Dummy,Pause,8,554.0,1164.0,532.0,530.0,566.0,552.0,562.0,550.0,556.0,536.0,532.0,52.0,532.0,510.0
2991,GDN0016,Dummy,Pause,9,510.0,1308.0,474.0,468.0,452.0,512.0,530.0,454.0,516.0,494.0,452.0,0.0,476.0,450.0
2992,GDN0016,Dummy,Pause,10,556.0,1234.0,532.0,526.0,568.0,550.0,566.0,568.0,558.0,544.0,560.0,556.0,530.0,556.0
2993,GDN0016,Dummy,Pause,11,542.0,1130.0,504.0,492.0,556.0,540.0,500.0,482.0,524.0,516.0,484.0,8.0,506.0,482.0
2994,GDN0016,Dummy,Pause,12,516.0,1216.0,438.0,438.0,474.0,516.0,532.0,474.0,500.0,482.0,422.0,12.0,438.0,468.0
2995,GDN0016,Dummy,Pause,13,558.0,1252.0,516.0,468.0,568.0,554.0,516.0,516.0,530.0,512.0,506.0,30.0,514.0,502.0
2996,GDN0016,Dummy,Pause,14,482.0,1152.0,514.0,518.0,362.0,514.0,526.0,480.0,542.0,524.0,516.0,0.0,516.0,480.0
2997,GDN0016,Dummy,Pause,15,528.0,1220.0,448.0,454.0,440.0,528.0,540.0,486.0,510.0,490.0,438.0,32.0,450.0,486.0
2998,GDN0016,Dummy,Pause,16,504.0,1200.0,516.0,512.0,410.0,500.0,516.0,502.0,534.0,514.0,506.0,16.0,512.0,502.0
2999,GDN0016,Dummy,Pause,17,468.0,1060.0,484.0,508.0,436.0,544.0,512.0,464.0,528.0,506.0,488.0,10.0,488.0,440.0
3000,GDN0016,Dummy,Pause,18,504.0,1282.0,386.0,428.0,518.0,502.0,516.0,,476.0,458.0,372.0,92.0,386.0,502.0
3001,GDN0016,Dummy,Pause,19,512.0,1444.0,530.0,532.0,514.0,586.0,554.0,512.0,554.0,534.0,514.0,12.0,532.0,512.0
3002,GDN0016,Dummy,Pause,20,598.0,1330.0,610.0,566.0,604.0,638.0,606.0,606.0,606.0,592.0,610.0,22.0,610.0,598.0
3003,GDN0016,Dummy,Pause,21,524.0,1220.0,548.0,556.0,592.0,576.0,546.0,522.0,576.0,552.0,548.0,0.0,548.0,522.0
3004,GDN0016,Dummy,Pause,22,502.0,1282.0,466.0,472.0,370.0,500.0,530.0,446.0,532.0,514.0,522.0,0.0,466.0,416.0
3005,GDN0016,Dummy,Pause,23,524.0,1312.0,532.0,488.0,474.0,554.0,564.0,524.0,554.0,534.0,528.0,14.0,528.0,524.0
3006,GDN0016,Dummy,Pause,24,576.0,1064.0,540.0,536.0,590.0,572.0,582.0,514.0,562.0,546.0,518.0,16.0,536.0,480.0
3007,GDN0016,Dummy,Pause,25,474.0,1090.0,420.0,440.0,484.0,518.0,486.0,472.0,486.0,458.0,416.0,86.0,416.0,472.0
3008,GDN0016,Dummy,Pause,26,514.0,1398.0,444.0,466.0,530.0,512.0,526.0,454.0,488.0,468.0,428.0,48.0,460.0,424.0
3009,GDN0016,Dummy,Pause,27,570.0,1310.0,584.0,550.0,538.0,570.0,592.0,568.0,592.0,576.0,574.0,26.0,580.0,538.0
3010,GDN0016,Dummy,Pause,28,518.0,1220.0,552.0,544.0,392.0,582.0,550.0,516.0,564.0,544.0,520.0,32.0,552.0,516.0
3011,GDN0016,Dummy,Pause,29,540.0,1336.0,518.0,512.0,356.0,538.0,548.0,502.0,534.0,514.0,506.0,360.0,520.0,502.0
3012,GDN0016,Dummy,Pause,30,584.0,1240.0,552.0,548.0,600.0,582.0,552.0,536.0,572.0,554.0,548.0,10.0,548.0,536.0
3013,GDN0016,Dummy,Pause,31,518.0,1132.0,512.0,490.0,474.0,518.0,536.0,516.0,538.0,520.0,526.0,66.0,514.0,474.0
3014,GDN0016,Dummy,Pause,32,496.0,1298.0,454.0,462.0,506.0,548.0,506.0,506.0,506.0,482.0,506.0,50.0,456.0,494.0
3015,GDN0016,Dummy,Pause,33,564.0,1272.0,532.0,534.0,526.0,562.0,574.0,526.0,558.0,540.0,522.0,24.0,530.0,522.0
3016,GDN0016,Dummy,Pause,34,504.0,1244.0,520.0,522.0,380.0,586.0,544.0,504.0,548.0,532.0,506.0,8.0,522.0,504.0
3017,GDN0016,Dummy,Pause,35,496.0,1492.0,512.0,514.0,374.0,522.0,548.0,496.0,540.0,522.0,500.0,0.0,514.0,496.0
3018,GDN0016,Dummy,Pause,36,602.0,1252.0,624.0,602.0,616.0,560.0,620.0,584.0,626.0,608.0,620.0,362.0,620.0,584.0
3019,GDN0016,Dummy,Pause,37,544.0,996.0,492.0,514.0,562.0,544.0,556.0,472.0,546.0,524.0,556.0,20.0,488.0,450.0
3020,GDN0016,Dummy,Pause,38,468.0,1064.0,390.0,398.0,478.0,456.0,476.0,480.0,460.0,434.0,482.0,466.0,388.0,466.0
3021,GDN0016,Dummy,Pause,39,478.0,1474.0,434.0,442.0,430.0,524.0,492.0,418.0,478.0,458.0,426.0,78.0,440.0,418.0
3022,GDN0016,Dummy,Pause,40,590.0,1324.0,608.0,594.0,594.0,626.0,600.0,594.0,618.0,602.0,606.0,158.0,606.0,588.0
3023,GDN0016,Dummy,Pause,41,550.0,1164.0,532.0,526.0,376.0,550.0,566.0,548.0,568.0,550.0,532.0,0.0,532.0,508.0
3024,GDN0016,Dummy,Pause,42,512.0,1294.0,462.0,484.0,472.0,512.0,544.0,456.0,516.0,494.0,462.0,42.0,466.0,456.0
3025,GDN0016,Dummy,Pause,43,538.0,1226.0,552.0,516.0,548.0,580.0,548.0,548.0,556.0,538.0,540.0,0.0,550.0,536.0
3026,GDN0016,Dummy,Pause,44,492.0,1126.0,508.0,512.0,458.0,530.0,542.0,490.0,534.0,516.0,508.0,22.0,508.0,460.0
3027,GDN0016,Dummy,Pause,45,488.0,1190.0,410.0,452.0,518.0,494.0,516.0,400.0,504.0,480.0,518.0,16.0,416.0,332.0
3028,GDN0016,Dummy,Pause,46,498.0,1180.0,512.0,506.0,412.0,488.0,514.0,496.0,526.0,502.0,502.0,30.0,506.0,496.0
3029,GDN0016,Dummy,TiltLevel,0,546.0,1208.0,470.0,472.0,382.0,588.0,558.0,476.0,534.0,508.0,454.0,384.0,468.0,450.0
3030,GDN0016,Dummy,TiltLevel,1,520.0,1198.0,514.0,500.0,532.0,518.0,530.0,488.0,534.0,508.0,486.0,122.0,508.0,484.0
3031,GDN0016,Dummy,TiltLevel,2,512.0,1138.0,520.0,488.0,350.0,578.0,528.0,508.0,528.0,506.0,526.0,74.0,526.0,464.0
3032,GDN0016,Dummy,TiltLevel,3,494.0,1232.0,452.0,470.0,374.0,532.0,540.0,442.0,512.0,484.0,424.0,362.0,452.0,420.0
3033,GDN0016,Dummy,TiltLevel,4,494.0,1196.0,512.0,512.0,368.0,526.0,534.0,496.0,540.0,518.0,496.0,24.0,508.0,492.0
3034,GDN0016,Dummy,TiltLevel,5,510.0,1122.0,508.0,480.0,438.0,512.0,530.0,450.0,524.0,504.0,524.0,4.0,508.0,448.0
3035,GDN0016,Dummy,TiltLevel,6,482.0,1232.0,456.0,460.0,338.0,520.0,528.0,480.0,502.0,478.0,442.0,336.0,460.0,438.0
3036,GDN0016,Dummy,TiltLevel,7,508.0,1252.0,528.0,516.0,462.0,498.0,528.0,506.0,538.0,518.0,508.0,12.0,526.0,506.0
3037,GDN0016,Dummy,TiltLevel,8,494.0,1106.0,534.0,520.0,374.0,570.0,534.0,494.0,542.0,524.0,538.0,24.0,538.0,494.0
3038,GDN0016,Dummy,TiltLevel,9,482.0,1220.0,440.0,446.0,338.0,480.0,530.0,416.0,500.0,474.0,420.0,338.0,440.0,416.0
3039,GDN0016,Dummy,TiltLevel,10,528.0,1200.0,506.0,498.0,480.0,526.0,542.0,480.0,526.0,512.0,480.0,26.0,502.0,478.0
3040,GDN0016,Dummy,TiltLevel,11,520.0,1144.0,530.0,494.0,530.0,508.0,526.0,508.0,528.0,506.0,532.0,100.0,532.0,468.0
3041,GDN0016,Dummy,TiltLevel,12,488.0,1302.0,460.0,464.0,340.0,532.0,542.0,486.0,510.0,486.0,444.0,342.0,462.0,440.0
3042,GDN0016,Dummy,TiltLevel,13,520.0,1456.0,544.0,542.0,398.0,602.0,552.0,510.0,562.0,542.0,544.0,14.0,544.0,496.0
3043,GDN0016,Dummy,TiltLevel,14,624.0,1182.0,610.0,592.0,398.0,620.0,632.0,568.0,614.0,596.0,610.0,568.0,610.0,568.0
3044,GDN0016,Dummy,TiltLevel,15,504.0,1238.0,474.0,478.0,370.0,552.0,518.0,502.0,522.0,500.0,462.0,46.0,472.0,458.0
3045,GDN0016,Dummy,TiltLevel,16,498.0,1236.0,528.0,522.0,574.0,558.0,524.0,498.0,542.0,520.0,504.0,74.0,526.0,498.0
3046,GDN0016,Dummy,TiltLevel,17,522.0,1178.0,536.0,498.0,532.0,564.0,532.0,532.0,544.0,518.0,524.0,38.0,538.0,520.0
3047,GDN0016,Dummy,TiltLevel,18,512.0,1282.0,472.0,480.0,376.0,510.0,542.0,456.0,524.0,498.0,460.0,370.0,472.0,456.0
3048,GDN0016,Dummy,TiltLevel,19,508.0,1278.0,534.0,530.0,508.0,554.0,570.0,508.0,558.0,534.0,532.0,72.0,532.0,508.0
3049,GDN0016,Dummy,TiltLevel,20,562.0,1262.0,544.0,530.0,524.0,558.0,526.0,524.0,552.0,534.0,544.0,0.0,544.0,514.0
3050,GDN0016,Dummy,TiltLevel,22,530.0,1248.0,558.0,556.0,398.0,612.0,564.0,528.0,576.0,556.0,530.0,24.0,554.0,528.0
3051,GDN0016,Dummy,TiltLevel,23,496.0,1108.0,530.0,526.0,340.0,556.0,524.0,496.0,546.0,522.0,532.0,0.0,532.0,494.0
3052,GDN0016,Dummy,TiltLevel,24,482.0,1214.0,436.0,446.0,430.0,532.0,540.0,482.0,506.0,474.0,418.0,336.0,438.0,482.0
3053,GDN0016,Dummy,TiltLevel,25,478.0,1344.0,514.0,508.0,346.0,460.0,530.0,478.0,530.0,510.0,496.0,18.0,514.0,478.0
3054,GDN0016,Dummy,TiltLevel,26,532.0,1148.0,572.0,558.0,402.0,518.0,572.0,532.0,578.0,556.0,570.0,96.0,570.0,532.0
3055,GDN0016,Dummy,TiltLevel,28,488.0,1202.0,434.0,458.0,530.0,484.0,506.0,486.0,490.0,464.0,408.0,328.0,444.0,486.0
3056,GDN0016,Dummy,TiltLevel,29,522.0,1170.0,494.0,498.0,468.0,520.0,532.0,470.0,528.0,506.0,472.0,0.0,490.0,470.0
3057,GDN0016,Dummy,TiltLevel,30,544.0,1062.0,490.0,470.0,454.0,542.0,504.0,490.0,516.0,496.0,496.0,54.0,496.0,452.0
3058,GDN0016,Dummy,TiltLevel,31,468.0,1142.0,422.0,420.0,406.0,514.0,520.0,390.0,482.0,458.0,392.0,328.0,422.0,328.0
3059,GDN0016,Dummy,TiltLevel,32,498.0,1134.0,480.0,476.0,464.0,540.0,510.0,496.0,506.0,486.0,460.0,8.0,476.0,458.0
3060,GDN0016,Dummy,TiltLevel,33,480.0,1058.0,496.0,450.0,488.0,522.0,490.0,488.0,502.0,482.0,482.0,124.0,500.0,480.0
3061,GDN0016,Dummy,TiltLevel,34,468.0,1154.0,406.0,418.0,324.0,516.0,486.0,368.0,482.0,456.0,372.0,324.0,404.0,324.0
3062,GDN0016,Dummy,TiltLevel,35,516.0,1186.0,490.0,490.0,528.0,514.0,524.0,454.0,514.0,490.0,456.0,138.0,488.0,454.0
3063,GDN0016,Dummy,TiltLevel,36,484.0,1080.0,516.0,500.0,310.0,560.0,504.0,484.0,522.0,502.0,520.0,116.0,520.0,484.0
3064,GDN0016,Dummy,TiltLevel,37,484.0,1170.0,424.0,440.0,524.0,568.0,518.0,506.0,494.0,464.0,414.0,20.0,416.0,482.0
3065,GDN0016,Dummy,TiltLevel,38,476.0,1172.0,502.0,496.0,478.0,514.0,488.0,474.0,516.0,496.0,476.0,4.0,500.0,474.0
3066,GDN0016,Dummy,TiltLevel,39,482.0,1082.0,504.0,500.0,342.0,540.0,506.0,478.0,520.0,496.0,508.0,102.0,508.0,450.0
3067,GDN0016,Dummy,TiltLevel,40,502.0,1150.0,392.0,422.0,318.0,500.0,516.0,398.0,488.0,464.0,362.0,40.0,384.0,318.0
3068,GDN0016,Dummy,TiltLevel,41,462.0,1218.0,484.0,478.0,464.0,532.0,470.0,466.0,512.0,488.0,464.0,100.0,484.0,462.0
3069,GDN0016,Dummy,TiltLevel,42,494.0,1102.0,522.0,512.0,568.0,552.0,510.0,494.0,532.0,512.0,524.0,34.0,524.0,492.0
3070,GDN0016,Dummy,TiltLevel,43,494.0,1198.0,426.0,466.0,334.0,490.0,528.0,372.0,492.0,472.0,378.0,334.0,424.0,334.0
3071,GDN0016,Dummy,TiltLevel,44,474.0,1188.0,514.0,514.0,362.0,548.0,512.0,474.0,532.0,506.0,476.0,110.0,512.0,474.0
3072,GDN0016,Dummy,TiltLevel,45,478.0,1106.0,522.0,496.0,476.0,512.0,522.0,478.0,522.0,502.0,526.0,48.0,526.0,478.0
3073,GDN0016,Dummy,TiltLevel,46,492.0,1174.0,426.0,444.0,322.0,526.0,506.0,490.0,500.0,474.0,398.0,332.0,426.0,490.0
3074,GDN0016,Dummy,TiltLevel,47,478.0,1162.0,496.0,490.0,518.0,564.0,514.0,500.0,520.0,496.0,482.0,104.0,488.0,476.0
3075,GDN0016,Dummy,TiltLevel,48,494.0,1160.0,496.0,474.0,458.0,492.0,514.0,492.0,516.0,492.0,498.0,26.0,498.0,458.0
3076,GDN0016,Dummy,TiltLevel,49,516.0,1222.0,484.0,488.0,364.0,514.0,536.0,452.0,516.0,492.0,462.0,352.0,486.0,452.0
3077,GDN0016,Dummy,TiltUp,0,414.0,792.0,426.0,390.0,424.0,408.0,424.0,414.0,400.0,362.0,418.0,414.0,426.0,414.0
3078,GDN0016,Dummy,TiltUp,1,396.0,778.0,428.0,396.0,314.0,380.0,418.0,394.0,402.0,362.0,396.0,38.0,428.0,394.0
3079,GDN0016,Dummy,TiltUp,2,382.0,782.0,418.0,388.0,426.0,410.0,416.0,382.0,396.0,356.0,382.0,440.0,416.0,382.0
3080,GDN0016,Dummy,TiltUp,3,404.0,784.0,426.0,378.0,436.0,402.0,424.0,354.0,398.0,358.0,412.0,56.0,430.0,352.0
3081,GDN0016,Dummy,TiltUp,4,418.0,762.0,430.0,376.0,426.0,474.0,422.0,426.0,402.0,356.0,420.0,74.0,430.0,418.0
3082,GDN0016,Dummy,TiltUp,5,392.0,752.0,404.0,410.0,438.0,484.0,400.0,396.0,406.0,342.0,392.0,98.0,352.0,490.0
3083,GDN0016,Dummy,TiltUp,6,394.0,732.0,414.0,354.0,174.0,382.0,404.0,396.0,382.0,350.0,396.0,394.0,426.0,394.0
3084,GDN0016,Dummy,TiltUp,7,374.0,726.0,416.0,386.0,264.0,354.0,408.0,374.0,388.0,338.0,410.0,374.0,410.0,372.0
3085,GDN0016,Dummy,TiltUp,8,352.0,730.0,400.0,368.0,400.0,430.0,394.0,352.0,376.0,338.0,354.0,212.0,402.0,352.0
3086,GDN0016,Dummy,TiltUp,9,370.0,736.0,396.0,322.0,404.0,348.0,394.0,368.0,378.0,340.0,372.0,56.0,392.0,368.0
3087,GDN0016,Dummy,TiltUp,10,386.0,736.0,404.0,334.0,394.0,370.0,392.0,394.0,374.0,344.0,388.0,386.0,404.0,386.0
3088,GDN0016,Dummy,TiltUp,11,392.0,748.0,406.0,360.0,400.0,384.0,398.0,400.0,380.0,342.0,392.0,60.0,406.0,390.0
3089,GDN0016,Dummy,TiltUp,12,380.0,762.0,406.0,384.0,396.0,344.0,394.0,368.0,388.0,346.0,406.0,76.0,406.0,368.0
3090,GDN0016,Dummy,TiltUp,13,402.0,768.0,418.0,388.0,314.0,396.0,410.0,396.0,396.0,348.0,378.0,80.0,418.0,376.0
3091,GDN0016,Dummy,TiltUp,14,402.0,766.0,422.0,370.0,424.0,472.0,416.0,426.0,402.0,348.0,404.0,34.0,420.0,402.0
3092,GDN0016,Dummy,TiltUp,15,384.0,740.0,412.0,336.0,384.0,418.0,394.0,384.0,390.0,352.0,416.0,448.0,416.0,382.0
3093,GDN0016,Dummy,TiltUp,16,364.0,744.0,404.0,374.0,424.0,388.0,404.0,364.0,382.0,342.0,398.0,50.0,398.0,362.0
3094,GDN0016,Dummy,TiltUp,17,402.0,752.0,402.0,376.0,416.0,400.0,408.0,368.0,384.0,344.0,408.0,62.0,408.0,366.0
3095,GDN0016,Dummy,TiltUp,18,394.0,780.0,406.0,326.0,312.0,384.0,402.0,384.0,382.0,350.0,372.0,70.0,406.0,370.0
3096,GDN0016,Dummy,TiltUp,19,404.0,804.0,420.0,342.0,414.0,446.0,412.0,414.0,390.0,360.0,406.0,404.0,420.0,404.0
3097,GDN0016,Dummy,TiltUp,20,418.0,850.0,428.0,384.0,422.0,408.0,424.0,424.0,406.0,366.0,420.0,0.0,430.0,416.0
3098,GDN0016,Dummy,TiltUp,21,436.0,866.0,442.0,368.0,444.0,428.0,444.0,446.0,422.0,382.0,440.0,436.0,374.0,436.0
3099,GDN0016,Dummy,TiltUp,22,436.0,842.0,450.0,414.0,326.0,428.0,444.0,426.0,424.0,388.0,436.0,10.0,452.0,410.0
3100,GDN0016,Dummy,TiltUp,23,406.0,856.0,434.0,358.0,450.0,382.0,432.0,404.0,416.0,378.0,408.0,18.0,432.0,404.0
3101,GDN0016,Dummy,TiltUp,24,410.0,850.0,364.0,360.0,454.0,400.0,436.0,410.0,418.0,386.0,430.0,2.0,360.0,410.0
3102,GDN0016,Dummy,TiltUp,25,428.0,842.0,442.0,382.0,436.0,464.0,436.0,436.0,414.0,384.0,434.0,426.0,444.0,426.0
3103,GDN0016,Dummy,TiltUp,26,432.0,834.0,442.0,380.0,446.0,504.0,440.0,446.0,422.0,376.0,434.0,14.0,442.0,430.0
3104,GDN0016,Dummy,TiltUp,27,414.0,798.0,440.0,360.0,442.0,406.0,432.0,444.0,416.0,376.0,420.0,460.0,438.0,412.0
3105,GDN0016,Dummy,TiltUp,28,408.0,798.0,430.0,390.0,424.0,408.0,422.0,408.0,400.0,364.0,412.0,32.0,430.0,382.0
3106,GDN0016,Dummy,TiltUp,29,406.0,788.0,422.0,352.0,412.0,442.0,412.0,412.0,398.0,366.0,406.0,34.0,424.0,404.0
3107,GDN0016,Dummy,TiltUp,30,418.0,792.0,380.0,348.0,424.0,408.0,424.0,424.0,394.0,362.0,422.0,416.0,372.0,416.0
3108,GDN0016,Dummy,TiltUp,31,416.0,794.0,430.0,376.0,426.0,476.0,422.0,428.0,412.0,358.0,418.0,28.0,430.0,416.0
3109,GDN0016,Dummy,TiltUp,32,380.0,778.0,422.0,392.0,258.0,364.0,420.0,378.0,400.0,362.0,380.0,24.0,422.0,378.0
3110,GDN0016,Dummy,TiltUp,33,398.0,792.0,418.0,332.0,412.0,380.0,412.0,414.0,390.0,358.0,400.0,22.0,416.0,396.0
3111,GDN0016,Dummy,TiltUp,34,398.0,814.0,420.0,372.0,418.0,392.0,414.0,420.0,398.0,362.0,404.0,46.0,422.0,396.0
3112,GDN0016,Dummy,TiltUp,35,420.0,828.0,430.0,334.0,382.0,418.0,432.0,436.0,398.0,370.0,384.0,306.0,432.0,418.0
3113,GDN0016,Dummy,TiltUp,36,430.0,848.0,440.0,392.0,434.0,482.0,434.0,434.0,416.0,374.0,430.0,20.0,440.0,428.0
3114,GDN0016,Dummy,TiltUp,37,430.0,850.0,444.0,396.0,440.0,420.0,438.0,440.0,420.0,380.0,432.0,34.0,446.0,428.0
3115,GDN0016,Dummy,TiltUp,38,404.0,836.0,430.0,414.0,460.0,444.0,414.0,406.0,422.0,382.0,404.0,12.0,428.0,402.0
3116,GDN0016,Dummy,TiltUp,39,418.0,842.0,438.0,370.0,422.0,406.0,426.0,424.0,414.0,376.0,420.0,274.0,438.0,418.0
3117,GDN0016,Dummy,TiltUp,40,426.0,834.0,436.0,370.0,444.0,424.0,438.0,424.0,408.0,380.0,434.0,8.0,436.0,396.0
3118,GDN0016,Dummy,TiltUp,41,428.0,842.0,424.0,370.0,438.0,420.0,434.0,392.0,410.0,378.0,428.0,8.0,428.0,350.0
3119,GDN0016,Dummy,TiltUp,42,438.0,830.0,416.0,414.0,450.0,496.0,446.0,452.0,422.0,376.0,442.0,78.0,414.0,436.0
3120,GDN0016,Dummy,TiltUp,43,416.0,810.0,438.0,384.0,422.0,406.0,426.0,422.0,414.0,374.0,440.0,50.0,440.0,416.0
3121,GDN0016,Dummy,TiltUp,44,400.0,790.0,430.0,348.0,330.0,370.0,418.0,400.0,406.0,368.0,400.0,16.0,426.0,400.0
3122,GDN0016,Dummy,TiltUp,45,400.0,786.0,420.0,344.0,406.0,388.0,410.0,406.0,400.0,360.0,400.0,34.0,422.0,398.0
3123,GDN0016,Dummy,TiltUp,46,408.0,786.0,426.0,342.0,420.0,398.0,418.0,420.0,398.0,360.0,410.0,42.0,428.0,406.0
3124,GDN0016,Dummy,TiltUp,47,410.0,794.0,420.0,364.0,416.0,496.0,416.0,418.0,410.0,356.0,412.0,66.0,414.0,410.0
3125,GDN0016,Dummy,TiltUp,48,420.0,790.0,388.0,386.0,432.0,410.0,430.0,432.0,398.0,362.0,426.0,418.0,428.0,418.0
3126,GDN0016,Dummy,TiltUp,49,398.0,782.0,422.0,344.0,410.0,438.0,410.0,412.0,400.0,360.0,400.0,66.0,422.0,398.0
3127,GDN0016,Dummy,TiltUp,50,388.0,786.0,420.0,334.0,410.0,362.0,406.0,388.0,392.0,360.0,420.0,60.0,420.0,386.0
3128,GDN0016,Dummy,TiltUp,51,396.0,788.0,412.0,336.0,442.0,426.0,404.0,400.0,390.0,362.0,396.0,46.0,414.0,394.0
3129,GDN0016,Dummy,TiltUp,52,420.0,804.0,424.0,388.0,430.0,478.0,426.0,432.0,408.0,356.0,422.0,50.0,348.0,486.0
3130,GDN0016,Dummy,TiltUp,53,412.0,794.0,436.0,386.0,426.0,406.0,426.0,426.0,410.0,364.0,416.0,306.0,438.0,412.0
3131,GDN0016,Dummy,TiltUp,54,384.0,774.0,422.0,392.0,430.0,414.0,424.0,384.0,400.0,362.0,386.0,26.0,422.0,384.0
3132,GDN0016,Dummy,TiltUp,55,386.0,780.0,410.0,336.0,192.0,422.0,396.0,392.0,392.0,354.0,408.0,194.0,408.0,386.0
3133,GDN0016,Dummy,TiltUp,56,392.0,786.0,416.0,344.0,396.0,376.0,404.0,398.0,392.0,360.0,392.0,42.0,418.0,390.0
3134,GDN0016,Dummy,TiltUp,57,408.0,788.0,424.0,338.0,416.0,400.0,414.0,416.0,396.0,360.0,410.0,62.0,424.0,406.0
3135,GDN0016,Dummy,TiltUp,58,406.0,790.0,420.0,364.0,406.0,392.0,412.0,406.0,400.0,360.0,406.0,80.0,418.0,404.0
3136,GDN0016,Dummy,TiltUp,59,396.0,760.0,426.0,338.0,430.0,370.0,418.0,396.0,396.0,360.0,398.0,48.0,428.0,396.0
3137,GDN0016,Dummy,TiltUp,60,374.0,754.0,406.0,384.0,274.0,354.0,392.0,372.0,390.0,350.0,374.0,44.0,400.0,372.0
3138,GDN0016,Dummy,TiltUp,61,388.0,758.0,410.0,358.0,342.0,382.0,406.0,388.0,382.0,350.0,394.0,50.0,414.0,388.0
3139,GDN0016,Dummy,TiltUp,62,394.0,768.0,408.0,364.0,412.0,386.0,406.0,412.0,388.0,350.0,398.0,42.0,410.0,392.0
3140,GDN0016,Dummy,TiltUp,63,410.0,782.0,416.0,372.0,416.0,400.0,414.0,416.0,386.0,354.0,410.0,408.0,412.0,408.0
3141,GDN0016,Dummy,TiltUp,64,412.0,784.0,422.0,378.0,416.0,448.0,416.0,416.0,396.0,358.0,412.0,410.0,424.0,410.0
3142,GDN0016,Dummy,TiltUp,65,410.0,778.0,414.0,384.0,376.0,408.0,418.0,376.0,394.0,358.0,408.0,24.0,408.0,372.0
3143,GDN0016,Dummy,TiltUp,66,388.0,798.0,420.0,344.0,430.0,370.0,414.0,386.0,388.0,358.0,390.0,442.0,420.0,386.0
3144,GDN0016,Dummy,TiltUp,67,380.0,808.0,420.0,396.0,302.0,354.0,418.0,378.0,404.0,364.0,406.0,38.0,424.0,378.0
3145,GDN0016,Dummy,TiltUp,68,422.0,832.0,428.0,390.0,430.0,414.0,430.0,430.0,402.0,366.0,426.0,422.0,386.0,422.0
3146,GDN0016,Dummy,TiltUp,69,420.0,836.0,436.0,350.0,430.0,414.0,430.0,430.0,410.0,378.0,424.0,24.0,440.0,418.0
3147,GDN0016,Dummy,TiltUp,70,402.0,822.0,426.0,404.0,408.0,436.0,414.0,408.0,414.0,376.0,402.0,0.0,422.0,400.0
3148,GDN0016,Dummy,TiltUp,71,396.0,818.0,430.0,402.0,450.0,432.0,412.0,396.0,410.0,372.0,398.0,460.0,432.0,396.0
3149,GDN0016,Dummy,TiltUp,72,418.0,806.0,422.0,394.0,432.0,476.0,428.0,432.0,408.0,370.0,422.0,20.0,422.0,416.0
3150,GDN0016,Dummy,TiltUp,73,420.0,804.0,402.0,348.0,196.0,420.0,432.0,390.0,400.0,368.0,390.0,38.0,398.0,386.0
3151,GDN0016,Dummy,Valsalva,0,466.0,982.0,418.0,406.0,390.0,462.0,398.0,496.0,448.0,430.0,392.0,292.0,416.0,390.0
3152,GDN0016,Dummy,Valsalva,1,416.0,940.0,446.0,422.0,418.0,404.0,438.0,416.0,446.0,430.0,418.0,124.0,448.0,416.0
3153,GDN0016,Dummy,Valsalva,2,436.0,984.0,388.0,396.0,382.0,428.0,462.0,364.0,436.0,416.0,368.0,188.0,386.0,332.0
3154,GDN0016,Dummy,Valsalva,3,466.0,1058.0,418.0,434.0,476.0,464.0,416.0,478.0,454.0,430.0,404.0,464.0,418.0,464.0
3155,GDN0016,Dummy,Valsalva,4,434.0,1008.0,464.0,414.0,302.0,432.0,472.0,430.0,470.0,456.0,436.0,260.0,466.0,400.0
3156,GDN0016,Dummy,Valsalva,5,470.0,1038.0,402.0,406.0,484.0,468.0,482.0,384.0,460.0,438.0,344.0,166.0,400.0,384.0
3157,GDN0016,Dummy,Valsalva,6,490.0,1084.0,442.0,444.0,300.0,484.0,436.0,410.0,468.0,450.0,424.0,300.0,444.0,386.0
3158,GDN0016,Dummy,Valsalva,7,456.0,1034.0,468.0,436.0,422.0,456.0,476.0,454.0,484.0,466.0,460.0,42.0,464.0,422.0
3159,GDN0016,Dummy,Valsalva,8,478.0,1032.0,434.0,428.0,282.0,528.0,490.0,394.0,474.0,448.0,434.0,230.0,434.0,394.0
3160,GDN0016,Dummy,Valsalva,9,476.0,1176.0,418.0,416.0,326.0,520.0,486.0,442.0,472.0,448.0,396.0,322.0,420.0,394.0
3161,GDN0016,Dummy,Valsalva,10,478.0,1236.0,500.0,494.0,478.0,462.0,500.0,476.0,516.0,498.0,478.0,0.0,498.0,476.0
3162,GDN0016,Dummy,Valsalva,11,512.0,1124.0,510.0,482.0,466.0,568.0,532.0,468.0,534.0,518.0,514.0,54.0,514.0,468.0
3163,GDN0016,Dummy,Valsalva,12,526.0,1192.0,446.0,452.0,538.0,524.0,492.0,474.0,500.0,480.0,434.0,8.0,444.0,430.0
3164,GDN0016,Dummy,Valsalva,13,502.0,1236.0,512.0,484.0,360.0,534.0,516.0,500.0,524.0,504.0,504.0,0.0,510.0,468.0
3165,GDN0016,Dummy,Valsalva,14,504.0,1052.0,526.0,510.0,532.0,570.0,526.0,490.0,534.0,518.0,492.0,68.0,526.0,460.0
3166,GDN0016,Dummy,Valsalva,15,486.0,988.0,414.0,420.0,402.0,522.0,502.0,390.0,478.0,454.0,358.0,44.0,414.0,390.0
3167,GDN0016,Dummy,Valsalva,16,438.0,1076.0,406.0,404.0,392.0,456.0,486.0,392.0,450.0,432.0,388.0,296.0,408.0,384.0
3168,GDN0016,Dummy,Valsalva,17,442.0,1012.0,474.0,458.0,500.0,482.0,494.0,440.0,480.0,462.0,442.0,286.0,474.0,440.0
3169,GDN0016,Dummy,Valsalva,18,436.0,990.0,406.0,406.0,394.0,484.0,450.0,396.0,460.0,440.0,362.0,182.0,408.0,360.0
3170,GDN0016,Dummy,Valsalva,19,454.0,1168.0,358.0,404.0,300.0,486.0,464.0,452.0,456.0,432.0,344.0,298.0,360.0,452.0
3171,GDN0016,Dummy,Valsalva,20,460.0,1248.0,478.0,494.0,354.0,546.0,502.0,458.0,514.0,494.0,466.0,0.0,472.0,458.0
3172,GDN0016,Dummy,Valsalva,21,496.0,1012.0,530.0,544.0,346.0,614.0,524.0,494.0,554.0,522.0,496.0,6.0,530.0,622.0
3173,GDN0016,Dummy,Valsalva,22,478.0,1066.0,394.0,414.0,488.0,472.0,488.0,490.0,468.0,440.0,492.0,478.0,394.0,478.0
3174,GDN0016,Dummy,Valsalva,23,422.0,1136.0,446.0,452.0,318.0,530.0,442.0,422.0,484.0,460.0,432.0,72.0,442.0,422.0
3175,GDN0016,Dummy,Valsalva,24,456.0,986.0,494.0,476.0,510.0,556.0,502.0,454.0,504.0,484.0,496.0,0.0,496.0,454.0
3176,GDN0016,Dummy,Valsalva,25,460.0,976.0,396.0,406.0,470.0,454.0,470.0,472.0,456.0,432.0,476.0,460.0,396.0,460.0
3177,GDN0016,Dummy,Valsalva,26,456.0,1050.0,402.0,392.0,306.0,492.0,472.0,360.0,452.0,428.0,368.0,306.0,402.0,360.0
3178,GDN0016,Dummy,Valsalva,27,454.0,966.0,464.0,428.0,414.0,450.0,470.0,450.0,468.0,454.0,456.0,186.0,468.0,410.0
3179,GDN0016,Dummy,Valsalva,28,460.0,978.0,402.0,400.0,386.0,456.0,470.0,386.0,448.0,424.0,382.0,100.0,402.0,380.0
3180,GDN0016,Dummy,Valsalva,29,466.0,1060.0,410.0,428.0,478.0,464.0,480.0,372.0,448.0,428.0,378.0,284.0,412.0,372.0
3181,GDN0016,Dummy,Valsalva,30,442.0,1034.0,468.0,412.0,398.0,436.0,462.0,440.0,472.0,458.0,444.0,398.0,468.0,440.0
3182,GDN0016,Dummy,Valsalva,31,468.0,1006.0,436.0,440.0,428.0,500.0,426.0,394.0,470.0,448.0,396.0,116.0,434.0,394.0
3183,GDN0016,Dummy,Valsalva,32,482.0,1092.0,410.0,410.0,496.0,482.0,494.0,378.0,458.0,438.0,388.0,304.0,414.0,302.0
3184,GDN0016,Dummy,Valsalva,33,438.0,1036.0,454.0,458.0,326.0,506.0,462.0,438.0,484.0,468.0,442.0,14.0,450.0,438.0
3185,GDN0016,Dummy,Valsalva,34,452.0,994.0,426.0,420.0,404.0,514.0,468.0,404.0,474.0,448.0,462.0,56.0,426.0,392.0
3186,GDN0016,Dummy,Valsalva,35,478.0,1158.0,418.0,422.0,492.0,478.0,488.0,394.0,452.0,434.0,404.0,284.0,422.0,394.0
3187,GDN0016,Dummy,Valsalva,36,474.0,1214.0,494.0,478.0,344.0,522.0,486.0,486.0,506.0,492.0,476.0,72.0,492.0,472.0
3188,GDN0016,Dummy,Valsalva,37,498.0,1144.0,512.0,478.0,512.0,496.0,514.0,494.0,522.0,508.0,464.0,52.0,516.0,462.0
3189,GDN0016,Dummy,Valsalva,38,518.0,1282.0,472.0,480.0,350.0,516.0,466.0,462.0,504.0,486.0,460.0,348.0,474.0,456.0
3190,GDN0016,Dummy,Valsalva,39,510.0,1230.0,544.0,526.0,376.0,578.0,546.0,528.0,550.0,534.0,518.0,0.0,536.0,508.0
3191,GDN0016,Dummy,Valsalva,40,520.0,1140.0,504.0,498.0,534.0,578.0,532.0,476.0,538.0,516.0,508.0,76.0,508.0,476.0
3192,GDN0016,Dummy,Valsalva,41,498.0,1234.0,458.0,466.0,332.0,496.0,518.0,446.0,506.0,484.0,448.0,334.0,458.0,444.0
3193,GDN0016,Dummy,Valsalva,42,500.0,1268.0,522.0,518.0,568.0,550.0,526.0,488.0,538.0,518.0,500.0,36.0,518.0,488.0
3194,GDN0016,Dummy,Valsalva,43,528.0,1132.0,522.0,506.0,544.0,528.0,546.0,526.0,548.0,530.0,528.0,106.0,528.0,484.0
3195,GDN0016,Dummy,Valsalva,44,488.0,1172.0,448.0,458.0,338.0,534.0,506.0,424.0,506.0,482.0,402.0,4.0,448.0,398.0
3196,GDN0016,Dummy,Valsalva,45,486.0,1270.0,496.0,494.0,330.0,544.0,502.0,486.0,516.0,496.0,490.0,66.0,496.0,486.0
3197,GDN0016,Dummy,Valsalva,46,524.0,1238.0,506.0,498.0,482.0,578.0,540.0,524.0,548.0,530.0,508.0,0.0,508.0,480.0
3198,GDN0016,Dummy,Valsalva,47,528.0,1412.0,500.0,504.0,370.0,570.0,540.0,526.0,544.0,520.0,488.0,2.0,500.0,486.0
3199,GDN0016,Dummy,Valsalva,48,590.0,1394.0,604.0,560.0,598.0,582.0,602.0,600.0,600.0,580.0,590.0,8.0,602.0,590.0
3200,GDN0016,Dummy,Valsalva,49,584.0,1180.0,566.0,558.0,542.0,578.0,590.0,538.0,590.0,574.0,566.0,2.0,566.0,536.0
3201,GDN0016,Dummy,Valsalva,50,536.0,1280.0,402.0,474.0,358.0,574.0,546.0,442.0,524.0,500.0,452.0,14.0,,442.0
3202,GDN0016,Dummy,Valsalva,51,542.0,1430.0,534.0,522.0,372.0,590.0,556.0,538.0,554.0,534.0,506.0,10.0,536.0,504.0
3203,GDN0017,Dummy,HoldingBreath,0,456.0,940.0,468.0,390.0,472.0,454.0,466.0,420.0,436.0,416.0,432.0,490.0,472.0,428.0
3204,GDN0017,Dummy,HoldingBreath,1,452.0,966.0,396.0,396.0,494.0,432.0,464.0,450.0,444.0,416.0,462.0,450.0,394.0,450.0
3205,GDN0017,Dummy,HoldingBreath,2,462.0,972.0,404.0,414.0,458.0,502.0,472.0,462.0,456.0,424.0,470.0,346.0,400.0,462.0
3206,GDN0017,Dummy,HoldingBreath,3,444.0,928.0,464.0,422.0,460.0,444.0,456.0,396.0,444.0,426.0,398.0,482.0,464.0,396.0
3207,GDN0017,Dummy,HoldingBreath,4,450.0,938.0,460.0,392.0,458.0,432.0,458.0,458.0,434.0,410.0,454.0,484.0,460.0,448.0
3208,GDN0017,Dummy,HoldingBreath,5,460.0,914.0,382.0,410.0,464.0,508.0,466.0,466.0,454.0,412.0,466.0,308.0,386.0,458.0
3209,GDN0017,Dummy,HoldingBreath,6,446.0,852.0,458.0,364.0,464.0,446.0,460.0,428.0,430.0,406.0,458.0,482.0,450.0,406.0
3210,GDN0017,Dummy,HoldingBreath,7,418.0,848.0,428.0,376.0,436.0,408.0,430.0,436.0,406.0,384.0,428.0,454.0,430.0,416.0
3211,GDN0017,Dummy,HoldingBreath,8,408.0,850.0,362.0,358.0,196.0,394.0,440.0,406.0,410.0,382.0,362.0,302.0,362.0,406.0
3212,GDN0017,Dummy,HoldingBreath,9,416.0,854.0,404.0,384.0,428.0,414.0,424.0,372.0,404.0,384.0,382.0,282.0,408.0,372.0
3213,GDN0017,Dummy,HoldingBreath,10,426.0,884.0,432.0,388.0,428.0,414.0,432.0,428.0,408.0,384.0,432.0,458.0,386.0,424.0
3214,GDN0017,Dummy,HoldingBreath,11,428.0,912.0,374.0,358.0,464.0,448.0,452.0,428.0,420.0,396.0,432.0,426.0,432.0,426.0
3215,GDN0017,Dummy,HoldingBreath,12,444.0,934.0,376.0,370.0,350.0,428.0,458.0,442.0,434.0,406.0,372.0,442.0,372.0,442.0
3216,GDN0017,Dummy,HoldingBreath,13,424.0,924.0,430.0,398.0,454.0,418.0,446.0,376.0,430.0,412.0,378.0,322.0,440.0,376.0
3217,GDN0017,Dummy,HoldingBreath,14,448.0,936.0,388.0,370.0,472.0,432.0,458.0,450.0,432.0,410.0,454.0,480.0,380.0,446.0
3218,GDN0017,Dummy,HoldingBreath,15,456.0,944.0,400.0,408.0,456.0,444.0,464.0,458.0,442.0,414.0,400.0,454.0,400.0,454.0
3219,GDN0017,Dummy,HoldingBreath,16,450.0,906.0,400.0,396.0,230.0,434.0,466.0,448.0,442.0,416.0,464.0,448.0,402.0,448.0
3220,GDN0017,Dummy,HoldingBreath,17,428.0,898.0,440.0,382.0,456.0,412.0,448.0,426.0,426.0,404.0,448.0,470.0,440.0,426.0
3221,GDN0017,Dummy,HoldingBreath,18,438.0,896.0,376.0,362.0,468.0,422.0,458.0,438.0,426.0,400.0,468.0,438.0,376.0,438.0
3222,GDN0017,Dummy,HoldingBreath,19,454.0,900.0,392.0,398.0,458.0,438.0,458.0,458.0,430.0,400.0,458.0,452.0,392.0,452.0
3223,GDN0017,Dummy,HoldingBreath,20,442.0,896.0,392.0,392.0,460.0,428.0,454.0,462.0,424.0,400.0,456.0,440.0,394.0,440.0
3224,GDN0017,Dummy,HoldingBreath,21,430.0,890.0,376.0,366.0,324.0,418.0,454.0,428.0,422.0,400.0,374.0,428.0,374.0,428.0
3225,GDN0017,Dummy,HoldingBreath,22,416.0,894.0,432.0,438.0,424.0,522.0,540.0,424.0,452.0,388.0,416.0,534.0,432.0,534.0
3226,GDN0017,Dummy,HoldingBreath,23,440.0,912.0,446.0,364.0,446.0,428.0,448.0,448.0,418.0,398.0,446.0,468.0,442.0,440.0
3227,GDN0017,Dummy,HoldingBreath,24,444.0,928.0,388.0,398.0,482.0,464.0,470.0,444.0,432.0,406.0,388.0,486.0,388.0,442.0
3228,GDN0017,Dummy,HoldingBreath,25,444.0,928.0,404.0,396.0,470.0,436.0,458.0,444.0,432.0,410.0,458.0,444.0,406.0,444.0
3229,GDN0017,Dummy,HoldingBreath,26,454.0,934.0,376.0,372.0,472.0,440.0,464.0,474.0,436.0,410.0,470.0,454.0,374.0,454.0
3230,GDN0017,Dummy,HoldingBreath,27,440.0,910.0,416.0,400.0,460.0,440.0,454.0,384.0,426.0,412.0,458.0,470.0,418.0,384.0
3231,GDN0017,Dummy,HoldingBreath,28,438.0,910.0,452.0,362.0,474.0,430.0,462.0,436.0,428.0,404.0,464.0,482.0,450.0,436.0
3232,GDN0017,Dummy,HoldingBreath,29,450.0,916.0,462.0,394.0,462.0,436.0,458.0,462.0,430.0,404.0,456.0,482.0,460.0,450.0
3233,GDN0017,Dummy,HoldingBreath,30,450.0,954.0,382.0,396.0,484.0,434.0,462.0,450.0,434.0,406.0,460.0,488.0,388.0,448.0
3234,GDN0017,Dummy,HoldingBreath,31,476.0,1136.0,366.0,412.0,310.0,454.0,482.0,484.0,450.0,420.0,482.0,474.0,360.0,474.0
3235,GDN0017,Dummy,HoldingBreath,32,532.0,1094.0,438.0,482.0,424.0,514.0,542.0,546.0,514.0,484.0,544.0,534.0,438.0,534.0
3236,GDN0017,Dummy,HoldingBreath,33,512.0,1066.0,412.0,432.0,530.0,510.0,524.0,508.0,496.0,468.0,520.0,238.0,410.0,486.0
3237,GDN0017,Dummy,HoldingBreath,34,502.0,1054.0,412.0,432.0,532.0,484.0,520.0,502.0,492.0,460.0,532.0,502.0,406.0,502.0
3238,GDN0017,Dummy,HoldingBreath,35,498.0,1008.0,508.0,428.0,502.0,484.0,502.0,502.0,484.0,454.0,498.0,528.0,510.0,496.0
3239,GDN0017,Dummy,HoldingBreath,36,474.0,988.0,396.0,396.0,318.0,472.0,492.0,452.0,462.0,438.0,376.0,510.0,392.0,438.0
3240,GDN0017,Dummy,HoldingBreath,37,472.0,982.0,474.0,418.0,324.0,456.0,484.0,490.0,464.0,432.0,480.0,98.0,478.0,472.0
3241,GDN0017,Dummy,HoldingBreath,38,504.0,956.0,410.0,414.0,334.0,500.0,510.0,502.0,454.0,430.0,382.0,502.0,412.0,502.0
3242,GDN0017,Dummy,HoldingBreath,39,450.0,976.0,456.0,404.0,446.0,432.0,460.0,448.0,444.0,420.0,454.0,448.0,396.0,448.0
3243,GDN0017,Dummy,HoldingBreath,40,476.0,984.0,482.0,430.0,478.0,518.0,480.0,480.0,460.0,428.0,478.0,474.0,482.0,474.0
3244,GDN0017,Dummy,HoldingBreath,41,464.0,968.0,474.0,398.0,466.0,450.0,474.0,468.0,454.0,430.0,470.0,462.0,478.0,462.0
3245,GDN0017,Dummy,HoldingBreath,42,464.0,1002.0,406.0,382.0,484.0,454.0,478.0,462.0,448.0,424.0,478.0,462.0,398.0,462.0
3246,GDN0017,Dummy,HoldingBreath,43,480.0,1012.0,410.0,402.0,486.0,466.0,486.0,488.0,464.0,436.0,486.0,480.0,408.0,480.0
3247,GDN0017,Dummy,HoldingBreath,44,474.0,1014.0,422.0,414.0,486.0,470.0,484.0,488.0,458.0,440.0,480.0,506.0,446.0,472.0
3248,GDN0017,Dummy,HoldingBreath,45,488.0,1026.0,414.0,412.0,500.0,464.0,496.0,502.0,470.0,440.0,494.0,486.0,416.0,486.0
3249,GDN0017,Dummy,HoldingBreath,46,486.0,1012.0,406.0,440.0,274.0,536.0,498.0,504.0,476.0,446.0,496.0,486.0,404.0,486.0
3250,GDN0017,Dummy,HoldingBreath,47,474.0,986.0,442.0,430.0,488.0,468.0,486.0,490.0,464.0,440.0,484.0,472.0,446.0,472.0
3251,GDN0017,Dummy,HoldingBreath,48,478.0,990.0,426.0,430.0,484.0,464.0,482.0,484.0,458.0,432.0,480.0,502.0,424.0,476.0
3252,GDN0017,Dummy,HoldingBreath,49,480.0,984.0,400.0,398.0,498.0,462.0,490.0,498.0,460.0,432.0,494.0,478.0,400.0,478.0
3253,GDN0017,Dummy,HoldingBreath,50,474.0,972.0,480.0,420.0,482.0,456.0,482.0,482.0,454.0,430.0,478.0,502.0,480.0,472.0
3254,GDN0017,Dummy,HoldingBreath,51,464.0,988.0,420.0,390.0,468.0,454.0,472.0,470.0,448.0,426.0,470.0,464.0,414.0,464.0
3255,GDN0017,Dummy,HoldingBreath,52,474.0,988.0,412.0,422.0,358.0,460.0,482.0,484.0,460.0,432.0,482.0,472.0,414.0,472.0
3256,GDN0017,Dummy,HoldingBreath,53,482.0,960.0,396.0,436.0,494.0,468.0,490.0,494.0,460.0,432.0,494.0,482.0,398.0,482.0
3257,GDN0017,Dummy,HoldingBreath,54,456.0,964.0,420.0,414.0,334.0,448.0,468.0,454.0,446.0,422.0,466.0,454.0,418.0,454.0
3258,GDN0017,Dummy,HoldingBreath,55,466.0,962.0,408.0,410.0,474.0,456.0,476.0,476.0,450.0,424.0,478.0,464.0,410.0,464.0
3259,GDN0017,Dummy,HoldingBreath,56,470.0,928.0,398.0,396.0,280.0,462.0,480.0,482.0,450.0,422.0,482.0,468.0,398.0,468.0
3260,GDN0017,Dummy,HoldingBreath,57,454.0,928.0,398.0,400.0,292.0,436.0,468.0,454.0,434.0,410.0,474.0,454.0,398.0,454.0
3261,GDN0017,Dummy,HoldingBreath,58,450.0,952.0,396.0,398.0,386.0,428.0,464.0,470.0,434.0,410.0,468.0,450.0,396.0,450.0
3262,GDN0017,Dummy,HoldingBreath,59,466.0,958.0,388.0,384.0,368.0,454.0,478.0,464.0,444.0,420.0,486.0,464.0,388.0,464.0
3263,GDN0017,Dummy,HoldingBreath,60,418.0,952.0,450.0,390.0,466.0,450.0,460.0,416.0,444.0,422.0,426.0,296.0,450.0,374.0
3264,GDN0017,Dummy,HoldingBreath,61,466.0,,472.0,416.0,468.0,450.0,470.0,468.0,446.0,420.0,470.0,464.0,474.0,464.0
3265,GDN0017,Dummy,TiltLevel,0,452.0,962.0,466.0,404.0,388.0,440.0,460.0,470.0,446.0,422.0,458.0,452.0,468.0,452.0
3266,GDN0017,Dummy,TiltLevel,1,476.0,992.0,406.0,400.0,490.0,466.0,484.0,474.0,446.0,422.0,486.0,502.0,406.0,474.0
3267,GDN0017,Dummy,TiltLevel,2,502.0,978.0,414.0,418.0,458.0,500.0,510.0,460.0,466.0,434.0,464.0,334.0,412.0,460.0
3268,GDN0017,Dummy,TiltLevel,3,470.0,950.0,476.0,374.0,476.0,458.0,474.0,476.0,446.0,428.0,474.0,494.0,478.0,468.0
3269,GDN0017,Dummy,TiltLevel,4,454.0,980.0,460.0,400.0,328.0,498.0,462.0,454.0,444.0,418.0,458.0,452.0,458.0,452.0
3270,GDN0017,Dummy,TiltLevel,5,480.0,970.0,408.0,408.0,488.0,464.0,486.0,488.0,454.0,428.0,490.0,478.0,408.0,478.0
3271,GDN0017,Dummy,TiltLevel,6,462.0,928.0,426.0,424.0,472.0,526.0,470.0,472.0,454.0,426.0,468.0,462.0,468.0,462.0
3272,GDN0017,Dummy,TiltLevel,7,456.0,926.0,408.0,400.0,464.0,446.0,462.0,464.0,426.0,410.0,462.0,476.0,406.0,456.0
3273,GDN0017,Dummy,TiltLevel,8,460.0,944.0,400.0,382.0,290.0,446.0,468.0,466.0,438.0,410.0,472.0,458.0,402.0,458.0
3274,GDN0017,Dummy,TiltLevel,9,466.0,908.0,472.0,406.0,478.0,452.0,472.0,478.0,436.0,416.0,472.0,490.0,472.0,466.0
3275,GDN0017,Dummy,TiltLevel,10,432.0,914.0,438.0,386.0,464.0,416.0,450.0,430.0,424.0,404.0,458.0,430.0,438.0,430.0
3276,GDN0017,Dummy,TiltLevel,11,456.0,946.0,398.0,406.0,462.0,442.0,462.0,462.0,426.0,406.0,466.0,478.0,396.0,456.0
3277,GDN0017,Dummy,TiltLevel,12,466.0,960.0,468.0,404.0,472.0,450.0,470.0,472.0,448.0,418.0,470.0,464.0,472.0,464.0
3278,GDN0017,Dummy,TiltLevel,13,498.0,908.0,406.0,406.0,452.0,494.0,460.0,452.0,452.0,422.0,458.0,328.0,406.0,452.0
3279,GDN0017,Dummy,TiltLevel,14,452.0,914.0,462.0,390.0,456.0,440.0,456.0,458.0,426.0,404.0,456.0,476.0,462.0,452.0
3280,GDN0017,Dummy,TiltLevel,15,466.0,906.0,396.0,388.0,478.0,460.0,474.0,480.0,430.0,406.0,394.0,486.0,394.0,466.0
3281,GDN0017,Dummy,TiltLevel,16,436.0,882.0,396.0,390.0,312.0,426.0,446.0,450.0,420.0,404.0,452.0,434.0,400.0,434.0
3282,GDN0017,Dummy,TiltLevel,17,430.0,902.0,386.0,386.0,238.0,418.0,440.0,438.0,414.0,394.0,446.0,430.0,384.0,430.0
3283,GDN0017,Dummy,TiltLevel,18,458.0,920.0,458.0,364.0,462.0,444.0,462.0,464.0,428.0,402.0,464.0,480.0,464.0,456.0
3284,GDN0017,Dummy,TiltLevel,19,468.0,908.0,386.0,384.0,368.0,460.0,476.0,480.0,434.0,408.0,384.0,468.0,384.0,468.0
3285,GDN0017,Dummy,TiltLevel,20,440.0,908.0,446.0,392.0,448.0,428.0,448.0,450.0,420.0,404.0,448.0,468.0,448.0,438.0
3286,GDN0017,Dummy,TiltLevel,21,420.0,946.0,430.0,382.0,286.0,442.0,458.0,418.0,424.0,404.0,430.0,342.0,430.0,418.0
3287,GDN0017,Dummy,TiltLevel,22,468.0,950.0,396.0,378.0,472.0,454.0,474.0,474.0,444.0,418.0,394.0,466.0,394.0,466.0
3288,GDN0017,Dummy,TiltLevel,23,440.0,922.0,418.0,404.0,272.0,434.0,456.0,438.0,434.0,418.0,458.0,438.0,448.0,438.0
3289,GDN0017,Dummy,TiltLevel,24,450.0,936.0,408.0,368.0,456.0,442.0,456.0,458.0,428.0,408.0,456.0,472.0,402.0,450.0
3290,GDN0017,Dummy,TiltLevel,25,462.0,952.0,402.0,376.0,286.0,448.0,470.0,472.0,438.0,414.0,474.0,488.0,406.0,462.0
3291,GDN0017,Dummy,TiltLevel,26,456.0,930.0,400.0,400.0,330.0,492.0,464.0,462.0,446.0,420.0,464.0,454.0,400.0,454.0
3292,GDN0017,Dummy,TiltLevel,27,444.0,914.0,450.0,398.0,322.0,434.0,452.0,454.0,436.0,412.0,450.0,442.0,452.0,442.0
3293,GDN0017,Dummy,TiltLevel,28,450.0,938.0,396.0,400.0,458.0,436.0,458.0,458.0,430.0,406.0,458.0,474.0,394.0,450.0
3294,GDN0017,Dummy,TiltLevel,29,454.0,944.0,404.0,408.0,454.0,482.0,460.0,456.0,442.0,414.0,460.0,452.0,454.0,452.0
3295,GDN0017,Dummy,TiltLevel,30,464.0,934.0,398.0,386.0,308.0,456.0,474.0,474.0,440.0,416.0,480.0,462.0,396.0,462.0
3296,GDN0017,Dummy,TiltLevel,31,432.0,932.0,414.0,400.0,232.0,432.0,454.0,370.0,432.0,412.0,344.0,302.0,422.0,342.0
3297,GDN0017,Dummy,TiltLevel,32,458.0,962.0,404.0,412.0,472.0,442.0,466.0,474.0,434.0,412.0,466.0,484.0,400.0,456.0
3298,GDN0017,Dummy,TiltLevel,33,484.0,958.0,398.0,390.0,496.0,478.0,492.0,498.0,450.0,422.0,368.0,484.0,400.0,484.0
3299,GDN0017,Dummy,TiltLevel,34,466.0,954.0,474.0,420.0,468.0,452.0,470.0,470.0,452.0,422.0,470.0,466.0,472.0,466.0
3300,GDN0017,Dummy,TiltLevel,35,438.0,926.0,448.0,398.0,312.0,426.0,468.0,440.0,440.0,420.0,444.0,314.0,450.0,436.0
3301,GDN0017,Dummy,TiltLevel,36,434.0,954.0,444.0,376.0,302.0,464.0,446.0,440.0,430.0,410.0,440.0,434.0,442.0,434.0
3302,GDN0017,Dummy,TiltLevel,37,464.0,966.0,468.0,418.0,464.0,448.0,470.0,464.0,446.0,420.0,472.0,462.0,472.0,462.0
3303,GDN0017,Dummy,TiltLevel,38,482.0,962.0,404.0,384.0,306.0,466.0,488.0,488.0,450.0,424.0,400.0,480.0,400.0,480.0
3304,GDN0017,Dummy,TiltLevel,39,444.0,934.0,454.0,402.0,322.0,478.0,454.0,448.0,444.0,422.0,448.0,322.0,456.0,442.0
3305,GDN0017,Dummy,TiltLevel,40,452.0,962.0,396.0,378.0,476.0,450.0,468.0,364.0,432.0,412.0,474.0,484.0,392.0,358.0
3306,GDN0017,Dummy,TiltLevel,41,468.0,962.0,400.0,392.0,472.0,454.0,472.0,472.0,452.0,422.0,474.0,466.0,404.0,466.0
3307,GDN0017,Dummy,TiltLevel,42,474.0,968.0,416.0,386.0,476.0,462.0,478.0,478.0,450.0,422.0,482.0,472.0,412.0,472.0
3308,GDN0017,Dummy,TiltLevel,43,446.0,948.0,458.0,408.0,448.0,434.0,460.0,448.0,448.0,424.0,450.0,316.0,460.0,444.0
3309,GDN0017,Dummy,TiltLevel,44,446.0,932.0,426.0,380.0,226.0,444.0,460.0,464.0,434.0,418.0,464.0,444.0,422.0,444.0
3310,GDN0017,Dummy,TiltLevel,45,454.0,946.0,462.0,410.0,456.0,440.0,458.0,456.0,436.0,412.0,458.0,482.0,462.0,454.0
3311,GDN0017,Dummy,TiltLevel,46,480.0,956.0,404.0,388.0,492.0,474.0,488.0,492.0,446.0,418.0,368.0,478.0,406.0,478.0
3312,GDN0017,Dummy,TiltLevel,47,458.0,948.0,406.0,406.0,458.0,498.0,464.0,458.0,452.0,420.0,462.0,330.0,404.0,456.0
3313,GDN0017,Dummy,TiltLevel,48,462.0,906.0,404.0,388.0,374.0,462.0,480.0,418.0,442.0,418.0,372.0,320.0,404.0,370.0
3314,GDN0017,Dummy,TiltLevel,49,442.0,890.0,448.0,396.0,446.0,486.0,448.0,448.0,430.0,404.0,446.0,442.0,448.0,442.0
3315,GDN0017,Dummy,TiltLevel,50,446.0,894.0,390.0,362.0,458.0,436.0,454.0,460.0,416.0,398.0,458.0,470.0,386.0,444.0
3316,GDN0017,Dummy,TiltLevel,51,434.0,856.0,442.0,388.0,312.0,420.0,444.0,432.0,422.0,398.0,442.0,432.0,444.0,432.0
3317,GDN0017,Dummy,TiltLevel,52,418.0,838.0,420.0,374.0,306.0,408.0,426.0,430.0,400.0,386.0,420.0,446.0,420.0,416.0
3318,GDN0017,Dummy,TiltLevel,53,430.0,830.0,388.0,350.0,440.0,424.0,438.0,442.0,402.0,380.0,368.0,452.0,368.0,428.0
3319,GDN0017,Dummy,TiltLevel,54,410.0,860.0,418.0,368.0,414.0,398.0,414.0,414.0,398.0,376.0,414.0,432.0,418.0,410.0
3320,GDN0017,Dummy,TiltLevel,55,414.0,900.0,378.0,376.0,306.0,402.0,424.0,436.0,404.0,386.0,378.0,414.0,378.0,414.0
3321,GDN0017,Dummy,TiltLevel,56,446.0,938.0,396.0,384.0,462.0,442.0,458.0,444.0,422.0,402.0,462.0,476.0,402.0,444.0
3322,GDN0017,Dummy,TiltLevel,57,464.0,962.0,396.0,384.0,468.0,452.0,468.0,470.0,434.0,414.0,472.0,484.0,394.0,462.0
3323,GDN0017,Dummy,TiltLevel,58,444.0,944.0,456.0,402.0,446.0,484.0,448.0,446.0,444.0,422.0,446.0,324.0,456.0,442.0
3324,GDN0017,Dummy,TiltLevel,59,464.0,958.0,396.0,380.0,472.0,454.0,470.0,472.0,434.0,416.0,470.0,484.0,392.0,462.0
3325,GDN0017,Dummy,TiltLevel,60,450.0,966.0,406.0,384.0,312.0,438.0,482.0,450.0,448.0,422.0,406.0,358.0,406.0,450.0
3326,GDN0017,Dummy,TiltLevel,61,454.0,938.0,460.0,412.0,456.0,498.0,460.0,458.0,448.0,424.0,458.0,452.0,462.0,452.0
3327,GDN0017,Dummy,TiltLevel,62,428.0,944.0,406.0,368.0,300.0,426.0,460.0,352.0,434.0,414.0,350.0,302.0,394.0,348.0
3328,GDN0017,Dummy,TiltUp,0,454.0,894.0,392.0,382.0,456.0,444.0,460.0,540.0,434.0,396.0,462.0,454.0,388.0,454.0
3329,GDN0017,Dummy,TiltUp,1,458.0,842.0,394.0,388.0,262.0,498.0,462.0,464.0,430.0,398.0,464.0,456.0,394.0,456.0
3330,GDN0017,Dummy,TiltUp,2,422.0,788.0,374.0,380.0,420.0,496.0,430.0,422.0,418.0,378.0,428.0,312.0,372.0,422.0
3331,GDN0017,Dummy,TiltUp,3,412.0,728.0,358.0,362.0,308.0,450.0,418.0,418.0,396.0,360.0,418.0,410.0,358.0,410.0
3332,GDN0017,Dummy,TiltUp,4,404.0,708.0,348.0,346.0,292.0,402.0,412.0,364.0,372.0,340.0,336.0,116.0,350.0,334.0
3333,GDN0017,Dummy,TiltUp,5,398.0,722.0,320.0,308.0,400.0,426.0,402.0,400.0,366.0,334.0,402.0,396.0,320.0,396.0
3334,GDN0017,Dummy,TiltUp,6,380.0,772.0,328.0,320.0,300.0,400.0,406.0,380.0,376.0,336.0,410.0,298.0,382.0,380.0
3335,GDN0017,Dummy,TiltUp,7,408.0,836.0,352.0,336.0,322.0,396.0,418.0,408.0,386.0,356.0,354.0,408.0,354.0,408.0
3336,GDN0017,Dummy,TiltUp,8,424.0,904.0,378.0,378.0,252.0,488.0,438.0,448.0,416.0,376.0,434.0,302.0,378.0,422.0
3337,GDN0017,Dummy,TiltUp,9,438.0,928.0,446.0,384.0,234.0,434.0,454.0,436.0,432.0,402.0,450.0,326.0,448.0,436.0
3338,GDN0017,Dummy,TiltUp,10,468.0,940.0,400.0,440.0,472.0,538.0,472.0,474.0,462.0,402.0,472.0,546.0,402.0,546.0
3339,GDN0017,Dummy,TiltUp,11,488.0,920.0,424.0,416.0,362.0,482.0,494.0,496.0,448.0,416.0,422.0,488.0,422.0,488.0
3340,GDN0017,Dummy,TiltUp,12,468.0,892.0,404.0,432.0,468.0,530.0,470.0,470.0,456.0,402.0,470.0,344.0,402.0,534.0
3341,GDN0017,Dummy,TiltUp,13,468.0,852.0,396.0,386.0,472.0,458.0,472.0,474.0,434.0,396.0,476.0,468.0,394.0,468.0
3342,GDN0017,Dummy,TiltUp,14,442.0,798.0,380.0,360.0,470.0,428.0,458.0,442.0,414.0,384.0,378.0,442.0,378.0,442.0
3343,GDN0017,Dummy,TiltUp,15,426.0,742.0,364.0,364.0,438.0,480.0,432.0,424.0,408.0,362.0,432.0,24.0,364.0,488.0
3344,GDN0017,Dummy,TiltUp,16,428.0,682.0,334.0,322.0,398.0,426.0,402.0,398.0,376.0,346.0,304.0,396.0,332.0,396.0
3345,GDN0017,Dummy,TiltUp,17,362.0,650.0,316.0,320.0,434.0,424.0,436.0,360.0,366.0,320.0,388.0,60.0,316.0,430.0
3346,GDN0017,Dummy,TiltUp,18,366.0,630.0,298.0,286.0,240.0,394.0,374.0,366.0,344.0,314.0,302.0,366.0,302.0,366.0
3347,GDN0017,Dummy,TiltUp,21,366.0,670.0,298.0,290.0,368.0,408.0,370.0,370.0,344.0,314.0,372.0,366.0,298.0,366.0
3348,GDN0017,Dummy,TiltUp,22,368.0,698.0,312.0,308.0,368.0,396.0,374.0,370.0,350.0,320.0,374.0,366.0,312.0,366.0
3349,GDN0017,Dummy,TiltUp,23,386.0,740.0,322.0,324.0,310.0,418.0,394.0,392.0,360.0,330.0,396.0,386.0,322.0,386.0
3350,GDN0017,Dummy,TiltUp,24,404.0,828.0,344.0,352.0,414.0,456.0,410.0,416.0,382.0,342.0,410.0,404.0,344.0,460.0
3351,GDN0017,Dummy,TiltUp,25,420.0,902.0,386.0,386.0,298.0,438.0,448.0,418.0,404.0,376.0,338.0,418.0,386.0,418.0
3352,GDN0017,Dummy,TiltUp,26,444.0,932.0,402.0,402.0,304.0,430.0,464.0,442.0,434.0,402.0,464.0,350.0,400.0,442.0
3353,GDN0017,Dummy,TiltUp,27,458.0,918.0,418.0,412.0,474.0,512.0,470.0,474.0,448.0,410.0,468.0,358.0,418.0,456.0
3354,GDN0017,Dummy,TiltUp,28,446.0,902.0,412.0,410.0,316.0,474.0,480.0,448.0,446.0,406.0,410.0,360.0,410.0,444.0
3355,GDN0017,Dummy,TiltUp,29,464.0,876.0,408.0,388.0,466.0,502.0,468.0,466.0,438.0,400.0,470.0,462.0,408.0,462.0
3356,GDN0017,Dummy,TiltUp,30,466.0,834.0,402.0,402.0,480.0,518.0,476.0,350.0,434.0,388.0,484.0,350.0,400.0,348.0
3357,GDN0017,Dummy,TiltUp,31,468.0,786.0,384.0,398.0,474.0,464.0,430.0,476.0,418.0,376.0,382.0,466.0,382.0,466.0
3358,GDN0017,Dummy,TiltUp,32,430.0,724.0,356.0,352.0,432.0,470.0,432.0,432.0,402.0,360.0,434.0,428.0,358.0,428.0
3359,GDN0017,Dummy,TiltUp,33,404.0,696.0,334.0,332.0,408.0,446.0,408.0,410.0,382.0,336.0,408.0,404.0,332.0,404.0
3360,GDN0017,Dummy,TiltUp,34,384.0,676.0,328.0,340.0,254.0,446.0,390.0,382.0,372.0,326.0,330.0,258.0,330.0,450.0
3361,GDN0017,Dummy,TiltUp,35,404.0,654.0,308.0,298.0,416.0,404.0,372.0,372.0,356.0,320.0,300.0,254.0,300.0,364.0
3362,GDN0017,Dummy,TiltUp,36,376.0,656.0,312.0,310.0,266.0,370.0,384.0,390.0,350.0,312.0,388.0,370.0,314.0,370.0
3363,GDN0017,Dummy,TiltUp,37,368.0,682.0,310.0,298.0,372.0,402.0,376.0,374.0,352.0,314.0,374.0,368.0,312.0,368.0
3364,GDN0017,Dummy,TiltUp,38,378.0,762.0,386.0,330.0,374.0,400.0,382.0,378.0,354.0,324.0,384.0,378.0,384.0,378.0
3365,GDN0017,Dummy,TiltUp,39,434.0,912.0,404.0,362.0,270.0,430.0,408.0,404.0,392.0,350.0,406.0,186.0,410.0,400.0
3366,GDN0017,Dummy,TiltUp,40,454.0,1022.0,416.0,412.0,318.0,440.0,464.0,470.0,438.0,406.0,464.0,452.0,414.0,452.0
3367,GDN0017,Dummy,TiltUp,41,472.0,976.0,486.0,410.0,386.0,526.0,494.0,496.0,472.0,444.0,490.0,386.0,488.0,472.0
3368,GDN0017,Dummy,TiltUp,42,484.0,964.0,426.0,416.0,280.0,534.0,492.0,494.0,468.0,426.0,496.0,392.0,424.0,482.0
3369,GDN0017,Dummy,TiltUp,43,496.0,930.0,430.0,430.0,244.0,494.0,504.0,466.0,452.0,424.0,378.0,338.0,430.0,458.0
3370,GDN0017,Dummy,TiltUp,44,484.0,876.0,412.0,410.0,492.0,478.0,490.0,494.0,440.0,412.0,412.0,482.0,412.0,482.0
3371,GDN0017,Dummy,TiltUp,45,446.0,800.0,392.0,374.0,450.0,486.0,450.0,452.0,428.0,390.0,390.0,446.0,390.0,446.0
3372,GDN0017,Dummy,TiltUp,47,432.0,688.0,348.0,362.0,400.0,432.0,404.0,400.0,376.0,340.0,350.0,398.0,350.0,398.0
3373,GDN0017,Dummy,TiltUp,48,380.0,666.0,316.0,318.0,380.0,412.0,386.0,382.0,358.0,326.0,316.0,378.0,316.0,378.0
3374,GDN0017,Dummy,TiltUp,49,382.0,652.0,310.0,310.0,170.0,410.0,388.0,382.0,352.0,320.0,310.0,382.0,310.0,382.0
3375,GDN0017,Dummy,TiltUp,50,372.0,644.0,304.0,288.0,396.0,358.0,390.0,372.0,338.0,314.0,308.0,372.0,308.0,372.0
3376,GDN0017,Dummy,TiltUp,51,356.0,654.0,302.0,306.0,220.0,416.0,364.0,358.0,346.0,310.0,364.0,220.0,300.0,354.0
3377,GDN0017,Dummy,TiltUp,52,372.0,666.0,304.0,302.0,374.0,412.0,376.0,376.0,350.0,312.0,376.0,370.0,304.0,370.0
3378,GDN0017,Dummy,TiltUp,53,384.0,690.0,312.0,316.0,354.0,436.0,362.0,354.0,358.0,318.0,360.0,230.0,312.0,354.0
3379,GDN0017,Dummy,TiltUp,54,392.0,750.0,318.0,310.0,394.0,428.0,396.0,396.0,364.0,326.0,398.0,390.0,318.0,390.0
3380,GDN0017,Dummy,TiltUp,55,398.0,822.0,356.0,318.0,302.0,386.0,410.0,400.0,378.0,348.0,356.0,396.0,356.0,396.0
3381,GDN0017,Dummy,TiltUp,56,432.0,868.0,368.0,366.0,444.0,430.0,442.0,430.0,406.0,374.0,368.0,322.0,368.0,402.0
3382,GDN0017,Dummy,TiltUp,57,436.0,872.0,384.0,372.0,276.0,432.0,450.0,342.0,418.0,390.0,386.0,322.0,386.0,322.0
3383,GDN0017,Dummy,TiltUp,58,464.0,884.0,392.0,396.0,470.0,456.0,470.0,472.0,424.0,392.0,472.0,464.0,392.0,464.0
3384,GDN0017,Dummy,TiltUp,59,450.0,870.0,396.0,412.0,232.0,438.0,474.0,450.0,426.0,396.0,398.0,450.0,398.0,450.0
3385,GDN0017,Dummy,TiltUp,60,452.0,844.0,392.0,390.0,336.0,442.0,458.0,458.0,422.0,390.0,390.0,450.0,390.0,450.0
3386,GDN0017,Dummy,TiltUp,61,440.0,810.0,378.0,378.0,364.0,486.0,448.0,450.0,422.0,380.0,450.0,356.0,380.0,438.0
3387,GDN0017,Dummy,TiltUp,62,432.0,770.0,370.0,368.0,230.0,478.0,444.0,430.0,408.0,368.0,368.0,314.0,368.0,398.0
3388,GDN0017,Dummy,TiltUp,63,418.0,724.0,354.0,350.0,338.0,466.0,424.0,424.0,394.0,354.0,424.0,418.0,356.0,418.0
3389,GDN0017,Dummy,TiltUp,64,396.0,682.0,330.0,332.0,406.0,446.0,402.0,408.0,378.0,338.0,404.0,394.0,328.0,448.0
3390,GDN0017,Dummy,TiltUp,65,356.0,660.0,318.0,320.0,266.0,432.0,364.0,358.0,358.0,322.0,318.0,144.0,318.0,354.0
3391,GDN0017,Dummy,TiltUp,66,400.0,658.0,318.0,322.0,364.0,398.0,368.0,366.0,348.0,318.0,294.0,362.0,318.0,362.0
3392,GDN0017,Dummy,TiltUp,67,394.0,674.0,314.0,320.0,398.0,434.0,396.0,400.0,362.0,312.0,398.0,394.0,314.0,436.0
3393,GDN0017,Dummy,TiltUp,68,406.0,708.0,322.0,332.0,412.0,398.0,410.0,414.0,354.0,322.0,278.0,404.0,322.0,404.0
3394,GDN0017,Dummy,TiltUp,70,406.0,754.0,336.0,336.0,324.0,452.0,412.0,414.0,384.0,338.0,412.0,404.0,336.0,404.0
3395,GDN0017,Dummy,TiltUp,71,404.0,766.0,342.0,362.0,402.0,468.0,408.0,404.0,396.0,344.0,408.0,52.0,342.0,474.0
3396,GDN0017,Dummy,TiltUp,72,442.0,762.0,344.0,332.0,236.0,440.0,410.0,408.0,386.0,354.0,316.0,404.0,344.0,404.0
3397,GDN0017,Dummy,TiltUp,73,412.0,754.0,348.0,348.0,290.0,450.0,418.0,416.0,392.0,350.0,346.0,410.0,346.0,410.0
3398,GDN0017,Dummy,TiltUp,74,422.0,744.0,350.0,354.0,430.0,416.0,428.0,432.0,384.0,348.0,354.0,420.0,354.0,420.0
3399,GDN0017,Dummy,TiltUp,75,412.0,732.0,346.0,342.0,418.0,460.0,416.0,418.0,382.0,344.0,420.0,410.0,342.0,410.0
3400,GDN0017,Dummy,Valsalva,0,472.0,996.0,480.0,408.0,488.0,468.0,484.0,488.0,460.0,434.0,478.0,390.0,482.0,450.0
3401,GDN0017,Dummy,Valsalva,1,478.0,986.0,486.0,432.0,486.0,468.0,484.0,486.0,454.0,434.0,482.0,500.0,486.0,478.0
3402,GDN0017,Dummy,Valsalva,2,476.0,994.0,492.0,428.0,492.0,460.0,484.0,492.0,454.0,432.0,478.0,508.0,492.0,476.0
3403,GDN0017,Dummy,Valsalva,3,496.0,1002.0,420.0,426.0,498.0,484.0,500.0,500.0,464.0,434.0,422.0,494.0,422.0,494.0
3404,GDN0017,Dummy,Valsalva,4,484.0,1004.0,404.0,410.0,490.0,520.0,492.0,492.0,468.0,436.0,496.0,484.0,404.0,484.0
3405,GDN0017,Dummy,Valsalva,5,482.0,998.0,412.0,414.0,492.0,470.0,492.0,492.0,466.0,438.0,492.0,482.0,412.0,482.0
3406,GDN0017,Dummy,Valsalva,6,478.0,994.0,482.0,406.0,484.0,462.0,486.0,486.0,466.0,436.0,482.0,476.0,482.0,476.0
3407,GDN0017,Dummy,Valsalva,7,472.0,964.0,478.0,404.0,484.0,462.0,482.0,484.0,458.0,434.0,478.0,504.0,480.0,472.0
3408,GDN0017,Dummy,Valsalva,8,434.0,954.0,462.0,398.0,466.0,424.0,460.0,432.0,444.0,424.0,450.0,312.0,462.0,432.0
3409,GDN0017,Dummy,Valsalva,9,484.0,962.0,458.0,404.0,500.0,480.0,490.0,448.0,450.0,420.0,454.0,506.0,454.0,448.0
3410,GDN0017,Dummy,Valsalva,10,466.0,954.0,380.0,426.0,466.0,500.0,470.0,468.0,454.0,422.0,470.0,38.0,470.0,464.0
3411,GDN0017,Dummy,Valsalva,11,468.0,930.0,402.0,402.0,384.0,450.0,478.0,480.0,450.0,420.0,476.0,466.0,402.0,466.0
3412,GDN0017,Dummy,Valsalva,12,450.0,886.0,396.0,402.0,350.0,434.0,464.0,448.0,442.0,412.0,464.0,344.0,396.0,448.0
3413,GDN0017,Dummy,Valsalva,13,438.0,894.0,444.0,376.0,444.0,426.0,446.0,444.0,424.0,396.0,444.0,436.0,444.0,436.0
3414,GDN0017,Dummy,Valsalva,14,440.0,916.0,388.0,390.0,260.0,420.0,452.0,438.0,424.0,398.0,454.0,438.0,390.0,438.0
3415,GDN0017,Dummy,Valsalva,15,446.0,922.0,390.0,390.0,448.0,430.0,454.0,450.0,430.0,406.0,452.0,444.0,390.0,444.0
3416,GDN0017,Dummy,Valsalva,16,426.0,910.0,440.0,364.0,450.0,424.0,444.0,384.0,426.0,408.0,434.0,346.0,438.0,344.0
3417,GDN0017,Dummy,Valsalva,17,452.0,920.0,400.0,364.0,456.0,440.0,454.0,458.0,420.0,404.0,454.0,470.0,400.0,450.0
3418,GDN0017,Dummy,Valsalva,18,450.0,942.0,394.0,398.0,472.0,430.0,464.0,448.0,434.0,408.0,462.0,484.0,396.0,448.0
3419,GDN0017,Dummy,Valsalva,19,450.0,982.0,382.0,386.0,490.0,474.0,480.0,448.0,444.0,416.0,366.0,296.0,380.0,448.0
3420,GDN0017,Dummy,Valsalva,20,476.0,984.0,382.0,404.0,354.0,460.0,484.0,490.0,462.0,430.0,486.0,474.0,384.0,474.0
3421,GDN0017,Dummy,Valsalva,21,472.0,964.0,400.0,402.0,386.0,504.0,478.0,476.0,460.0,430.0,478.0,472.0,400.0,472.0
3422,GDN0017,Dummy,Valsalva,22,470.0,964.0,400.0,398.0,386.0,456.0,480.0,474.0,452.0,424.0,484.0,470.0,400.0,470.0
3423,GDN0017,Dummy,Valsalva,23,450.0,924.0,470.0,402.0,480.0,434.0,470.0,448.0,448.0,424.0,458.0,494.0,472.0,448.0
3424,GDN0017,Dummy,Valsalva,24,444.0,910.0,408.0,406.0,392.0,434.0,394.0,450.0,430.0,410.0,452.0,444.0,408.0,444.0
3425,GDN0017,Dummy,Valsalva,25,428.0,924.0,456.0,372.0,356.0,408.0,450.0,428.0,428.0,404.0,430.0,478.0,456.0,428.0
3426,GDN0017,Dummy,Valsalva,26,466.0,958.0,376.0,376.0,478.0,452.0,474.0,478.0,438.0,410.0,478.0,492.0,376.0,464.0
3427,GDN0017,Dummy,Valsalva,27,470.0,994.0,398.0,414.0,260.0,442.0,480.0,486.0,452.0,422.0,484.0,470.0,398.0,470.0
3428,GDN0017,Dummy,Valsalva,28,486.0,1008.0,400.0,410.0,488.0,470.0,492.0,490.0,468.0,432.0,492.0,484.0,400.0,484.0
3429,GDN0017,Dummy,Valsalva,29,490.0,1018.0,390.0,444.0,492.0,532.0,494.0,492.0,470.0,438.0,494.0,488.0,388.0,488.0
3430,GDN0017,Dummy,Valsalva,30,494.0,1008.0,402.0,444.0,512.0,478.0,504.0,492.0,470.0,442.0,504.0,522.0,404.0,492.0
3431,GDN0017,Dummy,Valsalva,31,482.0,1004.0,422.0,436.0,502.0,466.0,494.0,504.0,466.0,438.0,494.0,482.0,420.0,482.0
3432,GDN0017,Dummy,Valsalva,32,476.0,972.0,452.0,408.0,486.0,470.0,482.0,486.0,458.0,438.0,452.0,500.0,452.0,474.0
3433,GDN0017,Dummy,Valsalva,33,450.0,962.0,466.0,364.0,454.0,438.0,452.0,454.0,432.0,422.0,466.0,474.0,466.0,448.0
3434,GDN0017,Dummy,Valsalva,34,470.0,986.0,484.0,424.0,480.0,456.0,474.0,480.0,444.0,422.0,472.0,496.0,484.0,468.0
3435,GDN0017,Dummy,Valsalva,35,490.0,1026.0,502.0,430.0,416.0,468.0,496.0,490.0,464.0,432.0,492.0,520.0,502.0,490.0
3436,GDN0017,Dummy,Valsalva,36,498.0,1044.0,504.0,444.0,502.0,484.0,504.0,504.0,474.0,446.0,502.0,498.0,504.0,498.0
3437,GDN0017,Dummy,Valsalva,37,500.0,1048.0,396.0,442.0,380.0,470.0,506.0,512.0,484.0,452.0,510.0,500.0,398.0,500.0
3438,GDN0017,Dummy,Valsalva,38,488.0,1042.0,412.0,428.0,518.0,470.0,510.0,488.0,486.0,450.0,510.0,330.0,412.0,488.0
3439,GDN0017,Dummy,Valsalva,39,496.0,1036.0,432.0,436.0,508.0,482.0,504.0,510.0,482.0,450.0,502.0,494.0,434.0,494.0
3440,GDN0017,Dummy,Valsalva,40,486.0,1006.0,428.0,416.0,400.0,476.0,498.0,490.0,474.0,448.0,494.0,484.0,426.0,484.0
3441,GDN0017,Dummy,Valsalva,41,444.0,982.0,464.0,418.0,250.0,442.0,464.0,442.0,458.0,438.0,450.0,248.0,464.0,442.0
3442,GDN0017,Dummy,Valsalva,42,460.0,990.0,476.0,416.0,480.0,448.0,472.0,482.0,450.0,430.0,466.0,498.0,476.0,458.0
3443,GDN0017,Dummy,Valsalva,43,482.0,1020.0,398.0,400.0,484.0,468.0,488.0,484.0,462.0,432.0,484.0,480.0,400.0,480.0
3444,GDN0017,Dummy,Valsalva,44,490.0,1032.0,418.0,430.0,416.0,472.0,498.0,488.0,476.0,444.0,498.0,488.0,418.0,488.0
3445,GDN0017,Dummy,Valsalva,45,494.0,1022.0,422.0,426.0,498.0,480.0,504.0,500.0,478.0,448.0,500.0,494.0,424.0,494.0
3446,GDN0017,Dummy,Valsalva,46,490.0,996.0,434.0,450.0,498.0,482.0,502.0,488.0,472.0,444.0,418.0,488.0,434.0,488.0
3447,GDN0017,Dummy,Valsalva,47,460.0,972.0,468.0,420.0,466.0,448.0,468.0,468.0,456.0,434.0,462.0,458.0,468.0,458.0
3448,GDN0017,Dummy,Valsalva,48,466.0,984.0,478.0,386.0,480.0,452.0,476.0,480.0,452.0,426.0,472.0,502.0,478.0,466.0
3449,GDN0017,Dummy,Valsalva,49,478.0,998.0,486.0,418.0,492.0,454.0,488.0,494.0,460.0,430.0,486.0,478.0,488.0,478.0
3450,GDN0017,Dummy,Valsalva,50,484.0,1002.0,400.0,420.0,330.0,462.0,498.0,506.0,470.0,434.0,502.0,482.0,400.0,482.0
3451,GDN0017,Dummy,Valsalva,51,480.0,1002.0,416.0,414.0,346.0,466.0,488.0,480.0,466.0,436.0,488.0,480.0,416.0,480.0
3452,GDN0017,Dummy,Valsalva,52,472.0,974.0,424.0,430.0,502.0,460.0,484.0,476.0,462.0,436.0,480.0,472.0,424.0,472.0
3453,GDN0017,Dummy,Valsalva,53,456.0,960.0,466.0,420.0,460.0,446.0,462.0,462.0,446.0,426.0,458.0,454.0,466.0,454.0
3454,GDN0017,Dummy,Valsalva,54,466.0,980.0,474.0,378.0,480.0,456.0,472.0,480.0,446.0,422.0,472.0,494.0,474.0,464.0
3455,GDN0017,Dummy,Valsalva,55,472.0,996.0,396.0,392.0,336.0,460.0,486.0,470.0,456.0,430.0,398.0,470.0,398.0,470.0
3456,GDN0017,Dummy,Valsalva,56,480.0,1000.0,404.0,426.0,482.0,520.0,486.0,482.0,468.0,432.0,484.0,480.0,404.0,480.0
3457,GDN0017,Dummy,Valsalva,57,486.0,996.0,406.0,404.0,494.0,472.0,492.0,494.0,466.0,436.0,490.0,484.0,406.0,484.0
3458,GDN0017,Dummy,Valsalva,58,466.0,972.0,422.0,420.0,408.0,450.0,486.0,464.0,460.0,434.0,472.0,464.0,422.0,464.0
3459,GDN0017,Dummy,Valsalva,59,458.0,958.0,466.0,386.0,470.0,454.0,468.0,470.0,448.0,426.0,424.0,456.0,468.0,456.0
3460,GDN0017,Dummy,Valsalva,60,462.0,,472.0,408.0,470.0,450.0,470.0,470.0,448.0,422.0,468.0,492.0,472.0,462.0
3461,GDN0018,Dummy,HoldingBreath,0,412.0,924.0,440.0,366.0,440.0,390.0,432.0,488.0,428.0,410.0,422.0,464.0,440.0,410.0
3462,GDN0018,Dummy,HoldingBreath,1,410.0,874.0,440.0,394.0,432.0,406.0,426.0,404.0,426.0,410.0,442.0,460.0,442.0,382.0
3463,GDN0018,Dummy,HoldingBreath,2,406.0,922.0,382.0,376.0,424.0,406.0,420.0,352.0,410.0,392.0,424.0,436.0,378.0,352.0
3464,GDN0018,Dummy,HoldingBreath,3,410.0,934.0,430.0,374.0,272.0,400.0,424.0,410.0,432.0,408.0,416.0,270.0,432.0,410.0
3465,GDN0018,Dummy,HoldingBreath,4,406.0,936.0,430.0,358.0,462.0,446.0,420.0,404.0,430.0,412.0,412.0,468.0,432.0,404.0
3466,GDN0018,Dummy,HoldingBreath,5,394.0,906.0,424.0,412.0,296.0,392.0,432.0,392.0,434.0,414.0,408.0,252.0,420.0,358.0
3467,GDN0018,Dummy,HoldingBreath,6,404.0,874.0,438.0,358.0,414.0,390.0,418.0,404.0,420.0,404.0,406.0,462.0,442.0,404.0
3468,GDN0018,Dummy,HoldingBreath,7,416.0,942.0,388.0,388.0,432.0,416.0,428.0,346.0,410.0,392.0,362.0,252.0,378.0,294.0
3469,GDN0018,Dummy,HoldingBreath,8,388.0,940.0,438.0,408.0,448.0,416.0,438.0,414.0,434.0,416.0,426.0,270.0,440.0,386.0
3470,GDN0018,Dummy,HoldingBreath,9,386.0,948.0,438.0,422.0,452.0,432.0,444.0,386.0,440.0,416.0,404.0,468.0,436.0,386.0
3471,GDN0018,Dummy,HoldingBreath,10,404.0,938.0,438.0,412.0,460.0,384.0,420.0,404.0,436.0,418.0,408.0,468.0,436.0,404.0
3472,GDN0018,Dummy,HoldingBreath,11,408.0,894.0,446.0,410.0,452.0,394.0,438.0,406.0,432.0,414.0,410.0,472.0,450.0,406.0
3473,GDN0018,Dummy,HoldingBreath,12,360.0,942.0,406.0,394.0,434.0,416.0,428.0,360.0,416.0,398.0,370.0,450.0,400.0,360.0
3474,GDN0018,Dummy,HoldingBreath,13,428.0,996.0,444.0,410.0,446.0,488.0,440.0,424.0,436.0,416.0,436.0,468.0,444.0,392.0
3475,GDN0018,Dummy,HoldingBreath,14,436.0,994.0,458.0,444.0,446.0,430.0,448.0,446.0,460.0,434.0,438.0,104.0,458.0,434.0
3476,GDN0018,Dummy,HoldingBreath,15,438.0,934.0,462.0,398.0,446.0,422.0,450.0,436.0,454.0,434.0,440.0,490.0,464.0,436.0
3477,GDN0018,Dummy,HoldingBreath,16,410.0,940.0,438.0,388.0,420.0,406.0,426.0,408.0,432.0,412.0,416.0,466.0,438.0,408.0
3478,GDN0018,Dummy,HoldingBreath,17,412.0,952.0,444.0,376.0,448.0,400.0,438.0,410.0,428.0,414.0,420.0,466.0,446.0,410.0
3479,GDN0018,Dummy,HoldingBreath,18,396.0,938.0,440.0,424.0,392.0,418.0,440.0,418.0,444.0,420.0,400.0,472.0,438.0,394.0
3480,GDN0018,Dummy,HoldingBreath,19,412.0,912.0,446.0,410.0,458.0,394.0,428.0,410.0,432.0,414.0,414.0,472.0,448.0,410.0
3481,GDN0018,Dummy,HoldingBreath,20,384.0,952.0,414.0,356.0,430.0,382.0,426.0,382.0,426.0,406.0,408.0,212.0,412.0,382.0
3482,GDN0018,Dummy,HoldingBreath,21,432.0,954.0,448.0,410.0,394.0,428.0,444.0,396.0,446.0,420.0,398.0,474.0,448.0,396.0
3483,GDN0018,Dummy,HoldingBreath,22,424.0,928.0,450.0,378.0,426.0,408.0,434.0,426.0,440.0,420.0,426.0,474.0,450.0,424.0
3484,GDN0018,Dummy,HoldingBreath,23,398.0,902.0,434.0,410.0,456.0,378.0,432.0,396.0,430.0,410.0,402.0,466.0,434.0,396.0
3485,GDN0018,Dummy,HoldingBreath,24,376.0,868.0,422.0,412.0,442.0,496.0,430.0,374.0,428.0,402.0,388.0,458.0,418.0,374.0
3486,GDN0018,Dummy,HoldingBreath,25,376.0,840.0,426.0,384.0,432.0,360.0,406.0,376.0,408.0,390.0,378.0,448.0,430.0,376.0
3487,GDN0018,Dummy,HoldingBreath,26,388.0,888.0,392.0,362.0,402.0,386.0,402.0,302.0,402.0,380.0,400.0,244.0,374.0,242.0
3488,GDN0018,Dummy,HoldingBreath,27,388.0,898.0,422.0,362.0,416.0,386.0,414.0,386.0,416.0,396.0,402.0,254.0,424.0,344.0
3489,GDN0018,Dummy,HoldingBreath,28,378.0,914.0,416.0,394.0,444.0,426.0,398.0,378.0,418.0,400.0,384.0,258.0,414.0,378.0
3490,GDN0018,Dummy,HoldingBreath,29,406.0,914.0,428.0,384.0,370.0,404.0,424.0,404.0,432.0,406.0,410.0,248.0,428.0,368.0
3491,GDN0018,Dummy,HoldingBreath,30,362.0,870.0,426.0,406.0,440.0,418.0,434.0,362.0,426.0,406.0,366.0,458.0,424.0,362.0
3492,GDN0018,Dummy,HoldingBreath,31,368.0,840.0,428.0,388.0,428.0,406.0,416.0,366.0,410.0,390.0,372.0,448.0,430.0,366.0
3493,GDN0018,Dummy,HoldingBreath,32,400.0,878.0,388.0,374.0,412.0,468.0,408.0,300.0,408.0,380.0,354.0,262.0,384.0,262.0
3494,GDN0018,Dummy,HoldingBreath,33,386.0,884.0,414.0,396.0,390.0,374.0,402.0,384.0,416.0,394.0,392.0,252.0,416.0,384.0
3495,GDN0018,Dummy,HoldingBreath,34,416.0,876.0,414.0,394.0,430.0,412.0,422.0,368.0,416.0,396.0,378.0,444.0,414.0,368.0
3496,GDN0018,Dummy,HoldingBreath,35,388.0,858.0,412.0,396.0,394.0,378.0,402.0,386.0,416.0,392.0,394.0,250.0,412.0,386.0
3497,GDN0018,Dummy,HoldingBreath,36,372.0,822.0,414.0,390.0,424.0,404.0,392.0,372.0,410.0,386.0,376.0,438.0,414.0,372.0
3498,GDN0018,Dummy,HoldingBreath,37,356.0,822.0,406.0,374.0,258.0,354.0,386.0,354.0,394.0,374.0,364.0,424.0,406.0,322.0
3499,GDN0018,Dummy,HoldingBreath,39,366.0,878.0,404.0,380.0,422.0,364.0,404.0,262.0,404.0,388.0,378.0,434.0,406.0,234.0
3500,GDN0018,Dummy,HoldingBreath,40,410.0,898.0,400.0,384.0,426.0,410.0,422.0,358.0,414.0,394.0,364.0,248.0,394.0,358.0
3501,GDN0018,Dummy,HoldingBreath,41,404.0,862.0,430.0,376.0,414.0,396.0,418.0,404.0,420.0,400.0,410.0,456.0,430.0,404.0
3502,GDN0018,Dummy,HoldingBreath,42,408.0,850.0,418.0,354.0,418.0,374.0,412.0,372.0,410.0,388.0,342.0,442.0,418.0,340.0
3503,GDN0018,Dummy,HoldingBreath,43,392.0,866.0,410.0,362.0,402.0,386.0,404.0,402.0,404.0,384.0,400.0,236.0,408.0,392.0
3504,GDN0018,Dummy,HoldingBreath,44,326.0,898.0,402.0,384.0,412.0,450.0,408.0,324.0,412.0,390.0,334.0,256.0,404.0,324.0
3505,GDN0018,Dummy,HoldingBreath,45,360.0,904.0,402.0,398.0,436.0,488.0,426.0,358.0,428.0,400.0,366.0,262.0,400.0,358.0
3506,GDN0018,Dummy,HoldingBreath,46,404.0,858.0,428.0,384.0,442.0,402.0,426.0,402.0,422.0,402.0,414.0,458.0,428.0,370.0
3507,GDN0018,Dummy,HoldingBreath,47,362.0,836.0,410.0,390.0,432.0,398.0,408.0,360.0,410.0,386.0,366.0,442.0,412.0,360.0
3508,GDN0018,Dummy,HoldingBreath,48,388.0,868.0,366.0,362.0,228.0,386.0,402.0,258.0,404.0,378.0,364.0,232.0,364.0,232.0
3509,GDN0018,Dummy,HoldingBreath,49,410.0,822.0,376.0,378.0,236.0,476.0,416.0,306.0,410.0,390.0,380.0,242.0,380.0,240.0
3510,GDN0018,Dummy,HoldingBreath,51,360.0,782.0,382.0,336.0,418.0,466.0,390.0,312.0,398.0,368.0,380.0,242.0,378.0,242.0
3511,GDN0018,Dummy,HoldingBreath,52,314.0,772.0,392.0,340.0,246.0,360.0,384.0,312.0,380.0,360.0,322.0,240.0,396.0,312.0
3512,GDN0018,Dummy,HoldingBreath,53,352.0,794.0,358.0,324.0,248.0,350.0,390.0,244.0,380.0,356.0,340.0,244.0,340.0,244.0
3513,GDN0018,Dummy,HoldingBreath,55,338.0,858.0,382.0,378.0,238.0,394.0,368.0,278.0,400.0,376.0,354.0,238.0,384.0,236.0
3514,GDN0018,Dummy,HoldingBreath,56,370.0,844.0,392.0,390.0,238.0,368.0,396.0,368.0,410.0,386.0,380.0,238.0,388.0,334.0
3515,GDN0018,Dummy,HoldingBreath,57,350.0,814.0,412.0,370.0,424.0,376.0,404.0,348.0,402.0,382.0,352.0,438.0,412.0,348.0
3516,GDN0018,Dummy,HoldingBreath,58,386.0,802.0,376.0,360.0,398.0,384.0,396.0,304.0,388.0,370.0,310.0,242.0,378.0,304.0
3517,GDN0018,Dummy,HoldingBreath,59,386.0,768.0,394.0,352.0,400.0,384.0,396.0,306.0,380.0,366.0,330.0,240.0,398.0,238.0
3518,GDN0018,Dummy,HoldingBreath,61,358.0,708.0,370.0,302.0,370.0,418.0,368.0,370.0,364.0,334.0,368.0,232.0,370.0,358.0
3519,GDN0018,Dummy,HoldingBreath,62,344.0,776.0,314.0,302.0,206.0,402.0,370.0,344.0,356.0,334.0,314.0,248.0,314.0,344.0
3520,GDN0018,Dummy,HoldingBreath,63,290.0,838.0,356.0,318.0,398.0,444.0,390.0,288.0,380.0,358.0,294.0,240.0,358.0,240.0
3521,GDN0018,Dummy,HoldingBreath,65,324.0,852.0,382.0,376.0,410.0,468.0,404.0,324.0,408.0,382.0,328.0,244.0,392.0,324.0
3522,GDN0018,Dummy,HoldingBreath,66,342.0,832.0,390.0,368.0,248.0,382.0,398.0,314.0,400.0,384.0,348.0,248.0,384.0,248.0
3523,GDN0018,Dummy,Pause,0,432.0,986.0,466.0,436.0,472.0,416.0,462.0,368.0,456.0,432.0,466.0,494.0,466.0,430.0
3524,GDN0018,Dummy,Pause,1,422.0,1016.0,460.0,440.0,480.0,404.0,458.0,420.0,458.0,432.0,424.0,492.0,458.0,420.0
3525,GDN0018,Dummy,Pause,2,434.0,1026.0,472.0,446.0,476.0,454.0,468.0,452.0,466.0,442.0,436.0,498.0,474.0,432.0
3526,GDN0018,Dummy,Pause,3,446.0,1002.0,480.0,456.0,482.0,432.0,474.0,444.0,472.0,446.0,448.0,504.0,476.0,444.0
3527,GDN0018,Dummy,Pause,4,432.0,872.0,468.0,402.0,474.0,420.0,454.0,432.0,454.0,436.0,472.0,494.0,472.0,432.0
3528,GDN0018,Dummy,Pause,5,414.0,874.0,382.0,388.0,428.0,414.0,426.0,352.0,412.0,392.0,332.0,254.0,378.0,324.0
3529,GDN0018,Dummy,Pause,6,322.0,1080.0,406.0,382.0,416.0,398.0,410.0,322.0,410.0,392.0,330.0,438.0,402.0,322.0
3530,GDN0018,Dummy,Pause,7,472.0,1100.0,504.0,472.0,490.0,546.0,484.0,490.0,490.0,464.0,472.0,520.0,506.0,472.0
3531,GDN0018,Dummy,Pause,8,474.0,1068.0,500.0,468.0,504.0,450.0,488.0,474.0,490.0,472.0,480.0,524.0,502.0,474.0
3532,GDN0018,Dummy,Pause,9,460.0,1056.0,486.0,398.0,486.0,422.0,474.0,458.0,474.0,460.0,468.0,508.0,484.0,458.0
3533,GDN0018,Dummy,Pause,10,464.0,1060.0,482.0,468.0,480.0,548.0,474.0,482.0,484.0,456.0,466.0,504.0,482.0,464.0
3534,GDN0018,Dummy,Pause,11,450.0,1048.0,482.0,482.0,486.0,558.0,478.0,448.0,492.0,454.0,482.0,84.0,482.0,566.0
3535,GDN0018,Dummy,Pause,12,448.0,1034.0,478.0,452.0,316.0,430.0,464.0,448.0,472.0,452.0,452.0,510.0,478.0,448.0
3536,GDN0018,Dummy,Pause,13,446.0,924.0,474.0,452.0,442.0,428.0,468.0,444.0,472.0,448.0,446.0,504.0,474.0,444.0
3537,GDN0018,Dummy,Pause,14,400.0,864.0,444.0,402.0,446.0,384.0,436.0,400.0,426.0,410.0,406.0,466.0,444.0,400.0
3538,GDN0018,Dummy,Pause,15,360.0,870.0,412.0,380.0,416.0,394.0,408.0,358.0,406.0,388.0,364.0,438.0,412.0,358.0
3539,GDN0018,Dummy,Pause,16,404.0,890.0,416.0,386.0,420.0,402.0,414.0,400.0,408.0,390.0,412.0,440.0,416.0,364.0
3540,GDN0018,Dummy,Pause,17,374.0,926.0,424.0,406.0,430.0,488.0,416.0,372.0,424.0,398.0,382.0,446.0,424.0,372.0
3541,GDN0018,Dummy,Pause,18,398.0,930.0,436.0,406.0,442.0,420.0,432.0,396.0,428.0,410.0,402.0,460.0,434.0,396.0
3542,GDN0018,Dummy,Pause,19,398.0,896.0,440.0,408.0,446.0,370.0,436.0,396.0,430.0,412.0,402.0,468.0,442.0,396.0
3543,GDN0018,Dummy,Pause,20,390.0,944.0,414.0,398.0,402.0,388.0,406.0,386.0,420.0,400.0,396.0,222.0,412.0,362.0
3544,GDN0018,Dummy,Pause,21,414.0,972.0,442.0,412.0,426.0,386.0,426.0,414.0,434.0,416.0,418.0,468.0,442.0,414.0
3545,GDN0018,Dummy,Pause,22,432.0,958.0,450.0,414.0,448.0,430.0,444.0,448.0,450.0,426.0,438.0,476.0,450.0,430.0
3546,GDN0018,Dummy,Pause,23,428.0,934.0,450.0,412.0,448.0,428.0,442.0,426.0,442.0,422.0,436.0,472.0,450.0,400.0
3547,GDN0018,Dummy,Pause,24,404.0,890.0,440.0,408.0,242.0,378.0,430.0,402.0,430.0,412.0,406.0,470.0,440.0,402.0
3548,GDN0018,Dummy,Pause,25,382.0,900.0,416.0,396.0,438.0,418.0,426.0,380.0,418.0,398.0,386.0,452.0,416.0,380.0
3549,GDN0018,Dummy,Pause,26,418.0,896.0,414.0,398.0,434.0,414.0,426.0,376.0,420.0,400.0,384.0,450.0,412.0,376.0
3550,GDN0018,Dummy,Pause,27,380.0,840.0,426.0,392.0,434.0,344.0,414.0,378.0,416.0,400.0,384.0,448.0,428.0,378.0
3551,GDN0018,Dummy,Pause,28,336.0,876.0,392.0,370.0,422.0,404.0,412.0,334.0,396.0,380.0,338.0,430.0,390.0,334.0
3552,GDN0018,Dummy,Pause,29,412.0,1064.0,410.0,380.0,428.0,408.0,420.0,360.0,406.0,392.0,362.0,444.0,406.0,360.0
3553,GDN0018,Dummy,Pause,30,468.0,1230.0,494.0,442.0,488.0,460.0,480.0,490.0,474.0,458.0,470.0,512.0,494.0,466.0
3554,GDN0018,Dummy,Pause,31,530.0,1128.0,550.0,452.0,540.0,514.0,534.0,542.0,528.0,514.0,550.0,562.0,550.0,530.0
3555,GDN0018,Dummy,Pause,32,492.0,1092.0,508.0,468.0,502.0,478.0,496.0,502.0,494.0,480.0,494.0,526.0,508.0,492.0
3556,GDN0018,Dummy,Pause,33,480.0,1044.0,496.0,464.0,494.0,472.0,488.0,496.0,486.0,468.0,482.0,516.0,496.0,476.0
3557,GDN0018,Dummy,Pause,34,468.0,952.0,486.0,440.0,482.0,462.0,478.0,484.0,470.0,452.0,470.0,508.0,488.0,468.0
3558,GDN0018,Dummy,Pause,35,390.0,900.0,440.0,418.0,466.0,364.0,438.0,388.0,440.0,420.0,418.0,472.0,440.0,388.0
3559,GDN0018,Dummy,Pause,36,390.0,916.0,422.0,342.0,428.0,376.0,412.0,390.0,416.0,402.0,396.0,446.0,424.0,390.0
3560,GDN0018,Dummy,Pause,37,400.0,958.0,428.0,374.0,438.0,390.0,416.0,398.0,416.0,404.0,406.0,452.0,428.0,398.0
3561,GDN0018,Dummy,Pause,38,418.0,900.0,444.0,416.0,444.0,372.0,436.0,408.0,440.0,422.0,428.0,470.0,444.0,408.0
3562,GDN0018,Dummy,Pause,39,384.0,868.0,428.0,392.0,436.0,416.0,426.0,382.0,416.0,400.0,386.0,454.0,428.0,382.0
3563,GDN0018,Dummy,Pause,40,354.0,850.0,420.0,380.0,436.0,416.0,394.0,354.0,406.0,390.0,360.0,446.0,420.0,354.0
3564,GDN0018,Dummy,Pause,41,358.0,880.0,398.0,368.0,246.0,344.0,384.0,356.0,396.0,382.0,364.0,244.0,398.0,356.0
3565,GDN0018,Dummy,Pause,42,370.0,908.0,408.0,378.0,250.0,356.0,398.0,368.0,406.0,392.0,386.0,442.0,408.0,368.0
3566,GDN0018,Dummy,Pause,43,380.0,910.0,426.0,390.0,428.0,408.0,422.0,380.0,418.0,404.0,384.0,452.0,426.0,380.0
3567,GDN0018,Dummy,Pause,44,414.0,860.0,438.0,396.0,442.0,410.0,430.0,410.0,424.0,404.0,420.0,460.0,438.0,382.0
3568,GDN0018,Dummy,Pause,45,358.0,856.0,420.0,384.0,266.0,324.0,404.0,356.0,406.0,388.0,360.0,440.0,422.0,356.0
3569,GDN0018,Dummy,Pause,46,376.0,914.0,408.0,338.0,230.0,362.0,396.0,374.0,396.0,384.0,382.0,430.0,408.0,374.0
3570,GDN0018,Dummy,Pause,47,404.0,914.0,430.0,406.0,412.0,394.0,416.0,404.0,426.0,406.0,410.0,452.0,430.0,404.0
3571,GDN0018,Dummy,Pause,48,398.0,884.0,434.0,352.0,440.0,382.0,426.0,398.0,422.0,406.0,404.0,458.0,434.0,398.0
3572,GDN0018,Dummy,Pause,49,362.0,878.0,428.0,386.0,434.0,332.0,424.0,362.0,412.0,396.0,376.0,450.0,430.0,362.0
3573,GDN0018,Dummy,Pause,50,378.0,934.0,396.0,352.0,388.0,374.0,394.0,378.0,408.0,394.0,390.0,256.0,390.0,378.0
3574,GDN0018,Dummy,Pause,51,400.0,946.0,434.0,412.0,258.0,386.0,428.0,398.0,432.0,412.0,410.0,462.0,434.0,398.0
3575,GDN0018,Dummy,Pause,52,432.0,904.0,450.0,410.0,446.0,426.0,442.0,448.0,438.0,418.0,434.0,466.0,450.0,430.0
3576,GDN0018,Dummy,Pause,53,396.0,864.0,430.0,390.0,422.0,326.0,418.0,424.0,416.0,402.0,404.0,452.0,430.0,394.0
3577,GDN0018,Dummy,Pause,54,382.0,894.0,408.0,352.0,390.0,372.0,396.0,380.0,404.0,388.0,388.0,432.0,408.0,380.0
3578,GDN0018,Dummy,Pause,55,386.0,936.0,412.0,394.0,390.0,418.0,394.0,390.0,416.0,398.0,388.0,442.0,412.0,386.0
3579,GDN0018,Dummy,Pause,56,396.0,936.0,426.0,404.0,452.0,432.0,412.0,394.0,430.0,414.0,400.0,462.0,426.0,394.0
3580,GDN0018,Dummy,Pause,57,400.0,920.0,432.0,412.0,276.0,388.0,432.0,398.0,434.0,414.0,408.0,184.0,430.0,398.0
3581,GDN0018,Dummy,Pause,58,426.0,896.0,438.0,402.0,444.0,426.0,438.0,388.0,426.0,408.0,386.0,464.0,440.0,384.0
3582,GDN0018,Dummy,Pause,59,382.0,932.0,396.0,390.0,386.0,414.0,420.0,380.0,416.0,400.0,388.0,214.0,390.0,380.0
3583,GDN0018,Dummy,Pause,60,392.0,942.0,438.0,412.0,438.0,370.0,430.0,390.0,432.0,412.0,420.0,464.0,440.0,390.0
3584,GDN0018,Dummy,Pause,61,430.0,902.0,442.0,412.0,446.0,428.0,440.0,426.0,434.0,416.0,434.0,466.0,434.0,400.0
3585,GDN0018,Dummy,TiltUp,0,322.0,560.0,344.0,270.0,116.0,308.0,328.0,288.0,306.0,282.0,324.0,320.0,344.0,320.0
3586,GDN0018,Dummy,TiltUp,1,318.0,562.0,334.0,278.0,180.0,306.0,334.0,316.0,302.0,282.0,334.0,316.0,334.0,316.0
3587,GDN0018,Dummy,TiltUp,2,330.0,568.0,346.0,244.0,340.0,316.0,336.0,342.0,308.0,282.0,336.0,358.0,346.0,328.0
3588,GDN0018,Dummy,TiltUp,3,318.0,574.0,336.0,272.0,326.0,352.0,328.0,326.0,310.0,284.0,326.0,316.0,338.0,316.0
3589,GDN0018,Dummy,TiltUp,4,332.0,588.0,346.0,242.0,338.0,322.0,336.0,340.0,306.0,286.0,336.0,356.0,346.0,332.0
3590,GDN0018,Dummy,TiltUp,5,338.0,600.0,352.0,266.0,354.0,338.0,346.0,308.0,312.0,292.0,312.0,366.0,352.0,308.0
3591,GDN0018,Dummy,TiltUp,6,340.0,610.0,350.0,248.0,352.0,328.0,348.0,354.0,316.0,296.0,350.0,340.0,352.0,340.0
3592,GDN0018,Dummy,TiltUp,7,314.0,618.0,348.0,260.0,354.0,298.0,346.0,312.0,320.0,300.0,350.0,194.0,344.0,312.0
3593,GDN0018,Dummy,TiltUp,8,312.0,620.0,354.0,276.0,220.0,330.0,346.0,328.0,320.0,302.0,350.0,220.0,356.0,310.0
3594,GDN0018,Dummy,TiltUp,9,352.0,616.0,364.0,246.0,358.0,340.0,354.0,360.0,318.0,302.0,354.0,374.0,362.0,350.0
3595,GDN0018,Dummy,TiltUp,10,338.0,620.0,370.0,276.0,364.0,320.0,348.0,344.0,328.0,302.0,372.0,386.0,372.0,338.0
3596,GDN0018,Dummy,TiltUp,11,340.0,644.0,362.0,298.0,348.0,326.0,346.0,350.0,328.0,302.0,362.0,374.0,362.0,338.0
3597,GDN0018,Dummy,TiltUp,12,324.0,660.0,348.0,250.0,292.0,322.0,338.0,322.0,326.0,312.0,332.0,222.0,348.0,294.0
3598,GDN0018,Dummy,TiltUp,13,348.0,636.0,364.0,268.0,362.0,342.0,356.0,364.0,336.0,318.0,354.0,346.0,368.0,346.0
3599,GDN0018,Dummy,TiltUp,14,350.0,626.0,356.0,276.0,358.0,342.0,354.0,360.0,324.0,308.0,354.0,348.0,274.0,348.0
3600,GDN0018,Dummy,TiltUp,15,348.0,594.0,364.0,262.0,356.0,338.0,354.0,358.0,330.0,306.0,354.0,380.0,370.0,348.0
3601,GDN0018,Dummy,TiltUp,16,342.0,576.0,354.0,250.0,358.0,326.0,350.0,340.0,318.0,294.0,352.0,368.0,268.0,340.0
3602,GDN0018,Dummy,TiltUp,17,322.0,564.0,330.0,252.0,330.0,310.0,332.0,330.0,316.0,288.0,332.0,170.0,332.0,320.0
3603,GDN0018,Dummy,TiltUp,18,320.0,552.0,342.0,254.0,340.0,304.0,330.0,318.0,302.0,284.0,330.0,356.0,342.0,318.0
3604,GDN0018,Dummy,TiltUp,19,314.0,544.0,336.0,228.0,158.0,288.0,322.0,312.0,298.0,280.0,324.0,350.0,338.0,312.0
3605,GDN0018,Dummy,TiltUp,20,314.0,540.0,334.0,222.0,322.0,302.0,318.0,322.0,294.0,276.0,316.0,346.0,336.0,312.0
3606,GDN0018,Dummy,TiltUp,21,304.0,538.0,322.0,222.0,318.0,296.0,314.0,320.0,292.0,274.0,312.0,338.0,320.0,302.0
3607,GDN0018,Dummy,TiltUp,22,308.0,542.0,320.0,226.0,314.0,298.0,314.0,316.0,292.0,274.0,314.0,306.0,318.0,306.0
3608,GDN0018,Dummy,TiltUp,23,296.0,548.0,316.0,240.0,178.0,280.0,314.0,296.0,294.0,276.0,318.0,296.0,318.0,296.0
3609,GDN0018,Dummy,TiltUp,25,316.0,560.0,320.0,244.0,322.0,362.0,322.0,324.0,306.0,282.0,322.0,314.0,248.0,314.0
3610,GDN0018,Dummy,TiltUp,26,320.0,564.0,330.0,282.0,328.0,308.0,326.0,330.0,308.0,282.0,324.0,318.0,336.0,318.0
3611,GDN0018,Dummy,TiltUp,27,320.0,560.0,344.0,242.0,340.0,310.0,330.0,342.0,308.0,284.0,326.0,356.0,344.0,318.0
3612,GDN0018,Dummy,TiltUp,28,320.0,554.0,346.0,246.0,330.0,300.0,324.0,330.0,302.0,282.0,344.0,356.0,344.0,318.0
3613,GDN0018,Dummy,TiltUp,29,308.0,554.0,340.0,232.0,332.0,286.0,322.0,306.0,300.0,280.0,314.0,350.0,340.0,306.0
3614,GDN0018,Dummy,TiltUp,30,314.0,572.0,346.0,234.0,316.0,298.0,318.0,318.0,302.0,280.0,350.0,358.0,350.0,314.0
3615,GDN0018,Dummy,TiltUp,31,302.0,646.0,336.0,230.0,124.0,284.0,316.0,302.0,300.0,286.0,330.0,346.0,330.0,302.0
3616,GDN0018,Dummy,TiltUp,32,310.0,684.0,336.0,270.0,352.0,334.0,340.0,310.0,318.0,310.0,312.0,310.0,348.0,310.0
3617,GDN0018,Dummy,TiltUp,33,330.0,708.0,348.0,306.0,292.0,358.0,344.0,328.0,342.0,326.0,294.0,186.0,318.0,292.0
3618,GDN0018,Dummy,TiltUp,34,360.0,686.0,376.0,278.0,262.0,346.0,366.0,366.0,348.0,334.0,390.0,358.0,390.0,358.0
3619,GDN0018,Dummy,TiltUp,35,346.0,662.0,366.0,286.0,390.0,372.0,378.0,346.0,350.0,326.0,348.0,0.0,,346.0
3620,GDN0018,Dummy,TiltUp,36,342.0,628.0,372.0,270.0,378.0,332.0,366.0,340.0,338.0,318.0,362.0,340.0,380.0,340.0
3621,GDN0018,Dummy,TiltUp,37,342.0,612.0,354.0,298.0,344.0,326.0,346.0,346.0,334.0,306.0,344.0,104.0,352.0,340.0
3622,GDN0018,Dummy,TiltUp,38,344.0,588.0,358.0,264.0,360.0,338.0,352.0,360.0,328.0,300.0,352.0,376.0,354.0,342.0
3623,GDN0018,Dummy,TiltUp,39,338.0,574.0,348.0,284.0,348.0,396.0,344.0,350.0,328.0,290.0,344.0,364.0,348.0,398.0
3624,GDN0018,Dummy,TiltUp,40,326.0,558.0,336.0,244.0,334.0,318.0,334.0,334.0,310.0,286.0,336.0,324.0,336.0,324.0
3625,GDN0018,Dummy,TiltUp,41,334.0,548.0,288.0,290.0,342.0,326.0,340.0,342.0,310.0,282.0,344.0,332.0,286.0,332.0
3626,GDN0018,Dummy,TiltUp,42,328.0,542.0,338.0,232.0,342.0,312.0,336.0,342.0,300.0,278.0,344.0,356.0,342.0,326.0
3627,GDN0018,Dummy,TiltUp,43,326.0,538.0,332.0,256.0,334.0,318.0,332.0,336.0,302.0,276.0,334.0,324.0,326.0,324.0
3628,GDN0018,Dummy,TiltUp,44,318.0,548.0,254.0,234.0,340.0,302.0,332.0,316.0,300.0,274.0,246.0,316.0,246.0,316.0
3629,GDN0018,Dummy,TiltUp,45,318.0,554.0,342.0,240.0,156.0,306.0,328.0,326.0,304.0,278.0,326.0,318.0,350.0,318.0
3630,GDN0018,Dummy,TiltUp,46,316.0,574.0,338.0,272.0,342.0,302.0,328.0,316.0,304.0,280.0,334.0,316.0,330.0,316.0
3631,GDN0018,Dummy,TiltUp,47,318.0,594.0,328.0,264.0,330.0,312.0,326.0,330.0,304.0,286.0,326.0,318.0,328.0,318.0
3632,GDN0018,Dummy,TiltUp,48,338.0,608.0,346.0,288.0,348.0,326.0,344.0,348.0,314.0,294.0,344.0,366.0,348.0,336.0
3633,GDN0018,Dummy,TiltUp,49,338.0,624.0,360.0,250.0,350.0,326.0,344.0,350.0,318.0,298.0,340.0,336.0,358.0,336.0
3634,GDN0018,Dummy,TiltUp,50,346.0,624.0,366.0,264.0,354.0,336.0,352.0,356.0,330.0,304.0,348.0,380.0,366.0,346.0
3635,GDN0018,Dummy,TiltUp,51,344.0,628.0,368.0,296.0,352.0,326.0,348.0,352.0,334.0,304.0,370.0,372.0,370.0,342.0
3636,GDN0018,Dummy,TiltUp,52,336.0,638.0,362.0,254.0,352.0,328.0,346.0,354.0,324.0,306.0,338.0,372.0,362.0,334.0
3637,GDN0018,Dummy,TiltUp,53,340.0,648.0,354.0,262.0,352.0,400.0,344.0,354.0,330.0,310.0,340.0,368.0,356.0,338.0
3638,GDN0018,Dummy,TiltUp,54,326.0,658.0,348.0,288.0,334.0,316.0,342.0,326.0,328.0,312.0,334.0,326.0,346.0,326.0
3639,GDN0018,Dummy,TiltUp,55,324.0,658.0,356.0,260.0,244.0,358.0,336.0,324.0,332.0,316.0,326.0,240.0,352.0,322.0
3640,GDN0018,Dummy,TiltUp,56,336.0,630.0,380.0,296.0,372.0,352.0,362.0,350.0,336.0,316.0,382.0,390.0,382.0,334.0
3641,GDN0018,Dummy,TiltUp,57,342.0,610.0,378.0,288.0,370.0,320.0,358.0,342.0,330.0,306.0,376.0,386.0,376.0,342.0
3642,GDN0018,Dummy,TiltUp,58,342.0,590.0,360.0,248.0,348.0,330.0,346.0,350.0,318.0,300.0,344.0,372.0,360.0,342.0
3643,GDN0018,Dummy,TiltUp,59,328.0,580.0,342.0,290.0,210.0,318.0,334.0,340.0,312.0,292.0,332.0,326.0,344.0,326.0
3644,GDN0018,Dummy,TiltUp,60,334.0,564.0,352.0,252.0,346.0,326.0,340.0,346.0,308.0,290.0,338.0,362.0,350.0,334.0
3645,GDN0018,Dummy,TiltUp,61,338.0,554.0,356.0,248.0,350.0,330.0,344.0,350.0,310.0,284.0,344.0,336.0,354.0,336.0
3646,GDN0018,Dummy,TiltUp,62,326.0,544.0,352.0,276.0,266.0,306.0,334.0,332.0,308.0,280.0,328.0,324.0,352.0,324.0
3647,GDN0018,Dummy,TiltUp,63,332.0,536.0,348.0,254.0,344.0,326.0,338.0,344.0,304.0,276.0,338.0,360.0,350.0,332.0
3648,GDN0018,Dummy,TiltUp,64,312.0,528.0,332.0,264.0,314.0,348.0,318.0,316.0,304.0,274.0,314.0,196.0,332.0,310.0
3649,GDN0018,Dummy,TiltUp,65,320.0,524.0,340.0,268.0,338.0,298.0,330.0,318.0,298.0,270.0,328.0,318.0,338.0,318.0
3650,GDN0018,Dummy,TiltUp,66,328.0,522.0,344.0,246.0,340.0,320.0,336.0,340.0,304.0,268.0,334.0,358.0,344.0,328.0
3651,GDN0018,Dummy,TiltUp,67,324.0,526.0,334.0,256.0,334.0,316.0,332.0,334.0,300.0,268.0,332.0,324.0,332.0,324.0
3652,GDN0018,Dummy,TiltUp,68,302.0,526.0,326.0,232.0,124.0,290.0,318.0,300.0,296.0,270.0,318.0,196.0,330.0,300.0
3653,GDN0018,Dummy,TiltUp,69,316.0,530.0,334.0,266.0,326.0,304.0,324.0,328.0,302.0,270.0,322.0,346.0,334.0,316.0
3654,GDN0018,Dummy,TiltUp,70,316.0,536.0,336.0,264.0,324.0,302.0,320.0,324.0,294.0,272.0,318.0,346.0,336.0,314.0
3655,GDN0018,Dummy,TiltUp,71,310.0,552.0,338.0,250.0,334.0,292.0,318.0,308.0,292.0,274.0,310.0,350.0,342.0,308.0
3656,GDN0018,Dummy,TiltUp,72,316.0,612.0,340.0,260.0,336.0,294.0,328.0,316.0,296.0,280.0,324.0,350.0,338.0,316.0
3657,GDN0018,Dummy,TiltUp,73,324.0,720.0,334.0,264.0,340.0,322.0,332.0,294.0,312.0,298.0,332.0,174.0,336.0,294.0
3658,GDN0018,Dummy,TiltUp,74,372.0,778.0,378.0,314.0,380.0,366.0,376.0,382.0,346.0,336.0,300.0,392.0,376.0,370.0
3659,GDN0018,Dummy,TiltUp,75,378.0,782.0,402.0,318.0,304.0,366.0,390.0,390.0,374.0,358.0,384.0,378.0,404.0,378.0
3660,GDN0018,Dummy,TiltUp,76,338.0,788.0,404.0,368.0,196.0,334.0,398.0,336.0,386.0,360.0,352.0,288.0,402.0,336.0
3661,GDN0018,Dummy,TiltUp,77,388.0,780.0,408.0,312.0,282.0,378.0,402.0,410.0,382.0,362.0,398.0,388.0,406.0,388.0
3662,GDN0018,Dummy,TiltUp,78,404.0,748.0,424.0,322.0,414.0,390.0,410.0,414.0,386.0,360.0,404.0,440.0,426.0,402.0
3663,GDN0018,Dummy,TiltUp,79,374.0,720.0,408.0,330.0,404.0,358.0,398.0,372.0,372.0,348.0,376.0,420.0,406.0,372.0
3664,GDN0018,Dummy,TiltUp,80,348.0,696.0,378.0,290.0,392.0,374.0,382.0,352.0,354.0,338.0,352.0,264.0,380.0,348.0
3665,GDN0018,Dummy,TiltUp,81,360.0,688.0,376.0,286.0,370.0,350.0,368.0,370.0,348.0,330.0,364.0,360.0,376.0,360.0
3666,GDN0018,Dummy,TiltUp,82,350.0,670.0,380.0,272.0,386.0,344.0,368.0,350.0,344.0,326.0,358.0,396.0,380.0,350.0
3667,GDN0018,Dummy,TiltUp,83,354.0,646.0,370.0,318.0,370.0,346.0,368.0,372.0,340.0,320.0,368.0,354.0,372.0,354.0
3668,GDN0018,Dummy,TiltUp,84,356.0,620.0,370.0,276.0,368.0,344.0,362.0,370.0,334.0,312.0,360.0,384.0,368.0,354.0
3669,GDN0018,Dummy,TiltUp,85,354.0,592.0,370.0,270.0,364.0,338.0,360.0,364.0,332.0,304.0,358.0,386.0,372.0,352.0
3670,GDN0018,Dummy,TiltUp,86,348.0,582.0,364.0,286.0,354.0,336.0,350.0,354.0,324.0,294.0,348.0,374.0,364.0,346.0
3671,GDN0018,Dummy,TiltUp,87,332.0,574.0,356.0,254.0,338.0,316.0,338.0,340.0,318.0,290.0,332.0,362.0,358.0,332.0
3672,GDN0018,Dummy,TiltUp,88,334.0,576.0,354.0,278.0,350.0,306.0,342.0,352.0,310.0,286.0,338.0,366.0,352.0,332.0
3674,GDN0018,Dummy,TiltUp,90,314.0,584.0,338.0,232.0,322.0,348.0,320.0,,304.0,288.0,318.0,312.0,340.0,312.0
3675,GDN0018,Dummy,TiltUp,91,314.0,608.0,330.0,222.0,334.0,296.0,320.0,312.0,298.0,288.0,322.0,346.0,334.0,312.0
3676,GDN0018,Dummy,TiltUp,92,294.0,622.0,336.0,256.0,292.0,316.0,332.0,316.0,314.0,298.0,298.0,178.0,328.0,292.0
3677,GDN0018,Dummy,TiltUp,93,338.0,618.0,358.0,264.0,350.0,326.0,344.0,350.0,328.0,304.0,340.0,336.0,358.0,336.0
3678,GDN0018,Dummy,TiltUp,94,354.0,608.0,366.0,264.0,362.0,342.0,358.0,364.0,326.0,302.0,358.0,380.0,366.0,352.0
3679,GDN0018,Dummy,TiltUp,95,346.0,594.0,360.0,308.0,352.0,336.0,352.0,352.0,328.0,298.0,352.0,346.0,358.0,346.0
3680,GDN0018,Dummy,TiltUp,96,348.0,580.0,364.0,280.0,366.0,342.0,358.0,366.0,322.0,294.0,356.0,348.0,370.0,348.0
3681,GDN0018,Dummy,TiltUp,97,330.0,568.0,346.0,284.0,144.0,312.0,338.0,334.0,312.0,288.0,338.0,328.0,342.0,328.0
3682,GDN0018,Dummy,Valsalva,0,360.0,802.0,390.0,324.0,366.0,392.0,372.0,484.0,374.0,364.0,366.0,416.0,390.0,358.0
3683,GDN0018,Dummy,Valsalva,1,396.0,742.0,386.0,372.0,406.0,458.0,362.0,346.0,392.0,366.0,354.0,258.0,384.0,306.0
3684,GDN0018,Dummy,Valsalva,2,376.0,694.0,362.0,290.0,238.0,372.0,384.0,248.0,362.0,346.0,330.0,248.0,368.0,246.0
3685,GDN0018,Dummy,Valsalva,3,342.0,662.0,352.0,282.0,256.0,342.0,360.0,248.0,350.0,328.0,366.0,248.0,322.0,248.0
3686,GDN0018,Dummy,Valsalva,4,318.0,642.0,354.0,274.0,360.0,398.0,356.0,340.0,342.0,318.0,356.0,240.0,354.0,316.0
3687,GDN0018,Dummy,Valsalva,5,336.0,654.0,352.0,280.0,346.0,326.0,344.0,346.0,340.0,310.0,340.0,242.0,354.0,336.0
3688,GDN0018,Dummy,Valsalva,6,330.0,676.0,342.0,290.0,208.0,324.0,346.0,328.0,332.0,314.0,344.0,218.0,304.0,328.0
3689,GDN0018,Dummy,Valsalva,7,326.0,668.0,352.0,270.0,256.0,320.0,342.0,326.0,338.0,322.0,336.0,252.0,356.0,326.0
3690,GDN0018,Dummy,Valsalva,8,324.0,662.0,354.0,278.0,344.0,318.0,342.0,322.0,340.0,320.0,336.0,370.0,354.0,322.0
3691,GDN0018,Dummy,Valsalva,9,324.0,664.0,314.0,260.0,240.0,324.0,342.0,232.0,334.0,318.0,298.0,232.0,298.0,232.0
3692,GDN0018,Dummy,Valsalva,10,322.0,654.0,328.0,254.0,342.0,318.0,338.0,218.0,324.0,316.0,338.0,218.0,338.0,218.0
3693,GDN0018,Dummy,Valsalva,11,326.0,682.0,338.0,240.0,338.0,316.0,334.0,206.0,320.0,312.0,338.0,358.0,338.0,204.0
3694,GDN0018,Dummy,Valsalva,12,340.0,1008.0,344.0,310.0,356.0,338.0,352.0,222.0,338.0,324.0,326.0,370.0,326.0,220.0
3695,GDN0018,Dummy,Valsalva,13,440.0,778.0,458.0,382.0,454.0,420.0,448.0,456.0,454.0,438.0,442.0,480.0,462.0,440.0
3696,GDN0018,Dummy,Valsalva,14,300.0,756.0,368.0,340.0,212.0,334.0,354.0,220.0,368.0,356.0,310.0,220.0,366.0,218.0
3697,GDN0018,Dummy,Valsalva,15,308.0,754.0,366.0,274.0,234.0,302.0,340.0,304.0,356.0,346.0,328.0,388.0,366.0,304.0
3698,GDN0018,Dummy,Valsalva,16,320.0,782.0,362.0,332.0,230.0,306.0,336.0,318.0,360.0,348.0,326.0,234.0,362.0,318.0
3699,GDN0018,Dummy,Valsalva,17,334.0,816.0,380.0,296.0,226.0,362.0,370.0,334.0,368.0,358.0,338.0,400.0,382.0,334.0
3700,GDN0018,Dummy,Valsalva,18,354.0,844.0,386.0,304.0,378.0,352.0,376.0,238.0,382.0,370.0,370.0,238.0,386.0,236.0
3701,GDN0018,Dummy,Valsalva,19,378.0,858.0,396.0,356.0,394.0,378.0,392.0,376.0,396.0,382.0,392.0,246.0,396.0,332.0
3702,GDN0018,Dummy,Valsalva,20,358.0,850.0,402.0,384.0,410.0,460.0,396.0,358.0,406.0,386.0,370.0,428.0,402.0,358.0
3703,GDN0018,Dummy,Valsalva,21,358.0,854.0,398.0,372.0,362.0,344.0,378.0,356.0,398.0,384.0,362.0,242.0,396.0,356.0
3704,GDN0018,Dummy,Valsalva,22,350.0,842.0,394.0,394.0,256.0,474.0,394.0,346.0,410.0,384.0,356.0,244.0,396.0,316.0
3705,GDN0018,Dummy,Valsalva,23,352.0,844.0,398.0,374.0,406.0,386.0,396.0,352.0,398.0,380.0,360.0,424.0,398.0,352.0
3706,GDN0018,Dummy,Valsalva,24,382.0,800.0,410.0,358.0,398.0,376.0,396.0,382.0,400.0,382.0,390.0,430.0,410.0,382.0
3707,GDN0018,Dummy,Valsalva,25,332.0,794.0,396.0,354.0,396.0,372.0,386.0,332.0,380.0,366.0,338.0,414.0,396.0,332.0
3708,GDN0018,Dummy,Valsalva,26,362.0,818.0,380.0,336.0,232.0,360.0,378.0,310.0,378.0,364.0,316.0,232.0,378.0,310.0
3709,GDN0018,Dummy,Valsalva,27,350.0,776.0,386.0,366.0,226.0,342.0,370.0,348.0,390.0,372.0,356.0,230.0,388.0,348.0
3710,GDN0018,Dummy,Valsalva,28,346.0,752.0,370.0,316.0,228.0,422.0,370.0,272.0,378.0,358.0,360.0,236.0,370.0,234.0
3711,GDN0018,Dummy,Valsalva,30,328.0,732.0,370.0,304.0,374.0,328.0,366.0,280.0,366.0,346.0,346.0,228.0,372.0,228.0
3712,GDN0018,Dummy,Valsalva,31,344.0,756.0,364.0,318.0,370.0,344.0,364.0,228.0,360.0,342.0,366.0,390.0,362.0,226.0
3713,GDN0018,Dummy,Valsalva,32,364.0,762.0,344.0,306.0,380.0,420.0,374.0,268.0,370.0,350.0,346.0,230.0,346.0,230.0
3714,GDN0018,Dummy,Valsalva,34,362.0,716.0,346.0,294.0,222.0,362.0,380.0,230.0,364.0,346.0,352.0,230.0,352.0,230.0
3715,GDN0018,Dummy,Valsalva,35,360.0,680.0,338.0,294.0,284.0,360.0,372.0,284.0,354.0,336.0,332.0,238.0,332.0,236.0
3716,GDN0018,Dummy,Valsalva,36,324.0,684.0,350.0,294.0,360.0,424.0,352.0,232.0,354.0,324.0,354.0,232.0,354.0,232.0
3717,GDN0018,Dummy,Valsalva,37,348.0,734.0,326.0,296.0,260.0,432.0,362.0,306.0,356.0,326.0,366.0,220.0,332.0,250.0
3718,GDN0018,Dummy,Valsalva,38,364.0,796.0,330.0,304.0,376.0,360.0,376.0,376.0,362.0,342.0,328.0,364.0,328.0,364.0
3719,GDN0018,Dummy,Valsalva,39,354.0,784.0,392.0,320.0,308.0,344.0,384.0,354.0,378.0,364.0,360.0,416.0,396.0,354.0
3720,GDN0018,Dummy,Valsalva,40,352.0,832.0,366.0,324.0,236.0,348.0,370.0,346.0,380.0,360.0,366.0,236.0,356.0,304.0
3721,GDN0018,Dummy,Valsalva,41,376.0,890.0,386.0,352.0,392.0,374.0,388.0,328.0,388.0,376.0,336.0,234.0,388.0,328.0
3722,GDN0018,Dummy,Valsalva,42,364.0,910.0,406.0,390.0,254.0,348.0,400.0,364.0,414.0,398.0,386.0,252.0,406.0,364.0
3723,GDN0018,Dummy,Valsalva,43,396.0,888.0,418.0,412.0,248.0,490.0,410.0,394.0,430.0,404.0,402.0,250.0,420.0,496.0
3724,GDN0018,Dummy,Valsalva,44,360.0,848.0,414.0,384.0,432.0,392.0,416.0,358.0,414.0,396.0,364.0,444.0,410.0,358.0
3725,GDN0018,Dummy,Valsalva,45,346.0,808.0,402.0,374.0,230.0,396.0,378.0,344.0,398.0,382.0,352.0,232.0,406.0,344.0
3726,GDN0018,Dummy,Valsalva,46,360.0,808.0,380.0,338.0,418.0,402.0,378.0,356.0,384.0,368.0,326.0,230.0,374.0,318.0
3727,GDN0018,Dummy,Valsalva,47,364.0,816.0,376.0,336.0,382.0,362.0,380.0,304.0,380.0,366.0,312.0,242.0,378.0,240.0
3728,GDN0018,Dummy,Valsalva,48,360.0,858.0,382.0,336.0,376.0,410.0,376.0,256.0,386.0,372.0,258.0,232.0,384.0,232.0
3729,GDN0018,Dummy,Valsalva,49,366.0,878.0,394.0,378.0,228.0,364.0,392.0,260.0,402.0,386.0,374.0,228.0,388.0,226.0
3730,GDN0018,Dummy,Valsalva,50,420.0,846.0,426.0,384.0,436.0,418.0,426.0,376.0,410.0,394.0,378.0,452.0,430.0,376.0
3731,GDN0018,Dummy,Valsalva,52,386.0,928.0,414.0,392.0,408.0,446.0,402.0,408.0,414.0,396.0,394.0,246.0,416.0,384.0
3732,GDN0018,Dummy,Valsalva,53,426.0,938.0,422.0,406.0,440.0,502.0,434.0,386.0,436.0,410.0,392.0,256.0,418.0,386.0
3733,GDN0018,Dummy,Valsalva,54,436.0,876.0,440.0,404.0,452.0,436.0,448.0,394.0,430.0,414.0,398.0,470.0,442.0,394.0
3734,GDN0018,Dummy,Valsalva,55,356.0,908.0,416.0,386.0,438.0,420.0,398.0,356.0,410.0,392.0,366.0,444.0,414.0,356.0
3735,GDN0018,Dummy,Valsalva,56,394.0,936.0,422.0,400.0,410.0,440.0,408.0,392.0,422.0,404.0,400.0,258.0,424.0,392.0
3736,GDN0018,Dummy,Valsalva,57,400.0,938.0,434.0,416.0,438.0,386.0,430.0,398.0,436.0,414.0,404.0,248.0,434.0,398.0
3737,GDN0018,Dummy,Valsalva,58,418.0,938.0,436.0,398.0,446.0,414.0,436.0,414.0,432.0,414.0,428.0,466.0,436.0,376.0
3738,GDN0018,Dummy,Valsalva,59,398.0,900.0,442.0,410.0,442.0,380.0,436.0,396.0,432.0,414.0,404.0,470.0,440.0,396.0
3739,GDN0018,Dummy,Valsalva,60,412.0,920.0,434.0,396.0,426.0,456.0,422.0,406.0,418.0,400.0,382.0,458.0,434.0,372.0
3740,GDN0018,Dummy,Valsalva,61,390.0,924.0,432.0,400.0,444.0,420.0,434.0,384.0,424.0,408.0,396.0,464.0,434.0,384.0
3741,GDN0018,Dummy,Valsalva,62,424.0,934.0,436.0,410.0,440.0,422.0,434.0,420.0,434.0,410.0,428.0,462.0,436.0,386.0
3742,GDN0018,Dummy,Valsalva,63,376.0,926.0,438.0,410.0,444.0,354.0,436.0,374.0,432.0,412.0,400.0,464.0,438.0,374.0
3743,GDN0018,Dummy,Valsalva,64,362.0,922.0,428.0,410.0,446.0,378.0,434.0,378.0,430.0,410.0,390.0,266.0,428.0,362.0
3744,GDN0018,Dummy,Valsalva,65,402.0,924.0,432.0,410.0,446.0,400.0,428.0,398.0,430.0,408.0,410.0,462.0,432.0,372.0
3745,GDN0018,Dummy,Valsalva,66,402.0,884.0,438.0,362.0,402.0,432.0,438.0,402.0,428.0,410.0,404.0,466.0,438.0,400.0
3746,GDN0018,Dummy,Valsalva,67,372.0,900.0,430.0,388.0,438.0,410.0,422.0,372.0,412.0,396.0,374.0,454.0,430.0,372.0
3747,GDN0018,Dummy,Valsalva,68,408.0,920.0,428.0,384.0,428.0,406.0,424.0,384.0,420.0,402.0,420.0,452.0,428.0,334.0
3748,GDN0018,Dummy,Valsalva,69,386.0,932.0,434.0,416.0,444.0,498.0,432.0,386.0,434.0,408.0,394.0,460.0,434.0,386.0
3749,GDN0018,Dummy,Valsalva,70,388.0,924.0,434.0,408.0,446.0,500.0,436.0,386.0,440.0,412.0,390.0,462.0,432.0,386.0
3750,GDN0018,Dummy,Valsalva,71,420.0,920.0,432.0,394.0,376.0,416.0,432.0,376.0,426.0,410.0,378.0,264.0,434.0,376.0
3751,GDN0019,Dummy,HoldingBreath,0,492.0,1176.0,520.0,444.0,530.0,476.0,512.0,508.0,510.0,496.0,494.0,546.0,520.0,492.0
3752,GDN0019,Dummy,HoldingBreath,1,488.0,1166.0,516.0,476.0,518.0,482.0,508.0,486.0,508.0,496.0,492.0,540.0,516.0,486.0
3753,GDN0019,Dummy,HoldingBreath,2,472.0,1020.0,514.0,478.0,354.0,440.0,502.0,470.0,506.0,492.0,474.0,536.0,514.0,470.0
3754,GDN0019,Dummy,HoldingBreath,3,448.0,1068.0,462.0,424.0,466.0,436.0,460.0,436.0,454.0,442.0,450.0,488.0,460.0,406.0
3755,GDN0019,Dummy,HoldingBreath,4,448.0,1172.0,480.0,414.0,458.0,434.0,462.0,446.0,468.0,458.0,448.0,500.0,480.0,446.0
3756,GDN0019,Dummy,HoldingBreath,5,494.0,1108.0,514.0,484.0,512.0,490.0,506.0,514.0,510.0,496.0,494.0,536.0,516.0,492.0
3757,GDN0019,Dummy,HoldingBreath,6,424.0,1164.0,464.0,446.0,506.0,410.0,484.0,422.0,480.0,470.0,444.0,512.0,452.0,422.0
3758,GDN0019,Dummy,HoldingBreath,7,490.0,1122.0,512.0,448.0,510.0,462.0,502.0,510.0,502.0,492.0,512.0,532.0,512.0,488.0
3759,GDN0019,Dummy,HoldingBreath,8,464.0,1192.0,490.0,434.0,470.0,452.0,476.0,472.0,488.0,476.0,490.0,518.0,490.0,464.0
3760,GDN0019,Dummy,HoldingBreath,9,488.0,1118.0,510.0,488.0,532.0,468.0,512.0,488.0,516.0,502.0,490.0,544.0,508.0,488.0
3761,GDN0019,Dummy,HoldingBreath,10,458.0,1182.0,366.0,430.0,346.0,450.0,480.0,456.0,484.0,474.0,474.0,62.0,,456.0
3762,GDN0019,Dummy,HoldingBreath,11,492.0,1222.0,518.0,474.0,518.0,490.0,510.0,488.0,512.0,498.0,498.0,542.0,520.0,464.0
3763,GDN0019,Dummy,HoldingBreath,12,488.0,1174.0,522.0,498.0,538.0,446.0,522.0,488.0,526.0,512.0,492.0,552.0,516.0,488.0
3764,GDN0019,Dummy,HoldingBreath,13,472.0,1120.0,496.0,444.0,480.0,462.0,486.0,470.0,502.0,492.0,474.0,530.0,496.0,470.0
3765,GDN0019,Dummy,HoldingBreath,14,464.0,1174.0,498.0,464.0,508.0,486.0,496.0,462.0,492.0,478.0,464.0,522.0,498.0,462.0
3766,GDN0019,Dummy,HoldingBreath,15,494.0,1230.0,514.0,468.0,512.0,484.0,506.0,514.0,508.0,494.0,496.0,538.0,514.0,492.0
3767,GDN0019,Dummy,HoldingBreath,16,508.0,1206.0,532.0,474.0,520.0,496.0,520.0,520.0,524.0,514.0,532.0,556.0,532.0,508.0
3768,GDN0019,Dummy,HoldingBreath,17,508.0,1200.0,530.0,476.0,528.0,494.0,522.0,530.0,518.0,506.0,510.0,552.0,530.0,506.0
3769,GDN0019,Dummy,HoldingBreath,18,494.0,1188.0,528.0,486.0,532.0,478.0,520.0,492.0,516.0,504.0,498.0,550.0,526.0,492.0
3770,GDN0019,Dummy,HoldingBreath,19,478.0,1178.0,516.0,480.0,532.0,458.0,516.0,478.0,510.0,500.0,478.0,544.0,518.0,478.0
3771,GDN0019,Dummy,HoldingBreath,20,500.0,1122.0,516.0,454.0,512.0,488.0,508.0,512.0,508.0,496.0,500.0,538.0,516.0,498.0
3772,GDN0019,Dummy,HoldingBreath,21,462.0,1158.0,486.0,428.0,500.0,448.0,482.0,462.0,486.0,476.0,468.0,516.0,486.0,462.0
3773,GDN0019,Dummy,HoldingBreath,22,490.0,1074.0,516.0,430.0,358.0,474.0,502.0,490.0,500.0,490.0,518.0,536.0,518.0,488.0
3774,GDN0019,Dummy,HoldingBreath,23,454.0,1140.0,484.0,406.0,458.0,440.0,472.0,454.0,474.0,460.0,456.0,506.0,482.0,454.0
3775,GDN0019,Dummy,HoldingBreath,24,484.0,1148.0,506.0,464.0,504.0,480.0,498.0,504.0,496.0,482.0,490.0,526.0,506.0,482.0
3776,GDN0019,Dummy,HoldingBreath,25,474.0,1128.0,502.0,448.0,518.0,462.0,494.0,472.0,498.0,486.0,476.0,532.0,500.0,472.0
3777,GDN0019,Dummy,HoldingBreath,26,468.0,982.0,504.0,432.0,504.0,454.0,492.0,466.0,492.0,478.0,470.0,524.0,504.0,466.0
3778,GDN0019,Dummy,HoldingBreath,27,432.0,818.0,456.0,392.0,442.0,418.0,440.0,444.0,440.0,428.0,460.0,474.0,460.0,430.0
3779,GDN0019,Dummy,HoldingBreath,28,384.0,918.0,352.0,344.0,254.0,382.0,398.0,264.0,384.0,370.0,346.0,264.0,346.0,264.0
3780,GDN0019,Dummy,HoldingBreath,29,408.0,1306.0,426.0,364.0,418.0,398.0,420.0,418.0,418.0,406.0,414.0,452.0,426.0,408.0
3781,GDN0019,Dummy,HoldingBreath,30,544.0,1210.0,562.0,524.0,560.0,536.0,556.0,562.0,558.0,544.0,546.0,586.0,562.0,544.0
3782,GDN0019,Dummy,HoldingBreath,31,488.0,1180.0,526.0,494.0,526.0,458.0,520.0,486.0,522.0,508.0,494.0,554.0,526.0,486.0
3783,GDN0019,Dummy,HoldingBreath,32,484.0,1166.0,518.0,480.0,520.0,464.0,510.0,482.0,508.0,496.0,484.0,542.0,520.0,482.0
3784,GDN0019,Dummy,HoldingBreath,33,492.0,1074.0,512.0,424.0,502.0,482.0,502.0,502.0,502.0,492.0,512.0,534.0,512.0,492.0
3785,GDN0019,Dummy,HoldingBreath,34,446.0,1132.0,442.0,426.0,500.0,480.0,464.0,442.0,470.0,460.0,448.0,72.0,432.0,408.0
3786,GDN0019,Dummy,HoldingBreath,35,480.0,1116.0,504.0,466.0,504.0,432.0,498.0,506.0,494.0,480.0,490.0,526.0,506.0,480.0
3787,GDN0019,Dummy,HoldingBreath,36,458.0,1090.0,490.0,410.0,506.0,436.0,494.0,456.0,486.0,474.0,464.0,520.0,484.0,456.0
3788,GDN0019,Dummy,HoldingBreath,37,452.0,1096.0,484.0,420.0,456.0,440.0,460.0,458.0,478.0,466.0,484.0,506.0,484.0,450.0
3789,GDN0019,Dummy,HoldingBreath,38,476.0,1122.0,496.0,436.0,482.0,462.0,482.0,482.0,486.0,470.0,496.0,518.0,496.0,474.0
3790,GDN0019,Dummy,HoldingBreath,39,476.0,1108.0,502.0,440.0,500.0,464.0,492.0,502.0,492.0,478.0,482.0,524.0,500.0,474.0
3791,GDN0019,Dummy,HoldingBreath,40,470.0,1002.0,500.0,454.0,490.0,466.0,486.0,492.0,484.0,472.0,470.0,520.0,502.0,470.0
3792,GDN0019,Dummy,HoldingBreath,41,418.0,1056.0,450.0,392.0,458.0,418.0,448.0,364.0,444.0,434.0,432.0,474.0,446.0,334.0
3793,GDN0019,Dummy,HoldingBreath,42,444.0,1062.0,474.0,396.0,480.0,428.0,470.0,442.0,468.0,454.0,446.0,502.0,474.0,442.0
3794,GDN0019,Dummy,HoldingBreath,43,446.0,1072.0,480.0,390.0,488.0,428.0,464.0,444.0,468.0,456.0,446.0,504.0,484.0,444.0
3795,GDN0019,Dummy,HoldingBreath,44,438.0,1006.0,486.0,444.0,482.0,394.0,474.0,438.0,472.0,460.0,488.0,510.0,488.0,436.0
3796,GDN0019,Dummy,HoldingBreath,45,412.0,1108.0,436.0,368.0,468.0,450.0,456.0,410.0,444.0,436.0,416.0,474.0,430.0,410.0
3797,GDN0019,Dummy,HoldingBreath,46,462.0,1078.0,492.0,456.0,492.0,408.0,482.0,460.0,484.0,472.0,466.0,518.0,492.0,460.0
3798,GDN0019,Dummy,HoldingBreath,47,452.0,1104.0,482.0,408.0,458.0,434.0,468.0,450.0,474.0,462.0,454.0,506.0,478.0,450.0
3799,GDN0019,Dummy,HoldingBreath,48,452.0,1062.0,490.0,450.0,460.0,440.0,462.0,460.0,480.0,470.0,494.0,512.0,494.0,450.0
3800,GDN0019,Dummy,HoldingBreath,49,470.0,1104.0,358.0,434.0,478.0,460.0,478.0,478.0,478.0,458.0,474.0,504.0,,468.0
3801,GDN0019,Dummy,HoldingBreath,50,466.0,698.0,488.0,428.0,470.0,454.0,476.0,472.0,484.0,470.0,468.0,516.0,490.0,464.0
3802,GDN0019,Dummy,HoldingBreath,52,246.0,1100.0,270.0,210.0,262.0,232.0,256.0,,256.0,240.0,248.0,288.0,262.0,244.0
3803,GDN0019,Dummy,HoldingBreath,53,446.0,,500.0,450.0,496.0,426.0,482.0,446.0,480.0,470.0,502.0,518.0,502.0,446.0
3804,GDN0019,Dummy,Pause,0,520.0,1228.0,532.0,484.0,528.0,510.0,530.0,448.0,530.0,516.0,524.0,560.0,532.0,518.0
3805,GDN0019,Dummy,Pause,1,496.0,1248.0,522.0,502.0,554.0,486.0,534.0,486.0,530.0,516.0,498.0,566.0,522.0,472.0
3806,GDN0019,Dummy,Pause,2,512.0,1268.0,536.0,484.0,372.0,502.0,538.0,510.0,538.0,522.0,518.0,570.0,534.0,510.0
3807,GDN0019,Dummy,Pause,3,546.0,1244.0,538.0,516.0,560.0,542.0,554.0,502.0,544.0,530.0,538.0,580.0,538.0,502.0
3808,GDN0019,Dummy,Pause,4,530.0,1264.0,542.0,510.0,550.0,530.0,542.0,530.0,536.0,522.0,502.0,572.0,542.0,500.0
3809,GDN0019,Dummy,Pause,5,508.0,1272.0,542.0,516.0,544.0,476.0,538.0,506.0,542.0,528.0,510.0,576.0,542.0,506.0
3810,GDN0019,Dummy,Pause,6,512.0,1236.0,542.0,520.0,578.0,480.0,538.0,510.0,546.0,532.0,512.0,582.0,540.0,510.0
3811,GDN0019,Dummy,Pause,7,508.0,1208.0,540.0,482.0,468.0,500.0,524.0,506.0,532.0,518.0,508.0,566.0,540.0,506.0
3812,GDN0019,Dummy,Pause,8,496.0,1256.0,528.0,504.0,544.0,480.0,526.0,496.0,526.0,508.0,498.0,556.0,530.0,496.0
3813,GDN0019,Dummy,Pause,9,514.0,1254.0,540.0,514.0,520.0,500.0,532.0,512.0,540.0,526.0,516.0,0.0,540.0,512.0
3814,GDN0019,Dummy,Pause,10,516.0,1150.0,546.0,494.0,560.0,508.0,534.0,516.0,538.0,524.0,546.0,572.0,546.0,516.0
3815,GDN0019,Dummy,Pause,11,462.0,1162.0,504.0,476.0,500.0,448.0,494.0,462.0,502.0,488.0,464.0,60.0,504.0,462.0
3816,GDN0019,Dummy,Pause,12,502.0,1204.0,516.0,478.0,514.0,496.0,512.0,516.0,506.0,492.0,506.0,540.0,518.0,500.0
3817,GDN0019,Dummy,Pause,13,504.0,1182.0,524.0,474.0,512.0,492.0,516.0,502.0,522.0,508.0,506.0,556.0,524.0,502.0
3818,GDN0019,Dummy,Pause,14,482.0,1168.0,504.0,496.0,532.0,516.0,524.0,482.0,518.0,500.0,488.0,546.0,504.0,482.0
3819,GDN0019,Dummy,Pause,15,482.0,1112.0,510.0,488.0,526.0,470.0,502.0,482.0,512.0,494.0,482.0,542.0,512.0,482.0
3820,GDN0019,Dummy,Pause,16,426.0,1244.0,478.0,468.0,352.0,408.0,488.0,424.0,492.0,476.0,438.0,350.0,478.0,424.0
3821,GDN0019,Dummy,Pause,17,522.0,1258.0,540.0,508.0,540.0,522.0,538.0,520.0,540.0,522.0,526.0,568.0,542.0,496.0
3822,GDN0019,Dummy,Pause,18,534.0,1202.0,532.0,510.0,552.0,532.0,546.0,490.0,538.0,524.0,494.0,572.0,526.0,490.0
3823,GDN0019,Dummy,Pause,19,504.0,1244.0,518.0,476.0,512.0,498.0,516.0,514.0,522.0,506.0,508.0,552.0,518.0,504.0
3824,GDN0019,Dummy,Pause,20,506.0,1278.0,540.0,510.0,548.0,492.0,536.0,504.0,536.0,522.0,506.0,568.0,542.0,504.0
3825,GDN0019,Dummy,Pause,21,528.0,1202.0,554.0,486.0,558.0,508.0,550.0,526.0,550.0,534.0,532.0,580.0,552.0,526.0
3826,GDN0019,Dummy,Pause,22,498.0,1140.0,522.0,500.0,504.0,532.0,510.0,506.0,524.0,506.0,498.0,556.0,524.0,496.0
3827,GDN0019,Dummy,Pause,23,476.0,1188.0,504.0,438.0,504.0,462.0,500.0,504.0,500.0,486.0,484.0,30.0,504.0,474.0
3828,GDN0019,Dummy,Pause,24,508.0,1198.0,522.0,490.0,526.0,508.0,522.0,508.0,516.0,502.0,516.0,548.0,522.0,480.0
3829,GDN0019,Dummy,Pause,25,480.0,1138.0,524.0,488.0,546.0,440.0,524.0,478.0,516.0,504.0,482.0,556.0,524.0,478.0
3830,GDN0019,Dummy,Pause,26,454.0,1202.0,396.0,476.0,508.0,492.0,504.0,446.0,500.0,484.0,462.0,106.0,,434.0
3831,GDN0019,Dummy,Pause,27,492.0,1246.0,524.0,500.0,538.0,442.0,524.0,490.0,524.0,506.0,498.0,554.0,524.0,490.0
3832,GDN0019,Dummy,Pause,28,514.0,1200.0,538.0,482.0,528.0,504.0,530.0,514.0,536.0,522.0,518.0,46.0,536.0,514.0
3833,GDN0019,Dummy,Pause,29,494.0,1136.0,516.0,462.0,500.0,482.0,508.0,502.0,520.0,506.0,518.0,0.0,518.0,494.0
3834,GDN0019,Dummy,Pause,30,504.0,1228.0,454.0,468.0,516.0,502.0,474.0,422.0,496.0,482.0,448.0,46.0,448.0,358.0
3835,GDN0019,Dummy,Pause,31,498.0,1272.0,524.0,504.0,550.0,532.0,512.0,496.0,530.0,516.0,498.0,560.0,524.0,496.0
3836,GDN0019,Dummy,Pause,32,514.0,1242.0,540.0,516.0,566.0,542.0,550.0,514.0,544.0,530.0,516.0,578.0,540.0,514.0
3837,GDN0019,Dummy,Pause,33,496.0,1152.0,538.0,508.0,390.0,464.0,534.0,496.0,534.0,520.0,540.0,568.0,540.0,496.0
3838,GDN0019,Dummy,Pause,34,474.0,1204.0,504.0,480.0,520.0,470.0,508.0,472.0,506.0,490.0,478.0,536.0,502.0,472.0
3839,GDN0019,Dummy,Pause,35,498.0,1234.0,522.0,496.0,372.0,480.0,516.0,496.0,522.0,508.0,500.0,0.0,522.0,496.0
3840,GDN0019,Dummy,Pause,36,494.0,1144.0,536.0,510.0,368.0,472.0,530.0,494.0,534.0,518.0,538.0,568.0,538.0,494.0
3841,GDN0019,Dummy,Pause,37,470.0,1166.0,488.0,476.0,478.0,514.0,482.0,478.0,502.0,486.0,474.0,44.0,486.0,470.0
3842,GDN0019,Dummy,Pause,38,484.0,1166.0,506.0,484.0,536.0,520.0,496.0,482.0,510.0,494.0,486.0,546.0,506.0,482.0
3843,GDN0019,Dummy,Pause,39,514.0,1084.0,496.0,486.0,528.0,512.0,524.0,470.0,510.0,494.0,472.0,544.0,498.0,470.0
3844,GDN0019,Dummy,Pause,40,480.0,1156.0,434.0,456.0,336.0,476.0,490.0,400.0,484.0,466.0,408.0,90.0,430.0,340.0
3845,GDN0019,Dummy,Pause,41,484.0,1218.0,508.0,444.0,344.0,466.0,502.0,484.0,508.0,490.0,494.0,538.0,508.0,484.0
3846,GDN0019,Dummy,Pause,42,502.0,1146.0,526.0,470.0,512.0,546.0,518.0,502.0,526.0,512.0,526.0,564.0,526.0,502.0
3847,GDN0019,Dummy,Pause,43,448.0,1220.0,384.0,478.0,352.0,528.0,492.0,446.0,504.0,488.0,460.0,26.0,,418.0
3848,GDN0019,Dummy,Pause,44,500.0,1256.0,534.0,506.0,538.0,484.0,530.0,498.0,530.0,514.0,506.0,560.0,534.0,498.0
3849,GDN0019,Dummy,Pause,45,510.0,1162.0,548.0,514.0,572.0,492.0,542.0,510.0,540.0,526.0,548.0,578.0,548.0,510.0
3850,GDN0019,Dummy,Pause,46,476.0,1232.0,442.0,490.0,536.0,522.0,494.0,476.0,512.0,492.0,426.0,26.0,438.0,422.0
3851,GDN0019,Dummy,Pause,47,500.0,1214.0,536.0,506.0,538.0,520.0,534.0,518.0,532.0,518.0,502.0,564.0,538.0,500.0
3852,GDN0019,Dummy,Pause,48,488.0,1156.0,526.0,500.0,552.0,470.0,526.0,486.0,526.0,510.0,488.0,560.0,520.0,486.0
3853,GDN0019,Dummy,TiltLevel,0,556.0,1376.0,580.0,528.0,586.0,554.0,578.0,674.0,576.0,566.0,568.0,608.0,580.0,554.0
3854,GDN0019,Dummy,TiltLevel,1,558.0,1264.0,576.0,512.0,592.0,538.0,574.0,558.0,578.0,566.0,558.0,606.0,572.0,558.0
3855,GDN0019,Dummy,TiltLevel,2,514.0,1338.0,542.0,506.0,526.0,478.0,528.0,514.0,536.0,526.0,542.0,566.0,542.0,512.0
3856,GDN0019,Dummy,TiltLevel,3,556.0,1388.0,576.0,512.0,572.0,536.0,566.0,572.0,570.0,554.0,558.0,596.0,576.0,554.0
3857,GDN0019,Dummy,TiltLevel,4,570.0,1286.0,596.0,540.0,592.0,558.0,584.0,592.0,582.0,570.0,596.0,616.0,596.0,570.0
3858,GDN0019,Dummy,TiltLevel,5,536.0,1376.0,556.0,490.0,556.0,518.0,548.0,556.0,544.0,534.0,538.0,578.0,556.0,534.0
3859,GDN0019,Dummy,TiltLevel,6,566.0,1338.0,584.0,548.0,582.0,504.0,576.0,584.0,578.0,566.0,566.0,608.0,584.0,564.0
3860,GDN0019,Dummy,TiltLevel,7,548.0,1324.0,574.0,514.0,554.0,534.0,556.0,556.0,562.0,552.0,574.0,594.0,574.0,546.0
3861,GDN0019,Dummy,TiltLevel,8,546.0,1350.0,568.0,532.0,568.0,518.0,560.0,568.0,560.0,548.0,548.0,592.0,570.0,546.0
3862,GDN0019,Dummy,TiltLevel,9,564.0,1288.0,574.0,538.0,576.0,498.0,568.0,538.0,568.0,556.0,538.0,598.0,572.0,538.0
3863,GDN0019,Dummy,TiltLevel,10,514.0,1314.0,534.0,514.0,398.0,496.0,538.0,514.0,544.0,534.0,516.0,572.0,534.0,514.0
3864,GDN0019,Dummy,TiltLevel,11,538.0,1302.0,558.0,504.0,572.0,524.0,554.0,536.0,556.0,544.0,540.0,588.0,558.0,536.0
3865,GDN0019,Dummy,TiltLevel,12,530.0,1270.0,554.0,478.0,398.0,500.0,548.0,530.0,548.0,540.0,534.0,582.0,554.0,530.0
3866,GDN0019,Dummy,TiltLevel,13,516.0,1288.0,544.0,504.0,532.0,448.0,534.0,516.0,536.0,528.0,544.0,570.0,544.0,514.0
3867,GDN0019,Dummy,TiltLevel,14,526.0,1352.0,550.0,486.0,554.0,510.0,540.0,556.0,546.0,534.0,528.0,574.0,550.0,526.0
3868,GDN0019,Dummy,TiltLevel,15,546.0,1432.0,570.0,502.0,544.0,528.0,558.0,546.0,568.0,558.0,570.0,600.0,570.0,544.0
3869,GDN0019,Dummy,TiltLevel,16,584.0,1394.0,602.0,564.0,596.0,574.0,592.0,598.0,598.0,586.0,602.0,626.0,602.0,584.0
3870,GDN0019,Dummy,TiltLevel,17,570.0,1392.0,588.0,550.0,594.0,520.0,584.0,568.0,582.0,572.0,574.0,612.0,588.0,568.0
3871,GDN0019,Dummy,TiltLevel,18,566.0,1410.0,588.0,520.0,572.0,548.0,574.0,572.0,582.0,572.0,588.0,612.0,588.0,566.0
3872,GDN0019,Dummy,TiltLevel,19,574.0,1342.0,598.0,558.0,598.0,530.0,590.0,598.0,588.0,578.0,576.0,620.0,598.0,574.0
3873,GDN0019,Dummy,TiltLevel,20,548.0,1304.0,566.0,508.0,580.0,530.0,560.0,546.0,564.0,554.0,548.0,594.0,566.0,546.0
3874,GDN0019,Dummy,TiltLevel,21,534.0,1172.0,558.0,522.0,558.0,534.0,552.0,532.0,552.0,540.0,538.0,582.0,556.0,514.0
3875,GDN0019,Dummy,TiltLevel,22,484.0,1016.0,506.0,468.0,500.0,474.0,496.0,500.0,504.0,494.0,508.0,530.0,508.0,482.0
3876,GDN0019,Dummy,TiltLevel,23,376.0,1156.0,426.0,398.0,380.0,442.0,454.0,376.0,452.0,440.0,420.0,376.0,420.0,374.0
3877,GDN0019,Dummy,TiltLevel,24,492.0,1198.0,510.0,454.0,508.0,480.0,504.0,510.0,502.0,488.0,496.0,532.0,508.0,492.0
3878,GDN0019,Dummy,TiltLevel,25,494.0,1064.0,520.0,480.0,508.0,430.0,506.0,510.0,512.0,504.0,522.0,544.0,522.0,494.0
3879,GDN0019,Dummy,TiltLevel,26,438.0,1354.0,462.0,388.0,448.0,424.0,456.0,436.0,466.0,456.0,442.0,494.0,464.0,436.0
3880,GDN0019,Dummy,TiltLevel,27,548.0,1376.0,570.0,504.0,582.0,528.0,572.0,548.0,570.0,558.0,554.0,600.0,566.0,548.0
3881,GDN0019,Dummy,TiltLevel,28,560.0,1396.0,590.0,532.0,582.0,544.0,572.0,582.0,574.0,566.0,590.0,608.0,590.0,558.0
3882,GDN0019,Dummy,TiltLevel,29,576.0,1434.0,592.0,548.0,582.0,566.0,584.0,584.0,588.0,574.0,576.0,618.0,592.0,574.0
3883,GDN0019,Dummy,TiltLevel,30,586.0,1320.0,608.0,560.0,598.0,574.0,598.0,600.0,598.0,586.0,610.0,632.0,610.0,584.0
3884,GDN0019,Dummy,TiltLevel,31,544.0,1414.0,564.0,482.0,564.0,530.0,556.0,566.0,558.0,546.0,546.0,588.0,564.0,544.0
3885,GDN0019,Dummy,TiltLevel,32,570.0,1340.0,590.0,562.0,576.0,552.0,580.0,568.0,590.0,578.0,570.0,618.0,588.0,568.0
3886,GDN0019,Dummy,TiltLevel,33,542.0,1360.0,570.0,508.0,582.0,526.0,552.0,542.0,560.0,550.0,570.0,592.0,570.0,540.0
3887,GDN0019,Dummy,TiltLevel,34,552.0,1404.0,580.0,542.0,582.0,528.0,572.0,552.0,572.0,560.0,554.0,604.0,582.0,552.0
3888,GDN0019,Dummy,TiltLevel,35,558.0,1284.0,590.0,556.0,606.0,584.0,572.0,558.0,586.0,576.0,590.0,618.0,590.0,558.0
3889,GDN0019,Dummy,TiltLevel,36,524.0,1394.0,544.0,462.0,416.0,510.0,536.0,522.0,542.0,534.0,524.0,574.0,542.0,522.0
3890,GDN0019,Dummy,TiltLevel,37,564.0,1394.0,586.0,554.0,586.0,542.0,578.0,562.0,584.0,572.0,586.0,614.0,586.0,562.0
3891,GDN0019,Dummy,TiltLevel,38,556.0,1352.0,582.0,552.0,602.0,534.0,584.0,554.0,582.0,572.0,582.0,614.0,582.0,554.0
3892,GDN0019,Dummy,TiltLevel,39,550.0,1396.0,572.0,532.0,566.0,542.0,564.0,566.0,568.0,558.0,572.0,598.0,572.0,550.0
3893,GDN0019,Dummy,TiltLevel,40,566.0,1384.0,590.0,530.0,596.0,548.0,578.0,566.0,582.0,572.0,590.0,614.0,590.0,566.0
3894,GDN0019,Dummy,TiltLevel,41,564.0,1296.0,584.0,536.0,576.0,552.0,574.0,576.0,580.0,568.0,584.0,610.0,584.0,564.0
3895,GDN0019,Dummy,TiltLevel,42,530.0,1314.0,550.0,468.0,560.0,514.0,544.0,530.0,548.0,538.0,532.0,578.0,548.0,530.0
3896,GDN0019,Dummy,TiltLevel,43,526.0,1268.0,556.0,524.0,576.0,502.0,552.0,524.0,554.0,544.0,526.0,588.0,556.0,524.0
3897,GDN0019,Dummy,TiltUp,0,370.0,764.0,402.0,320.0,398.0,348.0,390.0,388.0,374.0,354.0,380.0,418.0,406.0,370.0
3898,GDN0019,Dummy,TiltUp,1,378.0,738.0,398.0,308.0,404.0,368.0,394.0,378.0,376.0,354.0,386.0,418.0,396.0,378.0
3899,GDN0019,Dummy,TiltUp,2,370.0,736.0,390.0,308.0,384.0,358.0,380.0,384.0,362.0,344.0,372.0,406.0,390.0,370.0
3900,GDN0019,Dummy,TiltUp,3,352.0,724.0,388.0,288.0,394.0,338.0,378.0,352.0,360.0,344.0,354.0,406.0,390.0,352.0
3901,GDN0019,Dummy,TiltUp,4,354.0,724.0,384.0,292.0,382.0,334.0,370.0,352.0,360.0,340.0,354.0,402.0,384.0,352.0
3902,GDN0019,Dummy,TiltUp,5,360.0,720.0,392.0,296.0,392.0,340.0,374.0,360.0,360.0,340.0,392.0,408.0,392.0,358.0
3903,GDN0019,Dummy,TiltUp,6,364.0,696.0,392.0,300.0,386.0,340.0,376.0,386.0,362.0,338.0,394.0,410.0,394.0,364.0
3904,GDN0019,Dummy,TiltUp,7,356.0,704.0,382.0,286.0,382.0,334.0,368.0,356.0,348.0,330.0,380.0,396.0,380.0,354.0
3905,GDN0019,Dummy,TiltUp,8,356.0,712.0,380.0,296.0,382.0,338.0,370.0,354.0,350.0,332.0,358.0,398.0,380.0,354.0
3906,GDN0019,Dummy,TiltUp,9,364.0,756.0,384.0,290.0,378.0,324.0,372.0,344.0,356.0,336.0,348.0,400.0,384.0,344.0
3907,GDN0019,Dummy,TiltUp,10,366.0,806.0,392.0,320.0,370.0,352.0,378.0,372.0,368.0,350.0,368.0,412.0,390.0,366.0
3908,GDN0019,Dummy,TiltUp,11,390.0,788.0,412.0,324.0,410.0,378.0,402.0,412.0,384.0,368.0,394.0,430.0,416.0,388.0
3909,GDN0019,Dummy,TiltUp,12,378.0,800.0,398.0,330.0,384.0,362.0,390.0,376.0,382.0,362.0,378.0,424.0,392.0,376.0
3910,GDN0019,Dummy,TiltUp,13,378.0,774.0,404.0,320.0,398.0,356.0,392.0,400.0,384.0,366.0,380.0,424.0,406.0,376.0
3911,GDN0019,Dummy,TiltUp,14,350.0,782.0,390.0,312.0,400.0,340.0,390.0,350.0,370.0,356.0,374.0,410.0,380.0,350.0
3912,GDN0019,Dummy,TiltUp,15,366.0,762.0,398.0,310.0,402.0,350.0,390.0,364.0,374.0,360.0,370.0,418.0,402.0,364.0
3913,GDN0019,Dummy,TiltUp,16,358.0,764.0,388.0,304.0,392.0,340.0,380.0,358.0,370.0,352.0,360.0,408.0,386.0,358.0
3914,GDN0019,Dummy,TiltUp,17,356.0,772.0,394.0,312.0,394.0,342.0,386.0,356.0,366.0,352.0,360.0,410.0,394.0,356.0
3915,GDN0019,Dummy,TiltUp,18,358.0,784.0,392.0,312.0,396.0,342.0,384.0,358.0,372.0,356.0,360.0,414.0,394.0,358.0
3916,GDN0019,Dummy,TiltUp,19,378.0,770.0,400.0,316.0,390.0,362.0,386.0,390.0,380.0,360.0,378.0,414.0,400.0,376.0
3917,GDN0019,Dummy,TiltUp,20,382.0,740.0,402.0,310.0,396.0,370.0,390.0,396.0,374.0,356.0,382.0,418.0,402.0,382.0
3918,GDN0019,Dummy,TiltUp,21,360.0,712.0,398.0,292.0,402.0,342.0,386.0,358.0,364.0,346.0,400.0,414.0,400.0,358.0
3919,GDN0019,Dummy,TiltUp,22,358.0,698.0,386.0,286.0,386.0,336.0,372.0,358.0,356.0,336.0,384.0,402.0,384.0,358.0
3920,GDN0019,Dummy,TiltUp,23,360.0,694.0,378.0,286.0,374.0,352.0,368.0,374.0,348.0,330.0,360.0,392.0,380.0,358.0
3921,GDN0019,Dummy,TiltUp,24,346.0,706.0,374.0,274.0,376.0,330.0,362.0,344.0,346.0,328.0,348.0,392.0,376.0,344.0
3922,GDN0019,Dummy,TiltUp,25,356.0,710.0,382.0,290.0,360.0,340.0,364.0,362.0,352.0,334.0,380.0,396.0,380.0,356.0
3923,GDN0019,Dummy,TiltUp,26,352.0,704.0,384.0,298.0,382.0,330.0,368.0,352.0,354.0,334.0,386.0,402.0,386.0,352.0
3924,GDN0019,Dummy,TiltUp,27,364.0,694.0,386.0,292.0,382.0,362.0,374.0,382.0,358.0,332.0,366.0,400.0,388.0,364.0
3925,GDN0019,Dummy,TiltUp,28,352.0,702.0,378.0,278.0,376.0,336.0,364.0,352.0,348.0,328.0,378.0,394.0,378.0,352.0
3926,GDN0019,Dummy,TiltUp,29,352.0,714.0,380.0,280.0,382.0,338.0,366.0,352.0,350.0,332.0,354.0,398.0,380.0,352.0
3927,GDN0019,Dummy,TiltUp,30,348.0,746.0,384.0,286.0,384.0,332.0,374.0,346.0,356.0,336.0,348.0,400.0,384.0,346.0
3928,GDN0019,Dummy,TiltUp,31,364.0,776.0,398.0,298.0,396.0,350.0,386.0,364.0,366.0,348.0,366.0,412.0,396.0,364.0
3929,GDN0019,Dummy,TiltUp,32,380.0,784.0,408.0,318.0,404.0,350.0,396.0,380.0,378.0,358.0,386.0,424.0,406.0,380.0
3930,GDN0019,Dummy,TiltUp,33,382.0,758.0,414.0,316.0,412.0,370.0,396.0,380.0,384.0,360.0,382.0,430.0,414.0,380.0
3931,GDN0019,Dummy,TiltUp,34,378.0,762.0,404.0,304.0,380.0,362.0,388.0,380.0,372.0,352.0,402.0,420.0,402.0,376.0
3932,GDN0019,Dummy,TiltUp,35,380.0,768.0,400.0,298.0,396.0,370.0,390.0,396.0,370.0,352.0,382.0,416.0,402.0,380.0
3933,GDN0019,Dummy,TiltUp,36,380.0,772.0,406.0,330.0,404.0,360.0,392.0,378.0,372.0,354.0,382.0,420.0,406.0,378.0
3934,GDN0019,Dummy,TiltUp,37,368.0,774.0,404.0,318.0,410.0,352.0,396.0,368.0,374.0,356.0,370.0,420.0,402.0,368.0
3935,GDN0019,Dummy,TiltUp,38,370.0,734.0,408.0,308.0,404.0,352.0,392.0,370.0,376.0,356.0,370.0,426.0,410.0,370.0
3936,GDN0019,Dummy,TiltUp,39,372.0,738.0,398.0,314.0,390.0,348.0,382.0,392.0,364.0,342.0,396.0,410.0,396.0,370.0
3937,GDN0019,Dummy,TiltUp,40,366.0,734.0,396.0,312.0,398.0,348.0,386.0,364.0,364.0,344.0,370.0,412.0,398.0,364.0
3938,GDN0019,Dummy,TiltUp,41,350.0,744.0,392.0,294.0,392.0,368.0,382.0,366.0,362.0,342.0,350.0,408.0,392.0,350.0
3939,GDN0019,Dummy,TiltUp,42,362.0,750.0,396.0,314.0,400.0,346.0,384.0,360.0,366.0,346.0,362.0,414.0,396.0,360.0
3940,GDN0019,Dummy,TiltUp,43,366.0,748.0,398.0,310.0,398.0,348.0,386.0,364.0,368.0,348.0,366.0,414.0,396.0,364.0
3941,GDN0019,Dummy,TiltUp,44,384.0,720.0,398.0,304.0,400.0,382.0,392.0,356.0,368.0,348.0,400.0,416.0,400.0,354.0
3942,GDN0019,Dummy,TiltUp,45,374.0,702.0,386.0,296.0,390.0,372.0,384.0,370.0,362.0,338.0,344.0,408.0,384.0,342.0
3943,GDN0019,Dummy,TiltUp,46,348.0,702.0,382.0,304.0,380.0,330.0,368.0,348.0,354.0,332.0,348.0,398.0,382.0,348.0
3944,GDN0019,Dummy,TiltUp,47,368.0,724.0,382.0,284.0,378.0,362.0,374.0,380.0,352.0,332.0,372.0,398.0,382.0,366.0
3945,GDN0019,Dummy,TiltUp,48,356.0,746.0,390.0,308.0,388.0,338.0,378.0,356.0,360.0,340.0,358.0,406.0,390.0,356.0
3946,GDN0019,Dummy,TiltUp,49,372.0,784.0,396.0,300.0,378.0,356.0,380.0,380.0,368.0,348.0,372.0,414.0,394.0,370.0
3947,GDN0019,Dummy,TiltUp,50,372.0,758.0,410.0,318.0,410.0,354.0,398.0,370.0,382.0,360.0,372.0,426.0,412.0,370.0
3948,GDN0019,Dummy,TiltUp,51,372.0,756.0,400.0,320.0,372.0,356.0,388.0,372.0,380.0,352.0,372.0,424.0,398.0,372.0
3949,GDN0019,Dummy,TiltUp,52,382.0,768.0,402.0,308.0,398.0,342.0,390.0,360.0,368.0,350.0,364.0,416.0,402.0,360.0
3950,GDN0019,Dummy,TiltUp,53,364.0,794.0,404.0,312.0,400.0,346.0,394.0,364.0,374.0,354.0,366.0,420.0,404.0,364.0
3951,GDN0019,Dummy,TiltUp,54,390.0,790.0,416.0,330.0,410.0,388.0,404.0,388.0,382.0,364.0,394.0,430.0,416.0,374.0
3952,GDN0019,Dummy,TiltUp,55,376.0,756.0,410.0,322.0,410.0,354.0,398.0,376.0,386.0,362.0,382.0,428.0,408.0,376.0
3953,GDN0019,Dummy,TiltUp,56,368.0,732.0,408.0,310.0,408.0,350.0,396.0,368.0,374.0,350.0,368.0,424.0,410.0,368.0
3954,GDN0019,Dummy,TiltUp,57,370.0,718.0,392.0,306.0,388.0,368.0,382.0,368.0,368.0,342.0,390.0,410.0,390.0,350.0
3955,GDN0019,Dummy,TiltUp,58,352.0,710.0,388.0,290.0,388.0,322.0,376.0,352.0,358.0,338.0,354.0,408.0,390.0,352.0
3956,GDN0019,Dummy,TiltUp,59,368.0,720.0,388.0,304.0,380.0,354.0,376.0,380.0,354.0,334.0,390.0,404.0,390.0,366.0
3957,GDN0019,Dummy,TiltUp,60,368.0,718.0,390.0,310.0,384.0,342.0,378.0,386.0,364.0,338.0,368.0,404.0,390.0,366.0
3958,GDN0019,Dummy,TiltUp,61,356.0,716.0,394.0,302.0,394.0,340.0,380.0,356.0,362.0,338.0,394.0,410.0,394.0,354.0
3959,GDN0019,Dummy,TiltUp,62,372.0,706.0,394.0,300.0,384.0,364.0,380.0,384.0,362.0,336.0,372.0,412.0,396.0,372.0
3960,GDN0019,Dummy,TiltUp,63,360.0,726.0,390.0,320.0,382.0,344.0,374.0,384.0,356.0,334.0,388.0,406.0,388.0,360.0
3961,GDN0019,Dummy,TiltUp,64,378.0,742.0,394.0,304.0,392.0,372.0,386.0,392.0,360.0,340.0,380.0,410.0,396.0,376.0
3962,GDN0019,Dummy,TiltUp,65,382.0,748.0,400.0,310.0,398.0,380.0,390.0,378.0,368.0,346.0,356.0,412.0,398.0,354.0
3963,GDN0019,Dummy,TiltUp,66,392.0,738.0,402.0,310.0,406.0,390.0,396.0,360.0,372.0,348.0,402.0,420.0,402.0,358.0
3964,GDN0019,Dummy,TiltUp,67,378.0,734.0,400.0,306.0,392.0,374.0,388.0,392.0,370.0,344.0,380.0,420.0,400.0,376.0
3965,GDN0019,Dummy,TiltUp,68,378.0,742.0,396.0,294.0,386.0,368.0,384.0,388.0,360.0,342.0,378.0,410.0,396.0,376.0
3966,GDN0019,Dummy,TiltUp,69,372.0,766.0,398.0,298.0,394.0,354.0,384.0,372.0,364.0,346.0,374.0,412.0,398.0,372.0
3967,GDN0019,Dummy,TiltUp,70,374.0,764.0,400.0,314.0,404.0,360.0,392.0,372.0,370.0,354.0,380.0,416.0,396.0,372.0
3968,GDN0019,Dummy,TiltUp,71,376.0,754.0,408.0,308.0,412.0,360.0,396.0,374.0,376.0,354.0,378.0,428.0,412.0,374.0
3969,GDN0019,Dummy,TiltUp,72,390.0,752.0,402.0,306.0,404.0,338.0,394.0,360.0,372.0,350.0,382.0,418.0,398.0,360.0
3970,GDN0019,Dummy,TiltUp,73,382.0,762.0,400.0,308.0,402.0,378.0,392.0,378.0,368.0,350.0,356.0,418.0,402.0,354.0
3971,GDN0019,Dummy,TiltUp,74,358.0,778.0,398.0,316.0,404.0,452.0,390.0,358.0,380.0,352.0,360.0,416.0,400.0,358.0
3972,GDN0019,Dummy,TiltUp,75,392.0,762.0,410.0,310.0,404.0,380.0,400.0,404.0,378.0,358.0,394.0,424.0,408.0,392.0
3973,GDN0019,Dummy,TiltUp,76,376.0,736.0,408.0,310.0,398.0,374.0,394.0,374.0,376.0,352.0,358.0,426.0,410.0,356.0
3974,GDN0019,Dummy,TiltUp,77,376.0,748.0,398.0,300.0,388.0,362.0,382.0,388.0,368.0,344.0,396.0,410.0,396.0,374.0
3975,GDN0019,Dummy,TiltUp,78,366.0,768.0,394.0,298.0,370.0,352.0,376.0,370.0,368.0,348.0,368.0,416.0,392.0,366.0
3976,GDN0019,Dummy,TiltUp,79,366.0,,406.0,308.0,404.0,348.0,394.0,364.0,376.0,354.0,368.0,420.0,408.0,364.0
3977,GDN0019,Dummy,Valsalva,0,418.0,1018.0,446.0,432.0,298.0,458.0,432.0,336.0,458.0,442.0,418.0,90.0,448.0,416.0
3978,GDN0019,Dummy,Valsalva,1,432.0,1120.0,456.0,408.0,462.0,432.0,454.0,430.0,454.0,440.0,446.0,484.0,452.0,388.0
3979,GDN0019,Dummy,Valsalva,2,460.0,1146.0,496.0,466.0,508.0,420.0,498.0,458.0,492.0,478.0,464.0,528.0,498.0,458.0
3980,GDN0019,Dummy,Valsalva,3,462.0,1168.0,506.0,472.0,514.0,486.0,506.0,486.0,500.0,486.0,468.0,532.0,504.0,460.0
3981,GDN0019,Dummy,Valsalva,4,484.0,1102.0,516.0,482.0,534.0,468.0,502.0,484.0,508.0,494.0,518.0,542.0,518.0,484.0
3982,GDN0019,Dummy,Valsalva,5,480.0,1174.0,496.0,456.0,500.0,478.0,494.0,478.0,488.0,472.0,490.0,520.0,494.0,438.0
3983,GDN0019,Dummy,Valsalva,6,490.0,1174.0,516.0,458.0,346.0,476.0,508.0,490.0,508.0,494.0,494.0,546.0,516.0,490.0
3984,GDN0019,Dummy,Valsalva,7,494.0,1112.0,512.0,478.0,368.0,490.0,512.0,490.0,512.0,496.0,468.0,544.0,510.0,466.0
3985,GDN0019,Dummy,Valsalva,8,468.0,1100.0,494.0,446.0,482.0,462.0,484.0,468.0,490.0,476.0,470.0,522.0,496.0,468.0
3986,GDN0019,Dummy,Valsalva,9,470.0,1166.0,492.0,410.0,498.0,460.0,486.0,468.0,484.0,470.0,474.0,514.0,490.0,468.0
3987,GDN0019,Dummy,Valsalva,10,480.0,1188.0,514.0,442.0,522.0,464.0,512.0,480.0,508.0,494.0,484.0,540.0,514.0,480.0
3988,GDN0019,Dummy,Valsalva,11,502.0,1170.0,522.0,466.0,520.0,488.0,516.0,500.0,520.0,502.0,506.0,550.0,522.0,500.0
3989,GDN0019,Dummy,Valsalva,12,488.0,1176.0,518.0,464.0,516.0,480.0,512.0,486.0,510.0,496.0,496.0,546.0,518.0,486.0
3990,GDN0019,Dummy,Valsalva,13,484.0,1216.0,518.0,488.0,526.0,468.0,514.0,482.0,514.0,498.0,486.0,546.0,518.0,482.0
3991,GDN0019,Dummy,Valsalva,14,512.0,1204.0,532.0,492.0,532.0,510.0,528.0,510.0,526.0,512.0,518.0,560.0,530.0,480.0
3992,GDN0019,Dummy,Valsalva,15,496.0,1168.0,526.0,462.0,500.0,482.0,512.0,494.0,520.0,506.0,496.0,556.0,526.0,494.0
3993,GDN0019,Dummy,Valsalva,16,496.0,1194.0,516.0,470.0,510.0,488.0,508.0,512.0,510.0,494.0,500.0,540.0,516.0,496.0
3994,GDN0019,Dummy,Valsalva,17,494.0,1196.0,524.0,446.0,378.0,472.0,520.0,492.0,518.0,504.0,502.0,554.0,524.0,492.0
3995,GDN0019,Dummy,Valsalva,18,508.0,1162.0,524.0,474.0,528.0,500.0,524.0,530.0,520.0,504.0,514.0,554.0,522.0,506.0
3996,GDN0019,Dummy,Valsalva,19,494.0,1178.0,508.0,472.0,510.0,492.0,508.0,490.0,510.0,492.0,498.0,536.0,506.0,450.0
3997,GDN0019,Dummy,Valsalva,20,506.0,1222.0,524.0,482.0,526.0,442.0,516.0,468.0,510.0,496.0,502.0,546.0,524.0,468.0
3998,GDN0019,Dummy,Valsalva,21,520.0,1206.0,536.0,504.0,538.0,518.0,534.0,516.0,530.0,514.0,498.0,562.0,534.0,494.0
3999,GDN0019,Dummy,Valsalva,22,520.0,1160.0,532.0,494.0,530.0,514.0,528.0,530.0,524.0,508.0,522.0,556.0,530.0,518.0
4000,GDN0019,Dummy,Valsalva,23,484.0,1058.0,506.0,458.0,496.0,476.0,500.0,484.0,508.0,492.0,486.0,542.0,508.0,484.0
4001,GDN0019,Dummy,Valsalva,24,412.0,1114.0,426.0,432.0,418.0,454.0,472.0,410.0,470.0,456.0,414.0,116.0,422.0,410.0
4002,GDN0019,Dummy,Valsalva,25,486.0,1152.0,498.0,468.0,500.0,476.0,494.0,474.0,492.0,476.0,484.0,526.0,500.0,448.0
4003,GDN0019,Dummy,Valsalva,26,514.0,1078.0,492.0,476.0,532.0,514.0,484.0,466.0,504.0,490.0,472.0,542.0,492.0,466.0
4004,GDN0019,Dummy,Valsalva,27,452.0,1038.0,468.0,458.0,286.0,520.0,462.0,426.0,482.0,464.0,442.0,136.0,470.0,426.0
4005,GDN0019,Dummy,Valsalva,29,482.0,1240.0,502.0,432.0,486.0,510.0,492.0,486.0,502.0,484.0,484.0,536.0,504.0,480.0
4006,GDN0019,Dummy,Valsalva,30,526.0,1272.0,544.0,510.0,550.0,520.0,540.0,520.0,538.0,520.0,526.0,570.0,544.0,498.0
4007,GDN0019,Dummy,Valsalva,31,520.0,1196.0,554.0,520.0,398.0,452.0,546.0,520.0,546.0,532.0,556.0,582.0,556.0,518.0
4008,GDN0019,Dummy,Valsalva,32,502.0,1286.0,528.0,458.0,532.0,486.0,518.0,500.0,522.0,504.0,504.0,552.0,526.0,500.0
4009,GDN0019,Dummy,Valsalva,33,534.0,1268.0,560.0,530.0,408.0,472.0,550.0,532.0,554.0,536.0,534.0,586.0,558.0,532.0
4010,GDN0019,Dummy,Valsalva,34,544.0,1166.0,560.0,526.0,564.0,544.0,554.0,544.0,548.0,530.0,558.0,578.0,558.0,516.0
4011,GDN0019,Dummy,Valsalva,35,476.0,1180.0,510.0,492.0,366.0,462.0,490.0,476.0,514.0,494.0,478.0,538.0,510.0,476.0
4012,GDN0019,Dummy,Valsalva,36,506.0,1254.0,526.0,472.0,524.0,496.0,518.0,524.0,518.0,500.0,510.0,550.0,528.0,504.0
4013,GDN0019,Dummy,Valsalva,37,500.0,1268.0,546.0,512.0,552.0,476.0,544.0,498.0,538.0,524.0,502.0,574.0,546.0,498.0
4014,GDN0019,Dummy,Valsalva,38,534.0,1164.0,552.0,470.0,546.0,496.0,542.0,548.0,544.0,530.0,552.0,576.0,552.0,522.0
4015,GDN0019,Dummy,Valsalva,39,472.0,1108.0,502.0,480.0,434.0,530.0,488.0,472.0,508.0,494.0,504.0,60.0,504.0,470.0
4016,GDN0019,Dummy,Valsalva,40,450.0,1186.0,474.0,418.0,504.0,482.0,496.0,390.0,484.0,472.0,456.0,516.0,470.0,362.0
4017,GDN0019,Dummy,Valsalva,41,490.0,1206.0,522.0,492.0,344.0,556.0,512.0,488.0,518.0,502.0,492.0,66.0,522.0,488.0
4018,GDN0019,Dummy,Valsalva,42,510.0,1240.0,532.0,450.0,536.0,498.0,526.0,538.0,522.0,508.0,514.0,554.0,532.0,510.0
4019,GDN0019,Dummy,Valsalva,43,510.0,1248.0,534.0,506.0,524.0,480.0,528.0,508.0,534.0,520.0,512.0,568.0,534.0,508.0
4020,GDN0019,Dummy,Valsalva,44,514.0,1224.0,540.0,512.0,566.0,494.0,532.0,512.0,538.0,522.0,516.0,572.0,540.0,512.0
4021,GDN0019,Dummy,Valsalva,45,506.0,1236.0,532.0,504.0,522.0,484.0,522.0,504.0,530.0,514.0,508.0,562.0,532.0,504.0
4022,GDN0019,Dummy,Valsalva,46,502.0,1244.0,536.0,512.0,538.0,484.0,532.0,502.0,536.0,518.0,504.0,566.0,536.0,502.0
4023,GDN0019,Dummy,Valsalva,47,534.0,1160.0,540.0,514.0,552.0,534.0,546.0,532.0,540.0,522.0,500.0,570.0,532.0,498.0
4024,GDN0019,Dummy,Valsalva,48,470.0,1064.0,502.0,478.0,350.0,544.0,494.0,468.0,506.0,492.0,508.0,40.0,508.0,468.0
4025,GDN0019,Dummy,Valsalva,49,418.0,1240.0,460.0,444.0,464.0,502.0,460.0,414.0,472.0,458.0,424.0,88.0,450.0,414.0
4026,GDN0020,Dummy,HoldingBreath,0,450.0,1040.0,488.0,462.0,496.0,430.0,484.0,522.0,478.0,450.0,452.0,510.0,490.0,448.0
4027,GDN0020,Dummy,HoldingBreath,1,446.0,966.0,482.0,454.0,502.0,438.0,488.0,446.0,474.0,450.0,448.0,512.0,482.0,446.0
4028,GDN0020,Dummy,HoldingBreath,2,420.0,930.0,458.0,426.0,466.0,412.0,452.0,418.0,446.0,424.0,422.0,484.0,458.0,418.0
4029,GDN0020,Dummy,HoldingBreath,3,408.0,952.0,448.0,362.0,448.0,394.0,440.0,406.0,432.0,412.0,412.0,468.0,450.0,406.0
4030,GDN0020,Dummy,HoldingBreath,4,410.0,990.0,446.0,370.0,410.0,436.0,450.0,410.0,440.0,420.0,412.0,310.0,442.0,410.0
4031,GDN0020,Dummy,HoldingBreath,5,432.0,998.0,466.0,388.0,476.0,416.0,460.0,432.0,452.0,432.0,434.0,492.0,468.0,432.0
4032,GDN0020,Dummy,HoldingBreath,6,428.0,984.0,474.0,434.0,482.0,466.0,476.0,428.0,456.0,436.0,476.0,500.0,476.0,428.0
4033,GDN0020,Dummy,HoldingBreath,7,432.0,904.0,464.0,408.0,470.0,424.0,460.0,432.0,454.0,430.0,436.0,488.0,462.0,432.0
4034,GDN0020,Dummy,HoldingBreath,8,402.0,790.0,428.0,360.0,402.0,428.0,414.0,402.0,422.0,402.0,404.0,286.0,436.0,402.0
4035,GDN0020,Dummy,HoldingBreath,9,382.0,798.0,400.0,346.0,414.0,374.0,398.0,380.0,386.0,362.0,386.0,422.0,386.0,380.0
4036,GDN0020,Dummy,HoldingBreath,10,390.0,900.0,404.0,328.0,406.0,444.0,402.0,350.0,388.0,366.0,406.0,424.0,406.0,304.0
4037,GDN0020,Dummy,HoldingBreath,11,428.0,1052.0,422.0,364.0,444.0,428.0,438.0,388.0,416.0,402.0,396.0,456.0,416.0,388.0
4038,GDN0020,Dummy,HoldingBreath,12,452.0,1038.0,484.0,456.0,500.0,478.0,484.0,450.0,476.0,454.0,452.0,512.0,484.0,450.0
4039,GDN0020,Dummy,HoldingBreath,13,452.0,906.0,476.0,422.0,492.0,442.0,476.0,452.0,470.0,450.0,482.0,506.0,482.0,450.0
4040,GDN0020,Dummy,HoldingBreath,14,390.0,866.0,414.0,408.0,460.0,442.0,412.0,390.0,428.0,404.0,394.0,290.0,402.0,390.0
4041,GDN0020,Dummy,HoldingBreath,15,360.0,970.0,414.0,386.0,444.0,400.0,418.0,358.0,414.0,390.0,364.0,312.0,422.0,310.0
4042,GDN0020,Dummy,HoldingBreath,16,456.0,1022.0,466.0,420.0,470.0,454.0,466.0,408.0,444.0,426.0,412.0,486.0,444.0,408.0
4043,GDN0020,Dummy,HoldingBreath,17,440.0,916.0,486.0,440.0,498.0,422.0,472.0,438.0,462.0,444.0,492.0,510.0,492.0,438.0
4044,GDN0020,Dummy,HoldingBreath,18,408.0,876.0,442.0,406.0,470.0,452.0,418.0,408.0,426.0,406.0,432.0,408.0,432.0,406.0
4045,GDN0020,Dummy,HoldingBreath,19,386.0,834.0,448.0,400.0,442.0,420.0,434.0,386.0,418.0,392.0,388.0,466.0,452.0,386.0
4046,GDN0020,Dummy,HoldingBreath,20,376.0,918.0,402.0,340.0,378.0,414.0,382.0,378.0,394.0,378.0,376.0,276.0,398.0,374.0
4047,GDN0020,Dummy,HoldingBreath,21,432.0,1006.0,414.0,402.0,450.0,432.0,446.0,338.0,438.0,408.0,446.0,466.0,414.0,276.0
4048,GDN0020,Dummy,HoldingBreath,22,468.0,914.0,468.0,446.0,484.0,466.0,474.0,434.0,464.0,438.0,470.0,496.0,470.0,430.0
4049,GDN0020,Dummy,HoldingBreath,23,438.0,818.0,454.0,408.0,454.0,436.0,448.0,404.0,428.0,406.0,402.0,472.0,456.0,400.0
4050,GDN0020,Dummy,HoldingBreath,24,392.0,750.0,402.0,328.0,266.0,390.0,408.0,350.0,390.0,372.0,402.0,274.0,400.0,310.0
4051,GDN0020,Dummy,HoldingBreath,25,378.0,762.0,302.0,304.0,380.0,366.0,386.0,380.0,372.0,348.0,384.0,376.0,300.0,376.0
4052,GDN0020,Dummy,HoldingBreath,26,380.0,750.0,392.0,344.0,392.0,372.0,390.0,394.0,368.0,352.0,386.0,378.0,396.0,378.0
4053,GDN0020,Dummy,HoldingBreath,27,386.0,842.0,364.0,360.0,400.0,444.0,396.0,342.0,376.0,348.0,346.0,250.0,356.0,342.0
4054,GDN0020,Dummy,HoldingBreath,28,362.0,848.0,408.0,376.0,366.0,396.0,404.0,360.0,398.0,380.0,362.0,440.0,410.0,360.0
4055,GDN0020,Dummy,HoldingBreath,29,352.0,836.0,400.0,322.0,422.0,402.0,414.0,350.0,394.0,380.0,402.0,434.0,402.0,300.0
4056,GDN0020,Dummy,HoldingBreath,30,406.0,854.0,390.0,370.0,420.0,404.0,416.0,314.0,394.0,378.0,388.0,286.0,388.0,284.0
4057,GDN0020,Dummy,HoldingBreath,31,346.0,810.0,406.0,376.0,416.0,344.0,406.0,344.0,400.0,384.0,358.0,286.0,406.0,344.0
4058,GDN0020,Dummy,HoldingBreath,32,344.0,764.0,376.0,320.0,410.0,394.0,404.0,346.0,390.0,370.0,356.0,422.0,378.0,346.0
4059,GDN0020,Dummy,HoldingBreath,33,386.0,762.0,324.0,324.0,402.0,384.0,396.0,268.0,370.0,354.0,404.0,268.0,322.0,266.0
4060,GDN0020,Dummy,HoldingBreath,34,332.0,824.0,350.0,300.0,138.0,374.0,384.0,270.0,364.0,350.0,350.0,270.0,350.0,268.0
4061,GDN0020,Dummy,HoldingBreath,35,400.0,754.0,398.0,320.0,414.0,398.0,410.0,288.0,392.0,374.0,412.0,430.0,400.0,288.0
4062,GDN0020,Dummy,HoldingBreath,36,456.0,922.0,486.0,396.0,350.0,446.0,478.0,454.0,422.0,324.0,462.0,512.0,490.0,454.0
4063,GDN0020,Dummy,HoldingBreath,37,438.0,852.0,402.0,410.0,452.0,436.0,448.0,452.0,430.0,408.0,446.0,464.0,360.0,438.0
4064,GDN0020,Dummy,HoldingBreath,38,416.0,906.0,392.0,332.0,428.0,414.0,422.0,376.0,402.0,384.0,384.0,284.0,394.0,376.0
4065,GDN0020,Dummy,HoldingBreath,39,412.0,946.0,430.0,344.0,454.0,400.0,426.0,398.0,418.0,404.0,412.0,460.0,430.0,380.0
4066,GDN0020,Dummy,HoldingBreath,40,412.0,960.0,450.0,368.0,458.0,388.0,446.0,412.0,438.0,418.0,426.0,476.0,452.0,412.0
4067,GDN0020,Dummy,HoldingBreath,41,408.0,882.0,382.0,376.0,464.0,410.0,440.0,324.0,444.0,422.0,428.0,300.0,364.0,300.0
4068,GDN0020,Dummy,HoldingBreath,42,380.0,782.0,420.0,390.0,434.0,366.0,406.0,378.0,412.0,394.0,380.0,450.0,430.0,378.0
4069,GDN0020,Dummy,HoldingBreath,43,390.0,786.0,398.0,360.0,404.0,386.0,400.0,406.0,380.0,360.0,398.0,422.0,356.0,388.0
4070,GDN0020,Dummy,HoldingBreath,44,368.0,864.0,392.0,338.0,284.0,362.0,388.0,366.0,386.0,362.0,380.0,276.0,398.0,366.0
4071,GDN0020,Dummy,HoldingBreath,45,386.0,986.0,432.0,344.0,230.0,370.0,416.0,386.0,410.0,388.0,430.0,386.0,430.0,384.0
4072,GDN0020,Dummy,HoldingBreath,46,434.0,856.0,462.0,374.0,486.0,466.0,444.0,442.0,448.0,432.0,470.0,492.0,470.0,432.0
4073,GDN0020,Dummy,HoldingBreath,47,418.0,878.0,388.0,388.0,432.0,414.0,428.0,354.0,410.0,386.0,374.0,320.0,374.0,318.0
4074,GDN0020,Dummy,HoldingBreath,48,414.0,1034.0,420.0,358.0,438.0,412.0,430.0,330.0,418.0,394.0,428.0,454.0,428.0,290.0
4075,GDN0020,Dummy,HoldingBreath,49,468.0,1012.0,474.0,444.0,480.0,462.0,476.0,480.0,468.0,448.0,472.0,504.0,442.0,466.0
4076,GDN0020,Dummy,HoldingBreath,50,434.0,976.0,476.0,438.0,476.0,420.0,466.0,432.0,460.0,440.0,434.0,496.0,476.0,432.0
4077,GDN0020,Dummy,HoldingBreath,51,426.0,1032.0,456.0,436.0,478.0,462.0,440.0,424.0,454.0,428.0,426.0,488.0,458.0,424.0
4078,GDN0020,Dummy,HoldingBreath,52,440.0,1026.0,474.0,454.0,492.0,430.0,478.0,438.0,472.0,448.0,442.0,504.0,468.0,438.0
4079,GDN0020,Dummy,HoldingBreath,53,454.0,942.0,484.0,444.0,482.0,408.0,470.0,434.0,466.0,446.0,486.0,506.0,486.0,434.0
4080,GDN0020,Dummy,HoldingBreath,54,442.0,994.0,442.0,424.0,454.0,438.0,448.0,402.0,444.0,416.0,406.0,334.0,438.0,402.0
4081,GDN0020,Dummy,HoldingBreath,55,450.0,1008.0,474.0,386.0,478.0,440.0,468.0,450.0,454.0,434.0,460.0,496.0,474.0,450.0
4082,GDN0020,Dummy,HoldingBreath,56,470.0,918.0,438.0,438.0,482.0,464.0,480.0,484.0,466.0,438.0,476.0,258.0,444.0,468.0
4083,GDN0020,Dummy,HoldingBreath,57,408.0,906.0,416.0,364.0,462.0,444.0,422.0,406.0,428.0,408.0,412.0,164.0,338.0,406.0
4084,GDN0020,Dummy,HoldingBreath,58,432.0,948.0,448.0,412.0,448.0,430.0,442.0,370.0,430.0,404.0,438.0,466.0,450.0,324.0
4085,GDN0020,Dummy,HoldingBreath,59,450.0,1072.0,442.0,372.0,416.0,448.0,458.0,416.0,436.0,418.0,414.0,478.0,442.0,412.0
4086,GDN0020,Dummy,HoldingBreath,60,462.0,1048.0,496.0,472.0,506.0,438.0,488.0,462.0,488.0,462.0,462.0,520.0,492.0,462.0
4087,GDN0020,Dummy,HoldingBreath,61,456.0,940.0,490.0,402.0,458.0,434.0,472.0,456.0,472.0,452.0,492.0,516.0,492.0,454.0
4088,GDN0020,Dummy,HoldingBreath,62,442.0,968.0,446.0,418.0,454.0,438.0,448.0,398.0,438.0,414.0,400.0,472.0,446.0,398.0
4089,GDN0020,Dummy,HoldingBreath,63,428.0,984.0,444.0,408.0,468.0,426.0,458.0,424.0,440.0,424.0,452.0,480.0,416.0,394.0
4090,GDN0020,Dummy,Pause,0,380.0,892.0,422.0,392.0,448.0,366.0,422.0,336.0,416.0,398.0,382.0,456.0,424.0,380.0
4091,GDN0020,Dummy,Pause,1,388.0,910.0,432.0,410.0,440.0,386.0,432.0,370.0,426.0,398.0,392.0,458.0,432.0,316.0
4092,GDN0020,Dummy,Pause,2,392.0,1084.0,428.0,406.0,394.0,420.0,406.0,392.0,426.0,404.0,394.0,298.0,428.0,392.0
4093,GDN0020,Dummy,Pause,3,456.0,1054.0,492.0,464.0,508.0,484.0,496.0,454.0,486.0,466.0,488.0,522.0,488.0,454.0
4094,GDN0020,Dummy,Pause,4,458.0,956.0,492.0,422.0,498.0,442.0,474.0,458.0,474.0,454.0,496.0,516.0,496.0,458.0
4095,GDN0020,Dummy,Pause,5,438.0,980.0,450.0,416.0,454.0,436.0,452.0,392.0,438.0,420.0,442.0,476.0,442.0,352.0
4096,GDN0020,Dummy,Pause,6,428.0,1002.0,456.0,380.0,436.0,416.0,444.0,426.0,448.0,428.0,430.0,484.0,458.0,426.0
4097,GDN0020,Dummy,Pause,7,430.0,962.0,452.0,386.0,432.0,468.0,440.0,432.0,456.0,436.0,430.0,494.0,448.0,428.0
4098,GDN0020,Dummy,Pause,8,422.0,878.0,450.0,372.0,430.0,392.0,434.0,420.0,442.0,422.0,454.0,480.0,454.0,420.0
4099,GDN0020,Dummy,Pause,9,416.0,888.0,422.0,386.0,434.0,416.0,432.0,360.0,414.0,394.0,428.0,454.0,398.0,358.0
4100,GDN0020,Dummy,Pause,10,414.0,1004.0,428.0,346.0,428.0,402.0,420.0,402.0,410.0,396.0,382.0,450.0,430.0,376.0
4101,GDN0020,Dummy,Pause,11,422.0,1010.0,462.0,438.0,476.0,402.0,462.0,420.0,458.0,438.0,422.0,490.0,458.0,420.0
4102,GDN0020,Dummy,Pause,12,436.0,882.0,470.0,386.0,372.0,412.0,456.0,434.0,458.0,440.0,472.0,496.0,472.0,434.0
4103,GDN0020,Dummy,Pause,13,396.0,880.0,422.0,364.0,422.0,392.0,418.0,324.0,412.0,394.0,402.0,284.0,420.0,324.0
4104,GDN0020,Dummy,Pause,14,396.0,972.0,416.0,408.0,438.0,486.0,420.0,342.0,422.0,394.0,350.0,446.0,416.0,288.0
4105,GDN0020,Dummy,Pause,15,392.0,1038.0,458.0,428.0,462.0,366.0,452.0,390.0,448.0,426.0,432.0,480.0,458.0,390.0
4106,GDN0020,Dummy,Pause,16,446.0,1028.0,480.0,400.0,488.0,424.0,470.0,446.0,470.0,450.0,478.0,506.0,478.0,446.0
4107,GDN0020,Dummy,Pause,17,444.0,866.0,472.0,392.0,460.0,416.0,464.0,442.0,464.0,446.0,478.0,502.0,478.0,442.0
4108,GDN0020,Dummy,Pause,18,400.0,862.0,420.0,368.0,426.0,492.0,422.0,340.0,418.0,390.0,410.0,446.0,410.0,340.0
4109,GDN0020,Dummy,Pause,19,382.0,970.0,414.0,354.0,340.0,380.0,408.0,378.0,412.0,388.0,392.0,440.0,416.0,334.0
4110,GDN0020,Dummy,Pause,20,446.0,974.0,458.0,420.0,460.0,444.0,458.0,444.0,444.0,426.0,452.0,482.0,454.0,410.0
4111,GDN0020,Dummy,Pause,21,430.0,870.0,452.0,374.0,432.0,414.0,438.0,434.0,444.0,426.0,456.0,484.0,456.0,428.0
4112,GDN0020,Dummy,Pause,22,386.0,874.0,406.0,360.0,398.0,424.0,404.0,386.0,412.0,390.0,390.0,4.0,398.0,386.0
4113,GDN0020,Dummy,Pause,23,386.0,1028.0,420.0,336.0,196.0,378.0,416.0,350.0,408.0,392.0,390.0,448.0,424.0,298.0
4114,GDN0020,Dummy,Pause,24,458.0,974.0,484.0,396.0,482.0,422.0,472.0,482.0,464.0,446.0,482.0,504.0,482.0,456.0
4115,GDN0020,Dummy,Pause,25,426.0,828.0,450.0,394.0,432.0,468.0,434.0,434.0,444.0,426.0,456.0,424.0,456.0,424.0
4116,GDN0020,Dummy,Pause,26,398.0,884.0,416.0,352.0,414.0,388.0,410.0,416.0,396.0,376.0,404.0,434.0,410.0,398.0
4117,GDN0020,Dummy,Pause,27,380.0,1086.0,420.0,352.0,434.0,412.0,424.0,378.0,410.0,396.0,384.0,448.0,422.0,378.0
4118,GDN0020,Dummy,Pause,28,478.0,1066.0,498.0,450.0,500.0,470.0,492.0,502.0,486.0,466.0,482.0,520.0,498.0,478.0
4119,GDN0020,Dummy,Pause,29,460.0,964.0,488.0,410.0,476.0,438.0,478.0,458.0,478.0,460.0,488.0,518.0,488.0,458.0
4120,GDN0020,Dummy,Pause,30,418.0,844.0,454.0,422.0,464.0,402.0,436.0,418.0,444.0,424.0,454.0,482.0,454.0,418.0
4121,GDN0020,Dummy,Pause,31,414.0,870.0,408.0,338.0,424.0,406.0,418.0,366.0,402.0,382.0,378.0,440.0,408.0,312.0
4122,GDN0020,Dummy,Pause,32,378.0,1082.0,422.0,354.0,426.0,404.0,418.0,330.0,406.0,390.0,386.0,444.0,422.0,300.0
4123,GDN0020,Dummy,Pause,33,456.0,1102.0,492.0,462.0,516.0,436.0,488.0,454.0,484.0,464.0,492.0,524.0,492.0,454.0
4124,GDN0020,Dummy,Pause,34,474.0,1080.0,504.0,486.0,514.0,460.0,508.0,474.0,500.0,472.0,482.0,532.0,504.0,474.0
4125,GDN0020,Dummy,Pause,35,450.0,996.0,494.0,466.0,514.0,406.0,486.0,452.0,486.0,464.0,496.0,524.0,496.0,450.0
4126,GDN0020,Dummy,Pause,36,452.0,1008.0,468.0,432.0,472.0,448.0,464.0,446.0,454.0,434.0,422.0,492.0,466.0,420.0
4127,GDN0020,Dummy,Pause,37,436.0,1070.0,470.0,448.0,478.0,410.0,460.0,434.0,464.0,438.0,438.0,494.0,470.0,434.0
4128,GDN0020,Dummy,Pause,38,460.0,1050.0,494.0,468.0,500.0,442.0,488.0,460.0,486.0,460.0,462.0,516.0,494.0,460.0
4129,GDN0020,Dummy,Pause,39,474.0,1040.0,492.0,408.0,492.0,472.0,486.0,470.0,476.0,454.0,452.0,514.0,492.0,448.0
4130,GDN0020,Dummy,Pause,40,444.0,988.0,480.0,448.0,492.0,434.0,484.0,442.0,470.0,450.0,444.0,512.0,480.0,442.0
4131,GDN0020,Dummy,Pause,41,426.0,918.0,464.0,428.0,472.0,450.0,462.0,426.0,450.0,432.0,466.0,488.0,466.0,426.0
4132,GDN0020,Dummy,Pause,42,392.0,946.0,430.0,414.0,448.0,388.0,438.0,388.0,432.0,408.0,428.0,466.0,428.0,350.0
4133,GDN0020,Dummy,Pause,43,416.0,1048.0,446.0,376.0,468.0,408.0,436.0,416.0,438.0,418.0,420.0,478.0,446.0,416.0
4134,GDN0020,Dummy,Pause,44,452.0,1084.0,482.0,406.0,498.0,478.0,484.0,452.0,474.0,452.0,454.0,512.0,482.0,452.0
4135,GDN0020,Dummy,Pause,45,470.0,1094.0,496.0,470.0,516.0,428.0,490.0,468.0,490.0,466.0,470.0,526.0,498.0,468.0
4136,GDN0020,Dummy,Pause,46,464.0,1030.0,500.0,472.0,508.0,486.0,500.0,462.0,492.0,468.0,464.0,526.0,498.0,462.0
4137,GDN0020,Dummy,Pause,47,438.0,922.0,474.0,444.0,484.0,414.0,472.0,436.0,466.0,446.0,476.0,504.0,476.0,436.0
4138,GDN0020,Dummy,Pause,48,392.0,838.0,428.0,408.0,412.0,378.0,422.0,392.0,428.0,408.0,398.0,468.0,428.0,392.0
4139,GDN0020,Dummy,Pause,49,358.0,902.0,404.0,384.0,424.0,480.0,412.0,356.0,410.0,380.0,364.0,294.0,408.0,294.0
4140,GDN0020,Dummy,Pause,50,388.0,1068.0,434.0,404.0,442.0,420.0,432.0,388.0,424.0,402.0,392.0,456.0,434.0,388.0
4141,GDN0020,Dummy,Pause,51,472.0,1072.0,494.0,416.0,486.0,518.0,482.0,486.0,480.0,460.0,472.0,510.0,494.0,470.0
4142,GDN0020,Dummy,Pause,52,478.0,1068.0,500.0,458.0,510.0,474.0,492.0,478.0,480.0,462.0,482.0,522.0,502.0,478.0
4143,GDN0020,Dummy,Pause,53,470.0,1014.0,492.0,412.0,338.0,454.0,480.0,472.0,480.0,460.0,470.0,522.0,490.0,468.0
4144,GDN0020,Dummy,Pause,54,438.0,904.0,468.0,436.0,348.0,426.0,462.0,438.0,458.0,440.0,468.0,498.0,468.0,438.0
4145,GDN0020,Dummy,Pause,55,390.0,834.0,428.0,400.0,416.0,372.0,420.0,388.0,422.0,402.0,392.0,318.0,428.0,388.0
4146,GDN0020,Dummy,Pause,56,394.0,908.0,408.0,370.0,406.0,392.0,406.0,390.0,402.0,378.0,400.0,296.0,410.0,350.0
4147,GDN0020,Dummy,Pause,57,410.0,1068.0,438.0,348.0,454.0,408.0,430.0,406.0,420.0,404.0,418.0,462.0,436.0,382.0
4148,GDN0020,Dummy,Pause,58,464.0,1080.0,492.0,448.0,508.0,462.0,486.0,460.0,480.0,460.0,464.0,518.0,490.0,438.0
4149,GDN0020,Dummy,Pause,59,462.0,1008.0,500.0,414.0,502.0,442.0,494.0,462.0,482.0,464.0,500.0,524.0,500.0,462.0
4150,GDN0020,Dummy,TiltLevel,0,454.0,1060.0,488.0,472.0,490.0,546.0,484.0,650.0,486.0,458.0,456.0,514.0,486.0,454.0
4151,GDN0020,Dummy,TiltLevel,1,476.0,902.0,492.0,464.0,496.0,474.0,490.0,472.0,486.0,458.0,452.0,518.0,492.0,450.0
4152,GDN0020,Dummy,TiltLevel,2,398.0,864.0,434.0,404.0,400.0,384.0,416.0,396.0,424.0,402.0,398.0,458.0,436.0,396.0
4153,GDN0020,Dummy,TiltLevel,3,380.0,880.0,416.0,338.0,382.0,368.0,402.0,378.0,404.0,388.0,380.0,444.0,418.0,378.0
4154,GDN0020,Dummy,TiltLevel,4,384.0,906.0,416.0,338.0,388.0,370.0,404.0,384.0,410.0,394.0,388.0,448.0,416.0,384.0
4155,GDN0020,Dummy,TiltLevel,5,378.0,1128.0,432.0,400.0,442.0,362.0,430.0,376.0,422.0,404.0,386.0,456.0,432.0,376.0
4156,GDN0020,Dummy,TiltLevel,6,490.0,1122.0,504.0,466.0,518.0,482.0,506.0,518.0,506.0,480.0,492.0,534.0,502.0,488.0
4157,GDN0020,Dummy,TiltLevel,7,500.0,1108.0,502.0,482.0,514.0,496.0,508.0,470.0,502.0,478.0,472.0,532.0,504.0,470.0
4158,GDN0020,Dummy,TiltLevel,8,472.0,1040.0,502.0,474.0,506.0,456.0,502.0,472.0,494.0,474.0,502.0,534.0,502.0,472.0
4159,GDN0020,Dummy,TiltLevel,9,458.0,930.0,478.0,394.0,464.0,444.0,466.0,464.0,466.0,450.0,478.0,504.0,478.0,456.0
4160,GDN0020,Dummy,TiltLevel,10,420.0,920.0,440.0,388.0,434.0,412.0,432.0,434.0,428.0,412.0,422.0,460.0,438.0,418.0
4161,GDN0020,Dummy,TiltLevel,11,400.0,1076.0,436.0,364.0,440.0,388.0,430.0,398.0,426.0,408.0,402.0,460.0,436.0,398.0
4162,GDN0020,Dummy,TiltLevel,12,456.0,1078.0,494.0,458.0,498.0,436.0,490.0,456.0,480.0,462.0,494.0,518.0,494.0,456.0
4163,GDN0020,Dummy,TiltLevel,13,460.0,1014.0,488.0,468.0,506.0,438.0,490.0,458.0,488.0,464.0,486.0,522.0,486.0,458.0
4164,GDN0020,Dummy,TiltLevel,14,442.0,938.0,476.0,388.0,468.0,414.0,462.0,470.0,456.0,440.0,478.0,496.0,478.0,442.0
4165,GDN0020,Dummy,TiltLevel,15,434.0,1034.0,448.0,410.0,446.0,430.0,442.0,448.0,438.0,414.0,398.0,468.0,448.0,434.0
4166,GDN0020,Dummy,TiltLevel,16,468.0,1146.0,478.0,448.0,488.0,456.0,480.0,454.0,472.0,448.0,436.0,508.0,480.0,432.0
4167,GDN0020,Dummy,TiltLevel,17,496.0,1070.0,512.0,474.0,528.0,490.0,514.0,496.0,508.0,488.0,508.0,544.0,508.0,496.0
4168,GDN0020,Dummy,TiltLevel,18,464.0,1002.0,498.0,418.0,498.0,446.0,482.0,464.0,478.0,460.0,498.0,516.0,498.0,462.0
4169,GDN0020,Dummy,TiltLevel,19,456.0,1096.0,472.0,424.0,470.0,448.0,466.0,472.0,456.0,436.0,460.0,494.0,472.0,456.0
4170,GDN0020,Dummy,TiltLevel,20,462.0,1116.0,500.0,476.0,504.0,484.0,498.0,484.0,500.0,470.0,500.0,526.0,500.0,462.0
4171,GDN0020,Dummy,TiltLevel,21,482.0,1014.0,512.0,430.0,520.0,458.0,504.0,482.0,496.0,476.0,512.0,536.0,512.0,482.0
4172,GDN0020,Dummy,TiltLevel,22,436.0,1004.0,450.0,390.0,438.0,422.0,450.0,436.0,456.0,440.0,440.0,486.0,448.0,436.0
4173,GDN0020,Dummy,TiltLevel,23,456.0,1106.0,472.0,392.0,322.0,450.0,468.0,470.0,460.0,438.0,462.0,500.0,474.0,456.0
4174,GDN0020,Dummy,TiltLevel,24,474.0,1104.0,502.0,480.0,518.0,462.0,506.0,474.0,498.0,474.0,500.0,534.0,500.0,474.0
4175,GDN0020,Dummy,TiltLevel,25,492.0,1016.0,510.0,428.0,504.0,480.0,500.0,506.0,492.0,472.0,512.0,532.0,512.0,490.0
4176,GDN0020,Dummy,TiltLevel,26,442.0,1034.0,464.0,400.0,486.0,428.0,462.0,440.0,460.0,442.0,444.0,496.0,460.0,440.0
4177,GDN0020,Dummy,TiltLevel,27,438.0,1096.0,480.0,456.0,490.0,416.0,480.0,438.0,474.0,448.0,446.0,508.0,480.0,438.0
4178,GDN0020,Dummy,TiltLevel,28,464.0,1116.0,502.0,478.0,512.0,442.0,500.0,462.0,496.0,470.0,502.0,528.0,502.0,462.0
4179,GDN0020,Dummy,TiltLevel,29,476.0,1004.0,510.0,428.0,508.0,452.0,502.0,476.0,492.0,476.0,510.0,534.0,510.0,476.0
4180,GDN0020,Dummy,TiltLevel,30,452.0,914.0,476.0,410.0,460.0,438.0,462.0,462.0,458.0,438.0,476.0,496.0,476.0,450.0
4181,GDN0020,Dummy,TiltLevel,31,422.0,994.0,440.0,390.0,436.0,414.0,432.0,438.0,426.0,406.0,426.0,460.0,442.0,420.0
4182,GDN0020,Dummy,TiltLevel,32,456.0,1158.0,468.0,434.0,474.0,456.0,468.0,454.0,454.0,434.0,428.0,492.0,468.0,426.0
4183,GDN0020,Dummy,TiltLevel,33,484.0,1138.0,510.0,492.0,538.0,466.0,524.0,484.0,512.0,492.0,484.0,548.0,506.0,484.0
4184,GDN0020,Dummy,TiltLevel,34,486.0,1046.0,524.0,428.0,516.0,462.0,504.0,486.0,500.0,484.0,524.0,542.0,524.0,484.0
4185,GDN0020,Dummy,TiltLevel,35,472.0,1162.0,484.0,454.0,492.0,472.0,488.0,472.0,478.0,452.0,480.0,514.0,486.0,436.0
4186,GDN0020,Dummy,TiltLevel,36,502.0,1128.0,524.0,492.0,532.0,480.0,520.0,500.0,512.0,492.0,504.0,550.0,524.0,500.0
4187,GDN0020,Dummy,TiltLevel,37,484.0,1050.0,508.0,492.0,522.0,472.0,514.0,484.0,508.0,480.0,486.0,538.0,504.0,484.0
4188,GDN0020,Dummy,TiltLevel,38,454.0,992.0,490.0,400.0,454.0,438.0,466.0,454.0,472.0,454.0,490.0,510.0,490.0,452.0
4189,GDN0020,Dummy,TiltLevel,39,438.0,1028.0,472.0,442.0,476.0,424.0,466.0,436.0,460.0,434.0,440.0,494.0,474.0,436.0
4190,GDN0020,Dummy,TiltLevel,40,468.0,1062.0,484.0,454.0,486.0,466.0,480.0,466.0,472.0,446.0,440.0,508.0,482.0,440.0
4191,GDN0020,Dummy,TiltLevel,41,452.0,1006.0,482.0,460.0,504.0,482.0,492.0,452.0,480.0,458.0,452.0,520.0,478.0,452.0
4192,GDN0020,Dummy,TiltLevel,42,438.0,914.0,474.0,386.0,478.0,418.0,462.0,436.0,456.0,438.0,476.0,496.0,476.0,436.0
4193,GDN0020,Dummy,TiltLevel,43,388.0,1054.0,436.0,362.0,442.0,418.0,436.0,386.0,424.0,406.0,394.0,462.0,434.0,338.0
4194,GDN0020,Dummy,TiltLevel,44,470.0,1158.0,488.0,458.0,488.0,464.0,482.0,464.0,478.0,454.0,472.0,512.0,488.0,454.0
4195,GDN0020,Dummy,TiltLevel,45,502.0,1086.0,524.0,464.0,534.0,486.0,520.0,500.0,516.0,492.0,502.0,550.0,522.0,500.0
4196,GDN0020,Dummy,TiltLevel,46,486.0,994.0,506.0,412.0,494.0,476.0,492.0,494.0,484.0,466.0,508.0,526.0,508.0,484.0
4197,GDN0020,Dummy,TiltLevel,47,428.0,1062.0,466.0,436.0,472.0,412.0,462.0,428.0,456.0,434.0,432.0,492.0,464.0,428.0
4198,GDN0020,Dummy,TiltLevel,48,478.0,1080.0,496.0,456.0,304.0,474.0,490.0,492.0,482.0,458.0,482.0,522.0,496.0,476.0
4199,GDN0020,Dummy,TiltLevel,49,460.0,986.0,484.0,462.0,518.0,440.0,490.0,460.0,484.0,464.0,462.0,524.0,480.0,460.0
4200,GDN0020,Dummy,TiltLevel,50,430.0,906.0,472.0,430.0,476.0,410.0,448.0,428.0,452.0,432.0,472.0,492.0,472.0,428.0
4201,GDN0020,Dummy,TiltLevel,51,378.0,944.0,440.0,406.0,444.0,368.0,434.0,378.0,426.0,404.0,380.0,462.0,442.0,378.0
4202,GDN0020,Dummy,TiltLevel,52,428.0,1112.0,450.0,364.0,442.0,422.0,440.0,442.0,434.0,416.0,432.0,472.0,450.0,428.0
4203,GDN0020,Dummy,TiltLevel,53,484.0,1044.0,506.0,462.0,518.0,478.0,504.0,482.0,500.0,476.0,484.0,532.0,504.0,482.0
4204,GDN0020,Dummy,TiltLevel,54,456.0,976.0,490.0,398.0,494.0,442.0,474.0,456.0,470.0,452.0,492.0,510.0,492.0,456.0
4205,GDN0020,Dummy,TiltLevel,55,446.0,1042.0,462.0,426.0,464.0,446.0,460.0,444.0,448.0,428.0,454.0,484.0,462.0,408.0
4206,GDN0020,Dummy,TiltLevel,56,442.0,,482.0,454.0,492.0,472.0,482.0,440.0,474.0,450.0,442.0,508.0,482.0,440.0
4207,GDN0020,Dummy,Valsalva,0,426.0,1028.0,470.0,436.0,472.0,412.0,464.0,702.0,454.0,430.0,430.0,494.0,470.0,424.0
4208,GDN0020,Dummy,Valsalva,1,466.0,840.0,486.0,446.0,480.0,462.0,478.0,482.0,470.0,446.0,468.0,508.0,484.0,466.0
4209,GDN0020,Dummy,Valsalva,2,370.0,738.0,376.0,382.0,276.0,358.0,408.0,368.0,402.0,380.0,374.0,274.0,386.0,368.0
4210,GDN0020,Dummy,Valsalva,4,362.0,742.0,326.0,328.0,278.0,356.0,378.0,362.0,356.0,336.0,328.0,362.0,328.0,362.0
4211,GDN0020,Dummy,Valsalva,5,306.0,830.0,362.0,332.0,270.0,352.0,370.0,304.0,368.0,346.0,372.0,272.0,372.0,272.0
4212,GDN0020,Dummy,Valsalva,6,342.0,866.0,420.0,392.0,270.0,368.0,390.0,366.0,406.0,376.0,414.0,430.0,414.0,342.0
4213,GDN0020,Dummy,Valsalva,7,388.0,818.0,430.0,396.0,434.0,370.0,412.0,388.0,414.0,390.0,392.0,452.0,434.0,388.0
4214,GDN0020,Dummy,Valsalva,8,396.0,796.0,416.0,372.0,412.0,394.0,408.0,350.0,400.0,372.0,402.0,430.0,410.0,350.0
4215,GDN0020,Dummy,Valsalva,9,334.0,756.0,400.0,356.0,390.0,420.0,386.0,332.0,380.0,364.0,336.0,428.0,408.0,284.0
4216,GDN0020,Dummy,Valsalva,10,382.0,754.0,394.0,306.0,392.0,378.0,388.0,392.0,374.0,350.0,348.0,408.0,356.0,380.0
4217,GDN0020,Dummy,Valsalva,11,368.0,746.0,386.0,338.0,278.0,362.0,376.0,310.0,364.0,350.0,394.0,410.0,394.0,276.0
4218,GDN0020,Dummy,Valsalva,13,326.0,700.0,362.0,278.0,374.0,312.0,364.0,310.0,350.0,332.0,320.0,0.0,306.0,258.0
4219,GDN0020,Dummy,Valsalva,14,326.0,704.0,362.0,286.0,160.0,358.0,344.0,326.0,348.0,330.0,332.0,258.0,374.0,326.0
4220,GDN0020,Dummy,Valsalva,15,356.0,692.0,330.0,280.0,372.0,356.0,366.0,320.0,350.0,332.0,372.0,0.0,286.0,316.0
4221,GDN0020,Dummy,Valsalva,16,328.0,684.0,282.0,282.0,264.0,318.0,356.0,264.0,340.0,326.0,282.0,110.0,282.0,260.0
4222,GDN0020,Dummy,Valsalva,17,354.0,670.0,374.0,320.0,362.0,346.0,358.0,362.0,344.0,326.0,382.0,382.0,382.0,352.0
4223,GDN0020,Dummy,Valsalva,18,348.0,664.0,378.0,276.0,354.0,326.0,352.0,354.0,340.0,320.0,370.0,384.0,370.0,348.0
4224,GDN0020,Dummy,Valsalva,19,336.0,668.0,356.0,266.0,354.0,332.0,348.0,292.0,330.0,316.0,344.0,376.0,362.0,248.0
4225,GDN0020,Dummy,Valsalva,20,300.0,662.0,352.0,266.0,362.0,342.0,352.0,300.0,332.0,318.0,348.0,374.0,348.0,298.0
4226,GDN0020,Dummy,Valsalva,21,316.0,654.0,346.0,278.0,360.0,308.0,350.0,314.0,334.0,318.0,324.0,372.0,348.0,314.0
4227,GDN0020,Dummy,Valsalva,22,312.0,654.0,348.0,276.0,352.0,398.0,344.0,310.0,340.0,314.0,314.0,366.0,342.0,310.0
4228,GDN0020,Dummy,Valsalva,23,336.0,652.0,362.0,268.0,348.0,328.0,344.0,326.0,334.0,314.0,334.0,370.0,366.0,306.0
4229,GDN0020,Dummy,Valsalva,24,324.0,668.0,350.0,252.0,230.0,312.0,334.0,330.0,328.0,314.0,350.0,370.0,350.0,324.0
4230,GDN0020,Dummy,Valsalva,25,296.0,672.0,306.0,326.0,310.0,408.0,310.0,206.0,350.0,320.0,306.0,410.0,278.0,410.0
4231,GDN0020,Dummy,Valsalva,26,348.0,666.0,360.0,272.0,358.0,338.0,354.0,360.0,336.0,322.0,350.0,348.0,370.0,348.0
4232,GDN0020,Dummy,Valsalva,27,344.0,678.0,326.0,312.0,358.0,342.0,354.0,310.0,336.0,320.0,304.0,370.0,318.0,302.0
4233,GDN0020,Dummy,Valsalva,28,344.0,680.0,340.0,268.0,360.0,344.0,354.0,304.0,340.0,324.0,310.0,374.0,336.0,304.0
4234,GDN0020,Dummy,Valsalva,29,332.0,686.0,354.0,306.0,354.0,330.0,348.0,280.0,344.0,324.0,342.0,374.0,356.0,246.0
4235,GDN0020,Dummy,Valsalva,30,310.0,682.0,354.0,270.0,250.0,344.0,356.0,308.0,338.0,324.0,312.0,378.0,350.0,308.0
4236,GDN0020,Dummy,Valsalva,31,342.0,684.0,360.0,318.0,358.0,340.0,354.0,340.0,346.0,324.0,344.0,0.0,362.0,302.0
4237,GDN0020,Dummy,Valsalva,32,346.0,696.0,324.0,276.0,258.0,394.0,362.0,302.0,344.0,326.0,314.0,252.0,314.0,252.0
4238,GDN0020,Dummy,Valsalva,33,272.0,706.0,346.0,316.0,240.0,364.0,328.0,294.0,344.0,330.0,348.0,380.0,348.0,272.0
4239,GDN0020,Dummy,Valsalva,34,346.0,698.0,284.0,274.0,364.0,346.0,362.0,240.0,348.0,334.0,244.0,120.0,286.0,240.0
4240,GDN0020,Dummy,Valsalva,35,352.0,694.0,330.0,286.0,368.0,352.0,364.0,256.0,350.0,330.0,258.0,382.0,334.0,256.0
4241,GDN0020,Dummy,Valsalva,36,336.0,694.0,350.0,300.0,366.0,340.0,362.0,272.0,344.0,328.0,358.0,382.0,350.0,246.0
4242,GDN0020,Dummy,Valsalva,37,352.0,712.0,330.0,286.0,370.0,352.0,366.0,246.0,342.0,328.0,332.0,380.0,332.0,246.0
4243,GDN0020,Dummy,Valsalva,38,340.0,758.0,344.0,304.0,228.0,338.0,360.0,270.0,352.0,336.0,350.0,270.0,340.0,270.0
4244,GDN0020,Dummy,Valsalva,39,372.0,796.0,360.0,344.0,388.0,368.0,380.0,316.0,368.0,352.0,322.0,400.0,360.0,272.0
4245,GDN0020,Dummy,Valsalva,40,386.0,848.0,364.0,348.0,398.0,382.0,394.0,398.0,376.0,362.0,340.0,410.0,362.0,384.0
4246,GDN0020,Dummy,Valsalva,41,360.0,872.0,394.0,372.0,416.0,398.0,404.0,342.0,398.0,382.0,364.0,430.0,394.0,284.0
4247,GDN0020,Dummy,Valsalva,42,362.0,890.0,406.0,324.0,434.0,348.0,396.0,360.0,402.0,390.0,366.0,438.0,406.0,360.0
4248,GDN0020,Dummy,Valsalva,43,384.0,952.0,414.0,348.0,334.0,376.0,408.0,386.0,414.0,398.0,390.0,446.0,414.0,386.0
4249,GDN0020,Dummy,Valsalva,44,410.0,976.0,434.0,362.0,414.0,444.0,422.0,414.0,436.0,420.0,412.0,470.0,432.0,408.0
4250,GDN0020,Dummy,Valsalva,45,452.0,976.0,450.0,384.0,468.0,450.0,460.0,422.0,442.0,428.0,420.0,480.0,452.0,418.0
4251,GDN0020,Dummy,Valsalva,46,452.0,884.0,454.0,420.0,466.0,448.0,456.0,412.0,444.0,428.0,414.0,480.0,452.0,412.0
4252,GDN0020,Dummy,Valsalva,47,388.0,794.0,416.0,338.0,444.0,356.0,408.0,388.0,412.0,396.0,394.0,452.0,420.0,388.0
4253,GDN0020,Dummy,Valsalva,48,380.0,790.0,360.0,354.0,396.0,380.0,396.0,324.0,382.0,364.0,328.0,416.0,356.0,324.0
4254,GDN0020,Dummy,Valsalva,49,348.0,904.0,388.0,362.0,406.0,384.0,396.0,348.0,382.0,362.0,354.0,422.0,390.0,348.0
4255,GDN0020,Dummy,Valsalva,50,414.0,1064.0,436.0,350.0,434.0,410.0,428.0,436.0,420.0,402.0,420.0,454.0,434.0,412.0
4256,GDN0020,Dummy,Valsalva,51,454.0,936.0,486.0,452.0,506.0,424.0,488.0,454.0,476.0,458.0,492.0,518.0,492.0,454.0
4257,GDN0020,Dummy,Valsalva,52,402.0,884.0,424.0,414.0,338.0,382.0,436.0,400.0,434.0,414.0,404.0,464.0,342.0,400.0
4258,GDN0020,Dummy,Valsalva,53,414.0,874.0,430.0,392.0,432.0,414.0,426.0,364.0,414.0,396.0,374.0,452.0,436.0,364.0
4259,GDN0020,Dummy,Valsalva,54,376.0,804.0,420.0,422.0,418.0,498.0,410.0,374.0,430.0,390.0,376.0,322.0,416.0,500.0
4260,GDN0020,Dummy,Valsalva,55,390.0,786.0,370.0,364.0,408.0,390.0,404.0,260.0,388.0,368.0,340.0,424.0,372.0,238.0
4261,GDN0020,Dummy,Valsalva,56,382.0,806.0,398.0,312.0,396.0,378.0,392.0,340.0,380.0,362.0,348.0,422.0,398.0,286.0
4262,GDN0020,Dummy,Valsalva,57,392.0,862.0,406.0,362.0,402.0,386.0,402.0,402.0,394.0,368.0,398.0,428.0,408.0,390.0
4263,GDN0020,Dummy,Valsalva,58,384.0,860.0,430.0,388.0,426.0,372.0,412.0,382.0,408.0,388.0,384.0,448.0,426.0,382.0
4264,GDN0020,Dummy,Valsalva,59,380.0,802.0,440.0,340.0,432.0,368.0,402.0,380.0,402.0,386.0,382.0,452.0,442.0,380.0
4265,GDN0020,Dummy,Valsalva,60,398.0,778.0,414.0,368.0,414.0,394.0,406.0,416.0,388.0,366.0,400.0,430.0,422.0,398.0
4266,GDN0020,Dummy,Valsalva,61,388.0,804.0,396.0,362.0,174.0,382.0,398.0,402.0,384.0,358.0,396.0,420.0,284.0,386.0
4267,GDN0020,Dummy,Valsalva,62,340.0,776.0,408.0,368.0,404.0,320.0,386.0,340.0,388.0,368.0,418.0,430.0,418.0,338.0
4268,GDN0020,Dummy,Valsalva,63,382.0,804.0,348.0,352.0,396.0,380.0,394.0,272.0,378.0,358.0,316.0,406.0,316.0,270.0
4269,GDN0020,Dummy,Valsalva,64,302.0,786.0,398.0,356.0,406.0,292.0,392.0,300.0,382.0,368.0,302.0,424.0,408.0,300.0
4270,GDN0020,Dummy,Valsalva,65,372.0,818.0,378.0,348.0,280.0,370.0,384.0,318.0,376.0,362.0,354.0,284.0,354.0,284.0
4271,GDN0020,Dummy,Valsalva,66,394.0,868.0,402.0,372.0,408.0,392.0,402.0,338.0,396.0,372.0,342.0,428.0,406.0,288.0
4272,GDN0020,Dummy,Valsalva,67,420.0,896.0,408.0,388.0,432.0,416.0,388.0,364.0,410.0,390.0,370.0,442.0,412.0,364.0
4273,GDN0020,Dummy,Valsalva,68,418.0,844.0,420.0,396.0,434.0,416.0,428.0,414.0,418.0,400.0,418.0,454.0,418.0,384.0
4274,GDN0020,Dummy,Valsalva,69,340.0,802.0,366.0,374.0,292.0,398.0,404.0,340.0,398.0,382.0,344.0,0.0,364.0,340.0
4275,GDN0020,Dummy,Valsalva,70,344.0,782.0,404.0,362.0,404.0,384.0,398.0,342.0,384.0,366.0,346.0,424.0,404.0,342.0
4276,GDN0020,Dummy,Valsalva,71,378.0,790.0,398.0,348.0,396.0,378.0,392.0,296.0,378.0,360.0,390.0,414.0,390.0,296.0
4277,GDN0020,Dummy,Valsalva,72,382.0,780.0,396.0,358.0,394.0,380.0,392.0,340.0,380.0,362.0,342.0,422.0,402.0,340.0
4278,GDN0020,Dummy,Valsalva,73,378.0,780.0,394.0,344.0,398.0,376.0,394.0,320.0,378.0,360.0,390.0,420.0,396.0,284.0
4279,GDN0020,Dummy,Valsalva,74,370.0,,396.0,344.0,392.0,368.0,388.0,320.0,384.0,360.0,382.0,418.0,394.0,284.0
4280,GDN0021,Dummy,HoldingBreath,0,410.0,840.0,336.0,338.0,418.0,402.0,418.0,372.0,398.0,380.0,334.0,408.0,334.0,408.0
4281,GDN0021,Dummy,HoldingBreath,1,386.0,836.0,340.0,340.0,262.0,374.0,398.0,386.0,398.0,380.0,340.0,258.0,340.0,386.0
4282,GDN0021,Dummy,HoldingBreath,2,402.0,832.0,332.0,322.0,424.0,396.0,418.0,402.0,394.0,378.0,334.0,402.0,334.0,402.0
4283,GDN0021,Dummy,HoldingBreath,3,400.0,858.0,338.0,338.0,416.0,468.0,410.0,416.0,402.0,378.0,416.0,266.0,338.0,398.0
4284,GDN0021,Dummy,HoldingBreath,4,398.0,854.0,346.0,342.0,330.0,398.0,420.0,304.0,402.0,386.0,346.0,266.0,346.0,266.0
4285,GDN0021,Dummy,HoldingBreath,5,408.0,868.0,342.0,332.0,414.0,398.0,414.0,414.0,402.0,384.0,420.0,406.0,342.0,406.0
4286,GDN0021,Dummy,HoldingBreath,6,386.0,878.0,348.0,344.0,424.0,376.0,420.0,384.0,412.0,390.0,424.0,296.0,348.0,384.0
4287,GDN0021,Dummy,HoldingBreath,7,404.0,870.0,358.0,362.0,258.0,392.0,414.0,402.0,412.0,394.0,420.0,260.0,358.0,402.0
4288,GDN0021,Dummy,HoldingBreath,8,390.0,872.0,342.0,348.0,440.0,482.0,402.0,390.0,414.0,390.0,342.0,260.0,342.0,390.0
4289,GDN0021,Dummy,HoldingBreath,9,396.0,844.0,348.0,350.0,436.0,418.0,432.0,416.0,412.0,392.0,292.0,256.0,348.0,394.0
4290,GDN0021,Dummy,HoldingBreath,10,388.0,820.0,342.0,336.0,434.0,418.0,406.0,386.0,398.0,382.0,346.0,248.0,346.0,386.0
4291,GDN0021,Dummy,HoldingBreath,11,378.0,822.0,320.0,326.0,228.0,418.0,386.0,376.0,394.0,374.0,392.0,236.0,318.0,376.0
4292,GDN0021,Dummy,HoldingBreath,12,388.0,782.0,330.0,346.0,388.0,374.0,400.0,388.0,394.0,374.0,340.0,242.0,340.0,386.0
4293,GDN0021,Dummy,HoldingBreath,13,366.0,736.0,308.0,322.0,244.0,356.0,392.0,364.0,386.0,360.0,300.0,242.0,300.0,364.0
4294,GDN0021,Dummy,HoldingBreath,14,372.0,756.0,388.0,304.0,380.0,364.0,378.0,382.0,370.0,344.0,378.0,256.0,396.0,370.0
4295,GDN0021,Dummy,HoldingBreath,15,374.0,872.0,382.0,298.0,376.0,412.0,378.0,378.0,368.0,350.0,378.0,372.0,380.0,372.0
4296,GDN0021,Dummy,HoldingBreath,16,414.0,858.0,336.0,338.0,424.0,404.0,422.0,424.0,410.0,392.0,428.0,412.0,334.0,412.0
4297,GDN0021,Dummy,HoldingBreath,17,388.0,848.0,398.0,342.0,310.0,376.0,402.0,388.0,410.0,386.0,398.0,236.0,402.0,388.0
4298,GDN0021,Dummy,HoldingBreath,18,398.0,852.0,326.0,330.0,270.0,384.0,410.0,396.0,400.0,382.0,320.0,264.0,320.0,396.0
4299,GDN0021,Dummy,HoldingBreath,19,380.0,804.0,352.0,336.0,214.0,380.0,406.0,382.0,404.0,384.0,390.0,270.0,390.0,382.0
4300,GDN0021,Dummy,HoldingBreath,20,386.0,836.0,324.0,326.0,396.0,440.0,398.0,384.0,392.0,368.0,402.0,258.0,320.0,384.0
4301,GDN0021,Dummy,HoldingBreath,21,396.0,864.0,336.0,312.0,240.0,386.0,412.0,394.0,388.0,376.0,288.0,394.0,336.0,394.0
4302,GDN0021,Dummy,HoldingBreath,22,386.0,840.0,356.0,344.0,264.0,422.0,404.0,290.0,412.0,388.0,366.0,270.0,366.0,268.0
4303,GDN0021,Dummy,HoldingBreath,23,390.0,822.0,332.0,324.0,398.0,422.0,402.0,388.0,396.0,380.0,326.0,260.0,326.0,388.0
4304,GDN0021,Dummy,HoldingBreath,24,398.0,806.0,336.0,330.0,402.0,386.0,404.0,402.0,390.0,374.0,336.0,396.0,336.0,396.0
4305,GDN0021,Dummy,HoldingBreath,25,382.0,796.0,352.0,346.0,390.0,374.0,392.0,392.0,388.0,368.0,390.0,256.0,388.0,380.0
4306,GDN0021,Dummy,HoldingBreath,26,382.0,816.0,302.0,304.0,384.0,368.0,386.0,386.0,378.0,364.0,386.0,380.0,298.0,380.0
4307,GDN0021,Dummy,HoldingBreath,27,374.0,742.0,350.0,318.0,304.0,374.0,398.0,290.0,388.0,372.0,364.0,246.0,364.0,246.0
4308,GDN0021,Dummy,HoldingBreath,28,362.0,704.0,314.0,282.0,382.0,350.0,376.0,360.0,354.0,344.0,312.0,360.0,312.0,360.0
4309,GDN0021,Dummy,HoldingBreath,29,360.0,732.0,286.0,300.0,232.0,424.0,364.0,366.0,362.0,332.0,368.0,230.0,282.0,358.0
4310,GDN0021,Dummy,HoldingBreath,30,358.0,744.0,368.0,296.0,266.0,344.0,372.0,358.0,364.0,342.0,380.0,222.0,378.0,358.0
4311,GDN0021,Dummy,HoldingBreath,31,362.0,730.0,296.0,308.0,366.0,346.0,372.0,360.0,358.0,344.0,290.0,360.0,290.0,360.0
4312,GDN0021,Dummy,HoldingBreath,32,350.0,736.0,296.0,300.0,222.0,424.0,360.0,350.0,366.0,342.0,362.0,224.0,294.0,350.0
4313,GDN0021,Dummy,HoldingBreath,33,362.0,718.0,362.0,298.0,366.0,392.0,370.0,366.0,366.0,344.0,368.0,240.0,376.0,360.0
4314,GDN0021,Dummy,HoldingBreath,34,362.0,730.0,284.0,328.0,196.0,358.0,372.0,308.0,358.0,338.0,380.0,198.0,276.0,308.0
4315,GDN0021,Dummy,HoldingBreath,35,356.0,762.0,296.0,292.0,366.0,396.0,368.0,368.0,356.0,342.0,298.0,354.0,298.0,354.0
4316,GDN0021,Dummy,HoldingBreath,36,364.0,818.0,314.0,314.0,248.0,418.0,376.0,378.0,374.0,352.0,378.0,244.0,316.0,362.0
4317,GDN0021,Dummy,HoldingBreath,37,386.0,886.0,326.0,322.0,392.0,376.0,392.0,394.0,392.0,372.0,394.0,258.0,320.0,384.0
4318,GDN0021,Dummy,HoldingBreath,38,406.0,898.0,358.0,354.0,342.0,392.0,418.0,404.0,418.0,396.0,420.0,292.0,360.0,404.0
4319,GDN0021,Dummy,HoldingBreath,39,396.0,878.0,376.0,368.0,442.0,424.0,428.0,334.0,408.0,398.0,346.0,276.0,372.0,274.0
4320,GDN0021,Dummy,HoldingBreath,40,396.0,820.0,374.0,360.0,266.0,396.0,418.0,302.0,412.0,394.0,418.0,270.0,406.0,270.0
4321,GDN0021,Dummy,HoldingBreath,41,392.0,820.0,328.0,324.0,406.0,386.0,404.0,406.0,392.0,374.0,408.0,240.0,324.0,390.0
4322,GDN0021,Dummy,HoldingBreath,42,392.0,820.0,326.0,360.0,398.0,454.0,398.0,398.0,400.0,374.0,400.0,240.0,326.0,392.0
4323,GDN0021,Dummy,HoldingBreath,43,394.0,818.0,338.0,324.0,246.0,392.0,408.0,408.0,394.0,374.0,358.0,250.0,358.0,392.0
4324,GDN0021,Dummy,HoldingBreath,44,390.0,772.0,324.0,320.0,418.0,378.0,406.0,390.0,386.0,372.0,318.0,390.0,318.0,390.0
4325,GDN0021,Dummy,HoldingBreath,45,356.0,738.0,358.0,376.0,284.0,460.0,378.0,286.0,388.0,356.0,374.0,274.0,372.0,274.0
4326,GDN0021,Dummy,HoldingBreath,46,354.0,764.0,298.0,298.0,212.0,434.0,368.0,352.0,364.0,344.0,374.0,220.0,296.0,352.0
4327,GDN0021,Dummy,HoldingBreath,47,384.0,866.0,316.0,318.0,394.0,444.0,390.0,396.0,380.0,354.0,318.0,248.0,318.0,450.0
4328,GDN0021,Dummy,HoldingBreath,48,404.0,882.0,350.0,342.0,326.0,398.0,418.0,404.0,410.0,390.0,320.0,270.0,350.0,404.0
4329,GDN0021,Dummy,HoldingBreath,49,444.0,868.0,346.0,356.0,402.0,440.0,406.0,404.0,412.0,394.0,404.0,264.0,342.0,396.0
4330,GDN0021,Dummy,HoldingBreath,50,406.0,844.0,370.0,364.0,418.0,398.0,418.0,418.0,408.0,390.0,420.0,406.0,370.0,406.0
4331,GDN0021,Dummy,HoldingBreath,51,414.0,824.0,330.0,346.0,260.0,398.0,420.0,418.0,396.0,382.0,424.0,412.0,336.0,412.0
4332,GDN0021,Dummy,HoldingBreath,52,394.0,846.0,314.0,326.0,408.0,368.0,406.0,252.0,394.0,374.0,304.0,252.0,304.0,250.0
4333,GDN0021,Dummy,HoldingBreath,53,392.0,832.0,346.0,348.0,424.0,478.0,418.0,392.0,410.0,382.0,276.0,244.0,346.0,392.0
4334,GDN0021,Dummy,HoldingBreath,54,398.0,806.0,338.0,326.0,414.0,398.0,412.0,396.0,390.0,376.0,390.0,274.0,390.0,370.0
4335,GDN0021,Dummy,HoldingBreath,55,382.0,776.0,328.0,336.0,460.0,448.0,394.0,382.0,398.0,368.0,394.0,240.0,324.0,454.0
4336,GDN0021,Dummy,HoldingBreath,56,402.0,776.0,308.0,306.0,294.0,400.0,410.0,366.0,376.0,358.0,310.0,242.0,310.0,366.0
4337,GDN0021,Dummy,HoldingBreath,57,374.0,774.0,376.0,322.0,310.0,418.0,380.0,378.0,382.0,358.0,380.0,260.0,382.0,374.0
4338,GDN0021,Dummy,HoldingBreath,58,370.0,812.0,302.0,326.0,404.0,360.0,398.0,368.0,380.0,356.0,406.0,234.0,292.0,368.0
4339,GDN0021,Dummy,HoldingBreath,59,408.0,884.0,348.0,358.0,180.0,464.0,420.0,326.0,396.0,370.0,338.0,246.0,348.0,326.0
4340,GDN0021,Dummy,HoldingBreath,60,408.0,904.0,418.0,362.0,350.0,392.0,412.0,406.0,402.0,394.0,412.0,406.0,418.0,406.0
4341,GDN0021,Dummy,HoldingBreath,61,452.0,930.0,354.0,344.0,456.0,444.0,454.0,456.0,412.0,400.0,408.0,450.0,352.0,450.0
4342,GDN0021,Dummy,HoldingBreath,62,432.0,908.0,396.0,396.0,256.0,460.0,438.0,436.0,424.0,410.0,338.0,430.0,396.0,430.0
4343,GDN0021,Dummy,HoldingBreath,63,394.0,910.0,350.0,418.0,318.0,496.0,412.0,318.0,432.0,404.0,412.0,276.0,346.0,314.0
4344,GDN0021,Dummy,HoldingBreath,64,444.0,880.0,352.0,340.0,456.0,438.0,446.0,396.0,414.0,402.0,352.0,278.0,352.0,396.0
4345,GDN0021,Dummy,HoldingBreath,65,400.0,816.0,362.0,362.0,318.0,392.0,414.0,398.0,418.0,394.0,414.0,258.0,364.0,398.0
4346,GDN0021,Dummy,HoldingBreath,66,376.0,788.0,320.0,330.0,268.0,364.0,394.0,376.0,392.0,372.0,258.0,214.0,316.0,376.0
4347,GDN0021,Dummy,HoldingBreath,67,374.0,774.0,328.0,332.0,276.0,406.0,384.0,378.0,390.0,362.0,334.0,268.0,334.0,374.0
4348,GDN0021,Dummy,HoldingBreath,68,376.0,800.0,318.0,322.0,390.0,426.0,388.0,374.0,380.0,356.0,310.0,256.0,310.0,374.0
4349,GDN0021,Dummy,HoldingBreath,69,386.0,806.0,322.0,318.0,388.0,372.0,394.0,390.0,380.0,366.0,400.0,384.0,332.0,384.0
4350,GDN0021,Dummy,HoldingBreath,70,380.0,820.0,324.0,334.0,270.0,460.0,406.0,376.0,396.0,368.0,310.0,266.0,310.0,376.0
4351,GDN0021,Dummy,HoldingBreath,71,370.0,794.0,338.0,338.0,432.0,414.0,420.0,370.0,390.0,372.0,338.0,270.0,338.0,370.0
4352,GDN0021,Dummy,Pause,0,432.0,928.0,384.0,392.0,440.0,422.0,440.0,590.0,434.0,410.0,442.0,276.0,380.0,430.0
4353,GDN0021,Dummy,Pause,1,416.0,896.0,378.0,368.0,434.0,410.0,430.0,434.0,426.0,410.0,430.0,268.0,380.0,416.0
4354,GDN0021,Dummy,Pause,2,390.0,914.0,362.0,364.0,446.0,426.0,438.0,300.0,416.0,400.0,362.0,278.0,362.0,278.0
4355,GDN0021,Dummy,Pause,3,414.0,918.0,372.0,372.0,444.0,416.0,438.0,300.0,424.0,406.0,374.0,276.0,374.0,274.0
4356,GDN0021,Dummy,Pause,4,422.0,908.0,370.0,390.0,430.0,416.0,430.0,430.0,432.0,408.0,434.0,274.0,366.0,420.0
4357,GDN0021,Dummy,Pause,5,402.0,882.0,376.0,364.0,410.0,444.0,414.0,400.0,422.0,404.0,412.0,290.0,378.0,400.0
4358,GDN0021,Dummy,Pause,6,420.0,886.0,362.0,368.0,432.0,480.0,430.0,434.0,422.0,394.0,434.0,284.0,362.0,482.0
4359,GDN0021,Dummy,Pause,7,418.0,898.0,360.0,354.0,434.0,418.0,434.0,288.0,410.0,396.0,360.0,288.0,360.0,286.0
4360,GDN0021,Dummy,Pause,8,402.0,876.0,364.0,366.0,414.0,494.0,414.0,402.0,428.0,400.0,416.0,268.0,364.0,500.0
4361,GDN0021,Dummy,Pause,9,396.0,878.0,352.0,352.0,446.0,428.0,436.0,394.0,408.0,392.0,350.0,258.0,350.0,394.0
4362,GDN0021,Dummy,Pause,10,398.0,882.0,366.0,370.0,260.0,446.0,412.0,268.0,420.0,394.0,368.0,268.0,368.0,266.0
4363,GDN0021,Dummy,Pause,11,408.0,886.0,358.0,368.0,414.0,442.0,418.0,408.0,414.0,394.0,356.0,270.0,356.0,408.0
4364,GDN0021,Dummy,Pause,12,404.0,886.0,368.0,364.0,412.0,396.0,418.0,402.0,416.0,396.0,422.0,278.0,368.0,402.0
4365,GDN0021,Dummy,Pause,13,408.0,906.0,364.0,366.0,416.0,402.0,420.0,418.0,412.0,396.0,336.0,278.0,364.0,408.0
4366,GDN0021,Dummy,Pause,14,406.0,932.0,368.0,372.0,452.0,436.0,446.0,316.0,420.0,404.0,366.0,278.0,366.0,278.0
4367,GDN0021,Dummy,Pause,15,430.0,922.0,374.0,358.0,440.0,424.0,440.0,440.0,430.0,412.0,336.0,428.0,380.0,428.0
4368,GDN0021,Dummy,Pause,16,402.0,934.0,362.0,368.0,444.0,398.0,436.0,330.0,434.0,408.0,444.0,272.0,360.0,272.0
4369,GDN0021,Dummy,Pause,17,404.0,934.0,376.0,368.0,432.0,476.0,426.0,342.0,426.0,412.0,430.0,288.0,376.0,286.0
4370,GDN0021,Dummy,Pause,18,428.0,908.0,374.0,366.0,442.0,426.0,442.0,336.0,430.0,412.0,444.0,286.0,374.0,336.0
4371,GDN0021,Dummy,Pause,19,408.0,920.0,362.0,368.0,412.0,480.0,420.0,406.0,426.0,404.0,362.0,292.0,362.0,406.0
4372,GDN0021,Dummy,Pause,20,424.0,962.0,382.0,400.0,438.0,420.0,432.0,284.0,424.0,408.0,388.0,284.0,388.0,284.0
4373,GDN0021,Dummy,Pause,21,432.0,990.0,382.0,374.0,446.0,484.0,446.0,312.0,442.0,422.0,452.0,284.0,382.0,282.0
4374,GDN0021,Dummy,Pause,22,430.0,1020.0,392.0,400.0,266.0,424.0,444.0,378.0,452.0,432.0,334.0,270.0,390.0,334.0
4375,GDN0021,Dummy,Pause,23,420.0,1036.0,400.0,384.0,314.0,468.0,442.0,360.0,454.0,440.0,362.0,308.0,400.0,360.0
4376,GDN0021,Dummy,Pause,24,430.0,998.0,436.0,396.0,438.0,466.0,446.0,430.0,466.0,448.0,436.0,314.0,436.0,430.0
4377,GDN0021,Dummy,Pause,25,426.0,970.0,390.0,400.0,290.0,424.0,446.0,338.0,456.0,436.0,444.0,292.0,388.0,338.0
4378,GDN0021,Dummy,Pause,27,418.0,932.0,398.0,394.0,292.0,418.0,436.0,326.0,444.0,424.0,332.0,292.0,396.0,290.0
4379,GDN0021,Dummy,Pause,28,402.0,922.0,400.0,362.0,316.0,408.0,434.0,318.0,432.0,412.0,434.0,314.0,402.0,314.0
4380,GDN0021,Dummy,Pause,29,420.0,934.0,374.0,352.0,426.0,458.0,426.0,428.0,424.0,408.0,376.0,284.0,376.0,418.0
4381,GDN0021,Dummy,Pause,30,424.0,942.0,378.0,360.0,438.0,422.0,436.0,306.0,430.0,412.0,378.0,306.0,378.0,304.0
4382,GDN0021,Dummy,Pause,31,452.0,926.0,386.0,426.0,466.0,514.0,460.0,322.0,442.0,416.0,408.0,280.0,384.0,518.0
4383,GDN0021,Dummy,Pause,33,442.0,984.0,372.0,370.0,454.0,496.0,452.0,456.0,436.0,412.0,460.0,440.0,372.0,440.0
4384,GDN0021,Dummy,Pause,34,420.0,946.0,390.0,384.0,368.0,462.0,472.0,368.0,446.0,430.0,360.0,308.0,390.0,358.0
4385,GDN0021,Dummy,Pause,35,436.0,904.0,388.0,382.0,446.0,430.0,444.0,322.0,436.0,418.0,448.0,274.0,390.0,274.0
4386,GDN0021,Dummy,Pause,36,426.0,882.0,362.0,358.0,278.0,418.0,434.0,326.0,426.0,402.0,360.0,282.0,360.0,280.0
4387,GDN0021,Dummy,Pause,37,424.0,898.0,362.0,360.0,436.0,416.0,434.0,436.0,410.0,394.0,364.0,422.0,364.0,422.0
4388,GDN0021,Dummy,Pause,38,424.0,946.0,356.0,350.0,430.0,460.0,432.0,432.0,420.0,400.0,436.0,424.0,354.0,424.0
4389,GDN0021,Dummy,Pause,39,464.0,984.0,392.0,382.0,476.0,460.0,468.0,334.0,434.0,418.0,340.0,294.0,390.0,292.0
4390,GDN0021,Dummy,Pause,40,442.0,1008.0,410.0,416.0,268.0,440.0,404.0,342.0,450.0,430.0,390.0,304.0,410.0,304.0
4391,GDN0021,Dummy,Pause,41,434.0,976.0,406.0,394.0,448.0,490.0,450.0,370.0,458.0,438.0,446.0,314.0,404.0,370.0
4392,GDN0021,Dummy,Pause,42,406.0,930.0,422.0,382.0,282.0,442.0,450.0,404.0,450.0,428.0,418.0,284.0,422.0,404.0
4393,GDN0021,Dummy,Pause,43,452.0,894.0,382.0,410.0,250.0,450.0,464.0,304.0,432.0,412.0,384.0,304.0,384.0,302.0
4394,GDN0021,Dummy,Pause,44,410.0,880.0,366.0,380.0,276.0,408.0,428.0,304.0,418.0,398.0,366.0,278.0,366.0,276.0
4395,GDN0021,Dummy,Pause,45,412.0,864.0,366.0,378.0,416.0,450.0,420.0,416.0,414.0,394.0,366.0,274.0,366.0,410.0
4396,GDN0021,Dummy,Pause,46,380.0,846.0,354.0,344.0,426.0,408.0,420.0,380.0,412.0,388.0,426.0,286.0,354.0,380.0
4397,GDN0021,Dummy,Pause,47,392.0,886.0,344.0,328.0,256.0,384.0,414.0,390.0,400.0,382.0,300.0,258.0,344.0,390.0
4398,GDN0021,Dummy,Pause,48,406.0,916.0,360.0,340.0,274.0,404.0,428.0,316.0,410.0,396.0,322.0,270.0,360.0,316.0
4399,GDN0021,Dummy,Pause,49,410.0,914.0,374.0,376.0,256.0,408.0,436.0,330.0,428.0,406.0,374.0,268.0,374.0,266.0
4400,GDN0021,Dummy,Pause,50,422.0,904.0,382.0,356.0,452.0,416.0,444.0,326.0,426.0,406.0,382.0,268.0,382.0,268.0
4401,GDN0021,Dummy,Pause,51,414.0,916.0,382.0,388.0,374.0,460.0,426.0,410.0,426.0,402.0,372.0,284.0,384.0,368.0
4402,GDN0021,Dummy,Pause,52,432.0,924.0,370.0,368.0,442.0,494.0,440.0,444.0,432.0,406.0,444.0,262.0,368.0,430.0
4403,GDN0021,Dummy,Pause,53,420.0,882.0,376.0,380.0,462.0,446.0,450.0,418.0,424.0,410.0,376.0,292.0,376.0,418.0
4404,GDN0021,Dummy,Pause,54,410.0,852.0,350.0,348.0,294.0,406.0,426.0,296.0,408.0,394.0,348.0,286.0,348.0,284.0
4405,GDN0021,Dummy,Pause,55,396.0,850.0,348.0,346.0,334.0,462.0,410.0,416.0,410.0,384.0,414.0,262.0,350.0,396.0
4406,GDN0021,Dummy,Pause,56,402.0,852.0,346.0,330.0,416.0,396.0,414.0,416.0,400.0,384.0,344.0,400.0,344.0,400.0
4407,GDN0021,Dummy,Pause,57,408.0,844.0,356.0,362.0,426.0,402.0,420.0,406.0,398.0,384.0,302.0,406.0,356.0,406.0
4408,GDN0021,Dummy,Pause,58,394.0,908.0,358.0,358.0,406.0,440.0,408.0,392.0,406.0,382.0,410.0,262.0,358.0,392.0
4409,GDN0021,Dummy,Pause,59,414.0,990.0,368.0,376.0,420.0,456.0,422.0,420.0,424.0,404.0,368.0,284.0,368.0,412.0
4410,GDN0021,Dummy,Pause,60,444.0,1004.0,404.0,416.0,294.0,444.0,456.0,332.0,452.0,432.0,404.0,294.0,404.0,294.0
4411,GDN0021,Dummy,Pause,62,408.0,952.0,380.0,376.0,362.0,406.0,448.0,348.0,440.0,422.0,380.0,290.0,380.0,290.0
4412,GDN0021,Dummy,Pause,63,438.0,916.0,390.0,410.0,290.0,436.0,450.0,322.0,436.0,420.0,366.0,290.0,366.0,290.0
4413,GDN0021,Dummy,TiltLevel,0,404.0,832.0,328.0,366.0,306.0,392.0,410.0,366.0,406.0,378.0,414.0,248.0,330.0,402.0
4414,GDN0021,Dummy,TiltLevel,1,400.0,856.0,344.0,346.0,334.0,454.0,412.0,400.0,406.0,378.0,422.0,256.0,342.0,400.0
4415,GDN0021,Dummy,TiltLevel,2,412.0,834.0,344.0,332.0,416.0,438.0,420.0,418.0,404.0,386.0,422.0,410.0,350.0,410.0
4416,GDN0021,Dummy,TiltLevel,3,414.0,818.0,328.0,334.0,420.0,404.0,420.0,422.0,398.0,378.0,324.0,412.0,324.0,412.0
4417,GDN0021,Dummy,TiltLevel,4,388.0,838.0,334.0,336.0,248.0,372.0,412.0,386.0,392.0,372.0,336.0,250.0,336.0,386.0
4418,GDN0021,Dummy,TiltLevel,5,412.0,820.0,344.0,348.0,254.0,400.0,420.0,420.0,406.0,380.0,428.0,260.0,342.0,410.0
4419,GDN0021,Dummy,TiltLevel,6,398.0,800.0,406.0,334.0,404.0,384.0,406.0,406.0,392.0,372.0,406.0,398.0,410.0,398.0
4420,GDN0021,Dummy,TiltLevel,7,402.0,794.0,316.0,338.0,372.0,472.0,382.0,374.0,398.0,366.0,418.0,266.0,316.0,374.0
4421,GDN0021,Dummy,TiltLevel,8,392.0,826.0,324.0,352.0,392.0,472.0,396.0,392.0,404.0,362.0,400.0,476.0,324.0,476.0
4422,GDN0021,Dummy,TiltLevel,9,396.0,852.0,340.0,346.0,428.0,462.0,424.0,410.0,404.0,376.0,428.0,264.0,342.0,396.0
4423,GDN0021,Dummy,TiltLevel,10,394.0,896.0,328.0,344.0,426.0,468.0,412.0,394.0,410.0,384.0,422.0,268.0,326.0,394.0
4424,GDN0021,Dummy,TiltLevel,11,434.0,886.0,352.0,390.0,444.0,490.0,440.0,444.0,428.0,400.0,446.0,278.0,354.0,432.0
4425,GDN0021,Dummy,TiltLevel,12,428.0,834.0,360.0,348.0,442.0,426.0,440.0,310.0,416.0,396.0,312.0,264.0,356.0,310.0
4426,GDN0021,Dummy,TiltLevel,13,402.0,790.0,352.0,348.0,408.0,444.0,410.0,410.0,402.0,378.0,410.0,264.0,404.0,400.0
4427,GDN0021,Dummy,TiltLevel,14,386.0,760.0,322.0,342.0,388.0,428.0,392.0,388.0,390.0,362.0,394.0,242.0,322.0,386.0
4428,GDN0021,Dummy,TiltLevel,15,374.0,766.0,314.0,316.0,252.0,410.0,384.0,372.0,380.0,352.0,314.0,248.0,314.0,372.0
4429,GDN0021,Dummy,TiltLevel,16,384.0,722.0,312.0,316.0,292.0,374.0,388.0,388.0,380.0,354.0,396.0,260.0,314.0,382.0
4430,GDN0021,Dummy,TiltLevel,17,362.0,674.0,302.0,314.0,366.0,414.0,368.0,366.0,366.0,338.0,368.0,230.0,292.0,362.0
4431,GDN0021,Dummy,TiltLevel,18,354.0,692.0,284.0,298.0,216.0,330.0,366.0,352.0,356.0,320.0,366.0,212.0,284.0,352.0
4432,GDN0021,Dummy,TiltLevel,19,342.0,774.0,358.0,290.0,416.0,406.0,354.0,342.0,354.0,328.0,348.0,202.0,364.0,342.0
4433,GDN0021,Dummy,TiltLevel,20,376.0,924.0,308.0,310.0,238.0,362.0,388.0,376.0,372.0,356.0,304.0,376.0,304.0,376.0
4434,GDN0021,Dummy,TiltLevel,21,424.0,936.0,368.0,376.0,452.0,498.0,444.0,424.0,436.0,410.0,448.0,266.0,370.0,502.0
4435,GDN0021,Dummy,TiltLevel,22,424.0,898.0,368.0,400.0,284.0,460.0,434.0,434.0,434.0,414.0,438.0,286.0,366.0,422.0
4436,GDN0021,Dummy,TiltLevel,23,408.0,884.0,364.0,366.0,286.0,444.0,418.0,406.0,424.0,400.0,364.0,286.0,364.0,406.0
4437,GDN0021,Dummy,TiltLevel,24,408.0,828.0,350.0,416.0,412.0,452.0,414.0,414.0,428.0,396.0,416.0,290.0,354.0,406.0
4438,GDN0021,Dummy,TiltLevel,25,404.0,808.0,332.0,336.0,412.0,454.0,410.0,414.0,402.0,376.0,416.0,266.0,332.0,402.0
4439,GDN0021,Dummy,TiltLevel,26,384.0,776.0,332.0,330.0,262.0,364.0,408.0,384.0,394.0,368.0,334.0,256.0,334.0,384.0
4440,GDN0021,Dummy,TiltLevel,27,380.0,816.0,308.0,318.0,280.0,368.0,396.0,380.0,384.0,358.0,304.0,244.0,304.0,380.0
4441,GDN0021,Dummy,TiltLevel,28,404.0,998.0,334.0,344.0,254.0,460.0,418.0,402.0,400.0,372.0,336.0,254.0,336.0,402.0
4442,GDN0021,Dummy,TiltLevel,29,446.0,1018.0,398.0,402.0,448.0,480.0,456.0,450.0,456.0,436.0,380.0,308.0,398.0,444.0
4443,GDN0021,Dummy,TiltLevel,30,436.0,1026.0,414.0,404.0,388.0,498.0,464.0,432.0,466.0,442.0,460.0,300.0,414.0,382.0
4444,GDN0021,Dummy,TiltLevel,31,502.0,1058.0,410.0,468.0,458.0,550.0,458.0,460.0,478.0,446.0,458.0,550.0,412.0,550.0
4445,GDN0021,Dummy,TiltLevel,32,460.0,1010.0,420.0,416.0,402.0,460.0,482.0,388.0,474.0,456.0,478.0,318.0,422.0,388.0
4446,GDN0021,Dummy,TiltLevel,33,448.0,986.0,394.0,394.0,320.0,446.0,464.0,358.0,462.0,440.0,360.0,100.0,390.0,358.0
4447,GDN0021,Dummy,TiltLevel,34,456.0,960.0,406.0,424.0,466.0,516.0,466.0,468.0,464.0,432.0,468.0,294.0,408.0,456.0
4448,GDN0021,Dummy,TiltLevel,35,442.0,890.0,394.0,374.0,360.0,438.0,452.0,362.0,442.0,422.0,356.0,302.0,398.0,354.0
4449,GDN0021,Dummy,TiltLevel,36,438.0,876.0,360.0,362.0,452.0,438.0,450.0,402.0,418.0,398.0,338.0,274.0,358.0,402.0
4450,GDN0021,Dummy,TiltLevel,37,394.0,862.0,350.0,414.0,258.0,496.0,410.0,392.0,424.0,392.0,352.0,260.0,352.0,500.0
4451,GDN0021,Dummy,TiltLevel,38,392.0,868.0,348.0,344.0,294.0,390.0,426.0,292.0,412.0,388.0,348.0,292.0,348.0,292.0
4452,GDN0021,Dummy,TiltLevel,39,396.0,890.0,342.0,344.0,262.0,454.0,414.0,394.0,412.0,390.0,420.0,266.0,340.0,394.0
4453,GDN0021,Dummy,TiltLevel,40,440.0,888.0,364.0,380.0,452.0,438.0,448.0,312.0,424.0,398.0,368.0,280.0,368.0,278.0
4454,GDN0021,Dummy,TiltLevel,41,412.0,870.0,362.0,364.0,420.0,488.0,426.0,410.0,422.0,396.0,360.0,280.0,360.0,410.0
4455,GDN0021,Dummy,TiltLevel,42,406.0,890.0,366.0,366.0,410.0,396.0,414.0,410.0,412.0,390.0,414.0,284.0,366.0,404.0
4456,GDN0021,Dummy,TiltLevel,43,396.0,878.0,368.0,370.0,432.0,478.0,426.0,318.0,426.0,398.0,428.0,280.0,370.0,318.0
4457,GDN0021,Dummy,TiltLevel,44,418.0,842.0,352.0,382.0,436.0,480.0,428.0,436.0,418.0,394.0,432.0,282.0,350.0,416.0
4458,GDN0021,Dummy,TiltLevel,45,390.0,834.0,406.0,342.0,392.0,374.0,400.0,392.0,406.0,380.0,398.0,264.0,406.0,390.0
4459,GDN0021,Dummy,TiltLevel,46,414.0,852.0,332.0,344.0,426.0,466.0,420.0,412.0,406.0,378.0,426.0,248.0,332.0,384.0
4460,GDN0021,Dummy,TiltLevel,47,418.0,846.0,344.0,340.0,424.0,406.0,426.0,426.0,408.0,384.0,342.0,416.0,342.0,416.0
4461,GDN0021,Dummy,TiltLevel,48,400.0,834.0,346.0,350.0,238.0,392.0,414.0,398.0,406.0,382.0,276.0,242.0,348.0,398.0
4462,GDN0021,Dummy,TiltLevel,49,390.0,848.0,336.0,350.0,432.0,412.0,424.0,412.0,398.0,378.0,328.0,286.0,328.0,388.0
4463,GDN0021,Dummy,TiltLevel,50,404.0,854.0,336.0,336.0,414.0,444.0,414.0,416.0,400.0,382.0,288.0,402.0,338.0,402.0
4464,GDN0021,Dummy,TiltLevel,51,408.0,870.0,342.0,356.0,414.0,396.0,420.0,406.0,400.0,384.0,336.0,406.0,336.0,406.0
4465,GDN0021,Dummy,TiltLevel,52,400.0,858.0,356.0,362.0,242.0,472.0,432.0,398.0,416.0,390.0,358.0,248.0,358.0,398.0
4466,GDN0021,Dummy,TiltLevel,53,412.0,862.0,342.0,352.0,414.0,396.0,418.0,414.0,414.0,386.0,422.0,268.0,338.0,410.0
4467,GDN0021,Dummy,TiltLevel,54,408.0,866.0,348.0,352.0,218.0,446.0,418.0,418.0,408.0,388.0,350.0,276.0,350.0,406.0
4468,GDN0021,Dummy,TiltLevel,55,414.0,876.0,344.0,342.0,420.0,404.0,420.0,420.0,400.0,388.0,424.0,412.0,342.0,412.0
4469,GDN0021,Dummy,TiltLevel,56,408.0,872.0,374.0,372.0,414.0,464.0,418.0,406.0,420.0,392.0,416.0,274.0,376.0,406.0
4470,GDN0021,Dummy,TiltLevel,57,428.0,882.0,354.0,366.0,438.0,480.0,436.0,440.0,424.0,392.0,440.0,256.0,354.0,426.0
4471,GDN0021,Dummy,TiltLevel,58,422.0,872.0,348.0,368.0,318.0,414.0,432.0,432.0,414.0,394.0,346.0,420.0,346.0,420.0
4472,GDN0021,Dummy,TiltLevel,59,428.0,876.0,350.0,358.0,444.0,480.0,440.0,426.0,420.0,392.0,444.0,268.0,352.0,398.0
4473,GDN0021,Dummy,TiltLevel,60,408.0,892.0,344.0,376.0,208.0,494.0,422.0,408.0,420.0,392.0,340.0,266.0,340.0,408.0
4474,GDN0021,Dummy,TiltLevel,61,422.0,890.0,370.0,382.0,450.0,490.0,438.0,452.0,428.0,398.0,444.0,308.0,372.0,422.0
4475,GDN0021,Dummy,TiltLevel,62,424.0,872.0,352.0,344.0,230.0,414.0,436.0,422.0,416.0,398.0,352.0,422.0,352.0,422.0
4476,GDN0021,Dummy,TiltLevel,63,422.0,872.0,338.0,384.0,426.0,410.0,426.0,426.0,418.0,392.0,428.0,282.0,336.0,420.0
4477,GDN0021,Dummy,TiltLevel,64,420.0,858.0,360.0,360.0,284.0,410.0,430.0,284.0,410.0,392.0,364.0,284.0,364.0,282.0
4478,GDN0021,Dummy,TiltLevel,65,410.0,848.0,334.0,362.0,258.0,486.0,424.0,428.0,414.0,386.0,432.0,260.0,332.0,408.0
4479,GDN0021,Dummy,TiltLevel,66,414.0,848.0,340.0,338.0,418.0,404.0,420.0,420.0,406.0,382.0,420.0,414.0,342.0,414.0
4480,GDN0021,Dummy,TiltLevel,67,396.0,872.0,330.0,354.0,424.0,382.0,418.0,396.0,410.0,382.0,424.0,244.0,316.0,396.0
4481,GDN0021,Dummy,TiltUp,0,400.0,850.0,352.0,354.0,412.0,442.0,412.0,404.0,414.0,384.0,416.0,260.0,354.0,258.0
4482,GDN0021,Dummy,TiltUp,1,420.0,862.0,350.0,378.0,426.0,408.0,424.0,426.0,414.0,384.0,426.0,276.0,350.0,418.0
4483,GDN0021,Dummy,TiltUp,2,432.0,860.0,362.0,370.0,202.0,424.0,438.0,440.0,402.0,388.0,364.0,430.0,364.0,430.0
4484,GDN0021,Dummy,TiltUp,3,418.0,860.0,346.0,354.0,424.0,466.0,422.0,424.0,414.0,386.0,424.0,268.0,342.0,416.0
4485,GDN0021,Dummy,TiltUp,4,422.0,852.0,350.0,378.0,424.0,468.0,424.0,424.0,412.0,386.0,424.0,436.0,350.0,476.0
4486,GDN0021,Dummy,TiltUp,5,438.0,772.0,356.0,418.0,404.0,480.0,406.0,406.0,424.0,382.0,408.0,294.0,358.0,488.0
4487,GDN0021,Dummy,TiltUp,6,390.0,702.0,322.0,352.0,464.0,454.0,394.0,390.0,396.0,354.0,396.0,270.0,320.0,464.0
4488,GDN0021,Dummy,TiltUp,7,394.0,708.0,304.0,308.0,400.0,442.0,398.0,402.0,366.0,330.0,348.0,392.0,302.0,392.0
4489,GDN0021,Dummy,TiltUp,8,342.0,756.0,370.0,306.0,342.0,328.0,350.0,342.0,358.0,334.0,346.0,230.0,378.0,342.0
4490,GDN0021,Dummy,TiltUp,9,370.0,854.0,298.0,322.0,360.0,350.0,386.0,368.0,366.0,350.0,390.0,368.0,274.0,368.0
4491,GDN0021,Dummy,TiltUp,10,386.0,818.0,342.0,340.0,326.0,372.0,404.0,384.0,400.0,384.0,400.0,268.0,344.0,384.0
4492,GDN0021,Dummy,TiltUp,11,396.0,764.0,410.0,330.0,404.0,384.0,404.0,406.0,396.0,372.0,404.0,258.0,412.0,394.0
4493,GDN0021,Dummy,TiltUp,12,378.0,772.0,390.0,314.0,384.0,364.0,384.0,384.0,380.0,354.0,380.0,228.0,390.0,376.0
4494,GDN0021,Dummy,TiltUp,13,372.0,766.0,314.0,312.0,232.0,350.0,388.0,372.0,374.0,356.0,274.0,234.0,314.0,372.0
4495,GDN0021,Dummy,TiltUp,14,364.0,754.0,306.0,312.0,402.0,358.0,394.0,364.0,378.0,354.0,406.0,246.0,308.0,364.0
4496,GDN0021,Dummy,TiltUp,15,344.0,748.0,312.0,306.0,176.0,336.0,382.0,344.0,366.0,350.0,310.0,252.0,310.0,344.0
4497,GDN0021,Dummy,TiltUp,16,368.0,736.0,306.0,298.0,374.0,356.0,376.0,376.0,368.0,348.0,376.0,246.0,298.0,366.0
4498,GDN0021,Dummy,TiltUp,17,358.0,712.0,378.0,296.0,226.0,342.0,372.0,356.0,364.0,344.0,366.0,230.0,384.0,356.0
4499,GDN0021,Dummy,TiltUp,18,352.0,722.0,296.0,312.0,354.0,432.0,356.0,356.0,364.0,336.0,356.0,230.0,256.0,438.0
4500,GDN0021,Dummy,TiltUp,19,358.0,760.0,308.0,314.0,360.0,396.0,364.0,362.0,358.0,338.0,364.0,220.0,358.0,356.0
4501,GDN0021,Dummy,TiltUp,20,398.0,806.0,326.0,330.0,316.0,452.0,408.0,396.0,384.0,352.0,312.0,222.0,326.0,368.0
4502,GDN0021,Dummy,TiltUp,21,390.0,784.0,326.0,338.0,398.0,450.0,396.0,398.0,398.0,368.0,396.0,250.0,322.0,390.0
4503,GDN0021,Dummy,TiltUp,22,372.0,790.0,322.0,318.0,416.0,356.0,394.0,372.0,384.0,360.0,382.0,248.0,382.0,372.0
4504,GDN0021,Dummy,TiltUp,23,390.0,822.0,320.0,322.0,308.0,390.0,404.0,388.0,382.0,362.0,274.0,240.0,318.0,362.0
4505,GDN0021,Dummy,TiltUp,24,404.0,864.0,336.0,336.0,250.0,402.0,416.0,402.0,400.0,374.0,338.0,258.0,338.0,374.0
4506,GDN0021,Dummy,TiltUp,25,408.0,836.0,350.0,352.0,236.0,404.0,420.0,406.0,416.0,388.0,424.0,286.0,346.0,406.0
4507,GDN0021,Dummy,TiltUp,26,400.0,812.0,402.0,336.0,408.0,454.0,408.0,410.0,402.0,378.0,406.0,274.0,410.0,398.0
4508,GDN0021,Dummy,TiltUp,27,386.0,824.0,322.0,324.0,184.0,384.0,400.0,384.0,392.0,370.0,318.0,260.0,318.0,352.0
4509,GDN0021,Dummy,TiltUp,28,404.0,844.0,338.0,346.0,326.0,474.0,412.0,404.0,406.0,374.0,424.0,272.0,340.0,404.0
4510,GDN0021,Dummy,TiltUp,29,410.0,826.0,348.0,354.0,424.0,408.0,424.0,288.0,402.0,382.0,344.0,258.0,344.0,258.0
4511,GDN0021,Dummy,TiltUp,30,390.0,834.0,350.0,342.0,416.0,462.0,410.0,256.0,404.0,376.0,416.0,256.0,348.0,256.0
4512,GDN0021,Dummy,TiltUp,31,406.0,868.0,334.0,366.0,252.0,468.0,414.0,416.0,412.0,376.0,420.0,258.0,342.0,404.0
4513,GDN0021,Dummy,TiltUp,32,422.0,888.0,346.0,390.0,434.0,490.0,432.0,434.0,422.0,390.0,342.0,276.0,342.0,420.0
4514,GDN0021,Dummy,TiltUp,33,402.0,870.0,416.0,354.0,204.0,394.0,424.0,400.0,420.0,396.0,434.0,286.0,418.0,400.0
4515,GDN0021,Dummy,TiltUp,34,408.0,872.0,362.0,366.0,284.0,476.0,420.0,406.0,420.0,390.0,424.0,286.0,362.0,480.0
4516,GDN0021,Dummy,TiltUp,35,426.0,906.0,356.0,356.0,442.0,482.0,432.0,394.0,420.0,392.0,356.0,284.0,356.0,394.0
4517,GDN0021,Dummy,TiltUp,36,432.0,902.0,368.0,364.0,440.0,426.0,438.0,442.0,428.0,404.0,440.0,272.0,366.0,430.0
4518,GDN0021,Dummy,TiltUp,37,426.0,868.0,368.0,366.0,434.0,492.0,432.0,436.0,430.0,402.0,434.0,268.0,368.0,424.0
4519,GDN0021,Dummy,TiltUp,38,404.0,866.0,350.0,366.0,408.0,436.0,416.0,404.0,410.0,390.0,354.0,288.0,354.0,404.0
4520,GDN0021,Dummy,TiltUp,39,410.0,858.0,352.0,348.0,414.0,446.0,416.0,416.0,414.0,390.0,418.0,302.0,348.0,408.0
4521,GDN0021,Dummy,TiltUp,40,412.0,850.0,358.0,346.0,420.0,404.0,422.0,420.0,402.0,386.0,364.0,412.0,364.0,412.0
4522,GDN0021,Dummy,TiltUp,41,410.0,868.0,344.0,350.0,420.0,402.0,418.0,422.0,402.0,384.0,424.0,408.0,340.0,408.0
4523,GDN0021,Dummy,TiltUp,42,426.0,900.0,350.0,352.0,440.0,488.0,430.0,388.0,416.0,390.0,352.0,264.0,352.0,388.0
4524,GDN0021,Dummy,TiltUp,43,376.0,878.0,364.0,356.0,442.0,424.0,436.0,292.0,424.0,400.0,358.0,292.0,358.0,292.0
4525,GDN0021,Dummy,TiltUp,44,404.0,878.0,356.0,354.0,284.0,392.0,424.0,402.0,414.0,394.0,430.0,280.0,360.0,402.0
4526,GDN0021,Dummy,TiltUp,45,408.0,886.0,354.0,362.0,296.0,396.0,424.0,406.0,408.0,394.0,350.0,406.0,350.0,406.0
4527,GDN0021,Dummy,TiltUp,46,414.0,900.0,368.0,388.0,250.0,490.0,428.0,364.0,426.0,396.0,376.0,292.0,376.0,290.0
4528,GDN0021,Dummy,TiltUp,47,428.0,890.0,360.0,390.0,434.0,418.0,434.0,436.0,432.0,402.0,436.0,294.0,354.0,428.0
4529,GDN0021,Dummy,TiltUp,48,420.0,890.0,358.0,352.0,426.0,472.0,428.0,428.0,420.0,398.0,428.0,280.0,372.0,420.0
4530,GDN0021,Dummy,TiltUp,49,426.0,906.0,346.0,364.0,442.0,424.0,438.0,442.0,426.0,398.0,440.0,296.0,342.0,426.0
4531,GDN0021,Dummy,TiltUp,50,422.0,920.0,370.0,380.0,432.0,410.0,432.0,432.0,422.0,404.0,436.0,420.0,372.0,420.0
4532,GDN0021,Dummy,TiltUp,51,424.0,930.0,370.0,372.0,430.0,506.0,434.0,422.0,436.0,408.0,438.0,300.0,368.0,422.0
4533,GDN0021,Dummy,TiltUp,52,426.0,932.0,366.0,364.0,434.0,474.0,436.0,436.0,432.0,412.0,438.0,270.0,366.0,426.0
4534,GDN0021,Dummy,TiltUp,53,426.0,934.0,382.0,388.0,438.0,420.0,438.0,424.0,438.0,412.0,440.0,286.0,382.0,424.0
4535,GDN0021,Dummy,TiltUp,54,420.0,910.0,380.0,384.0,298.0,414.0,438.0,420.0,436.0,412.0,358.0,296.0,380.0,420.0
4536,GDN0021,Dummy,TiltUp,55,420.0,872.0,362.0,358.0,426.0,464.0,428.0,428.0,424.0,404.0,428.0,272.0,362.0,418.0
4537,GDN0021,Dummy,TiltUp,56,422.0,852.0,354.0,340.0,424.0,408.0,430.0,426.0,408.0,392.0,354.0,420.0,354.0,420.0
4538,GDN0021,Dummy,TiltUp,57,402.0,832.0,366.0,360.0,254.0,396.0,420.0,298.0,402.0,384.0,300.0,256.0,368.0,256.0
4539,GDN0021,Dummy,TiltUp,58,400.0,828.0,338.0,332.0,412.0,452.0,408.0,412.0,400.0,378.0,410.0,284.0,334.0,398.0
4540,GDN0021,Dummy,TiltUp,59,380.0,820.0,334.0,332.0,312.0,410.0,394.0,380.0,400.0,376.0,334.0,268.0,334.0,380.0
4541,GDN0021,Dummy,TiltUp,60,394.0,818.0,338.0,326.0,252.0,386.0,412.0,392.0,394.0,374.0,288.0,252.0,336.0,392.0
4542,GDN0021,Dummy,TiltUp,61,374.0,814.0,390.0,334.0,416.0,450.0,410.0,258.0,398.0,372.0,414.0,258.0,396.0,258.0
4543,GDN0021,Dummy,TiltUp,62,396.0,788.0,316.0,326.0,402.0,386.0,402.0,404.0,394.0,370.0,404.0,256.0,316.0,394.0
4544,GDN0021,Dummy,TiltUp,63,386.0,802.0,320.0,298.0,276.0,380.0,398.0,398.0,374.0,360.0,320.0,384.0,320.0,384.0
4545,GDN0021,Dummy,TiltUp,64,398.0,766.0,324.0,326.0,408.0,388.0,406.0,410.0,392.0,366.0,408.0,398.0,326.0,398.0
4546,GDN0021,Dummy,TiltUp,65,360.0,750.0,294.0,324.0,210.0,350.0,386.0,360.0,380.0,354.0,248.0,218.0,288.0,360.0
4547,GDN0021,Dummy,TiltUp,66,372.0,684.0,308.0,296.0,278.0,358.0,382.0,378.0,362.0,348.0,374.0,370.0,374.0,370.0
4548,GDN0021,Dummy,TiltUp,67,354.0,666.0,322.0,326.0,312.0,352.0,368.0,312.0,350.0,326.0,314.0,218.0,270.0,310.0
4549,GDN0021,Dummy,TiltUp,68,348.0,700.0,350.0,310.0,352.0,418.0,352.0,354.0,354.0,318.0,352.0,186.0,358.0,346.0
4550,GDN0021,Dummy,TiltUp,69,362.0,782.0,282.0,282.0,196.0,360.0,372.0,360.0,350.0,330.0,280.0,202.0,280.0,336.0
4551,GDN0021,Dummy,TiltUp,70,382.0,820.0,312.0,342.0,386.0,458.0,386.0,386.0,386.0,360.0,388.0,244.0,312.0,380.0
4552,GDN0021,Dummy,TiltUp,71,388.0,,322.0,314.0,396.0,430.0,396.0,398.0,388.0,372.0,396.0,388.0,324.0,388.0
4553,GDN0021,Dummy,Valsalva,0,408.0,904.0,360.0,362.0,432.0,402.0,430.0,524.0,428.0,402.0,434.0,288.0,356.0,288.0
4554,GDN0021,Dummy,Valsalva,1,412.0,896.0,360.0,366.0,352.0,500.0,424.0,412.0,430.0,402.0,362.0,300.0,362.0,502.0
4555,GDN0021,Dummy,Valsalva,2,408.0,880.0,364.0,340.0,448.0,404.0,436.0,306.0,414.0,400.0,362.0,288.0,362.0,286.0
4556,GDN0021,Dummy,Valsalva,3,400.0,870.0,404.0,352.0,456.0,442.0,414.0,398.0,416.0,394.0,410.0,274.0,408.0,398.0
4557,GDN0021,Dummy,Valsalva,4,402.0,884.0,354.0,358.0,306.0,386.0,424.0,402.0,406.0,390.0,352.0,304.0,352.0,402.0
4558,GDN0021,Dummy,Valsalva,5,412.0,908.0,360.0,374.0,416.0,456.0,420.0,418.0,418.0,396.0,422.0,282.0,362.0,412.0
4559,GDN0021,Dummy,Valsalva,6,412.0,910.0,368.0,372.0,436.0,410.0,432.0,302.0,424.0,404.0,438.0,278.0,366.0,302.0
4560,GDN0021,Dummy,Valsalva,8,416.0,914.0,358.0,356.0,424.0,470.0,422.0,426.0,422.0,398.0,422.0,258.0,360.0,414.0
4561,GDN0021,Dummy,Valsalva,9,402.0,942.0,366.0,378.0,460.0,504.0,446.0,296.0,438.0,406.0,366.0,288.0,366.0,286.0
4562,GDN0021,Dummy,Valsalva,10,420.0,902.0,380.0,366.0,294.0,462.0,434.0,418.0,436.0,416.0,434.0,294.0,376.0,418.0
4563,GDN0021,Dummy,Valsalva,11,436.0,884.0,374.0,412.0,448.0,432.0,442.0,288.0,432.0,402.0,388.0,288.0,388.0,288.0
4564,GDN0021,Dummy,Valsalva,12,422.0,910.0,360.0,354.0,438.0,420.0,432.0,300.0,420.0,396.0,440.0,268.0,358.0,268.0
4565,GDN0021,Dummy,Valsalva,13,422.0,918.0,364.0,372.0,440.0,492.0,434.0,296.0,434.0,404.0,442.0,296.0,366.0,496.0
4566,GDN0021,Dummy,Valsalva,14,426.0,924.0,372.0,352.0,442.0,426.0,444.0,308.0,424.0,408.0,370.0,308.0,370.0,306.0
4567,GDN0021,Dummy,Valsalva,15,432.0,948.0,374.0,370.0,448.0,430.0,446.0,322.0,430.0,410.0,452.0,290.0,376.0,290.0
4568,GDN0021,Dummy,Valsalva,16,416.0,992.0,378.0,378.0,428.0,480.0,432.0,416.0,442.0,418.0,430.0,294.0,378.0,416.0
4569,GDN0021,Dummy,Valsalva,17,432.0,1004.0,404.0,410.0,328.0,476.0,446.0,386.0,452.0,434.0,324.0,282.0,406.0,322.0
4570,GDN0021,Dummy,Valsalva,18,426.0,956.0,408.0,378.0,298.0,430.0,452.0,326.0,452.0,438.0,404.0,302.0,404.0,302.0
4571,GDN0021,Dummy,Valsalva,19,412.0,922.0,394.0,382.0,468.0,448.0,458.0,408.0,442.0,420.0,356.0,288.0,396.0,354.0
4572,GDN0021,Dummy,Valsalva,20,424.0,886.0,380.0,388.0,428.0,490.0,432.0,428.0,434.0,408.0,432.0,274.0,378.0,424.0
4573,GDN0021,Dummy,Valsalva,21,412.0,910.0,368.0,372.0,416.0,452.0,418.0,416.0,420.0,396.0,420.0,274.0,370.0,410.0
4574,GDN0021,Dummy,Valsalva,22,426.0,914.0,368.0,368.0,442.0,502.0,436.0,322.0,432.0,404.0,448.0,272.0,370.0,322.0
4575,GDN0021,Dummy,Valsalva,23,436.0,910.0,378.0,356.0,448.0,430.0,446.0,448.0,426.0,406.0,336.0,434.0,370.0,434.0
4576,GDN0021,Dummy,Valsalva,24,408.0,866.0,378.0,374.0,414.0,448.0,418.0,416.0,422.0,404.0,416.0,292.0,414.0,406.0
4577,GDN0021,Dummy,Valsalva,25,394.0,840.0,344.0,348.0,398.0,428.0,402.0,400.0,414.0,390.0,402.0,264.0,342.0,394.0
4578,GDN0021,Dummy,Valsalva,26,410.0,844.0,342.0,342.0,420.0,406.0,420.0,422.0,400.0,380.0,426.0,410.0,344.0,410.0
4579,GDN0021,Dummy,Valsalva,27,400.0,856.0,346.0,350.0,288.0,386.0,410.0,398.0,408.0,382.0,414.0,284.0,344.0,398.0
4580,GDN0021,Dummy,Valsalva,28,406.0,866.0,406.0,332.0,410.0,394.0,410.0,412.0,404.0,386.0,410.0,404.0,410.0,404.0
4581,GDN0021,Dummy,Valsalva,29,406.0,886.0,348.0,354.0,342.0,478.0,414.0,406.0,416.0,390.0,412.0,272.0,346.0,404.0
4582,GDN0021,Dummy,Valsalva,30,410.0,934.0,362.0,350.0,254.0,410.0,432.0,318.0,418.0,396.0,364.0,262.0,364.0,262.0
4583,GDN0021,Dummy,Valsalva,31,422.0,918.0,382.0,382.0,428.0,412.0,434.0,420.0,430.0,412.0,434.0,292.0,382.0,420.0
4584,GDN0021,Dummy,Valsalva,32,414.0,872.0,382.0,374.0,316.0,412.0,442.0,348.0,428.0,408.0,446.0,312.0,384.0,312.0
4585,GDN0021,Dummy,Valsalva,33,394.0,876.0,360.0,366.0,408.0,392.0,410.0,394.0,418.0,392.0,410.0,286.0,360.0,394.0
4586,GDN0021,Dummy,Valsalva,34,420.0,876.0,362.0,372.0,256.0,414.0,430.0,430.0,410.0,392.0,314.0,420.0,364.0,420.0
4587,GDN0021,Dummy,Valsalva,35,366.0,882.0,388.0,338.0,444.0,400.0,432.0,300.0,410.0,392.0,302.0,262.0,382.0,300.0
4588,GDN0021,Dummy,Valsalva,36,412.0,842.0,374.0,360.0,430.0,412.0,426.0,300.0,418.0,394.0,428.0,270.0,384.0,270.0
4589,GDN0021,Dummy,Valsalva,37,386.0,830.0,330.0,326.0,244.0,374.0,412.0,386.0,398.0,380.0,324.0,286.0,324.0,386.0
4590,GDN0021,Dummy,Valsalva,38,400.0,852.0,338.0,324.0,422.0,398.0,418.0,268.0,394.0,376.0,346.0,246.0,346.0,244.0
4591,GDN0021,Dummy,Valsalva,39,398.0,858.0,344.0,344.0,274.0,388.0,416.0,398.0,406.0,384.0,338.0,274.0,338.0,398.0
4592,GDN0021,Dummy,Valsalva,40,400.0,794.0,340.0,336.0,430.0,390.0,420.0,400.0,406.0,386.0,430.0,272.0,348.0,400.0
4593,GDN0021,Dummy,Valsalva,41,384.0,764.0,278.0,320.0,406.0,366.0,394.0,408.0,388.0,364.0,392.0,0.0,,384.0
4594,GDN0021,Dummy,Valsalva,42,362.0,824.0,310.0,378.0,406.0,454.0,370.0,360.0,394.0,352.0,400.0,252.0,372.0,466.0
4595,GDN0021,Dummy,Valsalva,43,400.0,938.0,334.0,314.0,414.0,392.0,412.0,414.0,386.0,372.0,332.0,398.0,332.0,398.0
4596,GDN0021,Dummy,Valsalva,44,432.0,918.0,366.0,356.0,442.0,426.0,442.0,444.0,430.0,414.0,448.0,432.0,366.0,432.0
4597,GDN0021,Dummy,Valsalva,45,422.0,896.0,370.0,378.0,304.0,410.0,430.0,428.0,430.0,408.0,430.0,302.0,372.0,422.0
4598,GDN0021,Dummy,Valsalva,46,418.0,866.0,424.0,364.0,420.0,404.0,428.0,422.0,424.0,400.0,422.0,296.0,424.0,416.0
4599,GDN0021,Dummy,Valsalva,47,414.0,836.0,426.0,374.0,414.0,400.0,420.0,416.0,412.0,390.0,418.0,300.0,426.0,412.0
4600,GDN0021,Dummy,Valsalva,48,402.0,776.0,416.0,366.0,406.0,436.0,410.0,408.0,404.0,378.0,406.0,274.0,416.0,402.0
4601,GDN0021,Dummy,Valsalva,49,410.0,728.0,372.0,314.0,420.0,400.0,416.0,422.0,376.0,358.0,418.0,430.0,372.0,408.0
4602,GDN0021,Dummy,Valsalva,50,386.0,698.0,398.0,294.0,406.0,372.0,396.0,384.0,360.0,340.0,392.0,384.0,396.0,384.0
4603,GDN0021,Dummy,Valsalva,51,346.0,686.0,370.0,292.0,224.0,378.0,354.0,350.0,352.0,330.0,346.0,222.0,370.0,344.0
4604,GDN0021,Dummy,Valsalva,52,348.0,672.0,368.0,302.0,154.0,394.0,358.0,356.0,352.0,326.0,350.0,204.0,368.0,346.0
4605,GDN0021,Dummy,Valsalva,53,344.0,664.0,362.0,306.0,156.0,330.0,356.0,348.0,350.0,322.0,346.0,160.0,362.0,342.0
4606,GDN0021,Dummy,Valsalva,54,342.0,656.0,362.0,302.0,344.0,330.0,348.0,344.0,342.0,318.0,344.0,148.0,362.0,342.0
4607,GDN0021,Dummy,Valsalva,55,358.0,650.0,348.0,296.0,372.0,356.0,368.0,356.0,342.0,316.0,366.0,208.0,350.0,330.0
4608,GDN0021,Dummy,Valsalva,56,356.0,650.0,354.0,300.0,124.0,346.0,362.0,346.0,336.0,314.0,362.0,188.0,352.0,324.0
4609,GDN0021,Dummy,Valsalva,57,340.0,666.0,356.0,276.0,340.0,326.0,350.0,340.0,340.0,314.0,342.0,210.0,356.0,338.0
4610,GDN0021,Dummy,Valsalva,58,368.0,708.0,360.0,288.0,258.0,356.0,370.0,354.0,350.0,320.0,374.0,256.0,362.0,324.0
4611,GDN0021,Dummy,Valsalva,59,348.0,776.0,364.0,316.0,400.0,382.0,360.0,354.0,358.0,334.0,352.0,246.0,364.0,348.0
4612,GDN0021,Dummy,Valsalva,60,366.0,812.0,384.0,324.0,262.0,356.0,380.0,366.0,374.0,358.0,372.0,260.0,384.0,366.0
4613,GDN0021,Dummy,Valsalva,61,378.0,832.0,392.0,336.0,380.0,416.0,386.0,380.0,390.0,370.0,380.0,272.0,390.0,376.0
4614,GDN0021,Dummy,Valsalva,62,388.0,834.0,402.0,340.0,390.0,420.0,396.0,390.0,402.0,378.0,390.0,290.0,402.0,386.0
4615,GDN0021,Dummy,Valsalva,63,402.0,826.0,396.0,342.0,426.0,390.0,410.0,352.0,406.0,378.0,402.0,296.0,396.0,294.0
4616,GDN0021,Dummy,Valsalva,64,388.0,820.0,402.0,338.0,314.0,376.0,398.0,392.0,402.0,376.0,390.0,308.0,402.0,386.0
4617,GDN0021,Dummy,Valsalva,65,378.0,788.0,398.0,330.0,414.0,370.0,402.0,378.0,396.0,374.0,388.0,272.0,398.0,378.0
4618,GDN0021,Dummy,Valsalva,66,358.0,822.0,372.0,326.0,414.0,390.0,406.0,312.0,380.0,362.0,410.0,256.0,368.0,304.0
4619,GDN0021,Dummy,Valsalva,67,384.0,842.0,394.0,340.0,388.0,420.0,394.0,390.0,394.0,374.0,388.0,282.0,398.0,382.0
4620,GDN0021,Dummy,Valsalva,68,362.0,846.0,394.0,384.0,250.0,362.0,418.0,362.0,404.0,380.0,368.0,48.0,390.0,320.0
4621,GDN0021,Dummy,Valsalva,69,380.0,800.0,352.0,346.0,332.0,408.0,420.0,380.0,404.0,382.0,348.0,286.0,348.0,380.0
4622,GDN0022,Dummy,HoldingBreath,0,440.0,894.0,408.0,408.0,328.0,494.0,456.0,498.0,440.0,394.0,388.0,328.0,410.0,384.0
4623,GDN0022,Dummy,HoldingBreath,1,462.0,878.0,414.0,374.0,470.0,454.0,470.0,470.0,424.0,398.0,416.0,464.0,416.0,464.0
4624,GDN0022,Dummy,HoldingBreath,2,452.0,900.0,392.0,404.0,452.0,436.0,456.0,454.0,434.0,392.0,456.0,22.0,388.0,450.0
4625,GDN0022,Dummy,HoldingBreath,3,468.0,900.0,422.0,376.0,418.0,460.0,476.0,476.0,430.0,402.0,412.0,466.0,424.0,466.0
4626,GDN0022,Dummy,HoldingBreath,4,440.0,894.0,400.0,398.0,442.0,480.0,446.0,444.0,438.0,400.0,444.0,328.0,400.0,438.0
4627,GDN0022,Dummy,HoldingBreath,5,464.0,882.0,420.0,358.0,470.0,454.0,468.0,470.0,422.0,398.0,406.0,462.0,420.0,462.0
4628,GDN0022,Dummy,HoldingBreath,6,452.0,866.0,394.0,402.0,324.0,440.0,460.0,462.0,430.0,392.0,466.0,450.0,392.0,450.0
4629,GDN0022,Dummy,HoldingBreath,7,442.0,868.0,384.0,388.0,450.0,492.0,448.0,450.0,428.0,388.0,448.0,316.0,384.0,440.0
4630,GDN0022,Dummy,HoldingBreath,8,432.0,876.0,384.0,388.0,252.0,500.0,448.0,454.0,428.0,388.0,446.0,254.0,386.0,432.0
4631,GDN0022,Dummy,HoldingBreath,9,468.0,888.0,380.0,382.0,426.0,466.0,430.0,428.0,428.0,390.0,428.0,300.0,380.0,424.0
4632,GDN0022,Dummy,HoldingBreath,10,464.0,890.0,420.0,426.0,468.0,516.0,412.0,468.0,444.0,390.0,470.0,350.0,420.0,522.0
4633,GDN0022,Dummy,HoldingBreath,11,448.0,878.0,406.0,408.0,454.0,496.0,454.0,454.0,436.0,396.0,456.0,332.0,406.0,446.0
4634,GDN0022,Dummy,HoldingBreath,12,436.0,872.0,392.0,388.0,316.0,486.0,444.0,438.0,430.0,392.0,444.0,320.0,392.0,436.0
4635,GDN0022,Dummy,HoldingBreath,13,440.0,882.0,394.0,400.0,444.0,502.0,446.0,446.0,434.0,388.0,448.0,320.0,394.0,506.0
4636,GDN0022,Dummy,HoldingBreath,14,428.0,874.0,394.0,390.0,432.0,468.0,434.0,432.0,426.0,394.0,432.0,306.0,394.0,426.0
4637,GDN0022,Dummy,HoldingBreath,15,420.0,870.0,388.0,382.0,238.0,464.0,436.0,420.0,430.0,390.0,428.0,314.0,386.0,420.0
4638,GDN0022,Dummy,HoldingBreath,16,468.0,862.0,436.0,386.0,432.0,468.0,436.0,432.0,426.0,388.0,434.0,310.0,438.0,430.0
4639,GDN0022,Dummy,HoldingBreath,17,446.0,876.0,380.0,396.0,450.0,430.0,454.0,450.0,424.0,386.0,456.0,444.0,374.0,444.0
4640,GDN0022,Dummy,HoldingBreath,18,440.0,878.0,398.0,404.0,328.0,518.0,448.0,448.0,440.0,386.0,450.0,330.0,400.0,526.0
4641,GDN0022,Dummy,HoldingBreath,19,456.0,884.0,396.0,394.0,468.0,508.0,462.0,456.0,440.0,388.0,464.0,328.0,394.0,518.0
4642,GDN0022,Dummy,HoldingBreath,20,462.0,872.0,410.0,420.0,464.0,508.0,464.0,466.0,436.0,394.0,466.0,460.0,410.0,512.0
4643,GDN0022,Dummy,HoldingBreath,21,466.0,860.0,390.0,364.0,470.0,454.0,470.0,470.0,424.0,392.0,388.0,466.0,388.0,466.0
4644,GDN0022,Dummy,HoldingBreath,22,474.0,868.0,380.0,376.0,234.0,470.0,440.0,438.0,424.0,384.0,442.0,302.0,380.0,430.0
4645,GDN0022,Dummy,HoldingBreath,23,446.0,890.0,392.0,396.0,316.0,498.0,450.0,450.0,432.0,386.0,450.0,318.0,392.0,444.0
4646,GDN0022,Dummy,HoldingBreath,24,448.0,892.0,398.0,402.0,324.0,506.0,456.0,456.0,440.0,394.0,456.0,330.0,398.0,448.0
4647,GDN0022,Dummy,HoldingBreath,25,492.0,900.0,396.0,388.0,312.0,488.0,454.0,454.0,434.0,396.0,458.0,446.0,394.0,446.0
4648,GDN0022,Dummy,HoldingBreath,26,478.0,882.0,402.0,386.0,246.0,476.0,484.0,372.0,438.0,398.0,368.0,318.0,402.0,366.0
4649,GDN0022,Dummy,HoldingBreath,27,446.0,880.0,394.0,398.0,322.0,430.0,456.0,446.0,434.0,392.0,462.0,322.0,394.0,446.0
4650,GDN0022,Dummy,HoldingBreath,28,456.0,888.0,410.0,410.0,460.0,446.0,462.0,460.0,424.0,394.0,398.0,456.0,410.0,456.0
4651,GDN0022,Dummy,HoldingBreath,29,464.0,892.0,414.0,418.0,468.0,454.0,468.0,470.0,428.0,396.0,402.0,464.0,414.0,464.0
4652,GDN0022,Dummy,HoldingBreath,30,476.0,888.0,420.0,382.0,480.0,464.0,480.0,480.0,430.0,398.0,418.0,474.0,418.0,474.0
4653,GDN0022,Dummy,HoldingBreath,31,482.0,874.0,418.0,378.0,360.0,480.0,492.0,418.0,434.0,394.0,416.0,358.0,422.0,412.0
4654,GDN0022,Dummy,HoldingBreath,32,450.0,878.0,394.0,402.0,456.0,438.0,456.0,456.0,428.0,390.0,460.0,450.0,390.0,450.0
4655,GDN0022,Dummy,HoldingBreath,33,468.0,880.0,422.0,372.0,298.0,460.0,476.0,478.0,426.0,394.0,416.0,468.0,424.0,468.0
4656,GDN0022,Dummy,HoldingBreath,34,500.0,878.0,402.0,402.0,456.0,498.0,456.0,456.0,438.0,390.0,456.0,316.0,400.0,500.0
4657,GDN0022,Dummy,HoldingBreath,35,470.0,860.0,418.0,368.0,478.0,460.0,476.0,478.0,426.0,394.0,412.0,470.0,420.0,470.0
4658,GDN0022,Dummy,HoldingBreath,36,454.0,868.0,386.0,406.0,262.0,444.0,460.0,462.0,422.0,386.0,330.0,452.0,380.0,452.0
4659,GDN0022,Dummy,HoldingBreath,37,440.0,868.0,394.0,396.0,442.0,488.0,446.0,442.0,434.0,386.0,444.0,314.0,396.0,440.0
4660,GDN0022,Dummy,HoldingBreath,38,472.0,862.0,422.0,376.0,420.0,462.0,478.0,478.0,428.0,388.0,418.0,472.0,422.0,472.0
4661,GDN0022,Dummy,HoldingBreath,39,468.0,858.0,412.0,364.0,472.0,456.0,474.0,472.0,420.0,388.0,406.0,468.0,412.0,468.0
4662,GDN0022,Dummy,HoldingBreath,40,458.0,850.0,420.0,406.0,402.0,450.0,402.0,470.0,418.0,386.0,422.0,458.0,422.0,458.0
4663,GDN0022,Dummy,HoldingBreath,41,456.0,838.0,410.0,364.0,404.0,444.0,464.0,458.0,416.0,384.0,408.0,454.0,408.0,454.0
4664,GDN0022,Dummy,HoldingBreath,42,478.0,834.0,406.0,416.0,482.0,464.0,480.0,482.0,420.0,378.0,486.0,476.0,406.0,476.0
4665,GDN0022,Dummy,HoldingBreath,43,438.0,826.0,374.0,384.0,442.0,490.0,442.0,444.0,420.0,374.0,442.0,438.0,378.0,438.0
4666,GDN0022,Dummy,HoldingBreath,44,432.0,842.0,356.0,354.0,204.0,432.0,446.0,400.0,410.0,374.0,328.0,270.0,352.0,396.0
4667,GDN0022,Dummy,HoldingBreath,45,426.0,850.0,376.0,372.0,290.0,492.0,434.0,438.0,422.0,376.0,434.0,292.0,378.0,494.0
4668,GDN0022,Dummy,HoldingBreath,46,428.0,848.0,388.0,386.0,236.0,494.0,436.0,436.0,430.0,380.0,434.0,48.0,386.0,498.0
4669,GDN0022,Dummy,HoldingBreath,47,446.0,846.0,390.0,390.0,456.0,500.0,454.0,458.0,430.0,376.0,458.0,326.0,390.0,506.0
4670,GDN0022,Dummy,HoldingBreath,48,458.0,830.0,382.0,354.0,464.0,448.0,462.0,466.0,414.0,382.0,402.0,456.0,402.0,456.0
4671,GDN0022,Dummy,HoldingBreath,49,428.0,850.0,368.0,372.0,294.0,414.0,434.0,432.0,406.0,376.0,438.0,426.0,364.0,426.0
4672,GDN0022,Dummy,HoldingBreath,50,448.0,862.0,396.0,348.0,454.0,436.0,454.0,454.0,412.0,384.0,392.0,448.0,400.0,448.0
4673,GDN0022,Dummy,HoldingBreath,51,462.0,870.0,412.0,362.0,470.0,452.0,468.0,470.0,420.0,388.0,404.0,462.0,410.0,462.0
4674,GDN0022,Dummy,HoldingBreath,52,476.0,852.0,398.0,376.0,288.0,466.0,484.0,486.0,426.0,388.0,344.0,474.0,398.0,474.0
4675,GDN0022,Dummy,HoldingBreath,53,448.0,846.0,384.0,392.0,456.0,500.0,454.0,458.0,422.0,382.0,462.0,446.0,388.0,446.0
4676,GDN0022,Dummy,HoldingBreath,54,450.0,866.0,362.0,364.0,212.0,442.0,458.0,418.0,414.0,382.0,344.0,76.0,360.0,402.0
4677,GDN0022,Dummy,HoldingBreath,55,444.0,874.0,394.0,386.0,454.0,436.0,452.0,454.0,428.0,388.0,452.0,444.0,402.0,444.0
4678,GDN0022,Dummy,HoldingBreath,56,454.0,882.0,410.0,354.0,460.0,444.0,460.0,462.0,418.0,392.0,396.0,452.0,410.0,452.0
4679,GDN0022,Dummy,HoldingBreath,57,468.0,866.0,422.0,370.0,410.0,458.0,474.0,474.0,428.0,392.0,410.0,466.0,420.0,466.0
4680,GDN0022,Dummy,HoldingBreath,59,454.0,888.0,402.0,410.0,338.0,444.0,466.0,452.0,420.0,388.0,378.0,452.0,378.0,452.0
4681,GDN0022,Dummy,HoldingBreath,60,478.0,890.0,424.0,372.0,414.0,472.0,420.0,488.0,428.0,396.0,416.0,476.0,426.0,476.0
4682,GDN0022,Dummy,HoldingBreath,61,498.0,884.0,388.0,386.0,504.0,490.0,432.0,,438.0,396.0,428.0,24.0,386.0,496.0
4683,GDN0022,Dummy,HoldingBreath,62,456.0,872.0,400.0,408.0,462.0,444.0,462.0,462.0,424.0,396.0,404.0,456.0,404.0,456.0
4684,GDN0022,Dummy,HoldingBreath,63,468.0,890.0,378.0,374.0,280.0,466.0,478.0,408.0,428.0,390.0,422.0,4.0,372.0,408.0
4685,GDN0022,Dummy,HoldingBreath,64,448.0,896.0,396.0,394.0,240.0,506.0,454.0,456.0,440.0,394.0,454.0,308.0,398.0,512.0
4686,GDN0022,Dummy,HoldingBreath,65,460.0,890.0,402.0,406.0,468.0,450.0,466.0,468.0,424.0,400.0,398.0,458.0,398.0,458.0
4687,GDN0022,Dummy,HoldingBreath,66,476.0,868.0,398.0,382.0,480.0,466.0,482.0,482.0,430.0,398.0,404.0,474.0,404.0,474.0
4688,GDN0022,Dummy,HoldingBreath,67,450.0,,388.0,390.0,318.0,516.0,466.0,450.0,432.0,386.0,370.0,318.0,386.0,518.0
4689,GDN0022,Dummy,Pause,0,494.0,1038.0,452.0,414.0,508.0,490.0,502.0,332.0,468.0,450.0,396.0,350.0,448.0,392.0
4690,GDN0022,Dummy,Pause,1,406.0,1088.0,446.0,424.0,410.0,518.0,416.0,410.0,470.0,450.0,406.0,348.0,446.0,404.0
4691,GDN0022,Dummy,Pause,2,446.0,1092.0,472.0,466.0,530.0,514.0,502.0,454.0,488.0,466.0,448.0,382.0,474.0,444.0
4692,GDN0022,Dummy,Pause,3,524.0,1040.0,448.0,440.0,536.0,522.0,492.0,476.0,488.0,468.0,486.0,374.0,448.0,476.0
4693,GDN0022,Dummy,Pause,4,498.0,1090.0,464.0,452.0,334.0,494.0,450.0,450.0,472.0,450.0,442.0,334.0,464.0,436.0
4694,GDN0022,Dummy,Pause,5,460.0,1096.0,474.0,434.0,534.0,510.0,520.0,458.0,488.0,468.0,418.0,348.0,470.0,412.0
4695,GDN0022,Dummy,Pause,6,524.0,1062.0,478.0,432.0,538.0,522.0,530.0,456.0,496.0,470.0,462.0,370.0,480.0,456.0
4696,GDN0022,Dummy,Pause,7,472.0,1050.0,458.0,448.0,486.0,470.0,486.0,428.0,474.0,458.0,400.0,338.0,458.0,396.0
4697,GDN0022,Dummy,Pause,8,430.0,1084.0,458.0,450.0,514.0,498.0,472.0,428.0,472.0,454.0,436.0,316.0,456.0,428.0
4698,GDN0022,Dummy,Pause,9,482.0,1098.0,462.0,440.0,344.0,480.0,520.0,414.0,492.0,466.0,420.0,346.0,494.0,414.0
4699,GDN0022,Dummy,Pause,10,482.0,1040.0,486.0,448.0,486.0,520.0,492.0,486.0,498.0,470.0,484.0,102.0,452.0,480.0
4700,GDN0022,Dummy,Pause,11,418.0,1082.0,454.0,456.0,368.0,522.0,434.0,416.0,474.0,450.0,420.0,314.0,456.0,416.0
4701,GDN0022,Dummy,Pause,12,456.0,1096.0,476.0,436.0,318.0,532.0,504.0,454.0,484.0,464.0,422.0,322.0,476.0,420.0
4702,GDN0022,Dummy,Pause,13,482.0,1056.0,490.0,440.0,350.0,526.0,498.0,422.0,500.0,470.0,494.0,346.0,488.0,422.0
4703,GDN0022,Dummy,Pause,14,454.0,1056.0,438.0,426.0,412.0,556.0,472.0,452.0,486.0,456.0,410.0,310.0,444.0,408.0
4704,GDN0022,Dummy,Pause,15,484.0,1106.0,458.0,454.0,328.0,484.0,496.0,408.0,476.0,456.0,412.0,334.0,456.0,408.0
4705,GDN0022,Dummy,Pause,16,470.0,1070.0,482.0,452.0,440.0,544.0,518.0,470.0,500.0,474.0,442.0,350.0,480.0,438.0
4706,GDN0022,Dummy,Pause,17,414.0,1048.0,462.0,460.0,312.0,492.0,460.0,412.0,480.0,460.0,424.0,314.0,468.0,412.0
4707,GDN0022,Dummy,Pause,18,464.0,1042.0,490.0,432.0,508.0,456.0,476.0,470.0,468.0,452.0,466.0,414.0,488.0,462.0
4708,GDN0022,Dummy,Pause,19,432.0,1044.0,458.0,448.0,472.0,504.0,466.0,430.0,470.0,450.0,408.0,268.0,454.0,406.0
4709,GDN0022,Dummy,Pause,20,406.0,1102.0,456.0,424.0,276.0,482.0,496.0,410.0,470.0,452.0,454.0,194.0,454.0,406.0
4710,GDN0022,Dummy,Pause,21,498.0,1104.0,510.0,458.0,498.0,586.0,510.0,496.0,510.0,470.0,500.0,324.0,514.0,588.0
4711,GDN0022,Dummy,Pause,22,504.0,1116.0,506.0,460.0,448.0,490.0,516.0,504.0,496.0,472.0,512.0,504.0,460.0,504.0
4712,GDN0022,Dummy,Pause,23,520.0,1096.0,470.0,426.0,534.0,512.0,528.0,536.0,496.0,476.0,530.0,546.0,470.0,520.0
4713,GDN0022,Dummy,Pause,24,444.0,1130.0,468.0,466.0,528.0,504.0,518.0,442.0,488.0,470.0,450.0,312.0,468.0,442.0
4714,GDN0022,Dummy,Pause,25,522.0,1130.0,464.0,460.0,536.0,516.0,530.0,536.0,502.0,482.0,530.0,548.0,464.0,520.0
4715,GDN0022,Dummy,Pause,26,532.0,1080.0,480.0,458.0,546.0,530.0,540.0,424.0,506.0,482.0,432.0,362.0,472.0,424.0
4716,GDN0022,Dummy,Pause,27,512.0,1090.0,460.0,460.0,328.0,508.0,450.0,430.0,482.0,464.0,440.0,326.0,462.0,408.0
4717,GDN0022,Dummy,Pause,28,476.0,1132.0,470.0,454.0,490.0,476.0,496.0,430.0,492.0,468.0,488.0,352.0,464.0,430.0
4718,GDN0022,Dummy,Pause,29,506.0,1124.0,478.0,474.0,536.0,502.0,528.0,444.0,502.0,482.0,534.0,330.0,480.0,422.0
4719,GDN0022,Dummy,Pause,30,522.0,1076.0,492.0,444.0,540.0,520.0,532.0,476.0,500.0,480.0,482.0,346.0,492.0,476.0
4720,GDN0022,Dummy,Pause,31,504.0,1128.0,474.0,466.0,464.0,500.0,466.0,444.0,486.0,462.0,454.0,276.0,476.0,408.0
4721,GDN0022,Dummy,Pause,32,506.0,1140.0,490.0,482.0,352.0,506.0,520.0,444.0,502.0,480.0,404.0,352.0,490.0,444.0
4722,GDN0022,Dummy,Pause,33,506.0,1134.0,512.0,466.0,516.0,550.0,514.0,518.0,514.0,486.0,510.0,358.0,512.0,504.0
4723,GDN0022,Dummy,Pause,34,452.0,1136.0,486.0,476.0,368.0,524.0,504.0,452.0,506.0,482.0,418.0,366.0,486.0,452.0
4724,GDN0022,Dummy,Pause,35,502.0,1130.0,482.0,480.0,514.0,544.0,516.0,436.0,508.0,484.0,442.0,370.0,482.0,404.0
4725,GDN0022,Dummy,Pause,36,524.0,1142.0,488.0,456.0,540.0,522.0,534.0,474.0,496.0,482.0,432.0,340.0,488.0,430.0
4726,GDN0022,Dummy,Pause,37,446.0,1130.0,488.0,478.0,348.0,496.0,526.0,446.0,510.0,486.0,454.0,350.0,488.0,446.0
4727,GDN0022,Dummy,Pause,38,462.0,1102.0,480.0,488.0,426.0,542.0,476.0,476.0,506.0,482.0,480.0,426.0,480.0,426.0
4728,GDN0022,Dummy,Pause,39,462.0,1120.0,486.0,444.0,354.0,526.0,476.0,462.0,492.0,472.0,434.0,358.0,484.0,432.0
4729,GDN0022,Dummy,Pause,40,488.0,1134.0,478.0,430.0,354.0,522.0,510.0,448.0,498.0,478.0,408.0,354.0,498.0,406.0
4730,GDN0022,Dummy,Pause,41,500.0,1126.0,482.0,474.0,534.0,496.0,526.0,452.0,506.0,482.0,522.0,354.0,482.0,418.0
4731,GDN0022,Dummy,Pause,42,504.0,1122.0,482.0,478.0,316.0,542.0,520.0,440.0,506.0,480.0,442.0,320.0,482.0,440.0
4732,GDN0022,Dummy,Pause,43,522.0,1094.0,492.0,490.0,484.0,576.0,486.0,486.0,506.0,478.0,478.0,360.0,492.0,578.0
4733,GDN0022,Dummy,Pause,44,502.0,1104.0,474.0,470.0,514.0,502.0,466.0,446.0,490.0,468.0,454.0,322.0,474.0,446.0
4734,GDN0022,Dummy,Pause,45,508.0,482.0,476.0,444.0,530.0,504.0,524.0,506.0,492.0,472.0,526.0,506.0,458.0,506.0
4735,GDN0022,Dummy,Pause,49,490.0,1096.0,478.0,466.0,344.0,488.0,518.0,440.0,502.0,474.0,520.0,340.0,476.0,404.0
4736,GDN0022,Dummy,Pause,50,460.0,1076.0,486.0,472.0,348.0,492.0,504.0,458.0,492.0,470.0,462.0,298.0,490.0,458.0
4737,GDN0022,Dummy,Pause,51,488.0,1112.0,466.0,458.0,340.0,488.0,502.0,436.0,480.0,462.0,440.0,340.0,464.0,436.0
4738,GDN0022,Dummy,Pause,52,516.0,1060.0,494.0,464.0,540.0,490.0,530.0,442.0,498.0,476.0,498.0,442.0,498.0,440.0
4739,GDN0022,Dummy,Pause,53,490.0,1076.0,496.0,454.0,332.0,480.0,498.0,498.0,482.0,456.0,496.0,488.0,458.0,488.0
4740,GDN0022,Dummy,Pause,54,484.0,,500.0,444.0,286.0,520.0,492.0,488.0,488.0,462.0,488.0,366.0,500.0,482.0
4741,GDN0022,Dummy,TiltLevel,0,466.0,1122.0,488.0,424.0,468.0,500.0,476.0,514.0,494.0,478.0,468.0,378.0,488.0,466.0
4742,GDN0022,Dummy,TiltLevel,1,498.0,1148.0,452.0,456.0,530.0,486.0,524.0,496.0,494.0,478.0,532.0,496.0,452.0,496.0
4743,GDN0022,Dummy,TiltLevel,2,468.0,1136.0,496.0,436.0,420.0,462.0,522.0,462.0,506.0,488.0,496.0,420.0,496.0,420.0
4744,GDN0022,Dummy,TiltLevel,3,494.0,1146.0,504.0,446.0,344.0,482.0,514.0,492.0,500.0,484.0,502.0,342.0,504.0,492.0
4745,GDN0022,Dummy,TiltLevel,4,466.0,1118.0,488.0,484.0,544.0,522.0,524.0,464.0,506.0,488.0,472.0,350.0,488.0,464.0
4746,GDN0022,Dummy,TiltLevel,5,488.0,1162.0,480.0,464.0,356.0,486.0,504.0,484.0,496.0,478.0,496.0,356.0,478.0,444.0
4747,GDN0022,Dummy,TiltLevel,6,472.0,1140.0,498.0,442.0,372.0,530.0,506.0,470.0,510.0,492.0,482.0,372.0,498.0,470.0
4748,GDN0022,Dummy,TiltLevel,7,500.0,1086.0,474.0,476.0,462.0,538.0,466.0,464.0,500.0,484.0,460.0,340.0,474.0,456.0
4749,GDN0022,Dummy,TiltLevel,8,458.0,1152.0,480.0,430.0,416.0,512.0,478.0,456.0,484.0,466.0,472.0,324.0,478.0,456.0
4750,GDN0022,Dummy,TiltLevel,9,516.0,1130.0,492.0,488.0,536.0,514.0,530.0,436.0,510.0,490.0,528.0,398.0,494.0,396.0
4751,GDN0022,Dummy,TiltLevel,10,472.0,1058.0,488.0,438.0,520.0,504.0,514.0,470.0,500.0,482.0,518.0,368.0,488.0,470.0
4752,GDN0022,Dummy,TiltLevel,12,472.0,1050.0,442.0,408.0,320.0,468.0,488.0,470.0,476.0,460.0,364.0,322.0,442.0,470.0
4753,GDN0022,Dummy,TiltLevel,13,454.0,1054.0,428.0,426.0,460.0,494.0,460.0,462.0,470.0,454.0,458.0,326.0,460.0,452.0
4754,GDN0022,Dummy,TiltLevel,14,478.0,1110.0,430.0,420.0,498.0,456.0,492.0,472.0,472.0,454.0,488.0,510.0,426.0,472.0
4755,GDN0022,Dummy,TiltLevel,15,474.0,474.0,502.0,424.0,522.0,500.0,514.0,500.0,492.0,474.0,512.0,534.0,496.0,472.0
4756,GDN0022,Dummy,TiltLevel,17,322.0,1070.0,316.0,250.0,150.0,320.0,336.0,,320.0,302.0,336.0,156.0,310.0,290.0
4757,GDN0022,Dummy,TiltLevel,18,482.0,1062.0,450.0,404.0,386.0,472.0,490.0,438.0,476.0,460.0,450.0,384.0,450.0,384.0
4758,GDN0022,Dummy,TiltLevel,19,434.0,1108.0,458.0,396.0,440.0,498.0,448.0,432.0,472.0,458.0,438.0,352.0,458.0,432.0
4759,GDN0022,Dummy,TiltLevel,20,488.0,1104.0,438.0,434.0,524.0,474.0,516.0,486.0,492.0,474.0,518.0,324.0,440.0,486.0
4760,GDN0022,Dummy,TiltLevel,21,484.0,1092.0,450.0,448.0,336.0,474.0,512.0,484.0,492.0,472.0,422.0,340.0,450.0,484.0
4761,GDN0022,Dummy,TiltLevel,22,466.0,1094.0,480.0,440.0,308.0,464.0,488.0,412.0,484.0,468.0,470.0,394.0,484.0,392.0
4762,GDN0022,Dummy,TiltLevel,23,444.0,1110.0,474.0,412.0,496.0,530.0,490.0,442.0,484.0,468.0,454.0,390.0,472.0,390.0
4763,GDN0022,Dummy,TiltLevel,24,474.0,1108.0,446.0,438.0,424.0,504.0,512.0,472.0,488.0,474.0,420.0,368.0,448.0,472.0
4764,GDN0022,Dummy,TiltLevel,25,472.0,1108.0,492.0,446.0,434.0,470.0,506.0,472.0,490.0,474.0,480.0,430.0,490.0,472.0
4765,GDN0022,Dummy,TiltLevel,26,504.0,1110.0,482.0,426.0,414.0,502.0,512.0,464.0,488.0,474.0,464.0,356.0,480.0,462.0
4766,GDN0022,Dummy,TiltLevel,27,476.0,1104.0,478.0,420.0,340.0,470.0,492.0,434.0,492.0,474.0,484.0,344.0,480.0,394.0
4767,GDN0022,Dummy,TiltLevel,28,472.0,1066.0,440.0,422.0,522.0,506.0,512.0,478.0,484.0,470.0,400.0,336.0,440.0,470.0
4768,GDN0022,Dummy,TiltLevel,29,416.0,1122.0,432.0,436.0,420.0,492.0,504.0,414.0,474.0,460.0,418.0,334.0,432.0,414.0
4769,GDN0022,Dummy,TiltLevel,30,494.0,1106.0,498.0,446.0,502.0,484.0,506.0,492.0,494.0,478.0,500.0,492.0,504.0,492.0
4770,GDN0022,Dummy,TiltLevel,31,476.0,1076.0,462.0,442.0,298.0,472.0,500.0,398.0,490.0,474.0,496.0,398.0,458.0,398.0
4771,GDN0022,Dummy,TiltLevel,32,440.0,1080.0,470.0,412.0,276.0,510.0,472.0,436.0,476.0,462.0,446.0,358.0,472.0,390.0
4772,GDN0022,Dummy,TiltLevel,33,444.0,1114.0,468.0,414.0,402.0,478.0,488.0,450.0,474.0,462.0,448.0,400.0,466.0,444.0
4773,GDN0022,Dummy,TiltLevel,34,480.0,1102.0,450.0,442.0,428.0,470.0,496.0,478.0,492.0,476.0,494.0,48.0,450.0,478.0
4774,GDN0022,Dummy,TiltLevel,35,482.0,1080.0,490.0,442.0,430.0,524.0,496.0,480.0,490.0,472.0,488.0,352.0,488.0,480.0
4775,GDN0022,Dummy,TiltLevel,36,444.0,1056.0,466.0,460.0,446.0,432.0,450.0,448.0,482.0,464.0,444.0,382.0,466.0,442.0
4776,GDN0022,Dummy,TiltLevel,37,426.0,1084.0,448.0,444.0,438.0,472.0,442.0,424.0,470.0,456.0,428.0,374.0,446.0,372.0
4777,GDN0022,Dummy,TiltLevel,38,442.0,1078.0,456.0,416.0,404.0,480.0,496.0,440.0,486.0,466.0,394.0,364.0,458.0,392.0
4778,GDN0022,Dummy,TiltLevel,39,488.0,462.0,452.0,450.0,496.0,480.0,498.0,496.0,482.0,464.0,498.0,486.0,444.0,486.0
4779,GDN0022,Dummy,TiltLevel,41,346.0,1044.0,288.0,288.0,356.0,342.0,282.0,,310.0,292.0,270.0,346.0,292.0,346.0
4780,GDN0022,Dummy,TiltLevel,42,442.0,1068.0,442.0,416.0,404.0,522.0,476.0,382.0,472.0,452.0,450.0,382.0,430.0,380.0
4781,GDN0022,Dummy,TiltLevel,43,476.0,1050.0,444.0,438.0,480.0,510.0,484.0,482.0,478.0,460.0,480.0,306.0,444.0,474.0
4782,GDN0022,Dummy,TiltLevel,44,464.0,1038.0,444.0,438.0,426.0,462.0,478.0,408.0,468.0,454.0,442.0,358.0,442.0,358.0
4783,GDN0022,Dummy,TiltLevel,45,478.0,1040.0,446.0,442.0,438.0,478.0,434.0,366.0,466.0,450.0,424.0,332.0,448.0,332.0
4784,GDN0022,Dummy,TiltLevel,46,428.0,1068.0,454.0,400.0,348.0,426.0,454.0,360.0,464.0,450.0,434.0,360.0,452.0,358.0
4785,GDN0022,Dummy,TiltLevel,47,448.0,1068.0,474.0,410.0,342.0,524.0,472.0,438.0,478.0,460.0,454.0,394.0,474.0,394.0
4786,GDN0022,Dummy,TiltLevel,48,438.0,462.0,476.0,408.0,390.0,512.0,474.0,436.0,478.0,460.0,442.0,386.0,470.0,436.0
4787,GDN0022,Dummy,TiltLevel,50,288.0,1078.0,304.0,258.0,244.0,360.0,306.0,,312.0,296.0,296.0,238.0,300.0,236.0
4788,GDN0022,Dummy,TiltLevel,51,460.0,518.0,484.0,434.0,420.0,460.0,492.0,414.0,480.0,464.0,464.0,414.0,478.0,414.0
4789,GDN0022,Dummy,TiltLevel,53,514.0,1164.0,532.0,510.0,382.0,496.0,532.0,,544.0,536.0,518.0,380.0,534.0,514.0
4790,GDN0022,Dummy,TiltLevel,54,504.0,1124.0,436.0,432.0,536.0,502.0,522.0,460.0,504.0,492.0,526.0,40.0,432.0,460.0
4791,GDN0022,Dummy,TiltLevel,55,498.0,1100.0,454.0,446.0,340.0,542.0,510.0,426.0,498.0,480.0,512.0,342.0,452.0,384.0
4792,GDN0022,Dummy,TiltLevel,56,456.0,,486.0,424.0,280.0,452.0,488.0,370.0,490.0,472.0,466.0,370.0,488.0,368.0
4793,GDN0022,Dummy,Valsalva,0,470.0,1024.0,56.0,-30.0,,,18.0,440.0,228.0,-170.0,52.0,10.0,,8.0
4794,GDN0022,Dummy,Valsalva,1,480.0,1038.0,496.0,414.0,316.0,460.0,488.0,478.0,474.0,444.0,490.0,314.0,500.0,478.0
4795,GDN0022,Dummy,Valsalva,2,500.0,1024.0,506.0,426.0,402.0,484.0,506.0,508.0,484.0,448.0,504.0,500.0,506.0,500.0
4796,GDN0022,Dummy,Valsalva,3,484.0,986.0,500.0,442.0,496.0,472.0,490.0,498.0,470.0,444.0,488.0,518.0,498.0,482.0
4797,GDN0022,Dummy,Valsalva,4,444.0,980.0,456.0,406.0,452.0,494.0,448.0,452.0,456.0,432.0,446.0,470.0,458.0,442.0
4798,GDN0022,Dummy,Valsalva,5,454.0,1098.0,478.0,412.0,462.0,438.0,462.0,462.0,454.0,430.0,456.0,498.0,476.0,452.0
4799,GDN0022,Dummy,Valsalva,6,504.0,1088.0,520.0,438.0,522.0,476.0,514.0,522.0,500.0,470.0,510.0,540.0,520.0,502.0
4800,GDN0022,Dummy,Valsalva,7,512.0,1104.0,530.0,456.0,328.0,490.0,518.0,526.0,496.0,466.0,516.0,510.0,530.0,510.0
4801,GDN0022,Dummy,Valsalva,8,506.0,1112.0,522.0,436.0,412.0,490.0,512.0,510.0,500.0,472.0,508.0,506.0,522.0,506.0
4802,GDN0022,Dummy,Valsalva,9,514.0,1102.0,522.0,462.0,516.0,498.0,518.0,516.0,502.0,476.0,520.0,514.0,522.0,514.0
4803,GDN0022,Dummy,Valsalva,10,506.0,1050.0,518.0,468.0,508.0,492.0,514.0,510.0,496.0,472.0,508.0,506.0,518.0,506.0
4804,GDN0022,Dummy,Valsalva,11,460.0,1058.0,498.0,410.0,314.0,442.0,490.0,460.0,474.0,454.0,468.0,522.0,498.0,460.0
4805,GDN0022,Dummy,Valsalva,12,484.0,1124.0,502.0,434.0,498.0,468.0,492.0,500.0,476.0,456.0,488.0,520.0,500.0,484.0
4806,GDN0022,Dummy,Valsalva,13,476.0,1122.0,510.0,544.0,430.0,608.0,528.0,474.0,536.0,468.0,502.0,618.0,512.0,618.0
4807,GDN0022,Dummy,Valsalva,14,512.0,1104.0,524.0,450.0,352.0,490.0,518.0,522.0,506.0,478.0,520.0,348.0,524.0,510.0
4808,GDN0022,Dummy,Valsalva,15,482.0,1060.0,390.0,432.0,530.0,512.0,518.0,482.0,498.0,472.0,490.0,334.0,388.0,482.0
4809,GDN0022,Dummy,Valsalva,16,482.0,1096.0,508.0,434.0,420.0,508.0,490.0,482.0,484.0,456.0,484.0,540.0,510.0,482.0
4810,GDN0022,Dummy,Valsalva,17,498.0,456.0,514.0,466.0,512.0,492.0,508.0,514.0,488.0,470.0,504.0,532.0,510.0,496.0
4811,GDN0022,Dummy,Valsalva,19,382.0,1176.0,354.0,322.0,390.0,376.0,338.0,392.0,338.0,312.0,332.0,398.0,350.0,380.0
4812,GDN0022,Dummy,Valsalva,20,512.0,1160.0,538.0,470.0,510.0,538.0,542.0,512.0,524.0,498.0,512.0,308.0,540.0,512.0
4813,GDN0022,Dummy,Valsalva,21,514.0,1172.0,526.0,474.0,556.0,500.0,530.0,512.0,518.0,492.0,518.0,334.0,526.0,512.0
4814,GDN0022,Dummy,Valsalva,22,528.0,1164.0,412.0,472.0,542.0,524.0,538.0,542.0,520.0,496.0,536.0,528.0,,528.0
4815,GDN0022,Dummy,Valsalva,23,510.0,1108.0,528.0,478.0,546.0,502.0,538.0,508.0,516.0,494.0,520.0,560.0,530.0,508.0
4816,GDN0022,Dummy,Valsalva,24,486.0,1150.0,512.0,436.0,528.0,474.0,504.0,484.0,492.0,474.0,488.0,536.0,512.0,484.0
4817,GDN0022,Dummy,Valsalva,25,518.0,1198.0,532.0,478.0,532.0,506.0,526.0,534.0,508.0,488.0,520.0,550.0,530.0,518.0
4818,GDN0022,Dummy,Valsalva,26,522.0,1196.0,532.0,464.0,568.0,546.0,556.0,522.0,530.0,506.0,560.0,578.0,532.0,522.0
4819,GDN0022,Dummy,Valsalva,27,530.0,1184.0,536.0,494.0,536.0,560.0,540.0,536.0,528.0,504.0,536.0,354.0,536.0,530.0
4820,GDN0022,Dummy,Valsalva,28,540.0,1202.0,476.0,502.0,546.0,528.0,546.0,548.0,526.0,500.0,544.0,538.0,478.0,538.0
4821,GDN0022,Dummy,Valsalva,29,530.0,1174.0,468.0,468.0,548.0,526.0,546.0,550.0,532.0,506.0,540.0,356.0,468.0,530.0
4822,GDN0022,Dummy,Valsalva,30,522.0,1164.0,528.0,492.0,534.0,516.0,532.0,536.0,514.0,496.0,524.0,556.0,530.0,520.0
4823,GDN0022,Dummy,Valsalva,31,504.0,1192.0,516.0,474.0,460.0,494.0,524.0,502.0,512.0,494.0,508.0,552.0,516.0,502.0
4824,GDN0022,Dummy,Valsalva,32,534.0,1206.0,504.0,460.0,558.0,532.0,550.0,532.0,528.0,504.0,550.0,572.0,506.0,532.0
4825,GDN0022,Dummy,Valsalva,33,550.0,1200.0,514.0,516.0,370.0,548.0,558.0,506.0,534.0,508.0,516.0,366.0,484.0,506.0
4826,GDN0022,Dummy,Valsalva,34,478.0,1148.0,538.0,492.0,354.0,498.0,522.0,498.0,522.0,506.0,540.0,478.0,540.0,476.0
4827,GDN0022,Dummy,Valsalva,35,516.0,1190.0,532.0,488.0,348.0,510.0,528.0,534.0,512.0,488.0,522.0,556.0,532.0,516.0
4828,GDN0022,Dummy,Valsalva,36,522.0,1198.0,524.0,472.0,550.0,504.0,544.0,522.0,526.0,502.0,542.0,352.0,462.0,522.0
4829,GDN0022,Dummy,Valsalva,37,544.0,1186.0,506.0,512.0,552.0,536.0,552.0,552.0,530.0,506.0,550.0,544.0,506.0,544.0
4830,GDN0022,Dummy,Valsalva,38,530.0,1156.0,530.0,494.0,534.0,520.0,538.0,536.0,524.0,502.0,536.0,528.0,492.0,528.0
4831,GDN0022,Dummy,Valsalva,39,504.0,1164.0,526.0,452.0,542.0,490.0,532.0,502.0,512.0,490.0,512.0,302.0,528.0,502.0
4832,GDN0022,Dummy,Valsalva,40,530.0,1172.0,458.0,500.0,322.0,528.0,540.0,488.0,518.0,494.0,494.0,326.0,460.0,488.0
4833,GDN0022,Dummy,Valsalva,41,514.0,1126.0,484.0,486.0,348.0,506.0,540.0,512.0,522.0,496.0,536.0,346.0,458.0,512.0
4834,GDN0022,Dummy,Valsalva,42,486.0,462.0,506.0,458.0,496.0,538.0,494.0,498.0,494.0,480.0,490.0,322.0,504.0,484.0
4835,GDN0022,Dummy,Valsalva,44,328.0,1136.0,342.0,272.0,182.0,324.0,346.0,,336.0,314.0,336.0,180.0,336.0,328.0
4836,GDN0022,Dummy,Valsalva,45,518.0,1130.0,502.0,450.0,538.0,516.0,530.0,514.0,504.0,484.0,532.0,314.0,504.0,488.0
4837,GDN0022,Dummy,Valsalva,46,518.0,1110.0,456.0,450.0,528.0,510.0,528.0,530.0,506.0,482.0,524.0,518.0,458.0,518.0
4838,GDN0022,Dummy,Valsalva,47,496.0,1106.0,504.0,458.0,526.0,482.0,508.0,494.0,490.0,474.0,500.0,536.0,498.0,494.0
4839,GDN0022,Dummy,Valsalva,48,504.0,1082.0,516.0,436.0,508.0,492.0,510.0,510.0,500.0,474.0,506.0,538.0,516.0,502.0
4840,GDN0022,Dummy,Valsalva,49,500.0,1102.0,486.0,474.0,518.0,500.0,512.0,456.0,490.0,464.0,512.0,532.0,492.0,430.0
4841,GDN0022,Dummy,Valsalva,50,488.0,1138.0,494.0,448.0,524.0,472.0,514.0,488.0,492.0,472.0,512.0,538.0,390.0,488.0
4842,GDN0022,Dummy,Valsalva,51,516.0,1136.0,524.0,446.0,522.0,506.0,522.0,522.0,506.0,484.0,518.0,514.0,524.0,514.0
4843,GDN0022,Dummy,Valsalva,52,510.0,1146.0,524.0,466.0,514.0,492.0,518.0,516.0,508.0,484.0,512.0,328.0,524.0,508.0
4844,GDN0022,Dummy,Valsalva,53,516.0,1148.0,526.0,482.0,538.0,504.0,528.0,538.0,512.0,488.0,522.0,514.0,526.0,514.0
4845,GDN0022,Dummy,Valsalva,54,498.0,,510.0,480.0,542.0,498.0,534.0,498.0,512.0,488.0,532.0,338.0,510.0,466.0
4846,GDN0023,Dummy,HoldingBreath,0,428.0,940.0,462.0,404.0,466.0,422.0,456.0,284.0,446.0,416.0,450.0,482.0,460.0,424.0
4847,GDN0023,Dummy,HoldingBreath,1,436.0,1090.0,458.0,440.0,438.0,418.0,448.0,434.0,450.0,414.0,442.0,486.0,458.0,434.0
4848,GDN0023,Dummy,HoldingBreath,2,488.0,1088.0,482.0,504.0,506.0,566.0,506.0,486.0,508.0,466.0,492.0,534.0,492.0,460.0
4849,GDN0023,Dummy,HoldingBreath,3,476.0,1108.0,502.0,498.0,510.0,454.0,500.0,474.0,504.0,464.0,476.0,532.0,502.0,474.0
4850,GDN0023,Dummy,HoldingBreath,4,494.0,1068.0,516.0,500.0,502.0,484.0,504.0,502.0,510.0,472.0,514.0,546.0,514.0,492.0
4851,GDN0023,Dummy,HoldingBreath,5,472.0,1024.0,512.0,478.0,510.0,444.0,498.0,472.0,490.0,460.0,512.0,534.0,512.0,472.0
4852,GDN0023,Dummy,HoldingBreath,6,476.0,1098.0,488.0,462.0,494.0,476.0,486.0,446.0,476.0,444.0,450.0,516.0,488.0,446.0
4853,GDN0023,Dummy,HoldingBreath,7,504.0,1126.0,516.0,492.0,520.0,502.0,514.0,502.0,508.0,468.0,480.0,542.0,516.0,480.0
4854,GDN0023,Dummy,HoldingBreath,8,494.0,1002.0,520.0,512.0,492.0,478.0,518.0,494.0,518.0,478.0,520.0,554.0,520.0,494.0
4855,GDN0023,Dummy,HoldingBreath,9,458.0,850.0,490.0,446.0,480.0,426.0,472.0,482.0,462.0,436.0,490.0,508.0,490.0,456.0
4856,GDN0023,Dummy,HoldingBreath,10,408.0,744.0,424.0,370.0,412.0,398.0,420.0,406.0,414.0,384.0,414.0,456.0,422.0,406.0
4857,GDN0023,Dummy,HoldingBreath,11,344.0,702.0,400.0,360.0,400.0,378.0,392.0,342.0,374.0,346.0,352.0,418.0,402.0,342.0
4858,GDN0023,Dummy,HoldingBreath,12,344.0,718.0,314.0,310.0,376.0,420.0,368.0,342.0,366.0,330.0,368.0,388.0,306.0,342.0
4859,GDN0023,Dummy,HoldingBreath,13,344.0,854.0,382.0,302.0,346.0,332.0,354.0,346.0,360.0,338.0,346.0,282.0,384.0,344.0
4860,GDN0023,Dummy,HoldingBreath,14,404.0,1272.0,422.0,358.0,406.0,440.0,412.0,408.0,404.0,384.0,410.0,448.0,422.0,404.0
4861,GDN0023,Dummy,HoldingBreath,15,566.0,1182.0,460.0,464.0,582.0,564.0,576.0,526.0,542.0,530.0,458.0,68.0,458.0,526.0
4862,GDN0023,Dummy,HoldingBreath,16,488.0,1136.0,528.0,440.0,534.0,510.0,524.0,486.0,510.0,498.0,490.0,548.0,528.0,486.0
4863,GDN0023,Dummy,HoldingBreath,17,488.0,1148.0,512.0,458.0,492.0,518.0,494.0,492.0,506.0,484.0,488.0,540.0,512.0,486.0
4864,GDN0023,Dummy,HoldingBreath,18,492.0,1198.0,514.0,474.0,404.0,492.0,506.0,490.0,508.0,488.0,462.0,536.0,514.0,460.0
4865,GDN0023,Dummy,HoldingBreath,19,482.0,1220.0,530.0,498.0,532.0,508.0,524.0,480.0,522.0,506.0,482.0,556.0,530.0,480.0
4866,GDN0023,Dummy,HoldingBreath,20,506.0,1202.0,544.0,474.0,550.0,496.0,534.0,504.0,528.0,512.0,508.0,564.0,544.0,504.0
4867,GDN0023,Dummy,HoldingBreath,21,508.0,1184.0,534.0,456.0,522.0,502.0,522.0,522.0,524.0,506.0,512.0,556.0,534.0,506.0
4868,GDN0023,Dummy,HoldingBreath,22,476.0,1206.0,534.0,494.0,538.0,464.0,526.0,476.0,518.0,500.0,476.0,554.0,534.0,476.0
4869,GDN0023,Dummy,HoldingBreath,23,526.0,992.0,544.0,504.0,546.0,524.0,538.0,522.0,526.0,508.0,486.0,566.0,544.0,484.0
4870,GDN0023,Dummy,HoldingBreath,24,466.0,1228.0,484.0,432.0,482.0,464.0,478.0,390.0,454.0,434.0,420.0,500.0,484.0,358.0
4871,GDN0023,Dummy,HoldingBreath,25,508.0,1228.0,554.0,490.0,558.0,534.0,550.0,504.0,536.0,516.0,472.0,572.0,552.0,470.0
4872,GDN0023,Dummy,HoldingBreath,26,520.0,1282.0,550.0,482.0,560.0,508.0,538.0,518.0,532.0,516.0,522.0,572.0,550.0,518.0
4873,GDN0023,Dummy,HoldingBreath,27,532.0,1302.0,572.0,492.0,574.0,520.0,564.0,532.0,554.0,534.0,534.0,592.0,572.0,532.0
4874,GDN0023,Dummy,HoldingBreath,28,558.0,1336.0,582.0,490.0,580.0,554.0,572.0,554.0,556.0,542.0,558.0,598.0,582.0,554.0
4875,GDN0023,Dummy,HoldingBreath,29,574.0,1298.0,592.0,550.0,592.0,574.0,586.0,572.0,572.0,554.0,546.0,612.0,592.0,544.0
4876,GDN0023,Dummy,HoldingBreath,30,534.0,1286.0,574.0,536.0,582.0,562.0,570.0,516.0,558.0,540.0,528.0,598.0,574.0,516.0
4877,GDN0023,Dummy,HoldingBreath,31,526.0,1314.0,572.0,540.0,578.0,558.0,566.0,526.0,560.0,536.0,528.0,592.0,572.0,526.0
4878,GDN0023,Dummy,HoldingBreath,32,532.0,1296.0,582.0,494.0,584.0,516.0,576.0,530.0,564.0,546.0,536.0,602.0,582.0,530.0
4879,GDN0023,Dummy,HoldingBreath,33,564.0,1286.0,582.0,544.0,582.0,562.0,574.0,562.0,564.0,540.0,582.0,598.0,582.0,530.0
4880,GDN0023,Dummy,HoldingBreath,34,530.0,1342.0,574.0,486.0,578.0,514.0,566.0,528.0,556.0,536.0,534.0,598.0,574.0,528.0
4881,GDN0023,Dummy,HoldingBreath,35,552.0,1342.0,592.0,528.0,596.0,550.0,588.0,550.0,580.0,556.0,552.0,618.0,592.0,512.0
4882,GDN0023,Dummy,HoldingBreath,36,556.0,1248.0,596.0,526.0,596.0,550.0,588.0,550.0,576.0,556.0,560.0,616.0,594.0,510.0
4883,GDN0023,Dummy,HoldingBreath,37,486.0,1264.0,558.0,516.0,568.0,548.0,558.0,484.0,540.0,522.0,488.0,582.0,558.0,484.0
4884,GDN0023,Dummy,HoldingBreath,38,540.0,1246.0,570.0,486.0,566.0,532.0,562.0,566.0,546.0,528.0,548.0,592.0,570.0,540.0
4885,GDN0023,Dummy,HoldingBreath,39,502.0,1222.0,558.0,528.0,566.0,500.0,552.0,502.0,546.0,522.0,510.0,580.0,560.0,502.0
4886,GDN0023,Dummy,HoldingBreath,40,490.0,1196.0,554.0,522.0,564.0,544.0,552.0,490.0,540.0,514.0,492.0,576.0,554.0,490.0
4887,GDN0023,Dummy,HoldingBreath,41,534.0,1228.0,544.0,508.0,548.0,532.0,542.0,496.0,528.0,504.0,496.0,566.0,544.0,496.0
4888,GDN0023,Dummy,HoldingBreath,42,542.0,1220.0,556.0,516.0,560.0,542.0,556.0,474.0,536.0,516.0,480.0,578.0,556.0,474.0
4889,GDN0023,Dummy,HoldingBreath,43,536.0,1210.0,554.0,506.0,554.0,532.0,548.0,554.0,530.0,512.0,544.0,574.0,554.0,536.0
4890,GDN0023,Dummy,HoldingBreath,44,532.0,1146.0,552.0,506.0,554.0,530.0,548.0,488.0,536.0,510.0,538.0,574.0,552.0,486.0
4891,GDN0023,Dummy,HoldingBreath,45,512.0,1120.0,534.0,456.0,532.0,510.0,526.0,436.0,510.0,488.0,520.0,552.0,534.0,410.0
4892,GDN0023,Dummy,HoldingBreath,46,508.0,1118.0,526.0,482.0,526.0,506.0,522.0,460.0,502.0,478.0,518.0,544.0,526.0,422.0
4893,GDN0023,Dummy,HoldingBreath,47,492.0,1148.0,522.0,438.0,532.0,482.0,510.0,490.0,504.0,478.0,498.0,544.0,522.0,490.0
4894,GDN0023,Dummy,HoldingBreath,48,516.0,1170.0,536.0,452.0,536.0,514.0,530.0,514.0,516.0,488.0,524.0,554.0,536.0,482.0
4895,GDN0023,Dummy,HoldingBreath,49,524.0,1194.0,542.0,478.0,544.0,524.0,538.0,492.0,526.0,496.0,532.0,562.0,542.0,460.0
4896,GDN0023,Dummy,HoldingBreath,50,524.0,1168.0,550.0,464.0,552.0,512.0,542.0,492.0,530.0,504.0,518.0,570.0,550.0,444.0
4897,GDN0023,Dummy,HoldingBreath,51,512.0,,538.0,494.0,532.0,512.0,526.0,510.0,520.0,494.0,518.0,556.0,538.0,476.0
4898,GDN0023,Dummy,Pause,0,424.0,944.0,458.0,440.0,464.0,508.0,450.0,448.0,450.0,414.0,460.0,486.0,460.0,424.0
4899,GDN0023,Dummy,Pause,1,430.0,912.0,460.0,386.0,464.0,414.0,458.0,428.0,446.0,416.0,454.0,488.0,458.0,428.0
4900,GDN0023,Dummy,Pause,2,434.0,1054.0,450.0,414.0,456.0,432.0,450.0,430.0,438.0,406.0,444.0,480.0,450.0,394.0
4901,GDN0023,Dummy,Pause,3,472.0,980.0,498.0,476.0,480.0,454.0,484.0,472.0,486.0,454.0,496.0,524.0,496.0,472.0
4902,GDN0023,Dummy,Pause,4,444.0,982.0,476.0,448.0,474.0,408.0,464.0,444.0,460.0,428.0,476.0,500.0,476.0,444.0
4903,GDN0023,Dummy,Pause,5,448.0,1026.0,478.0,400.0,476.0,422.0,466.0,446.0,460.0,430.0,448.0,502.0,478.0,446.0
4904,GDN0023,Dummy,Pause,6,452.0,1166.0,482.0,468.0,488.0,432.0,484.0,450.0,478.0,446.0,476.0,514.0,484.0,450.0
4905,GDN0023,Dummy,Pause,7,508.0,1158.0,522.0,516.0,544.0,490.0,534.0,506.0,526.0,494.0,510.0,562.0,524.0,506.0
4906,GDN0023,Dummy,Pause,8,526.0,1196.0,510.0,508.0,540.0,582.0,536.0,524.0,526.0,490.0,494.0,560.0,510.0,494.0
4907,GDN0023,Dummy,Pause,9,522.0,1150.0,550.0,516.0,550.0,482.0,542.0,550.0,532.0,504.0,550.0,572.0,550.0,520.0
4908,GDN0023,Dummy,Pause,10,504.0,1194.0,524.0,498.0,338.0,486.0,520.0,502.0,514.0,488.0,506.0,552.0,526.0,502.0
4909,GDN0023,Dummy,Pause,11,510.0,1140.0,528.0,530.0,362.0,490.0,534.0,508.0,540.0,502.0,512.0,570.0,526.0,508.0
4910,GDN0023,Dummy,Pause,12,490.0,1062.0,518.0,506.0,534.0,516.0,528.0,490.0,518.0,482.0,518.0,552.0,518.0,490.0
4911,GDN0023,Dummy,Pause,13,462.0,1004.0,500.0,476.0,508.0,422.0,500.0,460.0,488.0,458.0,500.0,530.0,500.0,460.0
4912,GDN0023,Dummy,Pause,14,454.0,1010.0,482.0,452.0,480.0,410.0,472.0,482.0,466.0,438.0,456.0,504.0,482.0,452.0
4913,GDN0023,Dummy,Pause,15,454.0,998.0,488.0,456.0,490.0,426.0,474.0,452.0,470.0,440.0,454.0,512.0,488.0,452.0
4914,GDN0023,Dummy,Pause,16,466.0,1240.0,478.0,444.0,478.0,460.0,476.0,480.0,466.0,436.0,470.0,504.0,480.0,464.0
4915,GDN0023,Dummy,Pause,17,518.0,1216.0,548.0,546.0,566.0,490.0,558.0,516.0,556.0,518.0,526.0,588.0,546.0,516.0
4916,GDN0023,Dummy,Pause,18,548.0,1166.0,534.0,536.0,564.0,546.0,558.0,520.0,548.0,510.0,522.0,584.0,534.0,520.0
4917,GDN0023,Dummy,Pause,19,522.0,1116.0,518.0,510.0,540.0,590.0,536.0,520.0,532.0,492.0,514.0,562.0,514.0,498.0
4918,GDN0023,Dummy,Pause,20,492.0,1036.0,518.0,504.0,542.0,452.0,508.0,492.0,512.0,474.0,518.0,552.0,518.0,492.0
4919,GDN0023,Dummy,Pause,21,464.0,990.0,498.0,470.0,302.0,432.0,486.0,462.0,480.0,448.0,498.0,522.0,498.0,462.0
4920,GDN0023,Dummy,Pause,22,452.0,990.0,484.0,454.0,482.0,418.0,474.0,450.0,464.0,432.0,452.0,508.0,484.0,450.0
4921,GDN0023,Dummy,Pause,23,446.0,1122.0,474.0,456.0,484.0,432.0,470.0,446.0,466.0,430.0,450.0,502.0,474.0,446.0
4922,GDN0023,Dummy,Pause,24,494.0,1132.0,512.0,508.0,518.0,576.0,512.0,520.0,516.0,476.0,498.0,544.0,512.0,492.0
4923,GDN0023,Dummy,Pause,25,488.0,1108.0,516.0,512.0,486.0,582.0,512.0,486.0,520.0,480.0,514.0,550.0,514.0,486.0
4924,GDN0023,Dummy,Pause,26,476.0,1086.0,516.0,500.0,526.0,452.0,516.0,474.0,510.0,472.0,516.0,546.0,516.0,474.0
4925,GDN0023,Dummy,Pause,27,476.0,1038.0,514.0,486.0,514.0,450.0,506.0,474.0,498.0,466.0,514.0,536.0,514.0,474.0
4926,GDN0023,Dummy,Pause,28,474.0,1058.0,498.0,448.0,488.0,466.0,486.0,488.0,482.0,450.0,474.0,516.0,498.0,474.0
4927,GDN0023,Dummy,Pause,29,476.0,1082.0,494.0,476.0,494.0,442.0,490.0,496.0,488.0,456.0,482.0,516.0,494.0,474.0
4928,GDN0023,Dummy,Pause,30,482.0,1144.0,498.0,492.0,518.0,566.0,498.0,480.0,500.0,462.0,482.0,534.0,500.0,480.0
4929,GDN0023,Dummy,Pause,31,490.0,1156.0,508.0,512.0,488.0,472.0,518.0,488.0,522.0,484.0,490.0,550.0,508.0,488.0
4930,GDN0023,Dummy,Pause,32,506.0,1084.0,530.0,514.0,534.0,474.0,526.0,534.0,524.0,488.0,506.0,554.0,530.0,504.0
4931,GDN0023,Dummy,Pause,33,484.0,1000.0,508.0,486.0,498.0,458.0,498.0,482.0,498.0,466.0,508.0,538.0,508.0,482.0
4932,GDN0023,Dummy,Pause,34,444.0,982.0,480.0,458.0,444.0,424.0,464.0,444.0,468.0,436.0,480.0,510.0,480.0,444.0
4933,GDN0023,Dummy,Pause,35,440.0,1064.0,468.0,392.0,466.0,416.0,462.0,440.0,456.0,430.0,448.0,496.0,468.0,440.0
4934,GDN0023,Dummy,Pause,36,464.0,1086.0,484.0,476.0,504.0,448.0,492.0,462.0,488.0,458.0,468.0,522.0,484.0,462.0
4935,GDN0023,Dummy,Pause,37,496.0,1114.0,480.0,482.0,512.0,494.0,506.0,494.0,502.0,464.0,470.0,532.0,480.0,468.0
4936,GDN0023,Dummy,Pause,38,492.0,1068.0,510.0,496.0,496.0,474.0,506.0,490.0,508.0,476.0,492.0,546.0,510.0,490.0
4937,GDN0023,Dummy,Pause,39,480.0,1010.0,506.0,430.0,502.0,458.0,496.0,504.0,488.0,460.0,506.0,528.0,506.0,480.0
4938,GDN0023,Dummy,Pause,40,456.0,986.0,482.0,456.0,470.0,442.0,472.0,454.0,470.0,440.0,458.0,514.0,482.0,454.0
4939,GDN0023,Dummy,Pause,41,446.0,1018.0,474.0,448.0,456.0,416.0,462.0,444.0,462.0,432.0,448.0,502.0,474.0,444.0
4940,GDN0023,Dummy,Pause,42,452.0,1122.0,474.0,458.0,492.0,542.0,468.0,452.0,472.0,442.0,454.0,504.0,474.0,452.0
4941,GDN0023,Dummy,Pause,43,486.0,1154.0,502.0,492.0,482.0,470.0,506.0,486.0,506.0,478.0,488.0,542.0,502.0,486.0
4942,GDN0023,Dummy,Pause,44,494.0,1164.0,512.0,518.0,354.0,474.0,508.0,492.0,526.0,488.0,512.0,106.0,512.0,492.0
4943,GDN0023,Dummy,Pause,45,500.0,1056.0,524.0,518.0,366.0,526.0,514.0,500.0,530.0,492.0,524.0,562.0,524.0,498.0
4944,GDN0023,Dummy,Pause,46,472.0,968.0,500.0,476.0,488.0,438.0,488.0,470.0,488.0,456.0,500.0,528.0,500.0,470.0
4945,GDN0023,Dummy,Pause,47,446.0,960.0,472.0,444.0,460.0,404.0,458.0,444.0,456.0,424.0,446.0,496.0,474.0,444.0
4946,GDN0023,Dummy,Pause,48,436.0,1012.0,464.0,388.0,474.0,416.0,454.0,434.0,450.0,422.0,438.0,492.0,464.0,434.0
4947,GDN0023,Dummy,Pause,49,470.0,1316.0,480.0,428.0,476.0,458.0,478.0,478.0,468.0,440.0,472.0,506.0,482.0,468.0
4948,GDN0023,Dummy,Pause,50,550.0,1214.0,566.0,560.0,596.0,530.0,566.0,548.0,574.0,546.0,552.0,608.0,564.0,548.0
4949,GDN0023,Dummy,Pause,51,520.0,1180.0,534.0,536.0,530.0,502.0,532.0,520.0,546.0,508.0,534.0,94.0,534.0,520.0
4950,GDN0023,Dummy,Pause,52,508.0,1098.0,540.0,518.0,506.0,528.0,538.0,508.0,530.0,500.0,540.0,570.0,540.0,508.0
4951,GDN0023,Dummy,Pause,53,492.0,1054.0,518.0,472.0,518.0,484.0,508.0,518.0,500.0,470.0,518.0,542.0,518.0,490.0
4952,GDN0023,Dummy,TiltLevel,0,396.0,722.0,416.0,370.0,404.0,390.0,402.0,452.0,378.0,336.0,398.0,436.0,416.0,394.0
4953,GDN0023,Dummy,TiltLevel,1,390.0,696.0,414.0,354.0,398.0,378.0,396.0,398.0,382.0,334.0,414.0,428.0,414.0,388.0
4954,GDN0023,Dummy,TiltLevel,2,362.0,692.0,404.0,322.0,358.0,346.0,378.0,362.0,368.0,328.0,404.0,424.0,404.0,362.0
4955,GDN0023,Dummy,TiltLevel,3,388.0,730.0,400.0,346.0,394.0,376.0,390.0,394.0,358.0,328.0,390.0,410.0,400.0,386.0
4956,GDN0023,Dummy,TiltLevel,4,404.0,798.0,408.0,316.0,416.0,402.0,408.0,374.0,374.0,342.0,370.0,428.0,412.0,368.0
4957,GDN0023,Dummy,TiltLevel,5,412.0,906.0,426.0,382.0,370.0,450.0,418.0,418.0,400.0,364.0,414.0,438.0,428.0,410.0
4958,GDN0023,Dummy,TiltLevel,6,452.0,920.0,466.0,378.0,460.0,508.0,456.0,460.0,436.0,404.0,454.0,480.0,464.0,450.0
4959,GDN0023,Dummy,TiltLevel,7,448.0,876.0,476.0,380.0,468.0,416.0,460.0,468.0,440.0,408.0,448.0,492.0,476.0,446.0
4960,GDN0023,Dummy,TiltLevel,8,432.0,836.0,468.0,424.0,462.0,384.0,450.0,432.0,430.0,390.0,468.0,486.0,468.0,430.0
4961,GDN0023,Dummy,TiltLevel,9,420.0,804.0,450.0,378.0,424.0,404.0,430.0,424.0,414.0,376.0,450.0,472.0,450.0,418.0
4962,GDN0023,Dummy,TiltLevel,10,402.0,784.0,428.0,334.0,428.0,394.0,416.0,402.0,396.0,368.0,406.0,446.0,428.0,402.0
4963,GDN0023,Dummy,TiltLevel,11,400.0,786.0,422.0,362.0,408.0,390.0,408.0,410.0,392.0,360.0,422.0,438.0,422.0,400.0
4964,GDN0023,Dummy,TiltLevel,12,410.0,766.0,432.0,382.0,420.0,402.0,416.0,422.0,394.0,362.0,412.0,444.0,430.0,408.0
4965,GDN0023,Dummy,TiltLevel,13,400.0,738.0,428.0,336.0,412.0,392.0,410.0,414.0,392.0,352.0,428.0,448.0,428.0,398.0
4966,GDN0023,Dummy,TiltLevel,14,384.0,714.0,432.0,388.0,426.0,364.0,416.0,384.0,390.0,340.0,432.0,448.0,432.0,384.0
4967,GDN0023,Dummy,TiltLevel,15,380.0,690.0,412.0,316.0,412.0,366.0,394.0,380.0,372.0,334.0,412.0,430.0,412.0,380.0
4968,GDN0023,Dummy,TiltLevel,16,358.0,686.0,402.0,304.0,408.0,334.0,388.0,358.0,362.0,326.0,366.0,422.0,402.0,358.0
4969,GDN0023,Dummy,TiltLevel,17,372.0,684.0,394.0,328.0,376.0,358.0,382.0,396.0,358.0,326.0,374.0,414.0,396.0,370.0
4970,GDN0023,Dummy,TiltLevel,18,386.0,716.0,406.0,360.0,402.0,380.0,396.0,402.0,366.0,324.0,390.0,418.0,404.0,384.0
4971,GDN0023,Dummy,TiltLevel,19,384.0,708.0,412.0,336.0,390.0,368.0,394.0,392.0,372.0,334.0,410.0,428.0,410.0,382.0
4972,GDN0023,Dummy,TiltLevel,20,378.0,736.0,418.0,360.0,412.0,374.0,400.0,376.0,376.0,330.0,378.0,434.0,420.0,376.0
4973,GDN0023,Dummy,TiltLevel,21,388.0,738.0,416.0,322.0,400.0,368.0,398.0,400.0,380.0,342.0,388.0,432.0,414.0,388.0
4974,GDN0023,Dummy,TiltLevel,22,382.0,720.0,416.0,346.0,418.0,368.0,392.0,386.0,376.0,344.0,418.0,432.0,418.0,382.0
4975,GDN0023,Dummy,TiltLevel,23,388.0,700.0,418.0,334.0,398.0,364.0,394.0,400.0,376.0,336.0,422.0,430.0,422.0,386.0
4976,GDN0023,Dummy,TiltLevel,24,374.0,694.0,394.0,314.0,382.0,360.0,380.0,384.0,362.0,330.0,392.0,406.0,392.0,372.0
4977,GDN0023,Dummy,TiltLevel,25,372.0,736.0,392.0,300.0,384.0,366.0,378.0,384.0,356.0,328.0,374.0,406.0,394.0,370.0
4978,GDN0023,Dummy,TiltLevel,26,384.0,772.0,402.0,356.0,394.0,376.0,390.0,394.0,372.0,344.0,384.0,410.0,402.0,382.0
4979,GDN0023,Dummy,TiltLevel,27,378.0,762.0,414.0,322.0,414.0,358.0,398.0,378.0,384.0,356.0,380.0,432.0,414.0,378.0
4980,GDN0023,Dummy,TiltLevel,28,404.0,752.0,428.0,384.0,422.0,360.0,412.0,382.0,390.0,350.0,428.0,442.0,428.0,382.0
4981,GDN0023,Dummy,TiltLevel,29,392.0,726.0,422.0,336.0,408.0,364.0,404.0,408.0,386.0,348.0,422.0,442.0,422.0,390.0
4982,GDN0023,Dummy,TiltLevel,30,390.0,690.0,416.0,348.0,396.0,376.0,396.0,396.0,376.0,338.0,416.0,434.0,416.0,388.0
4983,GDN0023,Dummy,TiltLevel,31,370.0,682.0,392.0,348.0,388.0,368.0,382.0,388.0,360.0,328.0,376.0,408.0,392.0,368.0
4984,GDN0023,Dummy,TiltLevel,32,344.0,678.0,378.0,290.0,376.0,326.0,366.0,342.0,352.0,324.0,350.0,398.0,380.0,342.0
4985,GDN0023,Dummy,TiltLevel,33,348.0,712.0,386.0,294.0,272.0,334.0,372.0,348.0,354.0,324.0,354.0,226.0,386.0,348.0
4986,GDN0023,Dummy,TiltLevel,34,374.0,716.0,402.0,306.0,398.0,358.0,388.0,400.0,366.0,336.0,374.0,420.0,402.0,374.0
4987,GDN0023,Dummy,TiltLevel,35,378.0,714.0,412.0,334.0,400.0,356.0,392.0,400.0,370.0,334.0,412.0,424.0,412.0,378.0
4988,GDN0023,Dummy,TiltLevel,36,336.0,696.0,376.0,344.0,404.0,382.0,348.0,334.0,362.0,336.0,374.0,410.0,374.0,334.0
4989,GDN0023,Dummy,TiltLevel,37,382.0,696.0,408.0,328.0,404.0,372.0,394.0,404.0,366.0,328.0,384.0,422.0,408.0,380.0
4990,GDN0023,Dummy,TiltLevel,38,372.0,760.0,402.0,326.0,178.0,356.0,384.0,396.0,362.0,330.0,402.0,420.0,402.0,372.0
4991,GDN0023,Dummy,TiltLevel,39,392.0,846.0,306.0,312.0,408.0,360.0,402.0,376.0,378.0,352.0,412.0,422.0,314.0,376.0
4992,GDN0023,Dummy,TiltLevel,40,420.0,938.0,436.0,366.0,424.0,408.0,424.0,426.0,412.0,382.0,436.0,450.0,436.0,418.0
4993,GDN0023,Dummy,TiltLevel,41,438.0,986.0,470.0,382.0,466.0,418.0,456.0,436.0,442.0,414.0,442.0,488.0,468.0,436.0
4994,GDN0023,Dummy,TiltLevel,42,456.0,954.0,486.0,396.0,460.0,440.0,464.0,462.0,460.0,432.0,486.0,508.0,486.0,454.0
4995,GDN0023,Dummy,TiltLevel,43,446.0,1004.0,466.0,424.0,466.0,444.0,460.0,444.0,446.0,420.0,448.0,488.0,466.0,406.0
4996,GDN0023,Dummy,TiltLevel,44,462.0,1010.0,486.0,466.0,466.0,540.0,466.0,466.0,474.0,436.0,462.0,504.0,486.0,460.0
4997,GDN0023,Dummy,TiltLevel,45,442.0,990.0,464.0,398.0,446.0,472.0,450.0,446.0,452.0,438.0,442.0,492.0,466.0,442.0
4998,GDN0023,Dummy,TiltLevel,46,458.0,974.0,466.0,436.0,316.0,508.0,464.0,422.0,458.0,432.0,420.0,486.0,464.0,418.0
4999,GDN0023,Dummy,TiltLevel,47,430.0,894.0,456.0,376.0,440.0,414.0,442.0,440.0,446.0,426.0,456.0,480.0,456.0,428.0
5000,GDN0023,Dummy,TiltLevel,48,428.0,876.0,440.0,362.0,434.0,418.0,432.0,434.0,418.0,398.0,428.0,456.0,440.0,426.0
5001,GDN0023,Dummy,TiltLevel,49,398.0,936.0,424.0,364.0,414.0,390.0,412.0,416.0,408.0,392.0,400.0,446.0,426.0,396.0
5002,GDN0023,Dummy,TiltLevel,50,414.0,978.0,448.0,426.0,448.0,502.0,440.0,450.0,442.0,414.0,422.0,470.0,446.0,414.0
5003,GDN0023,Dummy,TiltLevel,51,442.0,886.0,470.0,434.0,458.0,428.0,454.0,458.0,452.0,428.0,470.0,492.0,470.0,442.0
5004,GDN0023,Dummy,TiltLevel,52,404.0,846.0,432.0,342.0,430.0,376.0,422.0,402.0,414.0,396.0,418.0,452.0,434.0,402.0
5005,GDN0023,Dummy,TiltLevel,53,376.0,890.0,420.0,344.0,322.0,360.0,418.0,374.0,408.0,382.0,378.0,448.0,420.0,374.0
5006,GDN0023,Dummy,TiltLevel,54,412.0,1012.0,428.0,362.0,422.0,478.0,418.0,422.0,426.0,398.0,416.0,446.0,428.0,412.0
5007,GDN0023,Dummy,TiltLevel,55,440.0,1000.0,452.0,452.0,306.0,418.0,458.0,438.0,468.0,440.0,450.0,300.0,452.0,438.0
5008,GDN0023,Dummy,TiltLevel,56,446.0,984.0,468.0,444.0,466.0,428.0,458.0,466.0,462.0,436.0,448.0,492.0,468.0,446.0
5009,GDN0023,Dummy,TiltLevel,57,438.0,950.0,462.0,442.0,454.0,402.0,452.0,436.0,458.0,430.0,440.0,492.0,464.0,436.0
5010,GDN0023,Dummy,TiltLevel,58,428.0,1062.0,446.0,374.0,450.0,396.0,444.0,426.0,442.0,418.0,436.0,476.0,446.0,426.0
5011,GDN0023,Dummy,TiltLevel,59,460.0,1096.0,466.0,434.0,348.0,536.0,488.0,460.0,484.0,458.0,466.0,512.0,466.0,460.0
5012,GDN0023,Dummy,TiltLevel,60,486.0,1046.0,494.0,494.0,486.0,546.0,488.0,488.0,504.0,468.0,486.0,130.0,494.0,484.0
5013,GDN0023,Dummy,TiltLevel,61,458.0,966.0,478.0,462.0,478.0,434.0,474.0,456.0,478.0,452.0,464.0,502.0,478.0,456.0
5014,GDN0023,Dummy,TiltLevel,62,444.0,920.0,462.0,392.0,450.0,430.0,450.0,452.0,454.0,424.0,444.0,480.0,462.0,442.0
5015,GDN0023,Dummy,TiltLevel,63,426.0,900.0,452.0,422.0,442.0,402.0,438.0,444.0,436.0,408.0,430.0,474.0,452.0,426.0
5016,GDN0023,Dummy,TiltLevel,64,410.0,902.0,440.0,416.0,408.0,488.0,422.0,408.0,430.0,400.0,410.0,466.0,440.0,408.0
5017,GDN0023,Dummy,TiltLevel,65,410.0,952.0,444.0,364.0,436.0,388.0,430.0,408.0,428.0,402.0,416.0,470.0,442.0,408.0
5018,GDN0023,Dummy,TiltLevel,66,414.0,1066.0,438.0,428.0,412.0,438.0,448.0,414.0,450.0,420.0,418.0,478.0,444.0,414.0
5019,GDN0023,Dummy,TiltLevel,67,502.0,1054.0,468.0,430.0,416.0,500.0,514.0,466.0,484.0,460.0,466.0,528.0,430.0,462.0
5020,GDN0023,Dummy,TiltLevel,68,450.0,914.0,468.0,468.0,490.0,540.0,480.0,450.0,482.0,454.0,470.0,512.0,474.0,450.0
5021,GDN0023,Dummy,TiltLevel,69,420.0,988.0,442.0,424.0,302.0,402.0,430.0,418.0,436.0,406.0,426.0,472.0,442.0,418.0
5022,GDN0023,Dummy,TiltUp,0,392.0,780.0,428.0,346.0,422.0,370.0,414.0,414.0,394.0,356.0,392.0,442.0,426.0,392.0
5023,GDN0023,Dummy,TiltUp,1,394.0,762.0,432.0,386.0,424.0,380.0,416.0,394.0,394.0,356.0,432.0,452.0,432.0,394.0
5024,GDN0023,Dummy,TiltUp,2,386.0,742.0,426.0,378.0,418.0,360.0,410.0,386.0,388.0,350.0,426.0,444.0,426.0,384.0
5025,GDN0023,Dummy,TiltUp,3,390.0,716.0,418.0,316.0,402.0,378.0,400.0,402.0,376.0,346.0,420.0,434.0,420.0,390.0
5026,GDN0023,Dummy,TiltUp,4,366.0,694.0,406.0,330.0,400.0,350.0,386.0,366.0,366.0,336.0,406.0,424.0,406.0,364.0
5027,GDN0023,Dummy,TiltUp,5,370.0,696.0,396.0,314.0,388.0,342.0,382.0,388.0,358.0,328.0,372.0,412.0,396.0,370.0
5028,GDN0023,Dummy,TiltUp,6,364.0,712.0,394.0,322.0,262.0,350.0,380.0,364.0,362.0,330.0,368.0,418.0,394.0,364.0
5029,GDN0023,Dummy,TiltUp,7,372.0,738.0,404.0,312.0,408.0,358.0,390.0,372.0,370.0,334.0,374.0,426.0,404.0,372.0
5030,GDN0023,Dummy,TiltUp,8,390.0,772.0,414.0,340.0,406.0,368.0,402.0,408.0,380.0,342.0,414.0,432.0,414.0,390.0
5031,GDN0023,Dummy,TiltUp,9,400.0,780.0,424.0,360.0,416.0,388.0,412.0,416.0,388.0,356.0,400.0,444.0,424.0,398.0
5032,GDN0023,Dummy,TiltUp,10,398.0,786.0,436.0,336.0,438.0,420.0,430.0,418.0,394.0,356.0,404.0,452.0,436.0,396.0
5033,GDN0023,Dummy,TiltUp,11,388.0,810.0,434.0,348.0,434.0,410.0,424.0,388.0,396.0,360.0,434.0,452.0,434.0,388.0
5034,GDN0023,Dummy,TiltUp,12,408.0,768.0,440.0,394.0,440.0,384.0,428.0,406.0,404.0,368.0,408.0,458.0,440.0,406.0
5035,GDN0023,Dummy,TiltUp,13,402.0,772.0,424.0,376.0,418.0,396.0,412.0,418.0,388.0,352.0,404.0,442.0,424.0,402.0
5036,GDN0023,Dummy,TiltUp,14,400.0,792.0,420.0,344.0,412.0,392.0,410.0,414.0,390.0,354.0,402.0,440.0,422.0,400.0
5037,GDN0023,Dummy,TiltUp,15,396.0,778.0,432.0,352.0,426.0,376.0,418.0,396.0,396.0,364.0,432.0,448.0,432.0,396.0
5038,GDN0023,Dummy,TiltUp,16,402.0,792.0,430.0,378.0,414.0,394.0,412.0,414.0,394.0,356.0,404.0,450.0,430.0,402.0
5039,GDN0023,Dummy,TiltUp,17,402.0,762.0,436.0,340.0,434.0,386.0,420.0,402.0,398.0,362.0,436.0,452.0,436.0,402.0
5040,GDN0023,Dummy,TiltUp,18,402.0,748.0,426.0,334.0,416.0,392.0,410.0,416.0,386.0,350.0,428.0,442.0,428.0,400.0
5041,GDN0023,Dummy,TiltUp,19,394.0,734.0,422.0,342.0,410.0,376.0,404.0,412.0,382.0,346.0,420.0,436.0,420.0,392.0
5042,GDN0023,Dummy,TiltUp,20,380.0,740.0,416.0,336.0,408.0,360.0,396.0,380.0,374.0,342.0,416.0,430.0,416.0,380.0
5043,GDN0023,Dummy,TiltUp,21,392.0,778.0,412.0,320.0,402.0,382.0,398.0,404.0,374.0,344.0,392.0,426.0,412.0,390.0
5044,GDN0023,Dummy,TiltUp,22,396.0,832.0,420.0,374.0,416.0,396.0,408.0,394.0,388.0,358.0,420.0,434.0,420.0,368.0
5045,GDN0023,Dummy,TiltUp,23,424.0,862.0,444.0,394.0,444.0,424.0,436.0,374.0,408.0,378.0,376.0,460.0,446.0,374.0
5046,GDN0023,Dummy,TiltUp,24,422.0,854.0,452.0,372.0,440.0,398.0,436.0,440.0,426.0,386.0,422.0,470.0,452.0,422.0
5047,GDN0023,Dummy,TiltUp,25,406.0,822.0,460.0,410.0,464.0,436.0,454.0,436.0,420.0,382.0,406.0,480.0,460.0,406.0
5048,GDN0023,Dummy,TiltUp,26,422.0,790.0,450.0,356.0,258.0,408.0,432.0,428.0,412.0,372.0,450.0,468.0,450.0,420.0
5049,GDN0023,Dummy,TiltUp,27,402.0,762.0,442.0,346.0,410.0,372.0,414.0,402.0,400.0,360.0,440.0,458.0,440.0,400.0
5050,GDN0023,Dummy,TiltUp,28,384.0,724.0,420.0,344.0,412.0,366.0,398.0,382.0,384.0,352.0,420.0,438.0,420.0,382.0
5051,GDN0023,Dummy,TiltUp,29,372.0,698.0,418.0,370.0,414.0,354.0,404.0,372.0,378.0,338.0,418.0,436.0,418.0,372.0
5052,GDN0023,Dummy,TiltUp,30,380.0,678.0,404.0,344.0,404.0,370.0,390.0,378.0,358.0,330.0,380.0,420.0,406.0,378.0
5053,GDN0023,Dummy,TiltUp,31,370.0,678.0,394.0,332.0,380.0,358.0,380.0,380.0,360.0,322.0,374.0,412.0,392.0,370.0
5054,GDN0023,Dummy,TiltUp,32,370.0,702.0,394.0,340.0,392.0,362.0,384.0,368.0,356.0,324.0,378.0,414.0,394.0,368.0
5055,GDN0023,Dummy,TiltUp,33,384.0,756.0,404.0,354.0,394.0,376.0,390.0,394.0,368.0,330.0,386.0,418.0,404.0,384.0
5056,GDN0023,Dummy,TiltUp,34,378.0,786.0,422.0,332.0,416.0,360.0,408.0,378.0,388.0,348.0,422.0,440.0,422.0,378.0
5057,GDN0023,Dummy,TiltUp,35,416.0,794.0,440.0,378.0,430.0,404.0,424.0,430.0,398.0,360.0,438.0,454.0,438.0,414.0
5058,GDN0023,Dummy,TiltUp,36,410.0,780.0,442.0,366.0,428.0,390.0,424.0,430.0,398.0,362.0,442.0,460.0,442.0,410.0
5059,GDN0023,Dummy,TiltUp,37,396.0,768.0,440.0,352.0,438.0,374.0,422.0,396.0,398.0,358.0,442.0,456.0,442.0,394.0
5060,GDN0023,Dummy,TiltUp,38,402.0,748.0,428.0,366.0,410.0,390.0,410.0,412.0,396.0,350.0,428.0,446.0,428.0,402.0
5061,GDN0023,Dummy,TiltUp,39,390.0,746.0,412.0,354.0,406.0,378.0,402.0,408.0,380.0,348.0,392.0,434.0,414.0,388.0
5062,GDN0023,Dummy,TiltUp,40,388.0,742.0,414.0,356.0,400.0,376.0,398.0,402.0,382.0,346.0,388.0,434.0,414.0,386.0
5063,GDN0023,Dummy,TiltUp,41,384.0,740.0,416.0,340.0,412.0,366.0,404.0,382.0,382.0,344.0,386.0,438.0,416.0,382.0
5064,GDN0023,Dummy,TiltUp,42,394.0,728.0,418.0,324.0,408.0,358.0,404.0,410.0,380.0,342.0,394.0,438.0,418.0,392.0
5065,GDN0023,Dummy,TiltUp,43,384.0,708.0,416.0,340.0,402.0,362.0,398.0,404.0,378.0,338.0,416.0,436.0,416.0,384.0
5066,GDN0023,Dummy,TiltUp,44,384.0,698.0,414.0,334.0,404.0,378.0,398.0,404.0,374.0,332.0,412.0,430.0,412.0,382.0
5067,GDN0023,Dummy,TiltUp,45,368.0,696.0,406.0,306.0,400.0,348.0,388.0,368.0,364.0,328.0,368.0,422.0,406.0,366.0
5068,GDN0023,Dummy,TiltUp,46,374.0,694.0,400.0,306.0,390.0,364.0,384.0,392.0,364.0,328.0,374.0,416.0,400.0,372.0
5069,GDN0023,Dummy,TiltUp,47,368.0,700.0,392.0,296.0,222.0,350.0,378.0,382.0,358.0,328.0,372.0,410.0,392.0,366.0
5070,GDN0023,Dummy,TiltUp,48,376.0,728.0,398.0,304.0,382.0,366.0,382.0,384.0,364.0,332.0,378.0,418.0,398.0,376.0
5071,GDN0023,Dummy,TiltUp,49,386.0,764.0,414.0,330.0,394.0,376.0,396.0,396.0,374.0,338.0,416.0,434.0,416.0,386.0
5072,GDN0023,Dummy,TiltUp,50,408.0,760.0,422.0,338.0,418.0,404.0,414.0,420.0,382.0,354.0,378.0,436.0,420.0,406.0
5073,GDN0023,Dummy,TiltUp,51,410.0,758.0,430.0,372.0,420.0,400.0,416.0,420.0,390.0,350.0,410.0,442.0,430.0,410.0
5074,GDN0023,Dummy,TiltUp,52,408.0,744.0,428.0,374.0,424.0,398.0,416.0,426.0,390.0,350.0,412.0,442.0,428.0,408.0
5075,GDN0023,Dummy,TiltUp,53,396.0,714.0,426.0,342.0,408.0,464.0,404.0,408.0,392.0,342.0,426.0,440.0,426.0,396.0
5076,GDN0023,Dummy,TiltUp,54,370.0,676.0,412.0,300.0,414.0,364.0,390.0,370.0,364.0,336.0,372.0,424.0,414.0,370.0
5077,GDN0023,Dummy,TiltUp,55,344.0,652.0,382.0,294.0,238.0,334.0,374.0,344.0,354.0,322.0,348.0,404.0,382.0,344.0
5078,GDN0023,Dummy,TiltUp,56,328.0,656.0,374.0,346.0,328.0,410.0,366.0,328.0,352.0,312.0,376.0,88.0,376.0,328.0
5079,GDN0023,Dummy,TiltUp,57,344.0,664.0,366.0,296.0,344.0,328.0,348.0,344.0,336.0,316.0,344.0,384.0,364.0,342.0
5080,GDN0023,Dummy,TiltUp,58,340.0,660.0,388.0,304.0,388.0,330.0,378.0,338.0,354.0,316.0,346.0,408.0,390.0,338.0
5081,GDN0023,Dummy,TiltUp,59,370.0,656.0,390.0,330.0,378.0,416.0,376.0,378.0,358.0,312.0,370.0,400.0,388.0,368.0
5082,GDN0023,Dummy,TiltUp,60,362.0,642.0,394.0,296.0,386.0,336.0,380.0,388.0,352.0,314.0,364.0,412.0,396.0,360.0
5083,GDN0023,Dummy,TiltUp,61,370.0,628.0,392.0,338.0,382.0,364.0,378.0,384.0,350.0,308.0,372.0,404.0,392.0,370.0
5084,GDN0023,Dummy,TiltUp,62,362.0,616.0,390.0,298.0,366.0,408.0,366.0,368.0,348.0,302.0,390.0,394.0,390.0,362.0
5085,GDN0023,Dummy,TiltUp,63,326.0,604.0,374.0,310.0,378.0,354.0,364.0,322.0,334.0,302.0,302.0,390.0,374.0,298.0
5086,GDN0023,Dummy,TiltUp,64,332.0,594.0,370.0,264.0,372.0,320.0,356.0,332.0,326.0,298.0,336.0,386.0,370.0,332.0
5087,GDN0023,Dummy,TiltUp,65,338.0,594.0,364.0,300.0,352.0,328.0,348.0,354.0,322.0,294.0,340.0,378.0,362.0,336.0
5088,GDN0023,Dummy,TiltUp,66,344.0,646.0,364.0,280.0,352.0,334.0,350.0,354.0,326.0,294.0,364.0,376.0,364.0,342.0
5089,GDN0023,Dummy,TiltUp,67,362.0,768.0,378.0,328.0,370.0,352.0,368.0,370.0,342.0,312.0,364.0,392.0,378.0,360.0
5090,GDN0023,Dummy,TiltUp,68,394.0,798.0,416.0,362.0,404.0,386.0,402.0,404.0,384.0,354.0,394.0,434.0,416.0,392.0
5091,GDN0023,Dummy,TiltUp,69,364.0,784.0,430.0,344.0,430.0,396.0,420.0,362.0,396.0,366.0,428.0,448.0,428.0,330.0
5092,GDN0023,Dummy,TiltUp,70,398.0,752.0,432.0,360.0,410.0,384.0,410.0,410.0,396.0,358.0,432.0,450.0,432.0,396.0
5093,GDN0023,Dummy,TiltUp,71,396.0,732.0,428.0,328.0,420.0,380.0,410.0,420.0,386.0,348.0,428.0,444.0,428.0,394.0
5094,GDN0023,Dummy,TiltUp,72,388.0,710.0,416.0,342.0,404.0,370.0,398.0,406.0,380.0,340.0,416.0,430.0,416.0,386.0
5095,GDN0023,Dummy,TiltUp,73,382.0,688.0,406.0,314.0,390.0,370.0,388.0,390.0,370.0,332.0,408.0,422.0,408.0,380.0
5096,GDN0023,Dummy,TiltUp,74,346.0,668.0,388.0,324.0,390.0,344.0,378.0,344.0,354.0,326.0,354.0,404.0,386.0,310.0
5097,GDN0023,Dummy,TiltUp,75,360.0,670.0,380.0,304.0,376.0,354.0,370.0,378.0,342.0,320.0,368.0,394.0,380.0,360.0
5098,GDN0023,Dummy,TiltUp,76,368.0,710.0,388.0,290.0,380.0,358.0,376.0,382.0,350.0,320.0,372.0,402.0,388.0,368.0
5099,GDN0023,Dummy,TiltUp,77,388.0,706.0,408.0,350.0,396.0,442.0,392.0,396.0,372.0,332.0,406.0,416.0,406.0,388.0
5100,GDN0023,Dummy,TiltUp,78,400.0,694.0,412.0,354.0,412.0,396.0,406.0,414.0,366.0,334.0,412.0,428.0,412.0,398.0
5101,GDN0023,Dummy,TiltUp,79,376.0,680.0,400.0,344.0,332.0,368.0,388.0,388.0,362.0,326.0,378.0,420.0,400.0,376.0
5102,GDN0023,Dummy,TiltUp,80,360.0,664.0,394.0,342.0,382.0,360.0,380.0,382.0,360.0,322.0,332.0,416.0,392.0,360.0
5103,GDN0023,Dummy,TiltUp,81,356.0,,396.0,318.0,384.0,342.0,374.0,356.0,352.0,316.0,398.0,412.0,398.0,356.0
5104,GDN0023,Dummy,Valsalva,0,482.0,1102.0,500.0,490.0,480.0,466.0,500.0,556.0,502.0,472.0,484.0,536.0,500.0,480.0
5105,GDN0023,Dummy,Valsalva,1,484.0,1036.0,512.0,492.0,312.0,442.0,506.0,484.0,504.0,472.0,512.0,542.0,512.0,484.0
5106,GDN0023,Dummy,Valsalva,2,454.0,972.0,492.0,466.0,502.0,438.0,484.0,454.0,478.0,448.0,494.0,520.0,494.0,454.0
5107,GDN0023,Dummy,Valsalva,3,436.0,1074.0,468.0,444.0,454.0,508.0,456.0,434.0,456.0,426.0,438.0,500.0,468.0,434.0
5108,GDN0023,Dummy,Valsalva,4,482.0,1310.0,492.0,488.0,502.0,448.0,498.0,504.0,498.0,460.0,490.0,526.0,498.0,480.0
5109,GDN0023,Dummy,Valsalva,5,558.0,1214.0,570.0,566.0,564.0,542.0,566.0,564.0,576.0,544.0,558.0,8.0,570.0,556.0
5110,GDN0023,Dummy,Valsalva,6,518.0,1162.0,526.0,538.0,374.0,502.0,536.0,516.0,546.0,508.0,518.0,570.0,524.0,516.0
5111,GDN0023,Dummy,Valsalva,7,502.0,1028.0,532.0,516.0,530.0,482.0,522.0,502.0,526.0,490.0,530.0,558.0,530.0,502.0
5112,GDN0023,Dummy,Valsalva,8,458.0,978.0,492.0,462.0,500.0,434.0,476.0,458.0,476.0,446.0,492.0,518.0,492.0,458.0
5113,GDN0023,Dummy,Valsalva,9,442.0,1010.0,472.0,444.0,458.0,398.0,458.0,440.0,458.0,428.0,444.0,502.0,472.0,440.0
5114,GDN0023,Dummy,Valsalva,10,448.0,1132.0,472.0,458.0,484.0,410.0,472.0,446.0,470.0,440.0,456.0,506.0,474.0,446.0
5115,GDN0023,Dummy,Valsalva,11,482.0,1188.0,494.0,502.0,366.0,466.0,510.0,482.0,514.0,482.0,488.0,50.0,494.0,482.0
5116,GDN0023,Dummy,Valsalva,12,520.0,1166.0,530.0,528.0,530.0,598.0,530.0,532.0,538.0,500.0,520.0,560.0,530.0,518.0
5117,GDN0023,Dummy,Valsalva,13,498.0,1132.0,516.0,518.0,536.0,480.0,528.0,496.0,528.0,492.0,498.0,556.0,516.0,496.0
5118,GDN0023,Dummy,Valsalva,14,488.0,1040.0,518.0,498.0,344.0,468.0,506.0,486.0,512.0,482.0,516.0,552.0,516.0,486.0
5119,GDN0023,Dummy,Valsalva,15,460.0,946.0,496.0,466.0,496.0,436.0,484.0,460.0,480.0,450.0,496.0,518.0,496.0,458.0
5120,GDN0023,Dummy,Valsalva,16,428.0,992.0,462.0,436.0,292.0,408.0,450.0,426.0,448.0,418.0,430.0,488.0,462.0,426.0
5121,GDN0023,Dummy,Valsalva,17,454.0,1138.0,468.0,438.0,470.0,452.0,466.0,472.0,464.0,434.0,462.0,496.0,468.0,452.0
5122,GDN0023,Dummy,Valsalva,18,492.0,1162.0,502.0,508.0,494.0,578.0,506.0,490.0,518.0,482.0,494.0,82.0,502.0,490.0
5123,GDN0023,Dummy,Valsalva,19,508.0,1150.0,520.0,512.0,514.0,490.0,518.0,514.0,524.0,492.0,508.0,558.0,520.0,506.0
5124,GDN0023,Dummy,Valsalva,20,502.0,1102.0,526.0,508.0,510.0,482.0,518.0,502.0,520.0,488.0,502.0,556.0,526.0,502.0
5125,GDN0023,Dummy,Valsalva,21,478.0,1054.0,512.0,484.0,478.0,500.0,508.0,478.0,500.0,472.0,510.0,542.0,510.0,476.0
5126,GDN0023,Dummy,Valsalva,22,462.0,1090.0,494.0,472.0,496.0,436.0,484.0,460.0,484.0,454.0,462.0,524.0,494.0,460.0
5127,GDN0023,Dummy,Valsalva,23,472.0,1138.0,488.0,490.0,518.0,500.0,486.0,472.0,500.0,468.0,476.0,530.0,490.0,472.0
5128,GDN0023,Dummy,Valsalva,24,486.0,1116.0,506.0,506.0,488.0,522.0,498.0,490.0,518.0,482.0,486.0,552.0,506.0,486.0
5129,GDN0023,Dummy,Valsalva,25,484.0,1108.0,506.0,500.0,342.0,468.0,508.0,484.0,510.0,474.0,488.0,540.0,506.0,484.0
5130,GDN0023,Dummy,Valsalva,26,486.0,1052.0,510.0,500.0,488.0,466.0,498.0,484.0,510.0,472.0,510.0,546.0,510.0,484.0
5131,GDN0023,Dummy,Valsalva,27,474.0,1024.0,500.0,470.0,484.0,460.0,490.0,472.0,484.0,454.0,474.0,528.0,500.0,472.0
5132,GDN0023,Dummy,Valsalva,28,462.0,1110.0,490.0,460.0,490.0,432.0,482.0,490.0,474.0,444.0,466.0,514.0,492.0,460.0
5133,GDN0023,Dummy,Valsalva,29,494.0,1250.0,504.0,494.0,340.0,548.0,508.0,492.0,506.0,474.0,500.0,532.0,506.0,492.0
5134,GDN0023,Dummy,Valsalva,30,540.0,1222.0,556.0,550.0,390.0,526.0,554.0,538.0,560.0,522.0,554.0,590.0,554.0,538.0
5135,GDN0023,Dummy,Valsalva,31,522.0,1200.0,544.0,540.0,560.0,610.0,550.0,522.0,550.0,512.0,542.0,582.0,542.0,522.0
5136,GDN0023,Dummy,Valsalva,32,520.0,1128.0,540.0,530.0,386.0,572.0,536.0,520.0,540.0,504.0,540.0,8.0,540.0,520.0
5137,GDN0023,Dummy,Valsalva,33,488.0,1106.0,524.0,502.0,528.0,470.0,520.0,488.0,512.0,480.0,488.0,552.0,522.0,488.0
5138,GDN0023,Dummy,Valsalva,34,482.0,1132.0,508.0,494.0,484.0,464.0,496.0,484.0,506.0,474.0,484.0,546.0,510.0,482.0
5139,GDN0023,Dummy,Valsalva,35,496.0,1254.0,506.0,526.0,518.0,602.0,514.0,518.0,528.0,478.0,500.0,76.0,510.0,494.0
5140,GDN0023,Dummy,Valsalva,36,534.0,1244.0,550.0,548.0,398.0,512.0,550.0,532.0,558.0,522.0,536.0,588.0,550.0,532.0
5141,GDN0023,Dummy,Valsalva,37,526.0,1206.0,546.0,548.0,386.0,506.0,544.0,524.0,558.0,520.0,546.0,38.0,546.0,524.0
5142,GDN0023,Dummy,Valsalva,38,520.0,1178.0,538.0,540.0,522.0,506.0,534.0,518.0,546.0,506.0,520.0,572.0,536.0,518.0
5143,GDN0023,Dummy,Valsalva,39,518.0,1112.0,540.0,528.0,534.0,494.0,528.0,534.0,536.0,496.0,538.0,566.0,538.0,516.0
5144,GDN0023,Dummy,Valsalva,40,492.0,1046.0,524.0,490.0,524.0,474.0,508.0,494.0,504.0,476.0,522.0,546.0,522.0,492.0
5145,GDN0023,Dummy,Valsalva,41,454.0,1120.0,504.0,474.0,504.0,426.0,496.0,454.0,484.0,452.0,504.0,526.0,504.0,454.0
5146,GDN0023,Dummy,Valsalva,42,490.0,1228.0,504.0,500.0,384.0,528.0,498.0,496.0,510.0,478.0,490.0,126.0,506.0,488.0
5147,GDN0023,Dummy,Valsalva,43,526.0,1204.0,542.0,542.0,528.0,510.0,536.0,528.0,552.0,514.0,540.0,76.0,540.0,524.0
5148,GDN0023,Dummy,Valsalva,44,526.0,1196.0,540.0,538.0,554.0,602.0,542.0,556.0,546.0,506.0,526.0,574.0,542.0,524.0
5149,GDN0023,Dummy,Valsalva,45,510.0,1182.0,522.0,532.0,372.0,490.0,536.0,508.0,540.0,502.0,514.0,566.0,520.0,508.0
5150,GDN0023,Dummy,Valsalva,46,512.0,1080.0,538.0,520.0,528.0,486.0,526.0,512.0,532.0,500.0,536.0,566.0,536.0,512.0
5151,GDN0023,Dummy,Valsalva,47,478.0,1080.0,516.0,482.0,518.0,458.0,504.0,476.0,494.0,464.0,516.0,538.0,516.0,476.0
5152,GDN0023,Dummy,Valsalva,48,468.0,1166.0,496.0,482.0,514.0,450.0,502.0,468.0,494.0,464.0,472.0,532.0,498.0,468.0
5153,GDN0023,Dummy,Valsalva,49,510.0,1250.0,526.0,520.0,358.0,580.0,520.0,512.0,530.0,492.0,510.0,554.0,526.0,508.0
5154,GDN0023,Dummy,Valsalva,50,534.0,1146.0,544.0,548.0,496.0,528.0,560.0,534.0,558.0,522.0,536.0,592.0,546.0,534.0
5155,GDN0023,Dummy,Valsalva,51,494.0,1028.0,522.0,512.0,330.0,462.0,524.0,490.0,522.0,486.0,492.0,556.0,502.0,490.0
5156,GDN0024,Dummy,HoldingBreath,0,414.0,876.0,404.0,386.0,436.0,412.0,430.0,468.0,412.0,392.0,326.0,454.0,412.0,268.0
5157,GDN0024,Dummy,HoldingBreath,1,410.0,862.0,368.0,380.0,422.0,404.0,422.0,424.0,406.0,392.0,418.0,444.0,342.0,408.0
5158,GDN0024,Dummy,HoldingBreath,2,394.0,826.0,424.0,370.0,418.0,390.0,408.0,390.0,398.0,386.0,426.0,440.0,426.0,370.0
5159,GDN0024,Dummy,HoldingBreath,3,396.0,866.0,412.0,362.0,404.0,386.0,402.0,404.0,392.0,376.0,408.0,430.0,408.0,394.0
5160,GDN0024,Dummy,HoldingBreath,4,420.0,864.0,380.0,386.0,432.0,414.0,430.0,432.0,410.0,390.0,432.0,448.0,392.0,418.0
5161,GDN0024,Dummy,HoldingBreath,6,376.0,802.0,408.0,312.0,410.0,356.0,396.0,376.0,388.0,374.0,382.0,428.0,412.0,376.0
5162,GDN0024,Dummy,HoldingBreath,7,390.0,828.0,400.0,308.0,406.0,388.0,400.0,348.0,382.0,366.0,356.0,422.0,396.0,348.0
5163,GDN0024,Dummy,HoldingBreath,8,398.0,818.0,414.0,332.0,414.0,396.0,410.0,306.0,394.0,376.0,364.0,438.0,418.0,272.0
5164,GDN0024,Dummy,HoldingBreath,9,388.0,736.0,408.0,364.0,404.0,386.0,402.0,338.0,390.0,372.0,394.0,430.0,408.0,338.0
5165,GDN0024,Dummy,HoldingBreath,10,368.0,712.0,350.0,322.0,386.0,366.0,380.0,296.0,358.0,344.0,380.0,396.0,322.0,262.0
5166,GDN0024,Dummy,HoldingBreath,11,360.0,750.0,390.0,290.0,376.0,346.0,372.0,378.0,354.0,336.0,366.0,402.0,392.0,358.0
5167,GDN0024,Dummy,HoldingBreath,12,362.0,784.0,310.0,282.0,380.0,360.0,378.0,238.0,358.0,346.0,312.0,398.0,312.0,236.0
5168,GDN0024,Dummy,HoldingBreath,13,382.0,842.0,398.0,350.0,400.0,380.0,396.0,332.0,376.0,360.0,392.0,418.0,398.0,300.0
5169,GDN0024,Dummy,HoldingBreath,14,410.0,858.0,418.0,332.0,416.0,400.0,416.0,418.0,400.0,380.0,414.0,442.0,326.0,408.0
5170,GDN0024,Dummy,HoldingBreath,15,394.0,808.0,428.0,340.0,422.0,366.0,412.0,392.0,404.0,386.0,434.0,448.0,434.0,392.0
5171,GDN0024,Dummy,HoldingBreath,17,378.0,728.0,390.0,338.0,390.0,370.0,386.0,390.0,366.0,352.0,384.0,410.0,398.0,376.0
5172,GDN0024,Dummy,HoldingBreath,18,352.0,708.0,382.0,318.0,378.0,348.0,370.0,350.0,356.0,340.0,364.0,396.0,378.0,350.0
5173,GDN0024,Dummy,HoldingBreath,19,354.0,674.0,272.0,278.0,368.0,352.0,362.0,248.0,340.0,332.0,292.0,372.0,292.0,248.0
5174,GDN0024,Dummy,HoldingBreath,21,354.0,672.0,278.0,300.0,130.0,350.0,374.0,234.0,338.0,324.0,284.0,0.0,284.0,232.0
5175,GDN0024,Dummy,HoldingBreath,22,344.0,674.0,372.0,298.0,244.0,334.0,354.0,356.0,332.0,320.0,378.0,386.0,378.0,342.0
5176,GDN0024,Dummy,HoldingBreath,23,358.0,662.0,366.0,268.0,362.0,322.0,358.0,362.0,336.0,322.0,94.0,382.0,,356.0
5177,GDN0024,Dummy,HoldingBreath,24,298.0,644.0,334.0,216.0,306.0,280.0,302.0,308.0,310.0,308.0,334.0,340.0,334.0,298.0
5178,GDN0024,Dummy,HoldingBreath,25,326.0,648.0,278.0,276.0,330.0,314.0,252.0,330.0,314.0,308.0,274.0,324.0,274.0,324.0
5179,GDN0024,Dummy,HoldingBreath,26,324.0,646.0,296.0,268.0,344.0,318.0,338.0,344.0,322.0,310.0,330.0,360.0,334.0,324.0
5180,GDN0024,Dummy,HoldingBreath,27,280.0,650.0,348.0,298.0,344.0,316.0,332.0,276.0,326.0,312.0,350.0,364.0,350.0,236.0
5181,GDN0024,Dummy,HoldingBreath,28,326.0,648.0,356.0,262.0,342.0,320.0,338.0,238.0,324.0,312.0,336.0,368.0,356.0,238.0
5182,GDN0024,Dummy,HoldingBreath,29,282.0,656.0,340.0,290.0,338.0,278.0,318.0,280.0,320.0,310.0,282.0,356.0,340.0,280.0
5183,GDN0024,Dummy,HoldingBreath,30,242.0,672.0,344.0,300.0,344.0,324.0,336.0,284.0,328.0,314.0,340.0,360.0,340.0,240.0
5184,GDN0024,Dummy,HoldingBreath,31,286.0,682.0,346.0,310.0,248.0,330.0,346.0,284.0,336.0,322.0,290.0,374.0,352.0,244.0
5185,GDN0024,Dummy,HoldingBreath,32,326.0,694.0,350.0,274.0,348.0,326.0,344.0,250.0,334.0,322.0,338.0,370.0,346.0,250.0
5186,GDN0024,Dummy,HoldingBreath,33,312.0,682.0,356.0,264.0,358.0,300.0,348.0,310.0,336.0,326.0,316.0,374.0,358.0,310.0
5187,GDN0024,Dummy,HoldingBreath,34,334.0,694.0,352.0,272.0,352.0,404.0,342.0,292.0,342.0,324.0,352.0,368.0,352.0,234.0
5188,GDN0024,Dummy,HoldingBreath,35,348.0,712.0,368.0,274.0,316.0,346.0,322.0,316.0,332.0,324.0,318.0,376.0,370.0,316.0
5189,GDN0024,Dummy,HoldingBreath,36,338.0,724.0,362.0,314.0,354.0,392.0,354.0,288.0,354.0,336.0,346.0,380.0,354.0,252.0
5190,GDN0024,Dummy,HoldingBreath,37,330.0,682.0,376.0,284.0,364.0,316.0,358.0,328.0,356.0,340.0,344.0,394.0,382.0,328.0
5191,GDN0024,Dummy,HoldingBreath,38,336.0,688.0,350.0,296.0,282.0,328.0,348.0,354.0,340.0,324.0,346.0,370.0,342.0,334.0
5192,GDN0024,Dummy,HoldingBreath,39,336.0,698.0,316.0,302.0,376.0,334.0,364.0,270.0,342.0,326.0,318.0,384.0,318.0,244.0
5193,GDN0024,Dummy,HoldingBreath,40,350.0,730.0,360.0,322.0,368.0,348.0,364.0,304.0,346.0,330.0,306.0,388.0,356.0,304.0
5194,GDN0024,Dummy,HoldingBreath,41,358.0,766.0,388.0,330.0,376.0,356.0,374.0,262.0,358.0,342.0,388.0,404.0,388.0,260.0
5195,GDN0024,Dummy,HoldingBreath,42,368.0,724.0,324.0,308.0,240.0,366.0,392.0,280.0,372.0,354.0,392.0,414.0,344.0,242.0
5196,GDN0024,Dummy,HoldingBreath,43,328.0,708.0,372.0,336.0,338.0,426.0,342.0,340.0,358.0,340.0,330.0,384.0,370.0,328.0
5197,GDN0024,Dummy,HoldingBreath,44,344.0,732.0,370.0,316.0,374.0,342.0,364.0,344.0,348.0,334.0,358.0,390.0,366.0,344.0
5198,GDN0024,Dummy,HoldingBreath,45,358.0,768.0,352.0,294.0,378.0,356.0,374.0,248.0,358.0,342.0,366.0,398.0,366.0,248.0
5199,GDN0024,Dummy,HoldingBreath,46,364.0,798.0,376.0,292.0,388.0,364.0,378.0,362.0,364.0,352.0,330.0,404.0,382.0,330.0
5200,GDN0024,Dummy,HoldingBreath,47,394.0,802.0,246.0,304.0,402.0,378.0,398.0,392.0,380.0,366.0,232.0,392.0,,392.0
5201,GDN0024,Dummy,HoldingBreath,48,536.0,752.0,408.0,306.0,250.0,388.0,404.0,254.0,380.0,366.0,402.0,422.0,402.0,254.0
5202,GDN0024,Dummy,HoldingBreath,49,324.0,738.0,386.0,342.0,376.0,302.0,358.0,324.0,366.0,350.0,332.0,404.0,392.0,324.0
5203,GDN0024,Dummy,HoldingBreath,50,326.0,748.0,380.0,296.0,400.0,324.0,378.0,322.0,362.0,344.0,374.0,406.0,374.0,268.0
5204,GDN0024,Dummy,HoldingBreath,51,378.0,778.0,362.0,294.0,392.0,374.0,388.0,268.0,364.0,348.0,270.0,408.0,362.0,268.0
5205,GDN0024,Dummy,HoldingBreath,52,374.0,720.0,390.0,306.0,390.0,372.0,384.0,340.0,376.0,358.0,342.0,412.0,388.0,340.0
5206,GDN0024,Dummy,HoldingBreath,53,356.0,722.0,378.0,314.0,366.0,346.0,366.0,368.0,352.0,338.0,362.0,394.0,376.0,354.0
5207,GDN0024,Dummy,HoldingBreath,54,356.0,716.0,376.0,298.0,372.0,326.0,364.0,326.0,350.0,336.0,356.0,392.0,378.0,282.0
5208,GDN0024,Dummy,HoldingBreath,55,330.0,784.0,372.0,276.0,374.0,324.0,352.0,328.0,350.0,336.0,334.0,388.0,370.0,328.0
5209,GDN0024,Dummy,HoldingBreath,56,350.0,842.0,392.0,314.0,404.0,382.0,394.0,348.0,374.0,360.0,352.0,418.0,396.0,348.0
5210,GDN0024,Dummy,HoldingBreath,57,408.0,848.0,412.0,368.0,414.0,396.0,414.0,414.0,396.0,380.0,412.0,436.0,362.0,406.0
5211,GDN0024,Dummy,HoldingBreath,58,374.0,832.0,414.0,326.0,418.0,354.0,388.0,374.0,390.0,380.0,416.0,432.0,416.0,372.0
5212,GDN0024,Dummy,HoldingBreath,59,388.0,874.0,394.0,336.0,410.0,386.0,406.0,310.0,392.0,378.0,400.0,430.0,372.0,310.0
5213,GDN0024,Dummy,HoldingBreath,60,414.0,860.0,392.0,382.0,424.0,410.0,428.0,412.0,412.0,392.0,424.0,456.0,418.0,412.0
5214,GDN0024,Dummy,HoldingBreath,61,400.0,836.0,420.0,332.0,420.0,398.0,414.0,398.0,404.0,388.0,406.0,442.0,418.0,378.0
5215,GDN0024,Dummy,HoldingBreath,62,376.0,810.0,412.0,316.0,398.0,350.0,390.0,400.0,392.0,378.0,412.0,428.0,412.0,376.0
5216,GDN0024,Dummy,HoldingBreath,63,392.0,812.0,404.0,350.0,406.0,382.0,404.0,406.0,388.0,370.0,400.0,430.0,400.0,390.0
5217,GDN0024,Dummy,HoldingBreath,64,398.0,804.0,414.0,356.0,412.0,388.0,408.0,414.0,388.0,370.0,404.0,436.0,418.0,398.0
5218,GDN0024,Dummy,HoldingBreath,65,402.0,792.0,342.0,316.0,412.0,392.0,408.0,412.0,386.0,368.0,406.0,428.0,314.0,400.0
5219,GDN0024,Dummy,HoldingBreath,66,352.0,808.0,394.0,352.0,354.0,338.0,364.0,350.0,378.0,364.0,352.0,412.0,396.0,350.0
5220,GDN0024,Dummy,HoldingBreath,67,404.0,834.0,376.0,364.0,412.0,396.0,410.0,412.0,386.0,368.0,410.0,432.0,372.0,402.0
5221,GDN0024,Dummy,HoldingBreath,68,398.0,870.0,422.0,354.0,420.0,388.0,414.0,420.0,398.0,378.0,406.0,442.0,424.0,394.0
5222,GDN0024,Dummy,HoldingBreath,69,406.0,838.0,422.0,324.0,420.0,398.0,410.0,398.0,400.0,388.0,422.0,438.0,422.0,374.0
5223,GDN0024,Dummy,HoldingBreath,70,406.0,828.0,362.0,364.0,418.0,400.0,426.0,404.0,406.0,380.0,360.0,256.0,360.0,404.0
5224,GDN0024,Dummy,HoldingBreath,71,398.0,874.0,412.0,366.0,428.0,394.0,416.0,346.0,396.0,376.0,410.0,440.0,410.0,346.0
5225,GDN0024,Dummy,HoldingBreath,72,410.0,836.0,422.0,350.0,428.0,410.0,422.0,408.0,408.0,392.0,418.0,448.0,426.0,380.0
5226,GDN0024,Dummy,HoldingBreath,73,382.0,830.0,404.0,316.0,404.0,380.0,400.0,380.0,392.0,378.0,392.0,426.0,400.0,350.0
5227,GDN0024,Dummy,HoldingBreath,74,410.0,850.0,414.0,368.0,422.0,400.0,420.0,424.0,396.0,376.0,418.0,442.0,420.0,408.0
5228,GDN0024,Dummy,HoldingBreath,75,414.0,856.0,422.0,340.0,422.0,402.0,420.0,422.0,406.0,384.0,418.0,444.0,418.0,412.0
5229,GDN0024,Dummy,HoldingBreath,76,410.0,834.0,426.0,370.0,426.0,406.0,420.0,428.0,398.0,384.0,416.0,442.0,426.0,408.0
5230,GDN0024,Dummy,Pause,0,362.0,818.0,390.0,308.0,180.0,400.0,374.0,396.0,384.0,370.0,388.0,422.0,388.0,362.0
5231,GDN0024,Dummy,Pause,1,390.0,814.0,408.0,346.0,406.0,378.0,400.0,406.0,386.0,372.0,392.0,426.0,408.0,388.0
5232,GDN0024,Dummy,Pause,2,394.0,826.0,398.0,354.0,416.0,388.0,412.0,418.0,394.0,370.0,408.0,434.0,404.0,392.0
5233,GDN0024,Dummy,Pause,3,388.0,828.0,410.0,366.0,188.0,388.0,410.0,346.0,396.0,376.0,398.0,438.0,410.0,316.0
5234,GDN0024,Dummy,Pause,4,388.0,830.0,412.0,352.0,412.0,382.0,404.0,412.0,396.0,376.0,396.0,432.0,414.0,386.0
5235,GDN0024,Dummy,Pause,5,396.0,794.0,410.0,334.0,406.0,384.0,404.0,408.0,392.0,376.0,398.0,432.0,408.0,394.0
5236,GDN0024,Dummy,Pause,6,364.0,766.0,398.0,302.0,400.0,348.0,386.0,364.0,378.0,364.0,366.0,418.0,398.0,364.0
5237,GDN0024,Dummy,Pause,7,366.0,772.0,388.0,290.0,388.0,356.0,380.0,354.0,366.0,352.0,370.0,408.0,388.0,338.0
5238,GDN0024,Dummy,Pause,8,376.0,832.0,392.0,334.0,398.0,370.0,392.0,374.0,372.0,356.0,390.0,414.0,394.0,374.0
5239,GDN0024,Dummy,Pause,9,406.0,856.0,408.0,338.0,268.0,452.0,418.0,358.0,404.0,378.0,414.0,264.0,410.0,316.0
5240,GDN0024,Dummy,Pause,10,416.0,884.0,416.0,384.0,428.0,406.0,422.0,362.0,406.0,386.0,366.0,446.0,416.0,362.0
5241,GDN0024,Dummy,Pause,11,410.0,860.0,420.0,368.0,432.0,408.0,428.0,366.0,414.0,396.0,420.0,454.0,394.0,320.0
5242,GDN0024,Dummy,Pause,12,378.0,814.0,422.0,376.0,422.0,356.0,412.0,378.0,402.0,386.0,384.0,444.0,422.0,378.0
5243,GDN0024,Dummy,Pause,13,392.0,820.0,410.0,360.0,406.0,386.0,402.0,406.0,386.0,370.0,396.0,428.0,408.0,392.0
5244,GDN0024,Dummy,Pause,14,394.0,878.0,380.0,364.0,416.0,394.0,410.0,328.0,388.0,372.0,358.0,430.0,380.0,266.0
5245,GDN0024,Dummy,Pause,15,416.0,864.0,402.0,388.0,442.0,416.0,434.0,358.0,414.0,394.0,432.0,456.0,424.0,358.0
5246,GDN0024,Dummy,Pause,16,406.0,852.0,388.0,382.0,426.0,404.0,422.0,356.0,406.0,388.0,418.0,444.0,380.0,356.0
5247,GDN0024,Dummy,Pause,17,396.0,808.0,422.0,320.0,428.0,384.0,412.0,394.0,396.0,382.0,398.0,440.0,422.0,394.0
5248,GDN0024,Dummy,Pause,18,384.0,814.0,406.0,358.0,400.0,378.0,394.0,402.0,384.0,368.0,388.0,422.0,404.0,384.0
5249,GDN0024,Dummy,Pause,19,394.0,842.0,404.0,364.0,406.0,388.0,406.0,408.0,390.0,370.0,402.0,430.0,404.0,392.0
5250,GDN0024,Dummy,Pause,20,410.0,884.0,416.0,380.0,422.0,404.0,420.0,422.0,402.0,380.0,416.0,444.0,418.0,408.0
5251,GDN0024,Dummy,Pause,21,428.0,880.0,410.0,344.0,438.0,424.0,434.0,440.0,414.0,396.0,392.0,452.0,406.0,428.0
5252,GDN0024,Dummy,Pause,22,418.0,818.0,436.0,358.0,438.0,416.0,428.0,416.0,408.0,394.0,386.0,454.0,436.0,386.0
5253,GDN0024,Dummy,Pause,23,392.0,778.0,412.0,310.0,410.0,386.0,402.0,410.0,386.0,372.0,396.0,428.0,412.0,390.0
5254,GDN0024,Dummy,Pause,24,380.0,822.0,398.0,342.0,388.0,370.0,388.0,390.0,370.0,356.0,382.0,414.0,398.0,380.0
5255,GDN0024,Dummy,Pause,25,402.0,868.0,414.0,366.0,408.0,458.0,408.0,408.0,402.0,374.0,406.0,434.0,414.0,404.0
5256,GDN0024,Dummy,Pause,26,420.0,912.0,392.0,384.0,208.0,454.0,428.0,426.0,414.0,390.0,426.0,456.0,392.0,418.0
5257,GDN0024,Dummy,Pause,27,446.0,912.0,398.0,406.0,456.0,436.0,452.0,458.0,426.0,406.0,450.0,470.0,396.0,444.0
5258,GDN0024,Dummy,Pause,28,394.0,880.0,442.0,398.0,448.0,422.0,436.0,392.0,422.0,406.0,394.0,464.0,442.0,392.0
5259,GDN0024,Dummy,Pause,29,414.0,920.0,430.0,386.0,436.0,414.0,428.0,412.0,410.0,394.0,422.0,452.0,428.0,380.0
5260,GDN0024,Dummy,Pause,30,438.0,942.0,446.0,400.0,442.0,470.0,444.0,442.0,436.0,408.0,440.0,306.0,446.0,436.0
5261,GDN0024,Dummy,Pause,31,444.0,928.0,450.0,408.0,448.0,434.0,456.0,450.0,438.0,416.0,450.0,482.0,448.0,444.0
5262,GDN0024,Dummy,Pause,32,438.0,876.0,446.0,410.0,454.0,438.0,450.0,396.0,430.0,410.0,444.0,474.0,448.0,396.0
5263,GDN0024,Dummy,Pause,33,412.0,854.0,432.0,330.0,432.0,400.0,420.0,400.0,406.0,392.0,382.0,448.0,434.0,380.0
5264,GDN0024,Dummy,Pause,34,416.0,874.0,422.0,382.0,426.0,408.0,424.0,428.0,404.0,384.0,420.0,444.0,390.0,414.0
5265,GDN0024,Dummy,Pause,35,410.0,872.0,424.0,376.0,446.0,404.0,438.0,350.0,414.0,392.0,434.0,460.0,432.0,350.0
5266,GDN0024,Dummy,Pause,36,370.0,880.0,430.0,388.0,438.0,410.0,428.0,370.0,410.0,392.0,374.0,452.0,426.0,370.0
5267,GDN0024,Dummy,Pause,37,412.0,844.0,434.0,378.0,436.0,412.0,432.0,376.0,412.0,394.0,422.0,458.0,436.0,356.0
5268,GDN0024,Dummy,Pause,38,376.0,832.0,420.0,374.0,416.0,358.0,406.0,376.0,398.0,382.0,378.0,438.0,420.0,376.0
5269,GDN0024,Dummy,Pause,39,398.0,910.0,412.0,370.0,416.0,396.0,412.0,356.0,394.0,378.0,408.0,436.0,410.0,356.0
5270,GDN0024,Dummy,Pause,40,440.0,950.0,394.0,406.0,448.0,488.0,448.0,448.0,432.0,404.0,444.0,440.0,398.0,440.0
5271,GDN0024,Dummy,Pause,41,438.0,940.0,452.0,398.0,472.0,428.0,460.0,436.0,442.0,418.0,448.0,484.0,450.0,436.0
5272,GDN0024,Dummy,Pause,42,444.0,874.0,456.0,410.0,454.0,434.0,452.0,456.0,432.0,414.0,446.0,476.0,456.0,444.0
5273,GDN0024,Dummy,Pause,43,390.0,812.0,434.0,338.0,432.0,366.0,422.0,390.0,410.0,392.0,434.0,450.0,434.0,388.0
5274,GDN0024,Dummy,Pause,44,374.0,808.0,408.0,342.0,410.0,364.0,400.0,374.0,388.0,370.0,386.0,428.0,406.0,374.0
5275,GDN0024,Dummy,Pause,45,388.0,848.0,406.0,346.0,418.0,376.0,408.0,386.0,390.0,368.0,398.0,434.0,408.0,386.0
5276,GDN0024,Dummy,Pause,46,410.0,866.0,422.0,370.0,430.0,408.0,426.0,430.0,406.0,382.0,422.0,448.0,424.0,410.0
5277,GDN0024,Dummy,Pause,47,416.0,854.0,398.0,394.0,438.0,414.0,430.0,412.0,414.0,390.0,380.0,452.0,392.0,376.0
5278,GDN0024,Dummy,Pause,48,402.0,820.0,424.0,370.0,424.0,392.0,416.0,424.0,400.0,384.0,406.0,446.0,426.0,402.0
5279,GDN0024,Dummy,Pause,49,396.0,860.0,410.0,360.0,412.0,390.0,406.0,414.0,388.0,372.0,402.0,430.0,406.0,396.0
5280,GDN0024,Dummy,Pause,50,410.0,908.0,400.0,354.0,448.0,408.0,432.0,376.0,412.0,388.0,426.0,458.0,420.0,338.0
5281,GDN0024,Dummy,Pause,51,436.0,904.0,422.0,374.0,456.0,436.0,448.0,434.0,426.0,404.0,446.0,470.0,424.0,404.0
5282,GDN0024,Dummy,Pause,52,434.0,868.0,406.0,400.0,444.0,428.0,442.0,446.0,422.0,402.0,440.0,464.0,402.0,432.0
5283,GDN0024,Dummy,Pause,53,418.0,816.0,432.0,338.0,432.0,412.0,424.0,410.0,406.0,390.0,390.0,448.0,434.0,388.0
5284,GDN0024,Dummy,Pause,54,402.0,842.0,408.0,368.0,416.0,398.0,410.0,360.0,390.0,372.0,366.0,432.0,400.0,360.0
5285,GDN0024,Dummy,Pause,55,404.0,848.0,414.0,376.0,362.0,400.0,420.0,402.0,404.0,380.0,416.0,450.0,420.0,402.0
5286,GDN0024,Dummy,Pause,56,404.0,868.0,412.0,380.0,434.0,404.0,424.0,366.0,402.0,382.0,418.0,446.0,402.0,328.0
5287,GDN0024,Dummy,Pause,57,414.0,896.0,426.0,388.0,432.0,414.0,426.0,412.0,410.0,390.0,382.0,452.0,428.0,380.0
5288,GDN0024,Dummy,Pause,58,392.0,890.0,418.0,358.0,454.0,384.0,436.0,392.0,420.0,400.0,400.0,462.0,412.0,392.0
5289,GDN0024,Dummy,Pause,59,412.0,818.0,436.0,392.0,430.0,410.0,426.0,432.0,416.0,398.0,416.0,456.0,436.0,410.0
5290,GDN0024,Dummy,Pause,60,382.0,792.0,414.0,348.0,416.0,368.0,404.0,380.0,390.0,372.0,390.0,432.0,414.0,380.0
5291,GDN0024,Dummy,Pause,61,392.0,862.0,408.0,356.0,402.0,384.0,404.0,390.0,388.0,364.0,400.0,432.0,408.0,390.0
5292,GDN0024,Dummy,Pause,62,426.0,920.0,380.0,378.0,444.0,406.0,440.0,444.0,416.0,388.0,438.0,464.0,380.0,424.0
5293,GDN0024,Dummy,Pause,63,442.0,926.0,448.0,408.0,448.0,432.0,452.0,450.0,432.0,408.0,446.0,478.0,448.0,442.0
5294,GDN0024,Dummy,Pause,64,438.0,876.0,400.0,394.0,462.0,424.0,454.0,438.0,432.0,410.0,446.0,476.0,394.0,438.0
5295,GDN0024,Dummy,Pause,65,394.0,824.0,434.0,356.0,438.0,378.0,412.0,394.0,408.0,392.0,436.0,452.0,436.0,392.0
5296,GDN0024,Dummy,Pause,66,396.0,866.0,408.0,364.0,420.0,394.0,412.0,340.0,390.0,374.0,406.0,432.0,390.0,286.0
5297,GDN0024,Dummy,Pause,67,430.0,904.0,438.0,392.0,436.0,420.0,436.0,438.0,416.0,390.0,434.0,462.0,442.0,428.0
5298,GDN0024,Dummy,Pause,68,434.0,898.0,402.0,398.0,448.0,426.0,442.0,448.0,426.0,402.0,440.0,464.0,340.0,432.0
5299,GDN0024,Dummy,TiltUp,0,422.0,866.0,428.0,380.0,432.0,412.0,432.0,350.0,416.0,390.0,428.0,458.0,434.0,422.0
5300,GDN0024,Dummy,TiltUp,1,410.0,856.0,394.0,350.0,286.0,406.0,428.0,370.0,410.0,390.0,426.0,450.0,380.0,334.0
5301,GDN0024,Dummy,TiltUp,2,398.0,810.0,422.0,332.0,420.0,396.0,414.0,396.0,402.0,386.0,400.0,444.0,426.0,368.0
5302,GDN0024,Dummy,TiltUp,3,340.0,830.0,392.0,358.0,406.0,330.0,396.0,340.0,384.0,370.0,344.0,420.0,378.0,340.0
5303,GDN0024,Dummy,TiltUp,4,402.0,832.0,412.0,362.0,422.0,394.0,420.0,400.0,400.0,376.0,414.0,448.0,420.0,400.0
5304,GDN0024,Dummy,TiltUp,5,392.0,824.0,404.0,324.0,430.0,388.0,418.0,342.0,396.0,378.0,416.0,438.0,376.0,304.0
5305,GDN0024,Dummy,TiltUp,6,394.0,794.0,416.0,364.0,412.0,388.0,406.0,412.0,390.0,374.0,396.0,432.0,418.0,394.0
5306,GDN0024,Dummy,TiltUp,7,380.0,824.0,386.0,352.0,396.0,376.0,388.0,340.0,378.0,364.0,342.0,410.0,372.0,340.0
5307,GDN0024,Dummy,TiltUp,8,398.0,824.0,382.0,374.0,410.0,396.0,416.0,352.0,394.0,374.0,386.0,444.0,386.0,352.0
5308,GDN0024,Dummy,TiltUp,9,396.0,794.0,422.0,322.0,416.0,390.0,408.0,290.0,392.0,374.0,400.0,436.0,422.0,288.0
5309,GDN0024,Dummy,TiltUp,10,354.0,770.0,414.0,362.0,404.0,382.0,394.0,354.0,384.0,364.0,414.0,430.0,414.0,352.0
5310,GDN0024,Dummy,TiltUp,11,338.0,688.0,380.0,294.0,382.0,322.0,374.0,338.0,370.0,356.0,372.0,398.0,376.0,338.0
5311,GDN0024,Dummy,TiltUp,12,294.0,710.0,356.0,330.0,320.0,292.0,322.0,290.0,350.0,326.0,360.0,378.0,360.0,248.0
5312,GDN0024,Dummy,TiltUp,13,356.0,776.0,376.0,296.0,370.0,352.0,368.0,372.0,352.0,334.0,364.0,394.0,376.0,354.0
5313,GDN0024,Dummy,TiltUp,14,394.0,808.0,330.0,324.0,396.0,378.0,402.0,396.0,386.0,358.0,404.0,260.0,326.0,392.0
5314,GDN0024,Dummy,TiltUp,15,396.0,812.0,412.0,348.0,410.0,386.0,410.0,394.0,396.0,368.0,412.0,442.0,416.0,394.0
5315,GDN0024,Dummy,TiltUp,16,394.0,816.0,410.0,322.0,408.0,388.0,406.0,410.0,390.0,370.0,402.0,430.0,406.0,392.0
5316,GDN0024,Dummy,TiltUp,17,396.0,758.0,410.0,312.0,416.0,394.0,408.0,374.0,386.0,372.0,406.0,430.0,414.0,352.0
5317,GDN0024,Dummy,TiltUp,18,354.0,760.0,390.0,318.0,400.0,352.0,388.0,286.0,368.0,352.0,372.0,412.0,390.0,286.0
5318,GDN0024,Dummy,TiltUp,19,374.0,776.0,392.0,334.0,392.0,372.0,386.0,312.0,366.0,352.0,382.0,408.0,392.0,312.0
5319,GDN0024,Dummy,TiltUp,20,358.0,736.0,388.0,306.0,388.0,342.0,376.0,358.0,368.0,356.0,362.0,406.0,388.0,358.0
5320,GDN0024,Dummy,TiltUp,21,342.0,712.0,378.0,276.0,372.0,336.0,360.0,340.0,354.0,342.0,348.0,394.0,380.0,340.0
5321,GDN0024,Dummy,TiltUp,22,358.0,728.0,372.0,330.0,374.0,354.0,366.0,314.0,354.0,336.0,318.0,388.0,370.0,260.0
5322,GDN0024,Dummy,TiltUp,23,368.0,732.0,382.0,290.0,260.0,402.0,376.0,374.0,360.0,340.0,376.0,404.0,382.0,366.0
5323,GDN0024,Dummy,TiltUp,24,356.0,778.0,380.0,288.0,376.0,348.0,368.0,346.0,360.0,342.0,360.0,396.0,380.0,328.0
5324,GDN0024,Dummy,TiltUp,25,362.0,822.0,378.0,314.0,286.0,430.0,392.0,286.0,382.0,358.0,392.0,420.0,372.0,284.0
5325,GDN0024,Dummy,TiltUp,26,402.0,786.0,426.0,310.0,410.0,386.0,406.0,412.0,386.0,372.0,426.0,436.0,426.0,400.0
5326,GDN0024,Dummy,TiltUp,27,388.0,794.0,412.0,400.0,224.0,468.0,396.0,402.0,404.0,358.0,390.0,426.0,410.0,472.0
5327,GDN0024,Dummy,TiltUp,28,404.0,806.0,372.0,370.0,354.0,450.0,410.0,412.0,394.0,364.0,408.0,404.0,374.0,404.0
5328,GDN0024,Dummy,TiltUp,29,400.0,804.0,412.0,366.0,412.0,392.0,410.0,414.0,388.0,368.0,404.0,432.0,412.0,398.0
5329,GDN0024,Dummy,TiltUp,30,384.0,770.0,398.0,362.0,400.0,380.0,392.0,346.0,386.0,368.0,346.0,422.0,400.0,346.0
5330,GDN0024,Dummy,TiltUp,31,362.0,760.0,394.0,290.0,382.0,324.0,374.0,382.0,366.0,354.0,374.0,410.0,394.0,362.0
5331,GDN0024,Dummy,TiltUp,32,376.0,776.0,380.0,342.0,392.0,372.0,386.0,324.0,368.0,352.0,330.0,408.0,374.0,268.0
5332,GDN0024,Dummy,TiltUp,33,384.0,786.0,394.0,342.0,396.0,376.0,394.0,398.0,378.0,358.0,392.0,418.0,398.0,382.0
5333,GDN0024,Dummy,TiltUp,34,390.0,806.0,392.0,354.0,408.0,388.0,400.0,334.0,378.0,362.0,340.0,422.0,384.0,334.0
5334,GDN0024,Dummy,TiltUp,35,362.0,778.0,400.0,312.0,408.0,350.0,394.0,360.0,382.0,368.0,366.0,422.0,402.0,360.0
5335,GDN0024,Dummy,TiltUp,36,342.0,766.0,392.0,292.0,398.0,322.0,368.0,344.0,368.0,356.0,394.0,412.0,394.0,342.0
5336,GDN0024,Dummy,TiltUp,37,364.0,786.0,386.0,314.0,382.0,362.0,382.0,282.0,372.0,354.0,372.0,410.0,382.0,280.0
5337,GDN0024,Dummy,TiltUp,38,394.0,778.0,380.0,358.0,412.0,392.0,404.0,276.0,380.0,362.0,384.0,424.0,384.0,276.0
5338,GDN0024,Dummy,TiltUp,39,368.0,772.0,390.0,340.0,404.0,364.0,386.0,318.0,374.0,358.0,372.0,416.0,388.0,318.0
5339,GDN0024,Dummy,TiltUp,40,352.0,742.0,390.0,320.0,394.0,344.0,384.0,350.0,372.0,356.0,358.0,412.0,392.0,350.0
5340,GDN0024,Dummy,TiltUp,41,342.0,720.0,374.0,324.0,360.0,340.0,360.0,322.0,358.0,344.0,372.0,396.0,372.0,278.0
5341,GDN0024,Dummy,TiltUp,42,360.0,706.0,378.0,284.0,378.0,358.0,372.0,318.0,354.0,338.0,322.0,396.0,380.0,318.0
5342,GDN0024,Dummy,TiltUp,43,340.0,724.0,366.0,318.0,356.0,338.0,358.0,292.0,348.0,334.0,366.0,390.0,366.0,264.0
5343,GDN0024,Dummy,TiltUp,44,358.0,748.0,346.0,330.0,372.0,414.0,370.0,298.0,360.0,340.0,302.0,390.0,350.0,298.0
5344,GDN0024,Dummy,TiltUp,45,274.0,770.0,370.0,356.0,404.0,328.0,392.0,272.0,374.0,348.0,374.0,410.0,374.0,272.0
5345,GDN0024,Dummy,TiltUp,46,346.0,774.0,376.0,306.0,292.0,332.0,368.0,332.0,376.0,356.0,372.0,402.0,372.0,284.0
5346,GDN0024,Dummy,TiltUp,47,340.0,730.0,384.0,314.0,390.0,370.0,384.0,336.0,370.0,356.0,384.0,406.0,384.0,292.0
5347,GDN0024,Dummy,TiltUp,48,292.0,696.0,372.0,312.0,384.0,362.0,378.0,292.0,362.0,342.0,374.0,400.0,374.0,290.0
5348,GDN0024,Dummy,TiltUp,49,346.0,688.0,338.0,308.0,364.0,346.0,358.0,286.0,344.0,330.0,330.0,286.0,330.0,284.0
5349,GDN0024,Dummy,TiltUp,50,320.0,710.0,330.0,292.0,278.0,356.0,332.0,278.0,346.0,326.0,336.0,272.0,336.0,270.0
5350,GDN0024,Dummy,TiltUp,51,372.0,740.0,342.0,292.0,380.0,364.0,378.0,380.0,352.0,334.0,338.0,394.0,338.0,372.0
5351,GDN0024,Dummy,TiltUp,52,358.0,732.0,302.0,306.0,280.0,436.0,380.0,358.0,372.0,346.0,306.0,274.0,306.0,358.0
5352,GDN0024,Dummy,TiltUp,53,356.0,726.0,318.0,324.0,308.0,354.0,372.0,308.0,354.0,340.0,300.0,52.0,312.0,296.0
5353,GDN0024,Dummy,TiltUp,54,278.0,728.0,356.0,334.0,184.0,324.0,348.0,278.0,358.0,340.0,358.0,278.0,358.0,276.0
5354,GDN0024,Dummy,TiltUp,55,360.0,740.0,352.0,306.0,378.0,360.0,376.0,282.0,360.0,340.0,372.0,396.0,364.0,280.0
5355,GDN0024,Dummy,TiltUp,56,374.0,760.0,344.0,346.0,386.0,372.0,384.0,274.0,366.0,344.0,338.0,274.0,338.0,274.0
5356,GDN0024,Dummy,TiltUp,57,372.0,724.0,356.0,312.0,390.0,372.0,386.0,334.0,368.0,352.0,376.0,408.0,376.0,294.0
5357,GDN0024,Dummy,TiltUp,58,372.0,718.0,290.0,286.0,266.0,354.0,384.0,384.0,354.0,340.0,288.0,370.0,288.0,370.0
5358,GDN0024,Dummy,TiltUp,59,338.0,708.0,346.0,314.0,298.0,338.0,368.0,336.0,364.0,338.0,356.0,296.0,356.0,294.0
5359,GDN0024,Dummy,TiltUp,60,360.0,720.0,336.0,294.0,200.0,354.0,378.0,276.0,358.0,334.0,340.0,276.0,340.0,274.0
5360,GDN0024,Dummy,TiltUp,61,370.0,738.0,376.0,334.0,158.0,362.0,378.0,378.0,358.0,338.0,376.0,370.0,344.0,370.0
5361,GDN0024,Dummy,TiltUp,62,374.0,752.0,346.0,342.0,390.0,372.0,388.0,300.0,366.0,344.0,346.0,300.0,346.0,300.0
5362,GDN0024,Dummy,TiltUp,63,370.0,744.0,392.0,340.0,404.0,368.0,392.0,314.0,368.0,350.0,390.0,414.0,386.0,284.0
5363,GDN0024,Dummy,TiltUp,64,338.0,716.0,366.0,308.0,392.0,336.0,384.0,282.0,362.0,346.0,352.0,404.0,376.0,280.0
5364,GDN0024,Dummy,TiltUp,65,326.0,718.0,360.0,284.0,378.0,326.0,370.0,266.0,354.0,336.0,346.0,394.0,350.0,266.0
5365,GDN0024,Dummy,TiltUp,66,370.0,742.0,342.0,304.0,386.0,370.0,382.0,288.0,362.0,338.0,348.0,286.0,348.0,286.0
5366,GDN0024,Dummy,TiltUp,67,346.0,784.0,362.0,320.0,306.0,378.0,386.0,344.0,372.0,346.0,350.0,302.0,362.0,300.0
5367,GDN0024,Dummy,TiltUp,68,388.0,780.0,362.0,358.0,400.0,386.0,400.0,300.0,380.0,360.0,362.0,300.0,362.0,300.0
5368,GDN0024,Dummy,TiltUp,69,394.0,778.0,350.0,326.0,406.0,386.0,404.0,408.0,384.0,360.0,402.0,422.0,346.0,394.0
5369,GDN0024,Dummy,TiltUp,70,336.0,734.0,376.0,354.0,410.0,390.0,400.0,334.0,376.0,358.0,336.0,420.0,374.0,334.0
5370,GDN0024,Dummy,TiltUp,71,374.0,712.0,380.0,340.0,390.0,370.0,382.0,310.0,362.0,342.0,316.0,404.0,384.0,254.0
5371,GDN0024,Dummy,TiltUp,72,362.0,710.0,368.0,294.0,370.0,354.0,370.0,372.0,356.0,336.0,366.0,360.0,324.0,360.0
5372,GDN0024,Dummy,TiltUp,73,364.0,740.0,346.0,326.0,266.0,362.0,378.0,304.0,358.0,334.0,378.0,266.0,376.0,304.0
5373,GDN0024,Dummy,TiltUp,74,374.0,776.0,342.0,320.0,384.0,426.0,384.0,386.0,374.0,346.0,382.0,296.0,334.0,372.0
5374,GDN0024,Dummy,TiltUp,75,392.0,788.0,370.0,330.0,410.0,392.0,406.0,304.0,378.0,358.0,380.0,424.0,380.0,302.0
5375,GDN0024,Dummy,TiltUp,76,392.0,796.0,410.0,360.0,410.0,390.0,402.0,346.0,382.0,362.0,406.0,428.0,406.0,324.0
5376,GDN0024,Dummy,Valsalva,0,414.0,870.0,432.0,390.0,434.0,414.0,426.0,426.0,410.0,390.0,420.0,452.0,432.0,382.0
5377,GDN0024,Dummy,Valsalva,1,404.0,856.0,420.0,336.0,424.0,392.0,416.0,390.0,408.0,390.0,406.0,444.0,420.0,370.0
5378,GDN0024,Dummy,Valsalva,2,410.0,844.0,418.0,386.0,440.0,408.0,430.0,364.0,410.0,386.0,424.0,456.0,426.0,330.0
5379,GDN0024,Dummy,Valsalva,3,412.0,850.0,426.0,380.0,422.0,406.0,422.0,424.0,406.0,382.0,418.0,450.0,426.0,412.0
5380,GDN0024,Dummy,Valsalva,4,412.0,846.0,426.0,378.0,420.0,402.0,420.0,422.0,402.0,384.0,414.0,446.0,422.0,410.0
5381,GDN0024,Dummy,Valsalva,5,398.0,816.0,426.0,374.0,420.0,396.0,412.0,396.0,398.0,382.0,404.0,442.0,428.0,364.0
5382,GDN0024,Dummy,Valsalva,6,400.0,850.0,400.0,368.0,418.0,398.0,412.0,352.0,390.0,372.0,360.0,432.0,384.0,322.0
5383,GDN0024,Dummy,Valsalva,7,416.0,856.0,428.0,390.0,440.0,416.0,432.0,354.0,408.0,384.0,430.0,454.0,432.0,354.0
5384,GDN0024,Dummy,Valsalva,8,412.0,858.0,428.0,374.0,424.0,404.0,422.0,426.0,408.0,386.0,416.0,450.0,428.0,412.0
5385,GDN0024,Dummy,Valsalva,9,386.0,834.0,432.0,330.0,428.0,350.0,418.0,386.0,402.0,386.0,390.0,446.0,432.0,386.0
5386,GDN0024,Dummy,Valsalva,10,400.0,846.0,412.0,372.0,414.0,396.0,418.0,398.0,400.0,378.0,410.0,446.0,408.0,398.0
5387,GDN0024,Dummy,Valsalva,11,416.0,862.0,426.0,380.0,426.0,408.0,424.0,428.0,406.0,382.0,420.0,448.0,428.0,416.0
5388,GDN0024,Dummy,Valsalva,12,416.0,866.0,428.0,382.0,428.0,408.0,426.0,430.0,406.0,388.0,420.0,450.0,424.0,416.0
5389,GDN0024,Dummy,Valsalva,13,388.0,822.0,432.0,338.0,432.0,368.0,420.0,388.0,406.0,390.0,388.0,450.0,434.0,388.0
5390,GDN0024,Dummy,Valsalva,14,396.0,840.0,410.0,370.0,416.0,396.0,410.0,358.0,392.0,374.0,404.0,434.0,396.0,326.0
5391,GDN0024,Dummy,Valsalva,15,408.0,860.0,422.0,376.0,422.0,400.0,422.0,406.0,402.0,380.0,418.0,450.0,426.0,406.0
5392,GDN0024,Dummy,Valsalva,16,414.0,852.0,424.0,360.0,428.0,402.0,424.0,428.0,408.0,388.0,418.0,448.0,418.0,412.0
5393,GDN0024,Dummy,Valsalva,17,408.0,816.0,426.0,380.0,420.0,400.0,416.0,420.0,402.0,384.0,408.0,444.0,428.0,406.0
5394,GDN0024,Dummy,Valsalva,18,392.0,850.0,410.0,366.0,414.0,390.0,408.0,336.0,390.0,372.0,402.0,430.0,404.0,336.0
5395,GDN0024,Dummy,Valsalva,19,412.0,844.0,426.0,382.0,424.0,406.0,424.0,424.0,408.0,384.0,418.0,456.0,430.0,410.0
5396,GDN0024,Dummy,Valsalva,20,400.0,870.0,418.0,336.0,436.0,394.0,418.0,398.0,402.0,382.0,410.0,446.0,414.0,398.0
5397,GDN0024,Dummy,Valsalva,21,412.0,828.0,432.0,382.0,428.0,404.0,422.0,430.0,406.0,390.0,414.0,450.0,434.0,410.0
5398,GDN0024,Dummy,Valsalva,22,382.0,850.0,408.0,326.0,404.0,360.0,398.0,406.0,392.0,376.0,392.0,426.0,404.0,384.0
5399,GDN0024,Dummy,Valsalva,23,420.0,828.0,432.0,380.0,428.0,408.0,426.0,428.0,408.0,384.0,424.0,452.0,434.0,420.0
5400,GDN0024,Dummy,Valsalva,24,396.0,796.0,416.0,340.0,416.0,394.0,414.0,416.0,396.0,376.0,408.0,440.0,412.0,396.0
5401,GDN0024,Dummy,Valsalva,25,392.0,754.0,410.0,358.0,410.0,388.0,402.0,410.0,382.0,364.0,400.0,426.0,412.0,390.0
5402,GDN0024,Dummy,Valsalva,26,340.0,714.0,390.0,314.0,396.0,340.0,378.0,312.0,366.0,350.0,352.0,410.0,386.0,262.0
5403,GDN0024,Dummy,Valsalva,27,358.0,770.0,380.0,304.0,376.0,358.0,374.0,262.0,354.0,336.0,372.0,400.0,380.0,262.0
5404,GDN0024,Dummy,Valsalva,28,374.0,888.0,394.0,346.0,284.0,372.0,392.0,328.0,376.0,356.0,386.0,420.0,394.0,328.0
5405,GDN0024,Dummy,Valsalva,29,402.0,866.0,434.0,344.0,442.0,390.0,428.0,402.0,414.0,396.0,406.0,456.0,432.0,402.0
5406,GDN0024,Dummy,Valsalva,30,390.0,810.0,426.0,346.0,426.0,372.0,410.0,390.0,404.0,390.0,428.0,444.0,428.0,388.0
5407,GDN0024,Dummy,Valsalva,31,360.0,844.0,408.0,324.0,408.0,382.0,400.0,360.0,388.0,370.0,360.0,426.0,404.0,360.0
5408,GDN0024,Dummy,Valsalva,32,414.0,866.0,386.0,382.0,422.0,456.0,424.0,424.0,408.0,382.0,422.0,286.0,418.0,412.0
5409,GDN0024,Dummy,Valsalva,33,418.0,892.0,422.0,394.0,438.0,416.0,432.0,376.0,414.0,390.0,380.0,458.0,418.0,376.0
5410,GDN0024,Dummy,Valsalva,34,412.0,838.0,434.0,378.0,430.0,404.0,428.0,412.0,416.0,398.0,416.0,460.0,434.0,412.0
5411,GDN0024,Dummy,Valsalva,35,374.0,780.0,418.0,322.0,422.0,342.0,404.0,372.0,396.0,380.0,422.0,440.0,422.0,372.0
5412,GDN0024,Dummy,Valsalva,36,386.0,810.0,402.0,350.0,398.0,378.0,394.0,398.0,376.0,360.0,388.0,416.0,398.0,384.0
5413,GDN0024,Dummy,Valsalva,37,404.0,838.0,414.0,342.0,420.0,400.0,418.0,420.0,398.0,370.0,412.0,444.0,418.0,402.0
5414,GDN0024,Dummy,Valsalva,38,410.0,884.0,412.0,382.0,428.0,410.0,424.0,366.0,402.0,380.0,420.0,446.0,406.0,366.0
5415,GDN0024,Dummy,Valsalva,39,414.0,878.0,434.0,398.0,438.0,412.0,432.0,410.0,418.0,396.0,420.0,458.0,432.0,388.0
5416,GDN0024,Dummy,Valsalva,40,398.0,834.0,432.0,344.0,432.0,370.0,422.0,396.0,408.0,394.0,404.0,452.0,434.0,396.0
5417,GDN0024,Dummy,Valsalva,41,376.0,862.0,410.0,346.0,418.0,368.0,408.0,374.0,396.0,378.0,382.0,434.0,402.0,374.0
5418,GDN0024,Dummy,Valsalva,42,426.0,882.0,432.0,390.0,436.0,418.0,436.0,436.0,414.0,388.0,432.0,462.0,436.0,426.0
5419,GDN0024,Dummy,Valsalva,43,420.0,904.0,432.0,350.0,436.0,418.0,432.0,436.0,418.0,394.0,426.0,458.0,432.0,418.0
5420,GDN0024,Dummy,Valsalva,44,426.0,894.0,440.0,394.0,440.0,420.0,440.0,442.0,424.0,402.0,432.0,468.0,440.0,426.0
5421,GDN0024,Dummy,Valsalva,45,424.0,854.0,442.0,390.0,436.0,414.0,432.0,438.0,416.0,398.0,426.0,460.0,442.0,424.0
5422,GDN0024,Dummy,Valsalva,46,396.0,820.0,426.0,374.0,424.0,394.0,414.0,394.0,402.0,384.0,398.0,442.0,426.0,360.0
5423,GDN0024,Dummy,Valsalva,47,400.0,870.0,412.0,354.0,424.0,388.0,414.0,398.0,392.0,372.0,410.0,438.0,412.0,398.0
5424,GDN0024,Dummy,Valsalva,48,426.0,902.0,400.0,390.0,438.0,418.0,436.0,440.0,414.0,390.0,432.0,460.0,402.0,424.0
5425,GDN0024,Dummy,Valsalva,49,428.0,898.0,442.0,408.0,448.0,428.0,442.0,410.0,426.0,402.0,436.0,466.0,442.0,370.0
5426,GDN0024,Dummy,Valsalva,50,430.0,864.0,440.0,394.0,450.0,426.0,442.0,428.0,418.0,400.0,438.0,464.0,440.0,428.0
5427,GDN0024,Dummy,Valsalva,51,406.0,816.0,430.0,378.0,422.0,402.0,416.0,422.0,404.0,388.0,408.0,448.0,432.0,404.0
5428,GDN0024,Dummy,Valsalva,52,400.0,860.0,408.0,376.0,418.0,400.0,414.0,358.0,396.0,372.0,410.0,436.0,392.0,358.0
5429,GDN0024,Dummy,Valsalva,53,416.0,866.0,426.0,382.0,424.0,408.0,428.0,424.0,410.0,386.0,422.0,456.0,428.0,414.0
5430,GDN0024,Dummy,Valsalva,54,422.0,894.0,434.0,384.0,436.0,412.0,432.0,438.0,414.0,390.0,426.0,454.0,432.0,420.0
5431,GDN0024,Dummy,Valsalva,55,422.0,870.0,440.0,354.0,444.0,412.0,436.0,412.0,418.0,398.0,426.0,464.0,440.0,392.0
5432,GDN0024,Dummy,Valsalva,56,396.0,856.0,432.0,364.0,432.0,384.0,418.0,394.0,408.0,390.0,400.0,448.0,432.0,394.0
5433,GDN0024,Dummy,Valsalva,57,424.0,876.0,432.0,374.0,432.0,412.0,432.0,434.0,410.0,386.0,428.0,456.0,432.0,422.0
5434,GDN0024,Dummy,Valsalva,58,422.0,888.0,434.0,386.0,436.0,414.0,434.0,438.0,416.0,392.0,430.0,460.0,434.0,422.0
5435,GDN0024,Dummy,Valsalva,59,420.0,872.0,436.0,350.0,436.0,416.0,432.0,436.0,416.0,396.0,426.0,460.0,434.0,418.0
5436,GDN0024,Dummy,Valsalva,60,412.0,836.0,434.0,340.0,436.0,410.0,428.0,410.0,410.0,392.0,418.0,456.0,434.0,382.0
5437,GDN0024,Dummy,Valsalva,61,404.0,806.0,422.0,372.0,420.0,392.0,410.0,390.0,396.0,378.0,358.0,440.0,422.0,354.0
5438,GDN0024,Dummy,Valsalva,62,382.0,838.0,408.0,352.0,420.0,378.0,410.0,336.0,386.0,368.0,406.0,432.0,404.0,336.0
5439,GDN0024,Dummy,Valsalva,63,416.0,876.0,424.0,382.0,426.0,410.0,424.0,428.0,402.0,380.0,420.0,448.0,426.0,414.0
5440,GDN0024,Dummy,Valsalva,64,412.0,870.0,428.0,390.0,430.0,412.0,428.0,410.0,414.0,392.0,420.0,456.0,426.0,374.0
5441,GDN0024,Dummy,Valsalva,65,412.0,840.0,430.0,338.0,432.0,410.0,424.0,408.0,408.0,390.0,392.0,450.0,432.0,386.0
5442,GDN0024,Dummy,Valsalva,66,402.0,828.0,424.0,332.0,422.0,400.0,414.0,382.0,394.0,380.0,410.0,438.0,424.0,368.0
5443,GDN0024,Dummy,Valsalva,67,406.0,852.0,418.0,352.0,418.0,398.0,416.0,418.0,400.0,376.0,412.0,444.0,418.0,404.0
5444,GDN0024,Dummy,Valsalva,68,418.0,866.0,424.0,382.0,436.0,410.0,430.0,436.0,408.0,384.0,424.0,452.0,426.0,416.0
5445,GDN0024,Dummy,Valsalva,69,420.0,,434.0,384.0,436.0,412.0,430.0,438.0,408.0,390.0,424.0,454.0,432.0,418.0
5446,GDN0025,Dummy,HoldingBreath,0,388.0,878.0,416.0,338.0,426.0,386.0,416.0,342.0,408.0,394.0,402.0,444.0,416.0,306.0
5447,GDN0025,Dummy,HoldingBreath,1,372.0,890.0,416.0,332.0,308.0,360.0,410.0,370.0,408.0,394.0,386.0,444.0,414.0,370.0
5448,GDN0025,Dummy,HoldingBreath,2,392.0,816.0,332.0,340.0,420.0,374.0,416.0,390.0,414.0,398.0,412.0,448.0,332.0,390.0
5449,GDN0025,Dummy,HoldingBreath,3,372.0,750.0,378.0,340.0,394.0,370.0,388.0,312.0,380.0,370.0,386.0,412.0,382.0,264.0
5450,GDN0025,Dummy,HoldingBreath,4,336.0,690.0,364.0,308.0,346.0,332.0,356.0,334.0,356.0,346.0,342.0,390.0,362.0,334.0
5451,GDN0025,Dummy,HoldingBreath,5,318.0,690.0,344.0,290.0,358.0,310.0,348.0,258.0,338.0,326.0,344.0,374.0,344.0,256.0
5452,GDN0025,Dummy,HoldingBreath,6,344.0,706.0,330.0,284.0,356.0,340.0,352.0,260.0,340.0,326.0,330.0,370.0,330.0,260.0
5453,GDN0025,Dummy,HoldingBreath,7,352.0,664.0,340.0,320.0,254.0,346.0,358.0,298.0,348.0,334.0,336.0,378.0,336.0,250.0
5454,GDN0025,Dummy,HoldingBreath,8,330.0,642.0,312.0,304.0,234.0,328.0,288.0,256.0,332.0,318.0,314.0,240.0,314.0,240.0
5455,GDN0025,Dummy,HoldingBreath,9,340.0,676.0,300.0,298.0,242.0,334.0,288.0,238.0,324.0,310.0,300.0,238.0,300.0,238.0
5456,GDN0025,Dummy,HoldingBreath,10,350.0,694.0,320.0,282.0,358.0,344.0,312.0,240.0,332.0,320.0,322.0,240.0,322.0,238.0
5457,GDN0025,Dummy,HoldingBreath,11,306.0,684.0,324.0,272.0,256.0,302.0,336.0,300.0,336.0,326.0,322.0,364.0,322.0,248.0
5458,GDN0025,Dummy,HoldingBreath,12,320.0,664.0,340.0,290.0,274.0,318.0,340.0,254.0,336.0,324.0,340.0,368.0,340.0,254.0
5459,GDN0025,Dummy,HoldingBreath,13,342.0,706.0,320.0,276.0,354.0,340.0,310.0,242.0,328.0,316.0,318.0,360.0,318.0,242.0
5460,GDN0025,Dummy,HoldingBreath,14,264.0,770.0,336.0,312.0,268.0,340.0,354.0,264.0,342.0,332.0,338.0,374.0,338.0,262.0
5461,GDN0025,Dummy,HoldingBreath,15,336.0,800.0,364.0,306.0,294.0,332.0,358.0,330.0,368.0,354.0,362.0,394.0,362.0,276.0
5462,GDN0025,Dummy,HoldingBreath,16,342.0,744.0,378.0,310.0,400.0,338.0,370.0,282.0,376.0,364.0,380.0,410.0,380.0,280.0
5463,GDN0025,Dummy,HoldingBreath,17,342.0,714.0,338.0,286.0,268.0,340.0,362.0,264.0,356.0,344.0,334.0,384.0,334.0,264.0
5464,GDN0025,Dummy,HoldingBreath,18,320.0,708.0,346.0,298.0,238.0,366.0,332.0,316.0,346.0,334.0,278.0,246.0,346.0,276.0
5465,GDN0025,Dummy,HoldingBreath,19,256.0,692.0,328.0,324.0,254.0,344.0,312.0,256.0,350.0,334.0,324.0,256.0,324.0,254.0
5466,GDN0025,Dummy,HoldingBreath,20,348.0,676.0,364.0,272.0,364.0,318.0,356.0,252.0,336.0,326.0,354.0,380.0,368.0,250.0
5467,GDN0025,Dummy,HoldingBreath,21,320.0,668.0,326.0,284.0,336.0,316.0,338.0,246.0,332.0,320.0,334.0,362.0,302.0,244.0
5468,GDN0025,Dummy,HoldingBreath,22,238.0,670.0,320.0,282.0,358.0,342.0,316.0,238.0,328.0,318.0,322.0,362.0,322.0,236.0
5469,GDN0025,Dummy,HoldingBreath,23,354.0,718.0,318.0,278.0,314.0,352.0,310.0,252.0,332.0,318.0,318.0,332.0,318.0,250.0
5470,GDN0025,Dummy,HoldingBreath,24,282.0,694.0,336.0,300.0,368.0,318.0,354.0,272.0,344.0,334.0,338.0,376.0,338.0,248.0
5471,GDN0025,Dummy,HoldingBreath,25,344.0,706.0,320.0,308.0,232.0,342.0,288.0,266.0,344.0,328.0,318.0,238.0,318.0,236.0
5472,GDN0025,Dummy,HoldingBreath,26,306.0,718.0,338.0,276.0,322.0,358.0,324.0,254.0,340.0,332.0,314.0,374.0,336.0,254.0
5473,GDN0025,Dummy,HoldingBreath,27,288.0,690.0,348.0,312.0,358.0,334.0,348.0,284.0,344.0,336.0,354.0,376.0,354.0,248.0
5474,GDN0025,Dummy,HoldingBreath,28,288.0,682.0,336.0,262.0,246.0,286.0,334.0,286.0,338.0,326.0,322.0,246.0,322.0,246.0
5475,GDN0025,Dummy,HoldingBreath,29,288.0,656.0,324.0,260.0,246.0,346.0,308.0,286.0,332.0,322.0,292.0,246.0,328.0,286.0
5476,GDN0025,Dummy,HoldingBreath,30,242.0,672.0,302.0,276.0,240.0,304.0,336.0,240.0,324.0,314.0,302.0,352.0,302.0,240.0
5477,GDN0025,Dummy,HoldingBreath,31,246.0,668.0,320.0,288.0,320.0,306.0,314.0,244.0,328.0,318.0,318.0,348.0,318.0,244.0
5478,GDN0025,Dummy,HoldingBreath,32,334.0,666.0,318.0,300.0,348.0,330.0,344.0,248.0,334.0,320.0,316.0,248.0,316.0,248.0
5479,GDN0025,Dummy,HoldingBreath,33,262.0,636.0,332.0,288.0,328.0,306.0,324.0,258.0,326.0,316.0,336.0,358.0,336.0,224.0
5480,GDN0025,Dummy,HoldingBreath,34,250.0,610.0,304.0,282.0,212.0,324.0,276.0,248.0,314.0,306.0,298.0,248.0,298.0,248.0
5481,GDN0025,Dummy,HoldingBreath,35,290.0,620.0,306.0,254.0,296.0,280.0,304.0,288.0,306.0,296.0,294.0,340.0,314.0,288.0
5482,GDN0025,Dummy,HoldingBreath,36,290.0,642.0,306.0,256.0,238.0,284.0,310.0,234.0,312.0,302.0,290.0,0.0,300.0,232.0
5483,GDN0025,Dummy,HoldingBreath,37,302.0,668.0,308.0,278.0,218.0,300.0,312.0,250.0,318.0,308.0,254.0,340.0,308.0,224.0
5484,GDN0025,Dummy,HoldingBreath,38,296.0,668.0,324.0,274.0,260.0,296.0,316.0,252.0,326.0,316.0,328.0,354.0,328.0,250.0
5485,GDN0025,Dummy,HoldingBreath,39,248.0,690.0,320.0,294.0,348.0,330.0,302.0,246.0,326.0,318.0,316.0,354.0,316.0,246.0
5486,GDN0025,Dummy,HoldingBreath,40,250.0,686.0,332.0,298.0,356.0,,322.0,248.0,332.0,324.0,334.0,362.0,334.0,248.0
5487,GDN0025,Dummy,HoldingBreath,41,244.0,662.0,338.0,300.0,234.0,320.0,328.0,244.0,332.0,324.0,336.0,360.0,336.0,242.0
5488,GDN0025,Dummy,HoldingBreath,42,306.0,638.0,316.0,284.0,228.0,346.0,316.0,258.0,324.0,316.0,262.0,232.0,318.0,232.0
5489,GDN0025,Dummy,HoldingBreath,43,286.0,642.0,306.0,254.0,346.0,328.0,336.0,280.0,318.0,308.0,308.0,350.0,308.0,234.0
5490,GDN0025,Dummy,HoldingBreath,44,248.0,620.0,314.0,290.0,342.0,322.0,330.0,246.0,320.0,308.0,312.0,352.0,312.0,246.0
5491,GDN0025,Dummy,HoldingBreath,45,262.0,610.0,310.0,290.0,226.0,304.0,320.0,260.0,318.0,304.0,262.0,228.0,306.0,260.0
5492,GDN0025,Dummy,HoldingBreath,46,288.0,602.0,316.0,252.0,344.0,322.0,332.0,232.0,314.0,300.0,294.0,354.0,326.0,230.0
5493,GDN0025,Dummy,HoldingBreath,47,214.0,598.0,274.0,238.0,224.0,324.0,298.0,214.0,306.0,294.0,214.0,0.0,260.0,214.0
5494,GDN0025,Dummy,HoldingBreath,48,278.0,628.0,300.0,250.0,290.0,326.0,292.0,274.0,310.0,296.0,278.0,230.0,302.0,228.0
5495,GDN0025,Dummy,HoldingBreath,49,264.0,676.0,308.0,292.0,280.0,324.0,290.0,262.0,320.0,306.0,268.0,228.0,312.0,228.0
5496,GDN0025,Dummy,HoldingBreath,50,294.0,652.0,322.0,306.0,306.0,344.0,306.0,288.0,334.0,320.0,320.0,246.0,320.0,244.0
5497,GDN0025,Dummy,HoldingBreath,51,338.0,648.0,310.0,292.0,350.0,334.0,284.0,258.0,322.0,312.0,310.0,356.0,310.0,258.0
5498,GDN0025,Dummy,HoldingBreath,52,242.0,640.0,314.0,288.0,90.0,318.0,328.0,242.0,320.0,310.0,314.0,350.0,314.0,242.0
5499,GDN0025,Dummy,HoldingBreath,53,254.0,662.0,312.0,294.0,218.0,370.0,302.0,246.0,322.0,308.0,312.0,228.0,312.0,226.0
5500,GDN0025,Dummy,HoldingBreath,54,282.0,672.0,312.0,260.0,244.0,320.0,326.0,280.0,326.0,316.0,312.0,350.0,312.0,242.0
5501,GDN0025,Dummy,HoldingBreath,55,430.0,686.0,348.0,288.0,320.0,386.0,320.0,262.0,332.0,320.0,342.0,340.0,342.0,262.0
5502,GDN0025,Dummy,HoldingBreath,59,292.0,776.0,314.0,264.0,242.0,288.0,306.0,,312.0,304.0,312.0,342.0,312.0,236.0
5503,GDN0025,Dummy,HoldingBreath,60,350.0,778.0,370.0,312.0,374.0,348.0,370.0,278.0,366.0,356.0,362.0,396.0,370.0,276.0
5504,GDN0025,Dummy,HoldingBreath,61,320.0,790.0,374.0,340.0,176.0,318.0,362.0,318.0,368.0,356.0,378.0,404.0,378.0,278.0
5505,GDN0025,Dummy,HoldingBreath,62,328.0,776.0,376.0,302.0,198.0,400.0,364.0,324.0,372.0,360.0,374.0,402.0,374.0,284.0
5506,GDN0025,Dummy,HoldingBreath,63,362.0,716.0,370.0,298.0,374.0,354.0,370.0,280.0,366.0,356.0,374.0,396.0,374.0,280.0
5507,GDN0025,Dummy,HoldingBreath,64,326.0,664.0,340.0,296.0,280.0,324.0,342.0,270.0,346.0,334.0,330.0,370.0,330.0,270.0
5508,GDN0025,Dummy,HoldingBreath,65,246.0,438.0,336.0,302.0,354.0,334.0,340.0,244.0,330.0,316.0,348.0,368.0,348.0,244.0
5510,GDN0025,Dummy,HoldingBreath,71,330.0,848.0,350.0,294.0,338.0,322.0,342.0,,338.0,330.0,332.0,374.0,348.0,328.0
5511,GDN0025,Dummy,HoldingBreath,72,372.0,778.0,414.0,340.0,424.0,370.0,398.0,372.0,390.0,380.0,384.0,430.0,402.0,372.0
5512,GDN0025,Dummy,HoldingBreath,73,348.0,564.0,366.0,310.0,358.0,342.0,372.0,346.0,372.0,358.0,358.0,410.0,388.0,346.0
5513,GDN0025,Dummy,HoldingBreath,74,490.0,1084.0,190.0,108.0,196.0,,188.0,178.0,218.0,200.0,182.0,206.0,,178.0
5514,GDN0025,Dummy,HoldingBreath,75,454.0,854.0,492.0,416.0,496.0,444.0,484.0,452.0,476.0,464.0,460.0,514.0,494.0,452.0
5515,GDN0025,Dummy,HoldingBreath,76,388.0,832.0,406.0,366.0,416.0,384.0,406.0,340.0,400.0,384.0,396.0,432.0,406.0,292.0
5516,GDN0025,Dummy,HoldingBreath,77,396.0,826.0,402.0,328.0,412.0,394.0,406.0,360.0,392.0,378.0,364.0,428.0,406.0,360.0
5517,GDN0025,Dummy,HoldingBreath,78,370.0,852.0,384.0,320.0,386.0,364.0,388.0,368.0,386.0,374.0,380.0,418.0,380.0,368.0
5518,GDN0025,Dummy,HoldingBreath,79,374.0,802.0,390.0,318.0,420.0,372.0,404.0,334.0,394.0,382.0,386.0,430.0,392.0,294.0
5519,GDN0025,Dummy,HoldingBreath,80,370.0,736.0,388.0,332.0,398.0,360.0,390.0,368.0,374.0,364.0,378.0,414.0,390.0,368.0
5520,GDN0025,Dummy,HoldingBreath,81,324.0,694.0,368.0,298.0,374.0,322.0,362.0,270.0,354.0,342.0,332.0,388.0,368.0,244.0
5521,GDN0025,Dummy,HoldingBreath,82,266.0,666.0,346.0,314.0,354.0,334.0,344.0,266.0,342.0,328.0,344.0,370.0,344.0,264.0
5522,GDN0025,Dummy,HoldingBreath,83,342.0,,324.0,302.0,354.0,340.0,304.0,288.0,330.0,318.0,330.0,366.0,330.0,250.0
5523,GDN0025,Dummy,Pause,0,428.0,902.0,430.0,406.0,440.0,476.0,436.0,168.0,426.0,402.0,396.0,458.0,434.0,392.0
5524,GDN0025,Dummy,Pause,1,392.0,932.0,436.0,404.0,444.0,420.0,436.0,318.0,424.0,402.0,400.0,464.0,434.0,318.0
5525,GDN0025,Dummy,Pause,2,426.0,906.0,446.0,398.0,448.0,422.0,444.0,448.0,432.0,412.0,436.0,472.0,446.0,424.0
5526,GDN0025,Dummy,Pause,3,440.0,892.0,412.0,408.0,452.0,436.0,448.0,452.0,428.0,404.0,394.0,468.0,414.0,440.0
5527,GDN0025,Dummy,Pause,4,424.0,892.0,408.0,398.0,440.0,424.0,436.0,382.0,418.0,398.0,388.0,458.0,406.0,382.0
5528,GDN0025,Dummy,Pause,5,406.0,904.0,426.0,380.0,320.0,462.0,424.0,402.0,420.0,398.0,368.0,316.0,426.0,366.0
5529,GDN0025,Dummy,Pause,6,380.0,896.0,424.0,398.0,308.0,436.0,414.0,378.0,420.0,402.0,400.0,308.0,424.0,378.0
5530,GDN0025,Dummy,Pause,7,390.0,880.0,424.0,400.0,314.0,442.0,410.0,386.0,420.0,400.0,398.0,312.0,424.0,368.0
5531,GDN0025,Dummy,Pause,8,386.0,862.0,416.0,402.0,434.0,472.0,424.0,384.0,420.0,394.0,388.0,312.0,416.0,384.0
5532,GDN0025,Dummy,Pause,9,408.0,848.0,416.0,344.0,418.0,448.0,418.0,418.0,408.0,388.0,416.0,274.0,416.0,408.0
5533,GDN0025,Dummy,Pause,10,402.0,838.0,382.0,372.0,360.0,396.0,416.0,400.0,406.0,382.0,414.0,296.0,384.0,400.0
5534,GDN0025,Dummy,Pause,11,370.0,830.0,396.0,394.0,298.0,484.0,392.0,298.0,408.0,380.0,382.0,298.0,396.0,298.0
5535,GDN0025,Dummy,Pause,12,408.0,810.0,372.0,338.0,276.0,408.0,420.0,316.0,398.0,376.0,318.0,278.0,374.0,316.0
5536,GDN0025,Dummy,Pause,13,398.0,802.0,366.0,368.0,412.0,396.0,410.0,300.0,394.0,370.0,304.0,428.0,364.0,300.0
5537,GDN0025,Dummy,Pause,14,360.0,788.0,378.0,332.0,208.0,396.0,408.0,290.0,390.0,366.0,368.0,426.0,378.0,290.0
5538,GDN0025,Dummy,Pause,15,354.0,792.0,384.0,328.0,254.0,352.0,400.0,282.0,388.0,362.0,358.0,264.0,388.0,264.0
5539,GDN0025,Dummy,Pause,16,396.0,842.0,368.0,366.0,406.0,390.0,406.0,406.0,388.0,364.0,366.0,428.0,366.0,394.0
5540,GDN0025,Dummy,Pause,17,414.0,908.0,382.0,354.0,428.0,410.0,424.0,328.0,398.0,380.0,332.0,440.0,384.0,328.0
5541,GDN0025,Dummy,Pause,18,434.0,932.0,408.0,406.0,448.0,432.0,446.0,450.0,428.0,404.0,444.0,464.0,408.0,432.0
5542,GDN0025,Dummy,Pause,19,444.0,920.0,418.0,414.0,454.0,438.0,452.0,456.0,434.0,412.0,450.0,470.0,418.0,444.0
5543,GDN0025,Dummy,Pause,20,406.0,896.0,434.0,372.0,444.0,398.0,440.0,404.0,426.0,408.0,412.0,296.0,434.0,404.0
5544,GDN0025,Dummy,Pause,21,394.0,856.0,416.0,406.0,400.0,434.0,408.0,392.0,424.0,400.0,396.0,262.0,414.0,392.0
5545,GDN0025,Dummy,Pause,22,386.0,812.0,400.0,368.0,446.0,430.0,404.0,348.0,408.0,386.0,400.0,288.0,400.0,288.0
5546,GDN0025,Dummy,Pause,23,402.0,820.0,372.0,344.0,416.0,402.0,418.0,280.0,398.0,370.0,372.0,280.0,372.0,278.0
5547,GDN0025,Dummy,Pause,24,394.0,820.0,378.0,370.0,302.0,438.0,404.0,356.0,396.0,372.0,352.0,294.0,378.0,348.0
5548,GDN0025,Dummy,Pause,25,396.0,826.0,368.0,356.0,416.0,394.0,416.0,328.0,396.0,372.0,368.0,288.0,368.0,286.0
5549,GDN0025,Dummy,Pause,26,404.0,874.0,386.0,380.0,282.0,478.0,416.0,354.0,408.0,376.0,422.0,286.0,386.0,284.0
5550,GDN0025,Dummy,Pause,27,408.0,894.0,410.0,382.0,370.0,406.0,424.0,358.0,418.0,392.0,416.0,290.0,408.0,358.0
5551,GDN0025,Dummy,Pause,28,430.0,882.0,408.0,402.0,394.0,426.0,400.0,396.0,422.0,398.0,394.0,276.0,410.0,392.0
5552,GDN0025,Dummy,Pause,29,416.0,888.0,390.0,390.0,432.0,462.0,430.0,366.0,416.0,394.0,372.0,310.0,388.0,366.0
5553,GDN0025,Dummy,Pause,30,408.0,920.0,426.0,390.0,426.0,462.0,424.0,404.0,420.0,396.0,382.0,310.0,426.0,376.0
5554,GDN0025,Dummy,Pause,31,426.0,938.0,446.0,392.0,440.0,418.0,440.0,440.0,434.0,408.0,430.0,472.0,446.0,426.0
5555,GDN0025,Dummy,Pause,32,414.0,912.0,452.0,384.0,458.0,408.0,452.0,412.0,434.0,414.0,420.0,480.0,452.0,412.0
5556,GDN0025,Dummy,Pause,33,402.0,890.0,434.0,408.0,294.0,398.0,430.0,400.0,428.0,406.0,410.0,468.0,434.0,400.0
5557,GDN0025,Dummy,Pause,34,414.0,892.0,430.0,348.0,462.0,410.0,430.0,412.0,418.0,398.0,422.0,464.0,430.0,412.0
5558,GDN0025,Dummy,Pause,35,420.0,894.0,432.0,392.0,438.0,478.0,434.0,366.0,422.0,398.0,430.0,460.0,434.0,366.0
5559,GDN0025,Dummy,Pause,36,410.0,844.0,432.0,368.0,426.0,400.0,426.0,408.0,424.0,398.0,414.0,304.0,432.0,408.0
5560,GDN0025,Dummy,Pause,37,418.0,824.0,380.0,354.0,342.0,412.0,426.0,328.0,402.0,382.0,334.0,288.0,382.0,288.0
5561,GDN0025,Dummy,Pause,38,376.0,800.0,368.0,344.0,436.0,374.0,406.0,296.0,396.0,374.0,366.0,280.0,366.0,278.0
5562,GDN0025,Dummy,Pause,39,370.0,844.0,390.0,332.0,274.0,366.0,396.0,304.0,388.0,366.0,390.0,274.0,392.0,274.0
5563,GDN0025,Dummy,Pause,40,372.0,904.0,398.0,348.0,270.0,420.0,428.0,322.0,404.0,382.0,382.0,276.0,398.0,274.0
5564,GDN0025,Dummy,Pause,41,404.0,928.0,432.0,370.0,444.0,428.0,438.0,402.0,420.0,402.0,408.0,464.0,432.0,402.0
5565,GDN0025,Dummy,Pause,42,434.0,940.0,428.0,360.0,452.0,430.0,444.0,396.0,428.0,410.0,402.0,468.0,426.0,396.0
5566,GDN0025,Dummy,Pause,43,404.0,956.0,442.0,420.0,456.0,388.0,444.0,402.0,438.0,414.0,410.0,476.0,442.0,402.0
5567,GDN0025,Dummy,Pause,44,422.0,970.0,452.0,390.0,460.0,412.0,452.0,420.0,446.0,420.0,378.0,482.0,452.0,420.0
5568,GDN0025,Dummy,Pause,45,434.0,942.0,454.0,396.0,382.0,422.0,448.0,432.0,452.0,426.0,434.0,488.0,454.0,432.0
5569,GDN0025,Dummy,Pause,46,436.0,918.0,448.0,416.0,454.0,434.0,450.0,416.0,438.0,416.0,444.0,476.0,446.0,394.0
5570,GDN0025,Dummy,Pause,47,408.0,912.0,440.0,364.0,270.0,396.0,438.0,408.0,432.0,408.0,410.0,470.0,440.0,408.0
5571,GDN0025,Dummy,Pause,48,424.0,920.0,438.0,364.0,438.0,422.0,438.0,422.0,430.0,406.0,398.0,298.0,438.0,394.0
5572,GDN0025,Dummy,Pause,49,438.0,900.0,442.0,412.0,448.0,434.0,446.0,448.0,432.0,408.0,394.0,468.0,442.0,436.0
5573,GDN0025,Dummy,Pause,50,414.0,874.0,420.0,380.0,432.0,408.0,432.0,412.0,426.0,400.0,424.0,458.0,424.0,412.0
5574,GDN0025,Dummy,Pause,51,392.0,894.0,414.0,346.0,444.0,424.0,428.0,390.0,412.0,392.0,396.0,452.0,412.0,390.0
5575,GDN0025,Dummy,Pause,52,380.0,926.0,418.0,402.0,454.0,414.0,438.0,378.0,422.0,398.0,384.0,462.0,420.0,378.0
5576,GDN0025,Dummy,Pause,53,420.0,930.0,442.0,374.0,464.0,408.0,440.0,418.0,432.0,410.0,424.0,472.0,442.0,418.0
5577,GDN0025,Dummy,Pause,54,436.0,920.0,442.0,412.0,452.0,432.0,446.0,382.0,432.0,412.0,328.0,472.0,442.0,326.0
5578,GDN0025,Dummy,Pause,55,404.0,940.0,426.0,366.0,462.0,442.0,450.0,402.0,430.0,408.0,408.0,472.0,426.0,402.0
5579,GDN0025,Dummy,Pause,56,396.0,934.0,440.0,416.0,300.0,432.0,444.0,396.0,436.0,416.0,400.0,300.0,438.0,396.0
5580,GDN0025,Dummy,Pause,57,432.0,884.0,442.0,414.0,446.0,430.0,442.0,430.0,434.0,412.0,358.0,470.0,444.0,400.0
5581,GDN0025,Dummy,Pause,58,422.0,876.0,402.0,398.0,436.0,418.0,434.0,376.0,418.0,396.0,384.0,456.0,398.0,376.0
5582,GDN0025,Dummy,Pause,59,414.0,904.0,418.0,388.0,428.0,412.0,428.0,410.0,416.0,392.0,424.0,280.0,422.0,370.0
5583,GDN0025,Dummy,Pause,60,432.0,912.0,428.0,410.0,446.0,430.0,442.0,388.0,428.0,402.0,392.0,466.0,424.0,388.0
5584,GDN0025,Dummy,Pause,61,400.0,900.0,418.0,360.0,430.0,388.0,430.0,326.0,426.0,406.0,412.0,288.0,424.0,326.0
5585,GDN0025,Dummy,Pause,62,416.0,900.0,406.0,396.0,434.0,414.0,432.0,352.0,422.0,402.0,426.0,460.0,396.0,302.0
5586,GDN0025,Dummy,Pause,63,400.0,954.0,430.0,412.0,450.0,426.0,440.0,398.0,428.0,402.0,404.0,466.0,432.0,398.0
5587,GDN0025,Dummy,Pause,64,422.0,958.0,450.0,426.0,470.0,410.0,448.0,422.0,444.0,420.0,426.0,484.0,450.0,422.0
5588,GDN0025,Dummy,Pause,65,418.0,938.0,450.0,430.0,486.0,406.0,446.0,418.0,448.0,422.0,420.0,278.0,450.0,418.0
5589,GDN0027,Dummy,HoldingBreath,0,446.0,1008.0,470.0,402.0,250.0,430.0,466.0,440.0,464.0,438.0,450.0,302.0,470.0,444.0
5590,GDN0027,Dummy,HoldingBreath,1,442.0,1002.0,458.0,472.0,482.0,546.0,476.0,440.0,478.0,436.0,442.0,246.0,462.0,440.0
5591,GDN0027,Dummy,HoldingBreath,2,484.0,1064.0,454.0,442.0,326.0,478.0,450.0,444.0,460.0,436.0,442.0,42.0,452.0,438.0
5592,GDN0027,Dummy,HoldingBreath,3,452.0,1068.0,492.0,466.0,522.0,474.0,492.0,450.0,486.0,458.0,454.0,292.0,492.0,450.0
5593,GDN0027,Dummy,HoldingBreath,4,528.0,1016.0,496.0,458.0,360.0,526.0,538.0,484.0,494.0,458.0,448.0,554.0,498.0,484.0
5594,GDN0027,Dummy,HoldingBreath,5,468.0,1026.0,416.0,414.0,402.0,442.0,480.0,482.0,472.0,442.0,476.0,344.0,412.0,466.0
5595,GDN0027,Dummy,HoldingBreath,6,446.0,1036.0,484.0,460.0,340.0,486.0,452.0,450.0,474.0,446.0,486.0,446.0,486.0,446.0
5596,GDN0027,Dummy,HoldingBreath,7,508.0,956.0,430.0,470.0,508.0,544.0,512.0,510.0,484.0,446.0,508.0,506.0,434.0,506.0
5597,GDN0027,Dummy,HoldingBreath,8,440.0,940.0,334.0,442.0,330.0,494.0,450.0,438.0,452.0,420.0,446.0,60.0,,438.0
5598,GDN0027,Dummy,HoldingBreath,9,462.0,932.0,418.0,408.0,462.0,450.0,402.0,464.0,432.0,416.0,420.0,460.0,420.0,460.0
5599,GDN0027,Dummy,HoldingBreath,10,386.0,958.0,440.0,414.0,250.0,432.0,462.0,382.0,438.0,412.0,440.0,348.0,440.0,346.0
5600,GDN0027,Dummy,HoldingBreath,11,456.0,946.0,418.0,424.0,464.0,450.0,468.0,456.0,448.0,422.0,392.0,456.0,422.0,456.0
5601,GDN0027,Dummy,HoldingBreath,12,440.0,966.0,432.0,412.0,396.0,438.0,460.0,436.0,446.0,418.0,454.0,316.0,430.0,394.0
5602,GDN0027,Dummy,HoldingBreath,13,456.0,952.0,412.0,416.0,352.0,444.0,466.0,456.0,446.0,424.0,412.0,456.0,412.0,456.0
5603,GDN0027,Dummy,HoldingBreath,14,454.0,980.0,424.0,384.0,468.0,454.0,466.0,406.0,438.0,420.0,372.0,312.0,420.0,406.0
5604,GDN0027,Dummy,HoldingBreath,15,484.0,1004.0,486.0,382.0,490.0,472.0,486.0,490.0,450.0,430.0,492.0,504.0,488.0,482.0
5605,GDN0027,Dummy,HoldingBreath,16,444.0,980.0,462.0,374.0,292.0,480.0,452.0,456.0,450.0,436.0,454.0,292.0,462.0,442.0
5606,GDN0027,Dummy,HoldingBreath,17,442.0,1004.0,458.0,404.0,384.0,426.0,452.0,442.0,462.0,430.0,446.0,376.0,458.0,442.0
5607,GDN0027,Dummy,HoldingBreath,18,462.0,1028.0,464.0,438.0,278.0,540.0,474.0,420.0,478.0,436.0,422.0,142.0,466.0,546.0
5608,GDN0027,Dummy,HoldingBreath,19,514.0,998.0,470.0,444.0,526.0,512.0,482.0,464.0,478.0,446.0,428.0,314.0,472.0,426.0
5609,GDN0027,Dummy,HoldingBreath,20,480.0,1012.0,424.0,452.0,268.0,476.0,494.0,478.0,468.0,436.0,396.0,268.0,416.0,478.0
5610,GDN0027,Dummy,HoldingBreath,21,428.0,1016.0,472.0,444.0,288.0,496.0,472.0,452.0,466.0,440.0,430.0,170.0,476.0,428.0
5611,GDN0027,Dummy,HoldingBreath,22,456.0,980.0,474.0,438.0,470.0,456.0,474.0,454.0,472.0,442.0,428.0,374.0,472.0,424.0
5612,GDN0027,Dummy,HoldingBreath,23,430.0,998.0,458.0,446.0,292.0,530.0,454.0,430.0,458.0,428.0,442.0,212.0,458.0,430.0
5613,GDN0027,Dummy,HoldingBreath,24,436.0,1006.0,468.0,450.0,290.0,422.0,454.0,436.0,464.0,436.0,440.0,304.0,468.0,436.0
5614,GDN0027,Dummy,HoldingBreath,25,464.0,988.0,480.0,428.0,474.0,454.0,472.0,474.0,468.0,438.0,468.0,312.0,478.0,462.0
5615,GDN0027,Dummy,HoldingBreath,26,460.0,954.0,472.0,438.0,476.0,458.0,472.0,440.0,456.0,432.0,466.0,494.0,472.0,396.0
5616,GDN0027,Dummy,HoldingBreath,27,458.0,978.0,428.0,432.0,416.0,526.0,420.0,416.0,456.0,418.0,410.0,6.0,426.0,408.0
5617,GDN0027,Dummy,HoldingBreath,28,482.0,986.0,452.0,420.0,334.0,482.0,454.0,438.0,458.0,428.0,450.0,106.0,454.0,400.0
5618,GDN0027,Dummy,HoldingBreath,29,466.0,980.0,480.0,418.0,330.0,452.0,476.0,464.0,460.0,432.0,470.0,506.0,482.0,464.0
5619,GDN0027,Dummy,HoldingBreath,30,462.0,972.0,480.0,428.0,282.0,458.0,476.0,462.0,450.0,430.0,478.0,462.0,482.0,462.0
5620,GDN0027,Dummy,HoldingBreath,31,428.0,956.0,418.0,456.0,354.0,468.0,452.0,340.0,464.0,424.0,440.0,302.0,408.0,300.0
5621,GDN0027,Dummy,HoldingBreath,32,456.0,936.0,422.0,424.0,410.0,490.0,408.0,466.0,444.0,420.0,402.0,456.0,424.0,456.0
5622,GDN0027,Dummy,HoldingBreath,33,428.0,956.0,438.0,398.0,304.0,508.0,438.0,438.0,446.0,414.0,432.0,304.0,436.0,426.0
5623,GDN0027,Dummy,HoldingBreath,34,454.0,974.0,434.0,428.0,410.0,452.0,416.0,412.0,450.0,420.0,410.0,332.0,438.0,408.0
5624,GDN0027,Dummy,HoldingBreath,35,432.0,972.0,452.0,448.0,268.0,486.0,450.0,430.0,458.0,426.0,438.0,270.0,448.0,430.0
5625,GDN0027,Dummy,HoldingBreath,36,460.0,970.0,474.0,386.0,468.0,448.0,466.0,468.0,452.0,426.0,466.0,458.0,476.0,458.0
5626,GDN0027,Dummy,HoldingBreath,37,472.0,988.0,474.0,402.0,478.0,462.0,476.0,480.0,452.0,426.0,474.0,496.0,418.0,470.0
5627,GDN0027,Dummy,HoldingBreath,38,492.0,1006.0,410.0,418.0,494.0,530.0,494.0,496.0,472.0,430.0,494.0,508.0,412.0,534.0
5628,GDN0027,Dummy,HoldingBreath,39,474.0,536.0,490.0,402.0,260.0,466.0,478.0,484.0,452.0,438.0,476.0,498.0,486.0,472.0
5629,GDN0027,Dummy,HoldingBreath,41,306.0,994.0,222.0,234.0,324.0,304.0,316.0,278.0,274.0,238.0,216.0,12.0,188.0,278.0
5630,GDN0027,Dummy,HoldingBreath,42,472.0,1014.0,458.0,394.0,436.0,470.0,482.0,436.0,460.0,434.0,436.0,210.0,460.0,434.0
5631,GDN0027,Dummy,HoldingBreath,43,446.0,1010.0,476.0,458.0,302.0,522.0,478.0,444.0,470.0,440.0,476.0,300.0,474.0,444.0
5632,GDN0027,Dummy,HoldingBreath,44,484.0,1014.0,490.0,448.0,504.0,552.0,496.0,504.0,476.0,438.0,494.0,518.0,488.0,484.0
5633,GDN0027,Dummy,HoldingBreath,45,450.0,1044.0,480.0,418.0,342.0,518.0,468.0,448.0,464.0,440.0,468.0,4.0,482.0,448.0
5634,GDN0027,Dummy,HoldingBreath,46,520.0,998.0,500.0,464.0,450.0,516.0,460.0,454.0,480.0,452.0,498.0,538.0,498.0,452.0
5635,GDN0027,Dummy,HoldingBreath,47,462.0,1026.0,484.0,408.0,392.0,538.0,466.0,466.0,468.0,436.0,462.0,490.0,484.0,460.0
5636,GDN0027,Dummy,HoldingBreath,48,550.0,1056.0,424.0,438.0,342.0,548.0,508.0,512.0,488.0,442.0,514.0,340.0,428.0,502.0
5637,GDN0027,Dummy,HoldingBreath,49,510.0,1030.0,520.0,474.0,520.0,576.0,518.0,522.0,500.0,452.0,512.0,538.0,518.0,510.0
5638,GDN0027,Dummy,HoldingBreath,50,444.0,1016.0,472.0,458.0,498.0,426.0,480.0,444.0,474.0,446.0,452.0,336.0,474.0,444.0
5639,GDN0027,Dummy,HoldingBreath,51,488.0,1038.0,458.0,444.0,506.0,488.0,438.0,424.0,464.0,442.0,426.0,332.0,460.0,424.0
5640,GDN0027,Dummy,HoldingBreath,52,442.0,1016.0,472.0,458.0,260.0,514.0,464.0,440.0,476.0,450.0,448.0,170.0,470.0,440.0
5641,GDN0027,Dummy,HoldingBreath,53,496.0,1022.0,476.0,468.0,548.0,536.0,452.0,456.0,478.0,440.0,476.0,444.0,476.0,540.0
5642,GDN0027,Dummy,HoldingBreath,54,440.0,1064.0,470.0,456.0,446.0,494.0,450.0,446.0,472.0,444.0,440.0,348.0,470.0,440.0
5643,GDN0027,Dummy,HoldingBreath,55,498.0,1072.0,512.0,464.0,502.0,488.0,502.0,504.0,486.0,458.0,500.0,532.0,512.0,496.0
5644,GDN0027,Dummy,HoldingBreath,56,464.0,1022.0,496.0,478.0,524.0,444.0,504.0,462.0,492.0,462.0,464.0,308.0,500.0,462.0
5645,GDN0027,Dummy,HoldingBreath,57,456.0,1054.0,502.0,462.0,376.0,514.0,474.0,484.0,474.0,444.0,502.0,526.0,502.0,456.0
5646,GDN0027,Dummy,HoldingBreath,58,474.0,1044.0,494.0,456.0,322.0,508.0,486.0,470.0,484.0,454.0,448.0,324.0,492.0,444.0
5647,GDN0027,Dummy,HoldingBreath,59,532.0,,496.0,420.0,490.0,530.0,486.0,490.0,482.0,452.0,476.0,504.0,496.0,474.0
5648,GDN0027,Dummy,Pause,0,470.0,1006.0,460.0,450.0,488.0,470.0,484.0,454.0,470.0,432.0,434.0,312.0,462.0,430.0
5649,GDN0027,Dummy,Pause,1,482.0,964.0,472.0,458.0,354.0,526.0,490.0,434.0,470.0,438.0,436.0,352.0,470.0,434.0
5650,GDN0027,Dummy,Pause,2,440.0,970.0,464.0,446.0,326.0,492.0,456.0,438.0,456.0,424.0,446.0,324.0,466.0,438.0
5651,GDN0027,Dummy,Pause,3,458.0,998.0,448.0,440.0,310.0,494.0,470.0,412.0,458.0,426.0,424.0,312.0,446.0,358.0
5652,GDN0027,Dummy,Pause,4,472.0,998.0,458.0,444.0,428.0,514.0,490.0,424.0,470.0,434.0,484.0,302.0,458.0,424.0
5653,GDN0027,Dummy,Pause,5,428.0,984.0,474.0,462.0,514.0,412.0,482.0,428.0,472.0,434.0,434.0,310.0,474.0,428.0
5654,GDN0027,Dummy,Pause,6,460.0,974.0,472.0,446.0,476.0,506.0,474.0,414.0,464.0,428.0,416.0,286.0,472.0,414.0
5655,GDN0027,Dummy,Pause,7,442.0,990.0,460.0,408.0,396.0,432.0,474.0,442.0,460.0,424.0,448.0,286.0,458.0,442.0
5656,GDN0027,Dummy,Pause,8,480.0,1052.0,456.0,456.0,500.0,480.0,494.0,416.0,466.0,430.0,422.0,332.0,456.0,416.0
5657,GDN0027,Dummy,Pause,9,474.0,1052.0,490.0,452.0,438.0,516.0,492.0,474.0,486.0,454.0,480.0,286.0,490.0,436.0
5658,GDN0027,Dummy,Pause,10,460.0,1018.0,494.0,472.0,534.0,520.0,494.0,458.0,486.0,454.0,460.0,254.0,494.0,458.0
5659,GDN0027,Dummy,Pause,11,480.0,992.0,476.0,458.0,496.0,480.0,494.0,436.0,472.0,442.0,488.0,280.0,472.0,436.0
5660,GDN0027,Dummy,Pause,12,482.0,998.0,470.0,450.0,432.0,480.0,494.0,432.0,470.0,432.0,434.0,274.0,470.0,432.0
5661,GDN0027,Dummy,Pause,13,478.0,1022.0,452.0,448.0,434.0,526.0,488.0,488.0,468.0,436.0,484.0,304.0,452.0,476.0
5662,GDN0027,Dummy,Pause,14,486.0,1038.0,464.0,460.0,446.0,484.0,496.0,448.0,476.0,444.0,444.0,308.0,464.0,442.0
5663,GDN0027,Dummy,Pause,15,484.0,1034.0,478.0,462.0,448.0,482.0,498.0,482.0,478.0,450.0,490.0,302.0,478.0,444.0
5664,GDN0027,Dummy,Pause,16,482.0,990.0,498.0,458.0,500.0,480.0,496.0,478.0,482.0,446.0,442.0,298.0,498.0,442.0
5665,GDN0027,Dummy,Pause,17,460.0,986.0,478.0,430.0,484.0,458.0,476.0,456.0,462.0,432.0,416.0,280.0,478.0,414.0
5666,GDN0027,Dummy,Pause,18,474.0,1006.0,442.0,440.0,426.0,466.0,484.0,484.0,468.0,430.0,480.0,312.0,442.0,472.0
5667,GDN0027,Dummy,Pause,19,488.0,1028.0,476.0,458.0,498.0,474.0,490.0,430.0,478.0,436.0,434.0,254.0,478.0,430.0
5668,GDN0027,Dummy,Pause,20,448.0,1082.0,474.0,466.0,450.0,510.0,460.0,450.0,482.0,444.0,448.0,326.0,474.0,446.0
5669,GDN0027,Dummy,Pause,21,500.0,1026.0,516.0,474.0,516.0,498.0,516.0,498.0,498.0,462.0,506.0,246.0,516.0,456.0
5670,GDN0027,Dummy,Pause,22,458.0,1004.0,492.0,478.0,490.0,436.0,486.0,456.0,484.0,444.0,458.0,308.0,492.0,456.0
5671,GDN0027,Dummy,Pause,23,476.0,1040.0,450.0,446.0,494.0,472.0,492.0,474.0,476.0,436.0,484.0,286.0,446.0,474.0
5672,GDN0027,Dummy,Pause,24,490.0,1084.0,478.0,470.0,504.0,490.0,502.0,488.0,486.0,448.0,454.0,312.0,480.0,452.0
5673,GDN0027,Dummy,Pause,25,494.0,1078.0,510.0,480.0,464.0,536.0,508.0,492.0,502.0,464.0,512.0,314.0,512.0,468.0
5674,GDN0027,Dummy,Pause,26,498.0,1004.0,514.0,478.0,464.0,544.0,510.0,496.0,498.0,462.0,466.0,326.0,514.0,464.0
5675,GDN0027,Dummy,Pause,27,494.0,974.0,474.0,460.0,508.0,492.0,458.0,454.0,470.0,438.0,448.0,326.0,474.0,446.0
5676,GDN0027,Dummy,Pause,28,446.0,984.0,430.0,420.0,406.0,480.0,486.0,444.0,456.0,426.0,404.0,36.0,428.0,444.0
5677,GDN0027,Dummy,Pause,29,482.0,1020.0,456.0,410.0,510.0,478.0,496.0,438.0,462.0,430.0,394.0,320.0,456.0,438.0
5678,GDN0027,Dummy,Pause,30,478.0,1050.0,484.0,446.0,488.0,472.0,488.0,488.0,474.0,442.0,482.0,266.0,484.0,476.0
5679,GDN0027,Dummy,Pause,31,502.0,1026.0,488.0,478.0,516.0,500.0,510.0,454.0,492.0,452.0,488.0,270.0,488.0,454.0
5680,GDN0027,Dummy,Pause,32,468.0,1000.0,484.0,452.0,364.0,466.0,486.0,466.0,478.0,446.0,438.0,284.0,484.0,434.0
5681,GDN0027,Dummy,Pause,33,490.0,1008.0,464.0,462.0,508.0,488.0,502.0,442.0,472.0,434.0,448.0,320.0,464.0,442.0
5682,GDN0027,Dummy,Pause,34,468.0,1062.0,482.0,440.0,478.0,508.0,480.0,478.0,474.0,436.0,472.0,314.0,482.0,466.0
5683,GDN0027,Dummy,Pause,35,492.0,1058.0,504.0,454.0,502.0,484.0,504.0,504.0,490.0,458.0,496.0,268.0,504.0,490.0
5684,GDN0027,Dummy,Pause,36,488.0,1028.0,504.0,468.0,506.0,542.0,502.0,488.0,488.0,456.0,452.0,280.0,502.0,452.0
5685,GDN0027,Dummy,Pause,37,440.0,992.0,484.0,470.0,514.0,492.0,502.0,438.0,480.0,444.0,442.0,286.0,484.0,438.0
5686,GDN0027,Dummy,Pause,38,466.0,1028.0,454.0,444.0,492.0,464.0,484.0,462.0,468.0,432.0,430.0,54.0,452.0,426.0
5687,GDN0027,Dummy,Pause,39,490.0,1044.0,486.0,472.0,502.0,488.0,494.0,462.0,482.0,444.0,464.0,290.0,486.0,462.0
5688,GDN0027,Dummy,Pause,40,478.0,1026.0,496.0,472.0,304.0,522.0,492.0,456.0,484.0,452.0,472.0,302.0,496.0,456.0
5689,GDN0027,Dummy,Pause,41,486.0,996.0,496.0,462.0,506.0,486.0,498.0,484.0,478.0,446.0,448.0,522.0,496.0,446.0
5690,GDN0027,Dummy,Pause,42,488.0,992.0,466.0,452.0,504.0,488.0,498.0,444.0,464.0,434.0,422.0,514.0,464.0,416.0
5691,GDN0027,Dummy,Pause,43,456.0,1026.0,464.0,436.0,290.0,454.0,476.0,452.0,470.0,432.0,462.0,292.0,464.0,422.0
5692,GDN0027,Dummy,Pause,44,442.0,1044.0,486.0,456.0,302.0,480.0,494.0,442.0,472.0,446.0,446.0,304.0,488.0,442.0
5693,GDN0027,Dummy,Pause,45,502.0,1050.0,488.0,442.0,516.0,500.0,508.0,462.0,478.0,452.0,432.0,330.0,488.0,462.0
5694,GDN0027,Dummy,Pause,46,466.0,1022.0,494.0,476.0,308.0,456.0,508.0,464.0,486.0,454.0,470.0,308.0,494.0,464.0
5695,GDN0027,Dummy,Pause,47,462.0,1002.0,482.0,468.0,308.0,502.0,472.0,470.0,478.0,442.0,462.0,306.0,482.0,460.0
5696,GDN0027,Dummy,Pause,48,464.0,1006.0,466.0,442.0,330.0,462.0,492.0,460.0,468.0,436.0,472.0,322.0,464.0,420.0
5697,GDN0027,Dummy,Pause,49,482.0,1020.0,454.0,448.0,490.0,474.0,490.0,492.0,470.0,438.0,486.0,338.0,456.0,480.0
5698,GDN0027,Dummy,Pause,50,472.0,1010.0,486.0,448.0,434.0,470.0,488.0,488.0,474.0,442.0,480.0,290.0,486.0,472.0
5699,GDN0027,Dummy,Pause,51,474.0,998.0,486.0,446.0,482.0,468.0,486.0,484.0,480.0,438.0,478.0,294.0,486.0,472.0
5700,GDN0027,Dummy,Pause,52,474.0,978.0,482.0,456.0,354.0,538.0,486.0,470.0,472.0,434.0,480.0,354.0,480.0,442.0
5701,GDN0027,Dummy,Pause,53,466.0,960.0,482.0,430.0,486.0,466.0,482.0,414.0,462.0,426.0,476.0,354.0,484.0,414.0
5702,GDN0027,Dummy,Pause,54,458.0,1008.0,434.0,428.0,416.0,490.0,466.0,464.0,454.0,422.0,414.0,272.0,434.0,456.0
5703,GDN0027,Dummy,Pause,55,528.0,1024.0,482.0,462.0,486.0,524.0,480.0,488.0,472.0,436.0,458.0,316.0,482.0,452.0
5704,GDN0027,Dummy,Pause,56,458.0,1044.0,478.0,422.0,528.0,514.0,478.0,456.0,476.0,444.0,462.0,308.0,476.0,456.0
5705,GDN0027,Dummy,Pause,57,488.0,,502.0,468.0,500.0,486.0,500.0,486.0,488.0,450.0,490.0,288.0,506.0,454.0
5706,GDN0027,Dummy,TiltLevel,0,538.0,1196.0,538.0,518.0,548.0,576.0,546.0,490.0,532.0,504.0,506.0,376.0,540.0,504.0
5707,GDN0027,Dummy,TiltLevel,1,502.0,1196.0,534.0,516.0,336.0,534.0,546.0,502.0,538.0,502.0,532.0,342.0,532.0,500.0
5708,GDN0027,Dummy,TiltLevel,2,560.0,1160.0,534.0,454.0,574.0,550.0,560.0,514.0,524.0,504.0,516.0,578.0,538.0,514.0
5709,GDN0027,Dummy,TiltLevel,3,496.0,1184.0,530.0,538.0,616.0,600.0,534.0,496.0,538.0,486.0,496.0,368.0,528.0,610.0
5710,GDN0027,Dummy,TiltLevel,4,504.0,1154.0,534.0,520.0,414.0,530.0,548.0,528.0,532.0,500.0,552.0,416.0,534.0,502.0
5711,GDN0027,Dummy,TiltLevel,5,528.0,1172.0,502.0,454.0,542.0,526.0,540.0,524.0,518.0,490.0,538.0,214.0,500.0,490.0
5712,GDN0027,Dummy,TiltLevel,6,498.0,1186.0,530.0,516.0,496.0,524.0,542.0,496.0,528.0,496.0,498.0,362.0,532.0,496.0
5713,GDN0027,Dummy,TiltLevel,7,536.0,1178.0,538.0,516.0,554.0,536.0,550.0,534.0,530.0,502.0,546.0,136.0,526.0,502.0
5714,GDN0027,Dummy,TiltLevel,8,540.0,1124.0,522.0,516.0,556.0,606.0,552.0,496.0,534.0,496.0,546.0,574.0,524.0,496.0
5715,GDN0027,Dummy,TiltLevel,9,470.0,1100.0,510.0,500.0,356.0,516.0,532.0,468.0,512.0,480.0,484.0,358.0,506.0,468.0
5716,GDN0027,Dummy,TiltLevel,10,506.0,660.0,522.0,442.0,508.0,548.0,510.0,510.0,502.0,472.0,508.0,244.0,520.0,506.0
5717,GDN0027,Dummy,TiltLevel,12,230.0,1110.0,276.0,272.0,94.0,290.0,270.0,,280.0,242.0,272.0,96.0,272.0,228.0
5718,GDN0027,Dummy,TiltLevel,13,470.0,1144.0,508.0,500.0,540.0,522.0,532.0,468.0,510.0,472.0,508.0,268.0,508.0,468.0
5719,GDN0027,Dummy,TiltLevel,14,494.0,1218.0,518.0,506.0,494.0,534.0,502.0,494.0,518.0,486.0,492.0,326.0,518.0,492.0
5720,GDN0027,Dummy,TiltLevel,15,538.0,1144.0,556.0,540.0,558.0,522.0,552.0,536.0,548.0,510.0,538.0,258.0,556.0,536.0
5721,GDN0027,Dummy,TiltLevel,16,494.0,1150.0,530.0,514.0,560.0,482.0,530.0,494.0,522.0,484.0,496.0,280.0,530.0,494.0
5722,GDN0027,Dummy,TiltLevel,17,488.0,1186.0,518.0,506.0,570.0,548.0,510.0,488.0,518.0,488.0,488.0,340.0,518.0,488.0
5723,GDN0027,Dummy,TiltLevel,18,542.0,1180.0,526.0,522.0,506.0,586.0,550.0,506.0,538.0,500.0,506.0,86.0,522.0,504.0
5724,GDN0027,Dummy,TiltLevel,19,528.0,1130.0,536.0,470.0,388.0,566.0,532.0,518.0,530.0,498.0,532.0,388.0,538.0,506.0
5725,GDN0027,Dummy,TiltLevel,20,492.0,1142.0,514.0,454.0,438.0,560.0,512.0,440.0,512.0,482.0,506.0,532.0,512.0,568.0
5726,GDN0027,Dummy,TiltLevel,21,516.0,1162.0,526.0,486.0,342.0,508.0,528.0,516.0,518.0,486.0,524.0,342.0,526.0,516.0
5727,GDN0027,Dummy,TiltLevel,22,526.0,1108.0,550.0,472.0,524.0,506.0,532.0,526.0,524.0,492.0,550.0,266.0,550.0,526.0
5728,GDN0027,Dummy,TiltLevel,23,516.0,1144.0,492.0,496.0,528.0,562.0,524.0,514.0,512.0,472.0,476.0,2.0,492.0,474.0
5729,GDN0027,Dummy,TiltLevel,24,528.0,1206.0,534.0,496.0,536.0,566.0,536.0,538.0,518.0,486.0,530.0,178.0,534.0,526.0
5730,GDN0027,Dummy,TiltLevel,25,542.0,1140.0,554.0,526.0,556.0,584.0,554.0,538.0,542.0,506.0,516.0,358.0,554.0,514.0
5731,GDN0027,Dummy,TiltLevel,26,500.0,1166.0,478.0,482.0,418.0,570.0,538.0,498.0,518.0,486.0,470.0,138.0,472.0,468.0
5732,GDN0027,Dummy,TiltLevel,27,534.0,1190.0,528.0,510.0,498.0,532.0,542.0,530.0,524.0,494.0,498.0,146.0,532.0,498.0
5733,GDN0027,Dummy,TiltLevel,28,552.0,1118.0,536.0,514.0,582.0,546.0,564.0,548.0,530.0,502.0,556.0,588.0,532.0,548.0
5734,GDN0027,Dummy,TiltLevel,29,480.0,1070.0,520.0,498.0,556.0,540.0,512.0,478.0,510.0,478.0,480.0,332.0,520.0,478.0
5735,GDN0027,Dummy,TiltLevel,30,518.0,1152.0,488.0,448.0,532.0,516.0,480.0,480.0,488.0,460.0,438.0,346.0,488.0,466.0
5736,GDN0027,Dummy,TiltLevel,31,516.0,1160.0,534.0,486.0,528.0,566.0,528.0,530.0,524.0,488.0,520.0,376.0,532.0,514.0
5737,GDN0027,Dummy,TiltLevel,32,540.0,1076.0,544.0,506.0,552.0,532.0,548.0,552.0,528.0,490.0,542.0,570.0,542.0,538.0
5738,GDN0027,Dummy,TiltLevel,33,474.0,1078.0,502.0,490.0,518.0,558.0,512.0,472.0,498.0,460.0,478.0,280.0,502.0,432.0
5739,GDN0027,Dummy,TiltLevel,34,478.0,1160.0,498.0,490.0,474.0,514.0,478.0,476.0,500.0,462.0,500.0,476.0,500.0,476.0
5740,GDN0027,Dummy,TiltLevel,35,508.0,1142.0,526.0,512.0,406.0,548.0,518.0,506.0,524.0,492.0,510.0,182.0,522.0,506.0
5741,GDN0027,Dummy,TiltLevel,36,504.0,814.0,526.0,488.0,472.0,534.0,524.0,502.0,518.0,486.0,530.0,16.0,530.0,476.0
5742,GDN0027,Dummy,TiltLevel,39,480.0,1078.0,490.0,462.0,496.0,478.0,494.0,478.0,482.0,452.0,486.0,30.0,486.0,450.0
5743,GDN0027,Dummy,TiltLevel,40,470.0,1046.0,502.0,488.0,470.0,498.0,506.0,470.0,500.0,462.0,506.0,250.0,506.0,470.0
5744,GDN0027,Dummy,TiltLevel,41,522.0,1142.0,484.0,464.0,382.0,520.0,472.0,480.0,480.0,452.0,466.0,296.0,482.0,462.0
5745,GDN0027,Dummy,TiltLevel,42,550.0,1234.0,520.0,450.0,562.0,548.0,516.0,496.0,514.0,486.0,506.0,350.0,520.0,482.0
5746,GDN0027,Dummy,TiltLevel,43,558.0,1192.0,558.0,496.0,476.0,556.0,572.0,556.0,554.0,516.0,524.0,482.0,564.0,518.0
5747,GDN0027,Dummy,TiltLevel,44,556.0,1298.0,520.0,524.0,564.0,548.0,564.0,564.0,536.0,504.0,560.0,554.0,520.0,554.0
5748,GDN0027,Dummy,TiltLevel,45,584.0,1232.0,568.0,562.0,546.0,580.0,592.0,546.0,578.0,538.0,566.0,270.0,566.0,546.0
5749,GDN0027,Dummy,TiltLevel,46,612.0,1124.0,568.0,510.0,496.0,608.0,564.0,,556.0,516.0,568.0,588.0,568.0,610.0
5750,GDN0027,Dummy,TiltLevel,47,516.0,1092.0,536.0,492.0,522.0,510.0,526.0,524.0,516.0,478.0,516.0,196.0,536.0,516.0
5751,GDN0027,Dummy,TiltLevel,48,508.0,1136.0,490.0,476.0,456.0,556.0,464.0,506.0,504.0,466.0,460.0,358.0,490.0,506.0
5752,GDN0027,Dummy,TiltLevel,49,538.0,1246.0,514.0,510.0,550.0,534.0,544.0,486.0,520.0,482.0,486.0,246.0,514.0,486.0
5753,GDN0027,Dummy,TiltLevel,50,558.0,1138.0,582.0,520.0,450.0,594.0,560.0,558.0,554.0,522.0,582.0,582.0,582.0,556.0
5754,GDN0027,Dummy,TiltLevel,51,484.0,1140.0,500.0,504.0,320.0,522.0,536.0,482.0,518.0,482.0,484.0,20.0,496.0,482.0
5755,GDN0027,Dummy,TiltLevel,52,534.0,1150.0,520.0,510.0,550.0,530.0,542.0,492.0,522.0,482.0,494.0,344.0,522.0,492.0
5774,GDN0027,Dummy,TiltUp,19,406.0,734.0,430.0,382.0,422.0,406.0,416.0,404.0,390.0,350.0,428.0,374.0,428.0,374.0
5775,GDN0027,Dummy,TiltUp,20,394.0,740.0,420.0,360.0,348.0,382.0,400.0,398.0,378.0,340.0,394.0,392.0,420.0,392.0
5776,GDN0027,Dummy,TiltUp,21,408.0,748.0,424.0,368.0,426.0,406.0,414.0,364.0,378.0,342.0,424.0,440.0,424.0,364.0
5777,GDN0027,Dummy,TiltUp,22,398.0,752.0,426.0,370.0,408.0,390.0,406.0,408.0,386.0,346.0,426.0,398.0,426.0,398.0
5778,GDN0027,Dummy,TiltUp,23,402.0,740.0,428.0,380.0,414.0,452.0,412.0,416.0,392.0,346.0,404.0,370.0,428.0,400.0
5779,GDN0027,Dummy,TiltUp,24,360.0,742.0,426.0,380.0,426.0,336.0,412.0,360.0,384.0,342.0,424.0,442.0,424.0,360.0
5780,GDN0027,Dummy,TiltUp,25,378.0,750.0,424.0,332.0,424.0,358.0,402.0,378.0,376.0,346.0,426.0,378.0,426.0,376.0
5781,GDN0027,Dummy,TiltUp,26,390.0,746.0,426.0,370.0,428.0,390.0,410.0,388.0,382.0,346.0,396.0,358.0,426.0,358.0
5782,GDN0027,Dummy,TiltUp,27,394.0,734.0,428.0,338.0,424.0,360.0,408.0,394.0,390.0,344.0,428.0,440.0,428.0,394.0
5783,GDN0027,Dummy,TiltUp,28,402.0,744.0,426.0,368.0,364.0,400.0,412.0,366.0,378.0,340.0,424.0,366.0,424.0,364.0
5784,GDN0027,Dummy,TiltUp,29,398.0,740.0,428.0,372.0,262.0,388.0,408.0,412.0,394.0,340.0,438.0,398.0,438.0,396.0
5796,GDN0027,Dummy,TiltUp,42,436.0,718.0,406.0,468.0,582.0,566.0,578.0,,452.0,272.0,584.0,574.0,406.0,574.0
5803,GDN0027,Dummy,TiltUp,50,360.0,758.0,374.0,282.0,364.0,348.0,360.0,,336.0,336.0,374.0,378.0,374.0,358.0
5805,GDN0027,Dummy,TiltUp,53,408.0,738.0,416.0,462.0,594.0,578.0,588.0,422.0,458.0,272.0,408.0,586.0,426.0,586.0
5808,GDN0027,Dummy,TiltUp,57,454.0,764.0,236.0,156.0,84.0,,206.0,,264.0,228.0,234.0,222.0,,206.0
5811,GDN0027,Dummy,TiltUp,60,314.0,734.0,330.0,202.0,316.0,302.0,314.0,,310.0,308.0,332.0,332.0,332.0,312.0
5813,GDN0027,Dummy,TiltUp,62,418.0,724.0,240.0,114.0,224.0,,222.0,,258.0,226.0,240.0,242.0,,222.0
5817,GDN0027,Dummy,TiltUp,67,352.0,752.0,230.0,120.0,218.0,,214.0,,254.0,218.0,230.0,236.0,,212.0
5818,GDN0027,Dummy,TiltUp,68,420.0,788.0,438.0,340.0,418.0,406.0,420.0,420.0,378.0,350.0,438.0,442.0,438.0,418.0
5829,GDN0027,Dummy,Valsalva,0,466.0,1068.0,488.0,456.0,482.0,420.0,480.0,450.0,474.0,448.0,444.0,200.0,488.0,442.0
5830,GDN0027,Dummy,Valsalva,1,488.0,1114.0,502.0,466.0,508.0,486.0,504.0,486.0,484.0,460.0,454.0,224.0,504.0,452.0
5831,GDN0027,Dummy,Valsalva,2,510.0,512.0,526.0,490.0,520.0,500.0,512.0,480.0,504.0,476.0,520.0,166.0,520.0,480.0
5832,GDN0027,Dummy,Valsalva,4,282.0,998.0,316.0,292.0,278.0,352.0,304.0,,306.0,276.0,314.0,8.0,314.0,280.0
5833,GDN0027,Dummy,Valsalva,5,438.0,998.0,464.0,450.0,520.0,506.0,460.0,436.0,464.0,436.0,442.0,334.0,466.0,436.0
5834,GDN0027,Dummy,Valsalva,6,480.0,1034.0,452.0,448.0,494.0,480.0,440.0,438.0,464.0,436.0,430.0,282.0,452.0,428.0
5835,GDN0027,Dummy,Valsalva,7,428.0,1044.0,468.0,448.0,512.0,494.0,502.0,426.0,476.0,448.0,430.0,304.0,468.0,426.0
5836,GDN0027,Dummy,Valsalva,8,460.0,1016.0,484.0,430.0,282.0,500.0,478.0,458.0,478.0,452.0,462.0,282.0,486.0,458.0
5837,GDN0027,Dummy,Valsalva,9,458.0,1018.0,478.0,460.0,470.0,500.0,470.0,470.0,472.0,442.0,460.0,240.0,478.0,454.0
5838,GDN0027,Dummy,Valsalva,10,452.0,1034.0,476.0,462.0,354.0,502.0,466.0,450.0,474.0,442.0,454.0,354.0,476.0,450.0
5839,GDN0027,Dummy,Valsalva,11,466.0,1044.0,478.0,448.0,336.0,506.0,478.0,432.0,478.0,448.0,434.0,298.0,478.0,432.0
5840,GDN0027,Dummy,Valsalva,12,486.0,1008.0,500.0,458.0,444.0,480.0,498.0,506.0,484.0,452.0,490.0,310.0,498.0,484.0
5841,GDN0027,Dummy,Valsalva,13,474.0,434.0,484.0,450.0,492.0,474.0,486.0,424.0,466.0,438.0,426.0,94.0,464.0,424.0
5842,GDN0027,Dummy,Valsalva,15,308.0,982.0,318.0,288.0,322.0,358.0,320.0,,308.0,278.0,274.0,172.0,302.0,272.0
5843,GDN0027,Dummy,Valsalva,16,450.0,1014.0,452.0,430.0,504.0,490.0,462.0,446.0,454.0,430.0,370.0,304.0,456.0,410.0
5844,GDN0027,Dummy,Valsalva,17,470.0,1026.0,478.0,448.0,488.0,470.0,484.0,468.0,474.0,438.0,476.0,286.0,478.0,430.0
5845,GDN0027,Dummy,Valsalva,18,460.0,1004.0,486.0,466.0,464.0,450.0,484.0,458.0,478.0,446.0,460.0,284.0,486.0,458.0
5846,GDN0027,Dummy,Valsalva,19,456.0,994.0,480.0,456.0,472.0,504.0,470.0,474.0,468.0,438.0,460.0,306.0,480.0,440.0
5847,GDN0027,Dummy,Valsalva,20,456.0,1014.0,470.0,436.0,278.0,520.0,474.0,454.0,466.0,434.0,460.0,280.0,472.0,420.0
5848,GDN0027,Dummy,Valsalva,21,476.0,1052.0,490.0,448.0,490.0,472.0,490.0,490.0,478.0,438.0,480.0,296.0,490.0,474.0
5849,GDN0027,Dummy,Valsalva,22,488.0,1044.0,498.0,460.0,494.0,528.0,494.0,494.0,482.0,454.0,448.0,200.0,498.0,486.0
5850,GDN0027,Dummy,Valsalva,23,468.0,1026.0,488.0,468.0,508.0,458.0,500.0,458.0,482.0,452.0,472.0,316.0,486.0,442.0
5851,GDN0027,Dummy,Valsalva,24,482.0,996.0,486.0,460.0,444.0,536.0,492.0,446.0,478.0,446.0,486.0,256.0,486.0,442.0
5852,GDN0027,Dummy,Valsalva,25,500.0,1026.0,472.0,422.0,460.0,498.0,464.0,462.0,462.0,434.0,458.0,320.0,472.0,456.0
5853,GDN0027,Dummy,Valsalva,26,474.0,1040.0,484.0,448.0,346.0,510.0,488.0,488.0,474.0,446.0,482.0,294.0,484.0,472.0
5854,GDN0027,Dummy,Valsalva,27,478.0,1032.0,498.0,434.0,496.0,470.0,494.0,498.0,482.0,450.0,486.0,284.0,498.0,476.0
5855,GDN0027,Dummy,Valsalva,28,494.0,1000.0,478.0,460.0,460.0,494.0,464.0,460.0,476.0,448.0,458.0,326.0,478.0,456.0
5856,GDN0027,Dummy,Valsalva,29,466.0,992.0,480.0,442.0,476.0,514.0,476.0,476.0,470.0,434.0,468.0,294.0,480.0,464.0
5857,GDN0027,Dummy,Valsalva,30,450.0,1042.0,464.0,420.0,334.0,498.0,468.0,448.0,466.0,434.0,460.0,332.0,464.0,400.0
5858,GDN0027,Dummy,Valsalva,31,480.0,1088.0,494.0,448.0,484.0,520.0,486.0,486.0,484.0,448.0,480.0,222.0,494.0,478.0
5859,GDN0027,Dummy,Valsalva,32,510.0,1036.0,526.0,474.0,520.0,498.0,518.0,522.0,498.0,466.0,526.0,548.0,526.0,508.0
5860,GDN0027,Dummy,Valsalva,33,466.0,1008.0,490.0,476.0,520.0,558.0,480.0,464.0,484.0,446.0,492.0,256.0,492.0,464.0
5861,GDN0027,Dummy,Valsalva,34,462.0,1046.0,472.0,444.0,380.0,494.0,468.0,452.0,468.0,438.0,436.0,294.0,472.0,432.0
5862,GDN0027,Dummy,Valsalva,35,494.0,1074.0,482.0,472.0,386.0,492.0,504.0,448.0,488.0,450.0,482.0,230.0,482.0,448.0
5863,GDN0027,Dummy,Valsalva,36,468.0,1050.0,498.0,474.0,312.0,458.0,496.0,468.0,490.0,462.0,470.0,312.0,498.0,468.0
5864,GDN0027,Dummy,Valsalva,37,496.0,1008.0,492.0,474.0,458.0,494.0,506.0,460.0,486.0,454.0,490.0,302.0,490.0,454.0
5865,GDN0027,Dummy,Valsalva,38,454.0,1010.0,482.0,428.0,296.0,452.0,478.0,452.0,470.0,438.0,466.0,296.0,482.0,416.0
5866,GDN0027,Dummy,Valsalva,39,480.0,1060.0,474.0,454.0,436.0,478.0,492.0,476.0,476.0,438.0,436.0,278.0,476.0,434.0
5867,GDN0027,Dummy,Valsalva,40,472.0,1074.0,496.0,478.0,322.0,518.0,488.0,470.0,488.0,456.0,474.0,220.0,496.0,470.0
5868,GDN0027,Dummy,Valsalva,41,496.0,1040.0,512.0,472.0,508.0,492.0,504.0,508.0,494.0,462.0,498.0,284.0,512.0,494.0
5869,GDN0027,Dummy,Valsalva,42,484.0,1006.0,488.0,464.0,448.0,480.0,496.0,446.0,478.0,450.0,448.0,284.0,488.0,446.0
5870,GDN0027,Dummy,Valsalva,43,452.0,1018.0,474.0,462.0,464.0,498.0,466.0,450.0,472.0,436.0,454.0,342.0,472.0,450.0
5871,GDN0027,Dummy,Valsalva,44,440.0,1052.0,484.0,472.0,320.0,460.0,486.0,458.0,480.0,440.0,442.0,318.0,484.0,438.0
5872,GDN0027,Dummy,Valsalva,45,466.0,1048.0,494.0,472.0,370.0,444.0,486.0,466.0,484.0,454.0,470.0,294.0,494.0,466.0
5873,GDN0027,Dummy,Valsalva,46,476.0,1038.0,496.0,460.0,492.0,526.0,488.0,474.0,480.0,452.0,452.0,320.0,496.0,448.0
5874,GDN0027,Dummy,Valsalva,47,482.0,998.0,482.0,454.0,438.0,478.0,494.0,476.0,478.0,450.0,438.0,160.0,482.0,438.0
5875,GDN0027,Dummy,Valsalva,48,450.0,986.0,470.0,456.0,452.0,488.0,458.0,452.0,468.0,436.0,450.0,274.0,472.0,448.0
5876,GDN0027,Dummy,Valsalva,49,476.0,1004.0,470.0,452.0,290.0,532.0,450.0,446.0,464.0,432.0,440.0,294.0,470.0,440.0
5877,GDN0027,Dummy,Valsalva,50,470.0,972.0,462.0,448.0,428.0,468.0,478.0,426.0,464.0,438.0,428.0,306.0,462.0,426.0
5878,GDN0027,Dummy,Valsalva,51,396.0,890.0,444.0,464.0,336.0,498.0,466.0,396.0,468.0,422.0,400.0,284.0,442.0,396.0
5879,GDN0027,Dummy,Valsalva,52,450.0,896.0,414.0,414.0,458.0,442.0,462.0,450.0,434.0,396.0,416.0,450.0,416.0,450.0
5880,GDN0027,Dummy,Valsalva,53,444.0,930.0,452.0,404.0,448.0,432.0,450.0,450.0,430.0,400.0,448.0,442.0,448.0,442.0
5881,GDN0027,Dummy,Valsalva,54,452.0,950.0,442.0,430.0,322.0,488.0,464.0,408.0,444.0,412.0,414.0,324.0,444.0,408.0
5882,GDN0027,Dummy,Valsalva,55,446.0,1020.0,460.0,406.0,276.0,436.0,466.0,470.0,450.0,418.0,458.0,320.0,460.0,444.0
5883,GDN0027,Dummy,Valsalva,56,436.0,1100.0,472.0,452.0,326.0,406.0,472.0,434.0,468.0,442.0,446.0,326.0,472.0,434.0
5884,GDN0027,Dummy,Valsalva,57,494.0,1110.0,512.0,460.0,498.0,482.0,502.0,500.0,500.0,470.0,494.0,288.0,514.0,492.0
5885,GDN0027,Dummy,Valsalva,58,482.0,1048.0,514.0,500.0,486.0,470.0,508.0,480.0,510.0,472.0,508.0,222.0,508.0,480.0
5886,GDN0028,Dummy,HoldingBreath,0,424.0,904.0,406.0,386.0,214.0,420.0,382.0,412.0,414.0,400.0,374.0,212.0,400.0,372.0
5887,GDN0028,Dummy,HoldingBreath,1,434.0,806.0,400.0,396.0,390.0,458.0,392.0,390.0,420.0,402.0,388.0,260.0,406.0,386.0
5888,GDN0028,Dummy,HoldingBreath,2,422.0,718.0,350.0,322.0,432.0,418.0,428.0,432.0,390.0,368.0,314.0,422.0,314.0,422.0
5889,GDN0028,Dummy,HoldingBreath,3,352.0,674.0,338.0,328.0,208.0,442.0,360.0,274.0,370.0,338.0,340.0,408.0,340.0,408.0
5890,GDN0028,Dummy,HoldingBreath,4,364.0,682.0,370.0,320.0,308.0,350.0,370.0,368.0,352.0,322.0,370.0,364.0,372.0,364.0
5891,GDN0028,Dummy,HoldingBreath,5,398.0,708.0,364.0,308.0,194.0,396.0,358.0,360.0,352.0,324.0,356.0,196.0,364.0,352.0
5892,GDN0028,Dummy,HoldingBreath,6,376.0,700.0,350.0,338.0,384.0,368.0,382.0,386.0,358.0,334.0,322.0,374.0,350.0,374.0
5893,GDN0028,Dummy,HoldingBreath,7,388.0,678.0,314.0,316.0,400.0,384.0,394.0,228.0,350.0,332.0,230.0,36.0,310.0,228.0
5894,GDN0028,Dummy,HoldingBreath,8,374.0,1254.0,320.0,336.0,378.0,414.0,378.0,380.0,354.0,324.0,324.0,374.0,324.0,414.0
5895,GDN0028,Dummy,HoldingBreath,9,540.0,898.0,554.0,516.0,552.0,588.0,550.0,554.0,540.0,524.0,540.0,540.0,554.0,540.0
5896,GDN0028,Dummy,HoldingBreath,10,446.0,844.0,406.0,398.0,458.0,444.0,398.0,378.0,420.0,400.0,408.0,226.0,408.0,350.0
5897,GDN0028,Dummy,HoldingBreath,11,364.0,764.0,390.0,378.0,368.0,430.0,368.0,368.0,400.0,382.0,364.0,252.0,388.0,362.0
5898,GDN0028,Dummy,HoldingBreath,12,372.0,1206.0,336.0,338.0,204.0,444.0,398.0,280.0,378.0,354.0,250.0,210.0,336.0,248.0
5899,GDN0028,Dummy,HoldingBreath,13,508.0,928.0,530.0,512.0,424.0,574.0,516.0,518.0,532.0,508.0,528.0,24.0,528.0,506.0
5900,GDN0028,Dummy,HoldingBreath,14,384.0,860.0,418.0,406.0,218.0,452.0,400.0,410.0,428.0,410.0,384.0,220.0,418.0,384.0
5901,GDN0028,Dummy,HoldingBreath,15,434.0,820.0,392.0,378.0,444.0,430.0,372.0,446.0,404.0,388.0,366.0,432.0,392.0,432.0
5902,GDN0028,Dummy,HoldingBreath,16,342.0,828.0,380.0,360.0,242.0,374.0,384.0,342.0,388.0,372.0,346.0,244.0,376.0,342.0
5903,GDN0028,Dummy,HoldingBreath,17,328.0,1094.0,388.0,372.0,252.0,322.0,382.0,322.0,394.0,376.0,342.0,416.0,386.0,250.0
5904,GDN0028,Dummy,HoldingBreath,18,474.0,1130.0,486.0,452.0,488.0,520.0,486.0,470.0,482.0,468.0,480.0,180.0,488.0,438.0
5905,GDN0028,Dummy,HoldingBreath,19,490.0,980.0,506.0,458.0,492.0,520.0,494.0,492.0,496.0,482.0,504.0,142.0,504.0,488.0
5906,GDN0028,Dummy,HoldingBreath,20,462.0,702.0,442.0,428.0,472.0,512.0,416.0,472.0,448.0,428.0,444.0,482.0,444.0,462.0
5907,GDN0028,Dummy,HoldingBreath,21,424.0,950.0,482.0,480.0,368.0,562.0,478.0,422.0,434.0,266.0,426.0,364.0,484.0,422.0
5908,GDN0028,Dummy,HoldingBreath,22,404.0,714.0,424.0,376.0,358.0,484.0,420.0,352.0,436.0,418.0,354.0,298.0,420.0,352.0
5909,GDN0028,Dummy,HoldingBreath,23,378.0,710.0,344.0,272.0,384.0,370.0,384.0,386.0,348.0,334.0,310.0,398.0,380.0,376.0
5910,GDN0028,Dummy,HoldingBreath,24,334.0,1254.0,308.0,302.0,240.0,332.0,358.0,290.0,348.0,334.0,306.0,236.0,306.0,286.0
5911,GDN0028,Dummy,HoldingBreath,25,514.0,962.0,530.0,518.0,524.0,598.0,522.0,524.0,542.0,524.0,530.0,144.0,530.0,514.0
5912,GDN0028,Dummy,HoldingBreath,26,444.0,824.0,416.0,350.0,202.0,440.0,408.0,408.0,426.0,418.0,400.0,202.0,414.0,394.0
5913,GDN0028,Dummy,HoldingBreath,27,356.0,750.0,380.0,324.0,162.0,400.0,370.0,356.0,384.0,372.0,362.0,250.0,382.0,356.0
5914,GDN0028,Dummy,HoldingBreath,28,356.0,692.0,346.0,326.0,368.0,354.0,320.0,314.0,356.0,346.0,312.0,220.0,346.0,310.0
5915,GDN0028,Dummy,HoldingBreath,29,368.0,698.0,340.0,298.0,376.0,362.0,328.0,376.0,338.0,326.0,372.0,366.0,372.0,366.0
5916,GDN0028,Dummy,HoldingBreath,30,338.0,1098.0,258.0,260.0,200.0,328.0,350.0,336.0,336.0,326.0,248.0,336.0,248.0,336.0
5917,GDN0028,Dummy,HoldingBreath,31,464.0,908.0,492.0,420.0,406.0,446.0,482.0,490.0,480.0,468.0,466.0,514.0,490.0,464.0
5918,GDN0028,Dummy,HoldingBreath,32,388.0,882.0,428.0,336.0,414.0,442.0,408.0,414.0,414.0,402.0,394.0,448.0,428.0,386.0
5919,GDN0028,Dummy,HoldingBreath,33,390.0,862.0,410.0,350.0,392.0,428.0,394.0,392.0,400.0,390.0,390.0,414.0,410.0,388.0
5920,GDN0028,Dummy,HoldingBreath,34,346.0,840.0,400.0,366.0,274.0,378.0,390.0,344.0,402.0,388.0,346.0,274.0,400.0,344.0
5921,GDN0028,Dummy,HoldingBreath,35,358.0,812.0,380.0,334.0,194.0,406.0,372.0,356.0,394.0,380.0,380.0,312.0,380.0,310.0
5922,GDN0028,Dummy,HoldingBreath,36,370.0,754.0,374.0,320.0,384.0,420.0,382.0,292.0,380.0,368.0,376.0,292.0,376.0,290.0
5923,GDN0028,Dummy,HoldingBreath,37,294.0,676.0,352.0,310.0,296.0,392.0,356.0,296.0,364.0,350.0,294.0,246.0,348.0,294.0
5924,GDN0028,Dummy,HoldingBreath,38,342.0,670.0,306.0,300.0,350.0,392.0,348.0,352.0,342.0,322.0,350.0,214.0,310.0,340.0
5925,GDN0028,Dummy,HoldingBreath,39,320.0,736.0,328.0,264.0,212.0,386.0,326.0,326.0,336.0,320.0,324.0,216.0,330.0,318.0
5926,GDN0028,Dummy,HoldingBreath,40,348.0,786.0,330.0,310.0,296.0,348.0,298.0,296.0,354.0,342.0,296.0,234.0,328.0,294.0
5927,GDN0028,Dummy,HoldingBreath,41,372.0,750.0,382.0,334.0,378.0,420.0,376.0,378.0,368.0,358.0,374.0,392.0,382.0,372.0
5928,GDN0028,Dummy,HoldingBreath,42,330.0,746.0,342.0,294.0,150.0,328.0,348.0,246.0,362.0,348.0,340.0,246.0,340.0,246.0
5929,GDN0028,Dummy,HoldingBreath,43,342.0,746.0,348.0,294.0,340.0,326.0,352.0,340.0,348.0,342.0,354.0,376.0,346.0,340.0
5930,GDN0028,Dummy,HoldingBreath,44,366.0,766.0,336.0,318.0,378.0,360.0,376.0,378.0,364.0,348.0,380.0,364.0,342.0,364.0
5931,GDN0028,Dummy,HoldingBreath,45,340.0,738.0,356.0,310.0,296.0,336.0,354.0,284.0,360.0,350.0,348.0,256.0,354.0,284.0
5932,GDN0028,Dummy,HoldingBreath,46,332.0,692.0,324.0,300.0,288.0,392.0,356.0,288.0,356.0,342.0,334.0,244.0,334.0,244.0
5933,GDN0028,Dummy,HoldingBreath,47,342.0,672.0,310.0,322.0,226.0,402.0,350.0,262.0,352.0,328.0,268.0,228.0,306.0,262.0
5934,GDN0028,Dummy,HoldingBreath,48,308.0,684.0,328.0,270.0,220.0,302.0,338.0,306.0,336.0,322.0,328.0,222.0,332.0,306.0
5935,GDN0028,Dummy,HoldingBreath,49,344.0,754.0,314.0,314.0,172.0,376.0,302.0,306.0,340.0,326.0,294.0,172.0,314.0,290.0
5936,GDN0028,Dummy,HoldingBreath,50,322.0,864.0,350.0,292.0,330.0,376.0,336.0,330.0,358.0,348.0,326.0,270.0,350.0,320.0
5937,GDN0028,Dummy,HoldingBreath,51,374.0,1108.0,332.0,328.0,382.0,422.0,380.0,382.0,396.0,386.0,380.0,272.0,330.0,374.0
5938,GDN0028,Dummy,HoldingBreath,52,484.0,962.0,476.0,448.0,494.0,480.0,454.0,452.0,480.0,472.0,446.0,508.0,476.0,446.0
5939,GDN0028,Dummy,HoldingBreath,53,414.0,868.0,438.0,400.0,430.0,406.0,426.0,394.0,430.0,420.0,398.0,462.0,440.0,394.0
5940,GDN0028,Dummy,HoldingBreath,54,374.0,870.0,398.0,340.0,194.0,430.0,386.0,386.0,402.0,388.0,376.0,406.0,396.0,374.0
5941,GDN0028,Dummy,HoldingBreath,55,380.0,858.0,406.0,324.0,184.0,444.0,390.0,392.0,400.0,388.0,406.0,424.0,406.0,378.0
5942,GDN0028,Dummy,HoldingBreath,56,364.0,866.0,398.0,316.0,236.0,358.0,384.0,362.0,394.0,384.0,368.0,294.0,398.0,362.0
5943,GDN0028,Dummy,HoldingBreath,57,382.0,920.0,398.0,350.0,446.0,434.0,394.0,324.0,404.0,390.0,328.0,250.0,400.0,324.0
5944,GDN0028,Dummy,HoldingBreath,58,390.0,974.0,416.0,344.0,260.0,444.0,402.0,388.0,420.0,406.0,396.0,262.0,416.0,388.0
5945,GDN0028,Dummy,HoldingBreath,59,442.0,1000.0,450.0,414.0,450.0,490.0,448.0,450.0,442.0,426.0,444.0,472.0,450.0,440.0
5946,GDN0028,Dummy,HoldingBreath,60,426.0,970.0,454.0,434.0,310.0,516.0,434.0,432.0,456.0,436.0,426.0,308.0,454.0,424.0
5947,GDN0028,Dummy,HoldingBreath,61,406.0,896.0,442.0,424.0,458.0,506.0,444.0,404.0,446.0,426.0,410.0,468.0,444.0,506.0
5948,GDN0028,Dummy,HoldingBreath,62,412.0,952.0,388.0,384.0,236.0,460.0,424.0,356.0,418.0,400.0,360.0,236.0,386.0,356.0
5949,GDN0028,Dummy,HoldingBreath,63,436.0,950.0,436.0,414.0,458.0,434.0,450.0,394.0,438.0,420.0,366.0,468.0,434.0,366.0
5950,GDN0028,Dummy,HoldingBreath,64,400.0,1020.0,426.0,412.0,444.0,492.0,436.0,398.0,436.0,418.0,402.0,454.0,428.0,398.0
5951,GDN0028,Dummy,HoldingBreath,65,424.0,1010.0,454.0,442.0,430.0,522.0,436.0,424.0,462.0,442.0,424.0,56.0,452.0,424.0
5952,GDN0028,Dummy,HoldingBreath,66,430.0,1016.0,452.0,440.0,432.0,522.0,436.0,434.0,460.0,440.0,452.0,156.0,452.0,428.0
5953,GDN0028,Dummy,HoldingBreath,67,442.0,1038.0,458.0,404.0,284.0,488.0,448.0,448.0,464.0,442.0,442.0,226.0,458.0,440.0
5954,GDN0028,Dummy,HoldingBreath,68,446.0,,468.0,416.0,452.0,480.0,454.0,454.0,460.0,448.0,450.0,292.0,470.0,446.0
5955,GDN0028,Dummy,Pause,0,570.0,1244.0,532.0,530.0,514.0,570.0,520.0,628.0,548.0,522.0,532.0,166.0,532.0,512.0
5956,GDN0028,Dummy,Pause,1,560.0,1262.0,530.0,532.0,570.0,606.0,568.0,572.0,552.0,522.0,532.0,128.0,532.0,558.0
5957,GDN0028,Dummy,Pause,2,588.0,1282.0,532.0,528.0,596.0,576.0,588.0,504.0,558.0,528.0,532.0,130.0,532.0,504.0
5958,GDN0028,Dummy,Pause,3,514.0,1222.0,546.0,540.0,596.0,576.0,586.0,512.0,558.0,534.0,546.0,108.0,546.0,512.0
5959,GDN0028,Dummy,Pause,4,548.0,1148.0,520.0,524.0,338.0,548.0,566.0,476.0,540.0,514.0,518.0,192.0,518.0,476.0
5960,GDN0028,Dummy,Pause,5,520.0,1044.0,496.0,496.0,484.0,560.0,532.0,486.0,516.0,488.0,476.0,178.0,496.0,474.0
5961,GDN0028,Dummy,Pause,6,500.0,954.0,438.0,460.0,360.0,498.0,524.0,412.0,486.0,450.0,414.0,156.0,438.0,412.0
5962,GDN0028,Dummy,Pause,7,456.0,968.0,408.0,402.0,474.0,510.0,476.0,458.0,452.0,420.0,476.0,204.0,408.0,458.0
5963,GDN0028,Dummy,Pause,8,466.0,1534.0,418.0,420.0,470.0,506.0,476.0,472.0,456.0,424.0,474.0,224.0,418.0,466.0
5964,GDN0028,Dummy,Pause,9,626.0,1276.0,654.0,642.0,626.0,656.0,634.0,628.0,654.0,622.0,650.0,308.0,650.0,624.0
5965,GDN0028,Dummy,Pause,10,524.0,1044.0,550.0,550.0,536.0,616.0,538.0,522.0,564.0,532.0,550.0,84.0,550.0,522.0
5966,GDN0028,Dummy,Pause,11,498.0,990.0,452.0,452.0,436.0,484.0,518.0,438.0,488.0,450.0,522.0,140.0,452.0,432.0
5967,GDN0028,Dummy,Pause,12,436.0,1002.0,460.0,408.0,394.0,432.0,468.0,432.0,464.0,432.0,440.0,252.0,460.0,388.0
5968,GDN0028,Dummy,Pause,13,402.0,1092.0,438.0,462.0,408.0,534.0,492.0,400.0,472.0,434.0,402.0,270.0,434.0,400.0
5969,GDN0028,Dummy,Pause,14,468.0,934.0,482.0,488.0,482.0,514.0,482.0,464.0,500.0,468.0,486.0,166.0,486.0,440.0
5970,GDN0028,Dummy,Pause,15,440.0,920.0,418.0,410.0,388.0,482.0,454.0,390.0,444.0,412.0,388.0,254.0,418.0,386.0
5971,GDN0028,Dummy,Pause,16,450.0,1286.0,408.0,420.0,282.0,450.0,464.0,378.0,436.0,408.0,376.0,280.0,406.0,372.0
5972,GDN0028,Dummy,Pause,17,516.0,1052.0,560.0,536.0,600.0,552.0,568.0,516.0,560.0,536.0,556.0,36.0,556.0,516.0
5973,GDN0028,Dummy,Pause,18,406.0,1036.0,450.0,458.0,284.0,476.0,494.0,406.0,484.0,454.0,450.0,280.0,450.0,406.0
5974,GDN0028,Dummy,Pause,19,504.0,1036.0,446.0,448.0,514.0,500.0,508.0,434.0,478.0,448.0,446.0,132.0,446.0,422.0
5975,GDN0028,Dummy,Pause,20,406.0,1142.0,448.0,462.0,520.0,494.0,454.0,432.0,476.0,448.0,448.0,180.0,448.0,404.0
5976,GDN0028,Dummy,Pause,21,486.0,1224.0,498.0,454.0,352.0,476.0,504.0,484.0,510.0,486.0,490.0,54.0,498.0,484.0
5977,GDN0028,Dummy,Pause,22,504.0,1140.0,532.0,516.0,342.0,556.0,528.0,500.0,536.0,514.0,532.0,94.0,532.0,500.0
5978,GDN0028,Dummy,Pause,23,520.0,1074.0,492.0,490.0,480.0,518.0,484.0,480.0,508.0,484.0,474.0,140.0,492.0,474.0
5979,GDN0028,Dummy,Pause,24,510.0,1044.0,466.0,462.0,526.0,508.0,456.0,454.0,482.0,462.0,446.0,286.0,466.0,444.0
5980,GDN0028,Dummy,Pause,25,480.0,996.0,448.0,452.0,498.0,478.0,496.0,424.0,480.0,452.0,488.0,270.0,450.0,394.0
5981,GDN0028,Dummy,Pause,26,472.0,988.0,420.0,418.0,478.0,512.0,484.0,480.0,464.0,434.0,420.0,234.0,420.0,470.0
5982,GDN0028,Dummy,Pause,27,466.0,988.0,418.0,422.0,280.0,458.0,484.0,382.0,458.0,432.0,384.0,270.0,418.0,382.0
5983,GDN0028,Dummy,Pause,28,474.0,1044.0,428.0,438.0,480.0,464.0,480.0,480.0,460.0,432.0,480.0,472.0,426.0,472.0
5984,GDN0028,Dummy,Pause,29,484.0,1194.0,446.0,456.0,300.0,484.0,500.0,418.0,476.0,452.0,426.0,156.0,448.0,390.0
5985,GDN0028,Dummy,Pause,30,502.0,1182.0,518.0,514.0,414.0,492.0,522.0,500.0,530.0,504.0,502.0,134.0,518.0,500.0
5986,GDN0028,Dummy,Pause,31,486.0,1114.0,508.0,504.0,486.0,526.0,494.0,488.0,524.0,500.0,506.0,12.0,506.0,484.0
5987,GDN0028,Dummy,Pause,32,508.0,1054.0,476.0,482.0,468.0,542.0,470.0,456.0,502.0,476.0,476.0,72.0,476.0,456.0
5988,GDN0028,Dummy,Pause,33,502.0,990.0,444.0,464.0,512.0,550.0,512.0,512.0,486.0,454.0,444.0,502.0,444.0,502.0
5989,GDN0028,Dummy,Pause,34,450.0,970.0,420.0,418.0,404.0,498.0,468.0,448.0,458.0,432.0,422.0,252.0,422.0,448.0
5990,GDN0028,Dummy,Pause,35,460.0,1046.0,422.0,428.0,370.0,452.0,472.0,416.0,448.0,426.0,368.0,260.0,422.0,406.0
5991,GDN0028,Dummy,Pause,36,422.0,1172.0,448.0,454.0,510.0,468.0,488.0,420.0,480.0,452.0,422.0,124.0,450.0,420.0
5992,GDN0028,Dummy,Pause,37,514.0,1138.0,494.0,484.0,530.0,570.0,528.0,462.0,522.0,496.0,520.0,112.0,492.0,462.0
5993,GDN0028,Dummy,Pause,38,474.0,1104.0,494.0,490.0,476.0,516.0,482.0,478.0,508.0,484.0,494.0,124.0,494.0,472.0
5994,GDN0028,Dummy,Pause,39,464.0,1090.0,482.0,476.0,470.0,530.0,474.0,470.0,496.0,472.0,464.0,130.0,482.0,464.0
5995,GDN0028,Dummy,Pause,40,506.0,1050.0,470.0,476.0,522.0,506.0,518.0,444.0,494.0,468.0,470.0,184.0,470.0,444.0
5996,GDN0028,Dummy,Pause,41,470.0,1002.0,430.0,434.0,412.0,468.0,518.0,412.0,482.0,454.0,432.0,162.0,432.0,404.0
5997,GDN0028,Dummy,Pause,42,460.0,974.0,424.0,436.0,470.0,502.0,424.0,380.0,464.0,436.0,382.0,254.0,424.0,380.0
5998,GDN0028,Dummy,Pause,43,466.0,952.0,428.0,432.0,274.0,464.0,476.0,402.0,452.0,426.0,404.0,268.0,428.0,402.0
5999,GDN0028,Dummy,Pause,44,404.0,1004.0,434.0,424.0,310.0,460.0,434.0,402.0,444.0,420.0,406.0,246.0,434.0,402.0
6000,GDN0028,Dummy,Pause,45,480.0,1028.0,456.0,442.0,426.0,472.0,436.0,426.0,462.0,438.0,454.0,502.0,454.0,426.0
6001,GDN0028,Dummy,Pause,46,466.0,1006.0,486.0,438.0,474.0,458.0,476.0,474.0,468.0,446.0,468.0,512.0,488.0,464.0
6002,GDN0028,Dummy,Pause,47,462.0,1164.0,470.0,440.0,476.0,460.0,472.0,460.0,460.0,438.0,470.0,498.0,470.0,424.0
6003,GDN0028,Dummy,Pause,48,486.0,1160.0,524.0,496.0,524.0,468.0,520.0,484.0,516.0,494.0,522.0,0.0,522.0,484.0
6004,GDN0028,Dummy,Pause,49,484.0,1152.0,504.0,496.0,492.0,530.0,498.0,482.0,516.0,492.0,504.0,134.0,504.0,482.0
6005,GDN0028,Dummy,Pause,50,472.0,1148.0,504.0,498.0,326.0,552.0,500.0,470.0,516.0,490.0,504.0,154.0,504.0,470.0
6006,GDN0028,Dummy,Pause,51,480.0,1092.0,504.0,492.0,434.0,554.0,498.0,480.0,512.0,488.0,504.0,166.0,504.0,480.0
6007,GDN0028,Dummy,Pause,52,490.0,1032.0,468.0,466.0,450.0,560.0,502.0,452.0,496.0,468.0,468.0,258.0,468.0,446.0
6008,GDN0028,Dummy,Pause,53,502.0,862.0,454.0,456.0,518.0,502.0,444.0,442.0,474.0,448.0,432.0,200.0,458.0,430.0
6009,GDN0028,Dummy,TiltLevel,0,504.0,1234.0,532.0,514.0,566.0,546.0,554.0,502.0,536.0,518.0,536.0,574.0,536.0,504.0
6010,GDN0028,Dummy,TiltLevel,1,510.0,1240.0,530.0,518.0,568.0,550.0,532.0,506.0,538.0,518.0,480.0,128.0,528.0,480.0
6011,GDN0028,Dummy,TiltLevel,2,506.0,1172.0,536.0,518.0,570.0,554.0,524.0,506.0,540.0,520.0,536.0,18.0,536.0,506.0
6012,GDN0028,Dummy,TiltLevel,3,476.0,1240.0,500.0,498.0,480.0,516.0,486.0,482.0,520.0,496.0,500.0,208.0,500.0,476.0
6013,GDN0028,Dummy,TiltLevel,4,512.0,1274.0,538.0,520.0,362.0,568.0,528.0,512.0,540.0,520.0,540.0,312.0,540.0,512.0
6014,GDN0028,Dummy,TiltLevel,5,532.0,1208.0,552.0,500.0,372.0,522.0,550.0,530.0,552.0,532.0,532.0,32.0,550.0,530.0
6015,GDN0028,Dummy,TiltLevel,6,484.0,1218.0,520.0,508.0,480.0,466.0,514.0,482.0,528.0,508.0,520.0,62.0,520.0,482.0
6016,GDN0028,Dummy,TiltLevel,7,562.0,1268.0,528.0,482.0,572.0,558.0,524.0,524.0,534.0,512.0,514.0,112.0,530.0,512.0
6017,GDN0028,Dummy,TiltLevel,8,524.0,1188.0,550.0,528.0,528.0,506.0,538.0,524.0,550.0,530.0,550.0,98.0,550.0,524.0
6018,GDN0028,Dummy,TiltLevel,9,520.0,1198.0,512.0,494.0,478.0,516.0,530.0,478.0,522.0,502.0,512.0,478.0,512.0,476.0
6019,GDN0028,Dummy,TiltLevel,10,526.0,1186.0,528.0,506.0,490.0,576.0,538.0,490.0,528.0,506.0,526.0,72.0,526.0,488.0
6020,GDN0028,Dummy,TiltLevel,11,498.0,902.0,522.0,450.0,560.0,542.0,508.0,502.0,520.0,502.0,498.0,158.0,524.0,496.0
6021,GDN0028,Dummy,TiltLevel,12,442.0,850.0,414.0,408.0,396.0,442.0,396.0,396.0,426.0,402.0,390.0,294.0,414.0,386.0
6022,GDN0028,Dummy,TiltLevel,13,430.0,1458.0,378.0,398.0,252.0,428.0,384.0,368.0,412.0,384.0,378.0,306.0,378.0,306.0
6023,GDN0028,Dummy,TiltLevel,14,592.0,1274.0,616.0,594.0,594.0,624.0,602.0,594.0,616.0,596.0,616.0,128.0,616.0,592.0
6024,GDN0028,Dummy,TiltLevel,15,508.0,1214.0,542.0,524.0,596.0,582.0,532.0,506.0,548.0,532.0,540.0,98.0,540.0,506.0
6025,GDN0028,Dummy,TiltLevel,16,496.0,1188.0,528.0,508.0,496.0,548.0,512.0,496.0,530.0,510.0,528.0,218.0,528.0,496.0
6026,GDN0028,Dummy,TiltLevel,17,526.0,1190.0,512.0,504.0,490.0,570.0,496.0,490.0,524.0,502.0,512.0,148.0,512.0,482.0
6027,GDN0028,Dummy,TiltLevel,18,480.0,1182.0,522.0,500.0,356.0,456.0,518.0,478.0,522.0,502.0,522.0,220.0,522.0,478.0
6028,GDN0028,Dummy,TiltLevel,19,498.0,1184.0,520.0,480.0,418.0,562.0,516.0,520.0,522.0,500.0,498.0,130.0,520.0,496.0
6029,GDN0028,Dummy,TiltLevel,20,476.0,1248.0,506.0,502.0,476.0,528.0,504.0,474.0,522.0,500.0,506.0,124.0,506.0,474.0
6030,GDN0028,Dummy,TiltLevel,21,512.0,1212.0,538.0,528.0,514.0,498.0,526.0,514.0,546.0,522.0,538.0,86.0,538.0,512.0
6031,GDN0028,Dummy,TiltLevel,22,558.0,1244.0,522.0,504.0,568.0,554.0,512.0,498.0,528.0,510.0,522.0,108.0,522.0,498.0
6032,GDN0028,Dummy,TiltLevel,23,524.0,1234.0,542.0,496.0,530.0,558.0,534.0,532.0,544.0,522.0,542.0,122.0,542.0,522.0
6033,GDN0028,Dummy,TiltLevel,24,502.0,1278.0,540.0,514.0,540.0,584.0,536.0,500.0,542.0,518.0,540.0,60.0,540.0,500.0
6034,GDN0028,Dummy,TiltLevel,25,524.0,1238.0,554.0,530.0,354.0,594.0,544.0,524.0,552.0,534.0,554.0,62.0,554.0,524.0
6035,GDN0028,Dummy,TiltLevel,26,542.0,1294.0,530.0,478.0,464.0,542.0,552.0,540.0,540.0,520.0,512.0,92.0,530.0,510.0
6036,GDN0028,Dummy,TiltLevel,27,580.0,1282.0,552.0,540.0,590.0,576.0,542.0,540.0,560.0,538.0,552.0,82.0,552.0,532.0
6037,GDN0028,Dummy,TiltLevel,28,576.0,1264.0,544.0,540.0,592.0,574.0,582.0,510.0,558.0,534.0,544.0,122.0,544.0,510.0
6038,GDN0028,Dummy,TiltLevel,29,556.0,1246.0,530.0,528.0,568.0,554.0,568.0,516.0,548.0,528.0,530.0,76.0,530.0,510.0
6039,GDN0028,Dummy,TiltLevel,30,504.0,1268.0,534.0,524.0,512.0,550.0,522.0,502.0,544.0,522.0,534.0,102.0,534.0,502.0
6040,GDN0028,Dummy,TiltLevel,31,510.0,1220.0,544.0,534.0,586.0,570.0,536.0,510.0,554.0,530.0,544.0,56.0,544.0,508.0
6041,GDN0028,Dummy,TiltLevel,32,482.0,1220.0,512.0,508.0,426.0,534.0,542.0,480.0,530.0,512.0,510.0,96.0,510.0,480.0
6042,GDN0028,Dummy,TiltLevel,33,514.0,1214.0,532.0,486.0,528.0,556.0,530.0,512.0,534.0,512.0,516.0,144.0,534.0,512.0
6043,GDN0028,Dummy,TiltLevel,34,558.0,1108.0,516.0,506.0,570.0,556.0,512.0,478.0,528.0,510.0,516.0,196.0,516.0,478.0
6044,GDN0028,Dummy,TiltLevel,35,440.0,1086.0,470.0,468.0,452.0,530.0,454.0,438.0,500.0,474.0,470.0,154.0,470.0,438.0
6045,GDN0028,Dummy,TiltLevel,36,514.0,1350.0,476.0,470.0,312.0,510.0,462.0,444.0,490.0,466.0,446.0,310.0,476.0,444.0
6046,GDN0028,Dummy,TiltLevel,37,574.0,1148.0,590.0,540.0,580.0,614.0,580.0,580.0,580.0,558.0,588.0,88.0,588.0,574.0
6047,GDN0028,Dummy,TiltLevel,38,526.0,1094.0,498.0,494.0,536.0,524.0,484.0,484.0,512.0,488.0,498.0,138.0,498.0,470.0
6048,GDN0028,Dummy,TiltLevel,39,486.0,1306.0,462.0,460.0,344.0,482.0,510.0,436.0,488.0,468.0,440.0,342.0,464.0,436.0
6049,GDN0028,Dummy,TiltLevel,40,542.0,1192.0,562.0,546.0,548.0,590.0,550.0,550.0,566.0,544.0,562.0,42.0,562.0,540.0
6050,GDN0028,Dummy,TiltLevel,41,484.0,1084.0,508.0,506.0,492.0,570.0,494.0,492.0,526.0,504.0,508.0,202.0,508.0,482.0
6051,GDN0028,Dummy,TiltLevel,42,508.0,1300.0,458.0,468.0,452.0,498.0,452.0,452.0,488.0,466.0,444.0,140.0,458.0,442.0
6052,GDN0028,Dummy,TiltLevel,43,558.0,1326.0,566.0,542.0,574.0,556.0,568.0,556.0,564.0,542.0,564.0,42.0,564.0,526.0
6053,GDN0028,Dummy,TiltLevel,44,530.0,1266.0,560.0,546.0,604.0,566.0,580.0,528.0,568.0,550.0,560.0,74.0,560.0,528.0
6054,GDN0028,Dummy,TiltLevel,45,512.0,1264.0,544.0,526.0,374.0,538.0,550.0,510.0,548.0,530.0,544.0,76.0,544.0,510.0
6055,GDN0028,Dummy,TiltLevel,46,550.0,1292.0,534.0,526.0,564.0,548.0,558.0,514.0,548.0,528.0,534.0,110.0,534.0,508.0
6056,GDN0028,Dummy,TiltLevel,47,508.0,1316.0,548.0,524.0,508.0,542.0,558.0,508.0,562.0,538.0,544.0,170.0,544.0,506.0
6057,GDN0028,Dummy,Valsalva,0,532.0,1226.0,546.0,496.0,608.0,594.0,540.0,554.0,546.0,516.0,532.0,566.0,544.0,602.0
6058,GDN0028,Dummy,Valsalva,1,526.0,1200.0,540.0,472.0,346.0,574.0,532.0,534.0,540.0,516.0,540.0,548.0,540.0,526.0
6059,GDN0028,Dummy,Valsalva,2,524.0,1242.0,534.0,482.0,530.0,566.0,530.0,530.0,526.0,506.0,526.0,96.0,534.0,524.0
6060,GDN0028,Dummy,Valsalva,3,576.0,1214.0,534.0,520.0,590.0,576.0,508.0,504.0,540.0,520.0,534.0,502.0,534.0,500.0
6061,GDN0028,Dummy,Valsalva,4,508.0,1224.0,534.0,470.0,350.0,578.0,532.0,542.0,536.0,510.0,534.0,240.0,534.0,508.0
6062,GDN0028,Dummy,Valsalva,5,554.0,1190.0,520.0,522.0,560.0,602.0,558.0,560.0,544.0,514.0,556.0,572.0,520.0,612.0
6063,GDN0028,Dummy,Valsalva,6,546.0,1176.0,512.0,492.0,560.0,544.0,554.0,496.0,518.0,502.0,492.0,568.0,514.0,490.0
6064,GDN0028,Dummy,Valsalva,7,528.0,1244.0,480.0,482.0,432.0,580.0,534.0,538.0,528.0,498.0,532.0,552.0,480.0,580.0
6065,GDN0028,Dummy,Valsalva,8,596.0,1160.0,548.0,520.0,424.0,592.0,546.0,536.0,546.0,522.0,548.0,164.0,548.0,506.0
6066,GDN0028,Dummy,Valsalva,9,546.0,1048.0,490.0,508.0,440.0,590.0,604.0,550.0,530.0,490.0,490.0,544.0,490.0,598.0
6067,GDN0028,Dummy,Valsalva,10,456.0,1144.0,434.0,430.0,288.0,454.0,474.0,396.0,472.0,452.0,464.0,228.0,434.0,396.0
6068,GDN0028,Dummy,Valsalva,11,502.0,1290.0,490.0,474.0,336.0,502.0,520.0,460.0,504.0,486.0,460.0,156.0,494.0,460.0
6069,GDN0028,Dummy,Valsalva,12,558.0,1154.0,566.0,524.0,510.0,610.0,566.0,558.0,564.0,538.0,560.0,80.0,564.0,556.0
6070,GDN0028,Dummy,Valsalva,13,514.0,1042.0,522.0,428.0,308.0,512.0,522.0,512.0,504.0,490.0,488.0,546.0,524.0,486.0
6071,GDN0028,Dummy,Valsalva,14,476.0,1026.0,448.0,446.0,430.0,540.0,434.0,470.0,482.0,450.0,508.0,98.0,448.0,430.0
6072,GDN0028,Dummy,Valsalva,15,488.0,1040.0,454.0,452.0,442.0,482.0,500.0,504.0,470.0,446.0,454.0,486.0,454.0,486.0
6073,GDN0028,Dummy,Valsalva,16,510.0,1304.0,462.0,460.0,446.0,508.0,448.0,446.0,476.0,450.0,444.0,262.0,462.0,444.0
6074,GDN0028,Dummy,Valsalva,17,574.0,1258.0,580.0,534.0,586.0,630.0,580.0,588.0,568.0,542.0,576.0,600.0,580.0,574.0
6075,GDN0028,Dummy,Valsalva,18,586.0,1024.0,550.0,508.0,596.0,584.0,540.0,542.0,546.0,526.0,532.0,74.0,550.0,530.0
6076,GDN0028,Dummy,Valsalva,19,498.0,974.0,460.0,396.0,512.0,498.0,446.0,438.0,464.0,444.0,440.0,128.0,460.0,438.0
6077,GDN0028,Dummy,Valsalva,20,476.0,1030.0,432.0,436.0,476.0,504.0,482.0,478.0,456.0,426.0,432.0,474.0,432.0,474.0
6078,GDN0028,Dummy,Valsalva,21,482.0,1446.0,450.0,452.0,272.0,544.0,438.0,422.0,476.0,446.0,424.0,280.0,452.0,422.0
6079,GDN0028,Dummy,Valsalva,22,650.0,1278.0,616.0,572.0,660.0,644.0,606.0,660.0,612.0,592.0,616.0,664.0,616.0,648.0
6080,GDN0028,Dummy,Valsalva,23,536.0,1314.0,558.0,546.0,444.0,584.0,552.0,534.0,562.0,534.0,536.0,38.0,558.0,534.0
6081,GDN0028,Dummy,Valsalva,24,540.0,1326.0,568.0,560.0,598.0,584.0,560.0,538.0,574.0,546.0,568.0,0.0,568.0,538.0
6082,GDN0028,Dummy,Valsalva,25,534.0,1152.0,568.0,558.0,590.0,566.0,580.0,532.0,576.0,550.0,566.0,0.0,566.0,532.0
6083,GDN0028,Dummy,Valsalva,26,540.0,1032.0,492.0,496.0,554.0,598.0,482.0,482.0,518.0,490.0,494.0,200.0,494.0,470.0
6084,GDN0028,Dummy,Valsalva,27,500.0,972.0,450.0,458.0,442.0,494.0,442.0,442.0,474.0,448.0,428.0,144.0,450.0,426.0
6085,GDN0028,Dummy,Valsalva,28,414.0,970.0,436.0,394.0,380.0,448.0,460.0,412.0,456.0,426.0,382.0,248.0,440.0,380.0
6086,GDN0028,Dummy,Valsalva,29,402.0,1090.0,438.0,434.0,312.0,450.0,460.0,400.0,452.0,426.0,404.0,220.0,436.0,400.0
6087,GDN0028,Dummy,Valsalva,30,502.0,1364.0,476.0,466.0,514.0,498.0,508.0,450.0,488.0,468.0,478.0,526.0,478.0,430.0
6088,GDN0028,Dummy,Valsalva,31,584.0,1226.0,598.0,556.0,600.0,584.0,596.0,582.0,580.0,564.0,596.0,622.0,596.0,548.0
6089,GDN0028,Dummy,Valsalva,32,514.0,932.0,550.0,526.0,550.0,534.0,540.0,514.0,542.0,516.0,550.0,20.0,550.0,512.0
6090,GDN0028,Dummy,Valsalva,33,458.0,816.0,420.0,416.0,406.0,448.0,406.0,462.0,436.0,412.0,400.0,456.0,420.0,456.0
6091,GDN0028,Dummy,Valsalva,34,418.0,1160.0,374.0,370.0,284.0,406.0,428.0,432.0,400.0,372.0,372.0,416.0,372.0,416.0
6092,GDN0028,Dummy,Valsalva,35,536.0,982.0,510.0,454.0,442.0,532.0,494.0,492.0,502.0,490.0,510.0,550.0,510.0,488.0
6093,GDN0028,Dummy,Valsalva,36,428.0,966.0,448.0,446.0,338.0,516.0,432.0,428.0,460.0,430.0,430.0,258.0,450.0,518.0
6094,GDN0028,Dummy,Valsalva,37,466.0,982.0,398.0,396.0,306.0,464.0,476.0,438.0,444.0,424.0,398.0,368.0,398.0,438.0
6095,GDN0028,Dummy,Valsalva,38,462.0,1032.0,436.0,420.0,344.0,502.0,408.0,404.0,454.0,430.0,404.0,148.0,436.0,404.0
6096,GDN0028,Dummy,Valsalva,39,508.0,914.0,456.0,450.0,380.0,506.0,438.0,436.0,470.0,448.0,458.0,206.0,458.0,432.0
6097,GDN0028,Dummy,Valsalva,40,444.0,822.0,426.0,374.0,266.0,500.0,418.0,414.0,436.0,406.0,416.0,462.0,418.0,504.0
6098,GDN0028,Dummy,Valsalva,41,348.0,806.0,398.0,386.0,188.0,430.0,388.0,346.0,402.0,374.0,350.0,180.0,406.0,346.0
6099,GDN0028,Dummy,Valsalva,42,396.0,848.0,310.0,354.0,344.0,468.0,416.0,394.0,398.0,368.0,298.0,0.0,298.0,394.0
6100,GDN0028,Dummy,Valsalva,43,374.0,956.0,394.0,342.0,258.0,450.0,410.0,372.0,396.0,382.0,322.0,258.0,402.0,372.0
6101,GDN0028,Dummy,Valsalva,44,460.0,946.0,424.0,414.0,414.0,450.0,412.0,462.0,438.0,420.0,410.0,470.0,424.0,458.0
6102,GDN0028,Dummy,Valsalva,45,456.0,908.0,418.0,370.0,208.0,446.0,458.0,460.0,422.0,414.0,418.0,454.0,418.0,454.0
6103,GDN0028,Dummy,Valsalva,46,450.0,870.0,406.0,404.0,390.0,500.0,458.0,448.0,438.0,402.0,458.0,472.0,406.0,508.0
6104,GDN0028,Dummy,Valsalva,47,430.0,848.0,424.0,348.0,324.0,476.0,408.0,402.0,414.0,390.0,406.0,260.0,424.0,402.0
6105,GDN0028,Dummy,Valsalva,48,448.0,818.0,422.0,420.0,404.0,496.0,404.0,448.0,430.0,376.0,424.0,400.0,424.0,506.0
6106,GDN0028,Dummy,Valsalva,49,422.0,808.0,432.0,390.0,318.0,464.0,382.0,430.0,402.0,372.0,378.0,420.0,434.0,420.0
6107,GDN0028,Dummy,Valsalva,50,426.0,800.0,440.0,328.0,434.0,418.0,430.0,434.0,386.0,368.0,376.0,446.0,440.0,426.0
6108,GDN0028,Dummy,Valsalva,51,436.0,770.0,420.0,364.0,352.0,436.0,404.0,402.0,398.0,366.0,400.0,458.0,420.0,398.0
6109,GDN0028,Dummy,Valsalva,52,382.0,734.0,410.0,350.0,276.0,420.0,386.0,384.0,392.0,354.0,412.0,382.0,412.0,380.0
6110,GDN0028,Dummy,Valsalva,53,384.0,710.0,408.0,296.0,274.0,378.0,390.0,394.0,362.0,342.0,408.0,420.0,408.0,384.0
6111,GDN0028,Dummy,Valsalva,54,414.0,692.0,388.0,338.0,194.0,412.0,368.0,370.0,366.0,334.0,386.0,382.0,386.0,364.0
6112,GDN0028,Dummy,Valsalva,55,394.0,676.0,398.0,352.0,336.0,390.0,342.0,340.0,368.0,326.0,408.0,340.0,408.0,338.0
6113,GDN0028,Dummy,Valsalva,56,402.0,672.0,386.0,342.0,166.0,396.0,340.0,412.0,354.0,322.0,380.0,398.0,380.0,398.0
6114,GDN0029,Dummy,HoldingBreath,0,384.0,822.0,406.0,346.0,394.0,376.0,394.0,344.0,390.0,374.0,388.0,320.0,406.0,382.0
6115,GDN0029,Dummy,HoldingBreath,1,394.0,912.0,414.0,318.0,404.0,386.0,404.0,406.0,390.0,374.0,398.0,434.0,416.0,392.0
6116,GDN0029,Dummy,HoldingBreath,2,412.0,886.0,446.0,422.0,462.0,508.0,438.0,410.0,436.0,406.0,414.0,472.0,444.0,410.0
6117,GDN0029,Dummy,HoldingBreath,3,418.0,906.0,438.0,354.0,426.0,406.0,424.0,426.0,420.0,396.0,420.0,450.0,440.0,416.0
6118,GDN0029,Dummy,HoldingBreath,4,434.0,878.0,450.0,398.0,440.0,422.0,438.0,442.0,426.0,404.0,434.0,468.0,450.0,432.0
6119,GDN0029,Dummy,HoldingBreath,5,404.0,846.0,434.0,340.0,424.0,366.0,418.0,426.0,412.0,394.0,406.0,450.0,434.0,402.0
6120,GDN0029,Dummy,HoldingBreath,6,380.0,838.0,420.0,324.0,416.0,360.0,406.0,378.0,398.0,382.0,384.0,436.0,418.0,378.0
6121,GDN0029,Dummy,HoldingBreath,7,394.0,918.0,422.0,342.0,424.0,380.0,408.0,392.0,406.0,380.0,396.0,442.0,424.0,392.0
6122,GDN0029,Dummy,HoldingBreath,8,410.0,946.0,450.0,374.0,364.0,430.0,448.0,430.0,434.0,408.0,412.0,478.0,448.0,408.0
6123,GDN0029,Dummy,HoldingBreath,9,444.0,956.0,462.0,386.0,450.0,482.0,452.0,452.0,448.0,418.0,448.0,328.0,462.0,442.0
6124,GDN0029,Dummy,HoldingBreath,10,434.0,920.0,468.0,392.0,300.0,418.0,466.0,434.0,448.0,420.0,458.0,490.0,468.0,434.0
6125,GDN0029,Dummy,HoldingBreath,11,422.0,838.0,452.0,378.0,288.0,404.0,438.0,446.0,432.0,408.0,424.0,470.0,452.0,422.0
6126,GDN0029,Dummy,HoldingBreath,12,380.0,770.0,410.0,392.0,410.0,470.0,400.0,378.0,408.0,380.0,388.0,430.0,410.0,472.0
6127,GDN0029,Dummy,HoldingBreath,13,370.0,788.0,394.0,306.0,384.0,360.0,382.0,386.0,374.0,356.0,374.0,414.0,394.0,370.0
6128,GDN0029,Dummy,HoldingBreath,14,372.0,896.0,390.0,328.0,386.0,438.0,382.0,386.0,388.0,362.0,374.0,412.0,388.0,370.0
6129,GDN0029,Dummy,HoldingBreath,15,416.0,958.0,442.0,370.0,226.0,494.0,444.0,414.0,430.0,400.0,424.0,336.0,444.0,414.0
6130,GDN0029,Dummy,HoldingBreath,16,452.0,976.0,462.0,416.0,230.0,444.0,462.0,462.0,446.0,422.0,458.0,450.0,462.0,450.0
6131,GDN0029,Dummy,HoldingBreath,17,436.0,952.0,464.0,418.0,258.0,496.0,452.0,454.0,450.0,428.0,440.0,376.0,466.0,434.0
6132,GDN0029,Dummy,HoldingBreath,18,428.0,920.0,454.0,390.0,434.0,472.0,438.0,436.0,444.0,420.0,430.0,374.0,454.0,428.0
6133,GDN0029,Dummy,HoldingBreath,19,400.0,918.0,446.0,418.0,344.0,502.0,438.0,398.0,440.0,408.0,402.0,344.0,450.0,398.0
6134,GDN0029,Dummy,HoldingBreath,20,416.0,894.0,426.0,386.0,324.0,446.0,426.0,422.0,424.0,408.0,418.0,4.0,422.0,414.0
6135,GDN0029,Dummy,HoldingBreath,21,416.0,844.0,444.0,376.0,208.0,404.0,426.0,416.0,416.0,398.0,420.0,416.0,446.0,416.0
6136,GDN0029,Dummy,HoldingBreath,22,422.0,838.0,434.0,384.0,430.0,414.0,426.0,430.0,404.0,382.0,426.0,446.0,434.0,420.0
6137,GDN0029,Dummy,HoldingBreath,23,416.0,828.0,426.0,388.0,430.0,470.0,386.0,368.0,406.0,380.0,426.0,346.0,426.0,346.0
6138,GDN0029,Dummy,HoldingBreath,24,376.0,824.0,420.0,336.0,322.0,408.0,388.0,380.0,400.0,376.0,378.0,322.0,420.0,376.0
6139,GDN0029,Dummy,HoldingBreath,25,384.0,814.0,416.0,338.0,280.0,370.0,394.0,396.0,400.0,374.0,386.0,286.0,416.0,382.0
6140,GDN0029,Dummy,HoldingBreath,26,366.0,816.0,410.0,372.0,256.0,442.0,374.0,372.0,392.0,370.0,366.0,316.0,410.0,366.0
6141,GDN0029,Dummy,HoldingBreath,27,414.0,848.0,430.0,350.0,428.0,412.0,420.0,388.0,394.0,372.0,388.0,442.0,430.0,384.0
6142,GDN0029,Dummy,HoldingBreath,28,402.0,912.0,428.0,338.0,226.0,440.0,414.0,400.0,402.0,382.0,370.0,322.0,428.0,364.0
6143,GDN0029,Dummy,HoldingBreath,29,434.0,890.0,454.0,354.0,342.0,430.0,444.0,386.0,424.0,406.0,388.0,340.0,454.0,386.0
6144,GDN0029,Dummy,HoldingBreath,30,408.0,878.0,440.0,362.0,414.0,498.0,418.0,416.0,426.0,398.0,412.0,336.0,440.0,408.0
6145,GDN0029,Dummy,HoldingBreath,31,420.0,938.0,442.0,394.0,292.0,474.0,432.0,368.0,422.0,394.0,442.0,344.0,442.0,342.0
6146,GDN0029,Dummy,HoldingBreath,32,418.0,924.0,462.0,390.0,374.0,416.0,456.0,414.0,440.0,414.0,424.0,374.0,462.0,372.0
6147,GDN0029,Dummy,HoldingBreath,33,460.0,924.0,452.0,386.0,240.0,458.0,428.0,426.0,432.0,410.0,420.0,346.0,454.0,418.0
6148,GDN0029,Dummy,HoldingBreath,34,420.0,924.0,464.0,382.0,368.0,452.0,464.0,422.0,436.0,410.0,422.0,364.0,464.0,418.0
6149,GDN0029,Dummy,HoldingBreath,35,438.0,918.0,462.0,402.0,246.0,510.0,448.0,446.0,442.0,410.0,442.0,478.0,462.0,514.0
6150,GDN0029,Dummy,HoldingBreath,36,430.0,920.0,456.0,394.0,436.0,420.0,438.0,438.0,438.0,408.0,432.0,336.0,456.0,428.0
6151,GDN0029,Dummy,HoldingBreath,37,444.0,980.0,462.0,396.0,452.0,488.0,450.0,452.0,436.0,408.0,446.0,466.0,462.0,442.0
6152,GDN0029,Dummy,HoldingBreath,38,488.0,990.0,466.0,460.0,548.0,536.0,492.0,498.0,472.0,426.0,434.0,506.0,466.0,544.0
6153,GDN0029,Dummy,HoldingBreath,39,464.0,982.0,482.0,472.0,552.0,540.0,470.0,472.0,474.0,428.0,464.0,242.0,482.0,550.0
6154,GDN0029,Dummy,HoldingBreath,40,456.0,954.0,482.0,422.0,352.0,486.0,468.0,462.0,456.0,430.0,406.0,354.0,482.0,454.0
6155,GDN0029,Dummy,HoldingBreath,41,458.0,946.0,478.0,398.0,330.0,456.0,470.0,420.0,452.0,420.0,462.0,384.0,478.0,384.0
6156,GDN0029,Dummy,HoldingBreath,42,422.0,942.0,468.0,442.0,470.0,512.0,454.0,420.0,452.0,416.0,422.0,384.0,468.0,382.0
6157,GDN0029,Dummy,HoldingBreath,43,454.0,958.0,476.0,400.0,468.0,448.0,466.0,470.0,444.0,416.0,462.0,452.0,476.0,452.0
6158,GDN0029,Dummy,HoldingBreath,44,448.0,918.0,470.0,412.0,454.0,486.0,454.0,456.0,458.0,420.0,448.0,394.0,470.0,446.0
6159,GDN0029,Dummy,HoldingBreath,45,442.0,874.0,464.0,402.0,390.0,430.0,452.0,442.0,438.0,408.0,448.0,388.0,464.0,440.0
6160,GDN0029,Dummy,HoldingBreath,46,436.0,866.0,446.0,414.0,448.0,482.0,402.0,402.0,428.0,390.0,388.0,332.0,446.0,388.0
6161,GDN0029,Dummy,HoldingBreath,47,430.0,870.0,450.0,398.0,310.0,422.0,438.0,436.0,426.0,388.0,434.0,312.0,450.0,428.0
6162,GDN0029,Dummy,HoldingBreath,48,462.0,918.0,428.0,418.0,338.0,452.0,408.0,464.0,426.0,388.0,404.0,460.0,428.0,460.0
6163,GDN0029,Dummy,HoldingBreath,49,464.0,976.0,454.0,394.0,430.0,464.0,474.0,432.0,438.0,408.0,454.0,378.0,454.0,426.0
6164,GDN0029,Dummy,HoldingBreath,50,470.0,1046.0,486.0,398.0,476.0,510.0,476.0,476.0,458.0,428.0,472.0,468.0,486.0,468.0
6165,GDN0029,Dummy,HoldingBreath,51,486.0,1050.0,504.0,456.0,502.0,484.0,500.0,422.0,480.0,452.0,424.0,398.0,502.0,422.0
6166,GDN0029,Dummy,HoldingBreath,52,486.0,1014.0,508.0,434.0,370.0,570.0,492.0,492.0,490.0,452.0,488.0,376.0,508.0,484.0
6167,GDN0029,Dummy,HoldingBreath,53,478.0,1016.0,498.0,446.0,276.0,536.0,488.0,486.0,476.0,438.0,482.0,386.0,498.0,476.0
6168,GDN0029,Dummy,HoldingBreath,54,478.0,1002.0,496.0,450.0,488.0,536.0,484.0,488.0,476.0,440.0,480.0,384.0,496.0,476.0
6169,GDN0029,Dummy,HoldingBreath,55,480.0,1012.0,496.0,448.0,484.0,470.0,484.0,486.0,470.0,434.0,480.0,508.0,496.0,478.0
6170,GDN0029,Dummy,HoldingBreath,56,464.0,1016.0,494.0,432.0,416.0,536.0,482.0,486.0,478.0,438.0,474.0,416.0,494.0,464.0
6171,GDN0029,Dummy,HoldingBreath,57,476.0,998.0,496.0,442.0,480.0,466.0,482.0,480.0,476.0,440.0,478.0,380.0,496.0,474.0
6172,GDN0029,Dummy,HoldingBreath,58,492.0,972.0,470.0,460.0,446.0,486.0,448.0,500.0,472.0,434.0,470.0,490.0,470.0,490.0
6173,GDN0029,Dummy,HoldingBreath,59,452.0,978.0,484.0,480.0,474.0,550.0,468.0,476.0,476.0,418.0,460.0,370.0,484.0,560.0
6174,GDN0029,Dummy,HoldingBreath,60,460.0,952.0,482.0,420.0,468.0,450.0,466.0,468.0,466.0,426.0,462.0,360.0,482.0,460.0
6175,GDN0029,Dummy,HoldingBreath,61,472.0,958.0,484.0,406.0,478.0,520.0,476.0,478.0,460.0,418.0,474.0,496.0,484.0,470.0
6176,GDN0029,Dummy,HoldingBreath,62,458.0,962.0,478.0,434.0,472.0,508.0,470.0,404.0,450.0,422.0,478.0,404.0,478.0,402.0
6177,GDN0029,Dummy,HoldingBreath,63,438.0,970.0,482.0,444.0,356.0,464.0,472.0,438.0,454.0,422.0,440.0,356.0,480.0,438.0
6178,GDN0029,Dummy,Pause,0,402.0,868.0,230.0,122.0,206.0,,204.0,44.0,274.0,178.0,228.0,226.0,,202.0
6179,GDN0029,Dummy,Pause,1,416.0,832.0,52.0,-62.0,-120.0,,42.0,44.0,182.0,-180.0,0.0,58.0,,40.0
6180,GDN0029,Dummy,Pause,2,422.0,864.0,70.0,-56.0,68.0,,18.0,68.0,188.0,-108.0,18.0,78.0,,64.0
6181,GDN0029,Dummy,Pause,3,424.0,908.0,52.0,-72.0,-182.0,,8.0,56.0,184.0,-166.0,10.0,62.0,,50.0
6182,GDN0029,Dummy,Pause,4,452.0,918.0,96.0,-28.0,84.0,,84.0,84.0,210.0,-102.0,-38.0,100.0,,82.0
6183,GDN0029,Dummy,Pause,5,436.0,916.0,204.0,108.0,182.0,,180.0,182.0,266.0,114.0,204.0,196.0,,180.0
6184,GDN0029,Dummy,Pause,6,436.0,930.0,348.0,256.0,244.0,326.0,244.0,338.0,344.0,330.0,348.0,348.0,348.0,332.0
6185,GDN0029,Dummy,Pause,7,448.0,878.0,406.0,274.0,314.0,392.0,316.0,404.0,382.0,382.0,406.0,398.0,406.0,398.0
6186,GDN0029,Dummy,Pause,8,432.0,848.0,312.0,186.0,288.0,,288.0,290.0,322.0,298.0,312.0,314.0,312.0,286.0
6187,GDN0029,Dummy,Pause,9,426.0,852.0,250.0,220.0,280.0,324.0,282.0,,334.0,328.0,250.0,334.0,,334.0
6188,GDN0029,Dummy,Pause,10,408.0,880.0,422.0,392.0,218.0,468.0,414.0,374.0,410.0,384.0,378.0,438.0,422.0,374.0
6189,GDN0029,Dummy,Pause,11,408.0,922.0,372.0,228.0,200.0,344.0,300.0,200.0,350.0,346.0,372.0,354.0,372.0,354.0
6190,GDN0029,Dummy,Pause,12,442.0,952.0,406.0,280.0,312.0,378.0,314.0,392.0,378.0,378.0,406.0,406.0,406.0,388.0
6191,GDN0029,Dummy,Pause,13,490.0,962.0,462.0,410.0,284.0,488.0,452.0,498.0,444.0,420.0,450.0,472.0,462.0,488.0
6192,GDN0029,Dummy,Pause,14,476.0,886.0,458.0,404.0,258.0,474.0,444.0,442.0,446.0,422.0,440.0,498.0,460.0,438.0
6193,GDN0029,Dummy,Pause,15,410.0,868.0,430.0,334.0,214.0,408.0,418.0,408.0,406.0,394.0,430.0,450.0,430.0,378.0
6194,GDN0029,Dummy,Pause,16,440.0,878.0,422.0,342.0,406.0,438.0,406.0,408.0,406.0,390.0,402.0,420.0,424.0,400.0
6195,GDN0029,Dummy,Pause,17,426.0,930.0,438.0,374.0,432.0,472.0,430.0,432.0,420.0,394.0,428.0,448.0,438.0,426.0
6196,GDN0029,Dummy,Pause,18,436.0,944.0,452.0,418.0,266.0,436.0,446.0,434.0,436.0,412.0,410.0,480.0,454.0,404.0
6197,GDN0029,Dummy,Pause,19,476.0,932.0,448.0,392.0,432.0,468.0,434.0,482.0,442.0,416.0,434.0,496.0,448.0,476.0
6198,GDN0029,Dummy,Pause,20,448.0,924.0,464.0,374.0,454.0,434.0,450.0,454.0,422.0,410.0,448.0,472.0,464.0,446.0
6199,GDN0029,Dummy,Pause,21,416.0,890.0,438.0,364.0,238.0,468.0,420.0,420.0,430.0,410.0,438.0,444.0,438.0,416.0
6200,GDN0029,Dummy,Pause,22,388.0,850.0,418.0,362.0,272.0,422.0,394.0,394.0,408.0,396.0,418.0,440.0,418.0,386.0
6201,GDN0029,Dummy,Pause,23,406.0,848.0,418.0,374.0,410.0,446.0,408.0,410.0,402.0,384.0,362.0,432.0,418.0,404.0
6202,GDN0029,Dummy,Pause,24,396.0,898.0,416.0,362.0,400.0,454.0,400.0,402.0,402.0,382.0,396.0,430.0,416.0,396.0
6203,GDN0029,Dummy,Pause,25,444.0,940.0,430.0,370.0,456.0,442.0,412.0,410.0,412.0,398.0,408.0,462.0,430.0,406.0
6204,GDN0029,Dummy,Pause,26,432.0,938.0,450.0,444.0,520.0,508.0,434.0,434.0,452.0,412.0,432.0,474.0,450.0,518.0
6205,GDN0029,Dummy,Pause,27,448.0,938.0,464.0,416.0,278.0,510.0,452.0,456.0,442.0,414.0,448.0,478.0,464.0,446.0
6206,GDN0029,Dummy,Pause,28,468.0,902.0,432.0,422.0,420.0,458.0,476.0,476.0,440.0,414.0,416.0,494.0,432.0,468.0
6207,GDN0029,Dummy,Pause,29,468.0,874.0,434.0,380.0,426.0,462.0,424.0,474.0,420.0,402.0,420.0,466.0,434.0,466.0
6208,GDN0029,Dummy,Pause,30,390.0,870.0,422.0,350.0,336.0,444.0,400.0,388.0,410.0,392.0,392.0,458.0,422.0,388.0
6209,GDN0029,Dummy,Pause,31,416.0,908.0,432.0,370.0,422.0,402.0,418.0,424.0,406.0,390.0,414.0,442.0,432.0,414.0
6210,GDN0029,Dummy,Pause,32,462.0,916.0,442.0,436.0,426.0,506.0,426.0,426.0,442.0,402.0,444.0,472.0,444.0,516.0
6211,GDN0029,Dummy,Pause,33,434.0,934.0,448.0,416.0,444.0,480.0,442.0,432.0,434.0,406.0,408.0,466.0,448.0,406.0
6212,GDN0029,Dummy,Pause,34,410.0,942.0,450.0,422.0,302.0,508.0,414.0,410.0,444.0,412.0,410.0,480.0,450.0,512.0
6213,GDN0029,Dummy,Pause,35,442.0,944.0,456.0,406.0,444.0,430.0,444.0,444.0,440.0,416.0,442.0,466.0,454.0,440.0
6214,GDN0029,Dummy,Pause,36,402.0,886.0,440.0,350.0,258.0,470.0,408.0,402.0,426.0,414.0,402.0,458.0,440.0,402.0
6215,GDN0029,Dummy,Pause,37,418.0,870.0,438.0,392.0,298.0,472.0,424.0,430.0,420.0,396.0,418.0,456.0,438.0,416.0
6216,GDN0029,Dummy,Pause,38,420.0,916.0,408.0,330.0,260.0,420.0,380.0,376.0,404.0,390.0,378.0,450.0,406.0,376.0
6217,GDN0029,Dummy,Pause,39,436.0,968.0,442.0,348.0,290.0,428.0,442.0,442.0,420.0,406.0,442.0,468.0,444.0,434.0
6218,GDN0029,Dummy,Pause,40,476.0,974.0,444.0,392.0,380.0,468.0,484.0,474.0,444.0,424.0,490.0,500.0,444.0,474.0
6219,GDN0029,Dummy,Pause,41,466.0,974.0,480.0,398.0,344.0,456.0,474.0,480.0,448.0,426.0,472.0,498.0,482.0,464.0
6220,GDN0029,Dummy,Pause,42,450.0,934.0,468.0,408.0,452.0,496.0,452.0,452.0,456.0,426.0,466.0,476.0,466.0,450.0
6221,GDN0029,Dummy,Pause,43,468.0,886.0,444.0,434.0,318.0,512.0,426.0,426.0,444.0,412.0,420.0,152.0,444.0,518.0
6222,GDN0029,Dummy,Pause,44,418.0,896.0,432.0,384.0,278.0,476.0,422.0,422.0,426.0,396.0,418.0,450.0,432.0,416.0
6223,GDN0029,Dummy,Pause,45,428.0,944.0,438.0,392.0,374.0,476.0,436.0,438.0,424.0,400.0,434.0,462.0,438.0,428.0
6224,GDN0029,Dummy,Pause,46,444.0,934.0,460.0,378.0,258.0,436.0,454.0,436.0,438.0,416.0,448.0,484.0,460.0,422.0
6225,GDN0029,Dummy,Pause,47,442.0,922.0,452.0,356.0,452.0,436.0,446.0,440.0,416.0,408.0,448.0,462.0,452.0,440.0
6226,GDN0029,Dummy,Pause,48,434.0,876.0,452.0,368.0,448.0,430.0,442.0,448.0,416.0,406.0,440.0,464.0,452.0,432.0
6227,GDN0029,Dummy,Pause,49,448.0,880.0,426.0,364.0,412.0,446.0,414.0,414.0,412.0,392.0,412.0,464.0,426.0,410.0
6228,GDN0029,Dummy,Pause,50,412.0,932.0,430.0,376.0,234.0,452.0,418.0,418.0,410.0,394.0,416.0,442.0,430.0,412.0
6229,GDN0029,Dummy,Pause,51,436.0,966.0,452.0,358.0,438.0,472.0,438.0,438.0,430.0,412.0,436.0,456.0,452.0,434.0
6230,GDN0029,Dummy,Pause,52,472.0,956.0,484.0,380.0,300.0,458.0,474.0,476.0,436.0,422.0,474.0,492.0,484.0,470.0
6231,GDN0029,Dummy,Pause,53,402.0,898.0,450.0,434.0,514.0,500.0,416.0,400.0,450.0,420.0,450.0,472.0,450.0,510.0
6232,GDN0029,Dummy,Pause,54,438.0,884.0,448.0,360.0,446.0,432.0,440.0,446.0,406.0,398.0,398.0,456.0,448.0,436.0
6233,GDN0029,Dummy,Pause,55,420.0,914.0,434.0,378.0,418.0,408.0,426.0,420.0,406.0,394.0,432.0,454.0,432.0,420.0
6234,GDN0029,Dummy,Pause,56,460.0,914.0,416.0,418.0,404.0,444.0,406.0,472.0,436.0,406.0,406.0,484.0,418.0,458.0
6235,GDN0029,Dummy,Pause,57,438.0,926.0,448.0,358.0,208.0,436.0,442.0,406.0,426.0,406.0,410.0,472.0,448.0,406.0
6236,GDN0029,Dummy,Pause,58,442.0,926.0,454.0,396.0,440.0,470.0,444.0,440.0,430.0,410.0,442.0,484.0,454.0,440.0
6237,GDN0029,Dummy,Pause,59,466.0,898.0,452.0,392.0,480.0,466.0,436.0,436.0,430.0,410.0,432.0,488.0,454.0,428.0
6238,GDN0029,Dummy,Pause,60,424.0,906.0,438.0,340.0,234.0,414.0,428.0,434.0,406.0,398.0,428.0,448.0,438.0,422.0
6239,GDN0029,Dummy,Pause,61,440.0,944.0,458.0,388.0,298.0,418.0,444.0,452.0,416.0,402.0,444.0,466.0,458.0,438.0
6240,GDN0029,Dummy,Pause,62,446.0,952.0,432.0,424.0,276.0,492.0,454.0,458.0,442.0,416.0,414.0,474.0,430.0,444.0
6241,GDN0029,Dummy,Pause,63,438.0,956.0,456.0,360.0,272.0,470.0,444.0,448.0,430.0,418.0,442.0,472.0,456.0,436.0
6242,GDN0029,Dummy,Pause,64,440.0,908.0,464.0,412.0,240.0,436.0,464.0,436.0,444.0,420.0,462.0,488.0,458.0,436.0
6243,GDN0029,Dummy,TiltLevel,0,486.0,1052.0,438.0,304.0,430.0,414.0,428.0,520.0,418.0,418.0,438.0,440.0,438.0,424.0
6244,GDN0029,Dummy,TiltLevel,1,478.0,1062.0,500.0,442.0,314.0,466.0,492.0,502.0,482.0,454.0,482.0,208.0,500.0,478.0
6245,GDN0029,Dummy,TiltLevel,2,478.0,1058.0,500.0,438.0,522.0,462.0,492.0,478.0,484.0,458.0,480.0,528.0,498.0,478.0
6246,GDN0029,Dummy,TiltLevel,3,466.0,978.0,500.0,414.0,506.0,446.0,484.0,464.0,480.0,456.0,500.0,520.0,500.0,464.0
6247,GDN0029,Dummy,TiltLevel,4,440.0,956.0,464.0,416.0,450.0,490.0,450.0,452.0,454.0,428.0,464.0,218.0,464.0,440.0
6248,GDN0029,Dummy,TiltLevel,5,404.0,992.0,460.0,430.0,462.0,386.0,454.0,402.0,446.0,420.0,406.0,482.0,460.0,402.0
6249,GDN0029,Dummy,TiltLevel,6,456.0,1064.0,476.0,410.0,260.0,536.0,466.0,454.0,468.0,432.0,458.0,500.0,476.0,454.0
6250,GDN0029,Dummy,TiltLevel,7,488.0,1044.0,498.0,456.0,494.0,530.0,492.0,494.0,484.0,458.0,490.0,336.0,498.0,488.0
6251,GDN0029,Dummy,TiltLevel,8,480.0,1028.0,496.0,444.0,484.0,528.0,484.0,486.0,478.0,452.0,480.0,508.0,494.0,478.0
6252,GDN0029,Dummy,TiltLevel,9,466.0,936.0,490.0,412.0,486.0,440.0,478.0,486.0,472.0,446.0,466.0,508.0,492.0,464.0
6253,GDN0029,Dummy,TiltLevel,10,426.0,908.0,450.0,390.0,428.0,414.0,432.0,430.0,432.0,414.0,426.0,474.0,452.0,424.0
6254,GDN0029,Dummy,TiltLevel,11,426.0,972.0,442.0,408.0,446.0,426.0,438.0,388.0,430.0,404.0,390.0,466.0,442.0,388.0
6255,GDN0029,Dummy,TiltLevel,12,426.0,1066.0,462.0,440.0,340.0,446.0,462.0,424.0,454.0,426.0,428.0,206.0,462.0,424.0
6256,GDN0029,Dummy,TiltLevel,13,492.0,1104.0,504.0,462.0,500.0,544.0,498.0,500.0,492.0,460.0,494.0,200.0,504.0,492.0
6257,GDN0029,Dummy,TiltLevel,14,512.0,1064.0,516.0,486.0,528.0,512.0,522.0,510.0,500.0,472.0,482.0,544.0,518.0,478.0
6258,GDN0029,Dummy,TiltLevel,15,474.0,1014.0,504.0,432.0,326.0,448.0,494.0,472.0,490.0,458.0,478.0,266.0,504.0,472.0
6259,GDN0029,Dummy,TiltLevel,16,450.0,960.0,476.0,418.0,456.0,490.0,458.0,456.0,460.0,440.0,476.0,144.0,476.0,450.0
6260,GDN0029,Dummy,TiltLevel,17,436.0,1006.0,462.0,396.0,338.0,422.0,446.0,436.0,444.0,422.0,436.0,484.0,462.0,434.0
6261,GDN0029,Dummy,TiltLevel,18,460.0,1072.0,484.0,400.0,320.0,448.0,474.0,460.0,464.0,438.0,464.0,324.0,484.0,460.0
6262,GDN0029,Dummy,TiltLevel,19,488.0,1068.0,504.0,438.0,494.0,474.0,496.0,494.0,492.0,462.0,490.0,176.0,504.0,486.0
6263,GDN0029,Dummy,TiltLevel,20,484.0,1056.0,504.0,430.0,486.0,522.0,490.0,488.0,486.0,460.0,506.0,134.0,506.0,484.0
6264,GDN0029,Dummy,TiltLevel,21,484.0,1062.0,500.0,416.0,492.0,474.0,494.0,494.0,482.0,456.0,486.0,182.0,500.0,484.0
6265,GDN0029,Dummy,TiltLevel,22,468.0,1026.0,498.0,474.0,506.0,450.0,494.0,466.0,488.0,458.0,474.0,188.0,500.0,466.0
6266,GDN0029,Dummy,TiltLevel,23,478.0,948.0,494.0,404.0,492.0,474.0,486.0,492.0,470.0,446.0,482.0,512.0,494.0,476.0
6267,GDN0029,Dummy,TiltLevel,24,442.0,902.0,464.0,372.0,448.0,432.0,450.0,450.0,440.0,418.0,442.0,298.0,466.0,440.0
6268,GDN0029,Dummy,TiltLevel,25,388.0,938.0,438.0,402.0,286.0,458.0,428.0,412.0,428.0,402.0,392.0,286.0,436.0,388.0
6269,GDN0029,Dummy,TiltLevel,26,438.0,992.0,458.0,374.0,446.0,482.0,446.0,446.0,440.0,414.0,438.0,300.0,460.0,436.0
6270,GDN0029,Dummy,TiltLevel,27,446.0,1054.0,474.0,416.0,262.0,438.0,470.0,444.0,462.0,434.0,452.0,214.0,474.0,444.0
6271,GDN0029,Dummy,TiltLevel,28,480.0,1026.0,496.0,448.0,488.0,522.0,488.0,490.0,480.0,454.0,482.0,202.0,496.0,478.0
6272,GDN0029,Dummy,TiltLevel,29,464.0,1008.0,484.0,424.0,478.0,442.0,474.0,480.0,470.0,446.0,466.0,504.0,484.0,462.0
6273,GDN0029,Dummy,TiltLevel,30,464.0,1044.0,482.0,400.0,476.0,454.0,472.0,476.0,464.0,438.0,466.0,500.0,484.0,464.0
6274,GDN0029,Dummy,TiltLevel,31,480.0,1036.0,496.0,412.0,488.0,514.0,488.0,488.0,478.0,452.0,482.0,322.0,496.0,478.0
6275,GDN0029,Dummy,TiltLevel,32,474.0,994.0,496.0,416.0,352.0,442.0,486.0,490.0,478.0,448.0,476.0,194.0,496.0,474.0
6276,GDN0029,Dummy,TiltLevel,33,454.0,998.0,470.0,410.0,398.0,502.0,462.0,454.0,458.0,434.0,456.0,396.0,468.0,454.0
6277,GDN0029,Dummy,TiltLevel,34,460.0,974.0,480.0,402.0,476.0,458.0,472.0,456.0,464.0,436.0,464.0,326.0,480.0,434.0
6278,GDN0029,Dummy,TiltLevel,35,446.0,962.0,468.0,408.0,450.0,432.0,454.0,452.0,450.0,426.0,446.0,280.0,468.0,444.0
6279,GDN0029,Dummy,TiltLevel,36,436.0,958.0,464.0,400.0,460.0,426.0,458.0,434.0,446.0,422.0,442.0,490.0,464.0,434.0
6280,GDN0029,Dummy,TiltLevel,37,446.0,968.0,464.0,400.0,452.0,434.0,452.0,452.0,444.0,422.0,448.0,470.0,464.0,444.0
6281,GDN0029,Dummy,TiltLevel,38,444.0,1040.0,468.0,412.0,448.0,434.0,452.0,450.0,454.0,424.0,446.0,286.0,466.0,442.0
6282,GDN0029,Dummy,TiltLevel,39,478.0,980.0,500.0,416.0,496.0,450.0,490.0,496.0,474.0,450.0,480.0,518.0,502.0,476.0
6283,GDN0029,Dummy,TiltLevel,40,424.0,1014.0,464.0,384.0,466.0,444.0,460.0,442.0,452.0,428.0,426.0,320.0,464.0,422.0
6284,GDN0029,Dummy,TiltLevel,41,462.0,1106.0,486.0,400.0,474.0,446.0,472.0,476.0,466.0,440.0,464.0,322.0,484.0,462.0
6285,GDN0029,Dummy,TiltLevel,42,494.0,1010.0,518.0,452.0,344.0,478.0,508.0,494.0,504.0,474.0,496.0,144.0,520.0,494.0
6286,GDN0029,Dummy,TiltLevel,43,456.0,1084.0,478.0,406.0,474.0,436.0,468.0,476.0,464.0,440.0,458.0,498.0,476.0,454.0
6287,GDN0029,Dummy,TiltLevel,44,498.0,1068.0,506.0,440.0,344.0,564.0,510.0,514.0,498.0,466.0,508.0,342.0,510.0,496.0
6288,GDN0029,Dummy,TiltLevel,45,484.0,994.0,508.0,442.0,482.0,552.0,488.0,484.0,492.0,460.0,508.0,528.0,508.0,554.0
6289,GDN0029,Dummy,TiltLevel,46,450.0,934.0,478.0,400.0,390.0,520.0,458.0,450.0,460.0,434.0,452.0,498.0,480.0,450.0
6290,GDN0029,Dummy,TiltLevel,47,432.0,954.0,454.0,384.0,320.0,422.0,452.0,430.0,436.0,412.0,450.0,474.0,454.0,430.0
6291,GDN0029,Dummy,TiltLevel,48,426.0,1018.0,468.0,438.0,424.0,454.0,432.0,424.0,452.0,420.0,426.0,488.0,466.0,424.0
6292,GDN0029,Dummy,TiltLevel,49,456.0,982.0,492.0,416.0,366.0,478.0,486.0,456.0,462.0,442.0,458.0,512.0,492.0,456.0
6293,GDN0029,Dummy,TiltLevel,50,436.0,1066.0,456.0,400.0,242.0,478.0,442.0,438.0,450.0,430.0,436.0,242.0,456.0,436.0
6294,GDN0029,Dummy,TiltLevel,51,490.0,1202.0,504.0,450.0,326.0,518.0,496.0,488.0,484.0,460.0,496.0,488.0,504.0,488.0
6295,GDN0029,Dummy,TiltLevel,52,540.0,1082.0,552.0,500.0,542.0,576.0,546.0,544.0,536.0,506.0,540.0,74.0,550.0,540.0
6296,GDN0029,Dummy,TiltLevel,53,484.0,1016.0,516.0,474.0,512.0,438.0,502.0,482.0,490.0,464.0,518.0,534.0,518.0,482.0
6297,GDN0029,Dummy,TiltLevel,54,468.0,1050.0,486.0,428.0,472.0,456.0,474.0,472.0,470.0,442.0,468.0,346.0,486.0,466.0
6298,GDN0029,Dummy,TiltLevel,55,476.0,1046.0,502.0,426.0,368.0,460.0,484.0,476.0,486.0,454.0,478.0,528.0,500.0,476.0
6299,GDN0029,Dummy,TiltLevel,56,474.0,920.0,498.0,470.0,514.0,460.0,484.0,480.0,482.0,452.0,502.0,522.0,502.0,472.0
6300,GDN0029,Dummy,TiltLevel,57,428.0,934.0,438.0,410.0,344.0,486.0,436.0,392.0,436.0,408.0,396.0,344.0,428.0,392.0
6303,GDN0029,Dummy,TiltUp,2,380.0,652.0,400.0,296.0,398.0,378.0,388.0,,352.0,312.0,406.0,102.0,406.0,340.0
6304,GDN0029,Dummy,TiltUp,3,354.0,658.0,386.0,354.0,366.0,406.0,364.0,366.0,356.0,310.0,380.0,348.0,380.0,346.0
6305,GDN0029,Dummy,TiltUp,4,352.0,654.0,392.0,292.0,384.0,342.0,370.0,352.0,350.0,314.0,394.0,352.0,394.0,352.0
6306,GDN0029,Dummy,TiltUp,5,348.0,664.0,378.0,300.0,356.0,392.0,354.0,356.0,344.0,314.0,380.0,348.0,380.0,346.0
6313,GDN0029,Dummy,TiltUp,12,382.0,668.0,408.0,326.0,390.0,442.0,386.0,,376.0,328.0,408.0,382.0,408.0,380.0
6314,GDN0029,Dummy,TiltUp,13,376.0,664.0,402.0,346.0,386.0,434.0,382.0,386.0,366.0,316.0,400.0,376.0,400.0,374.0
6315,GDN0029,Dummy,TiltUp,14,352.0,656.0,394.0,304.0,382.0,330.0,372.0,350.0,352.0,316.0,396.0,350.0,396.0,350.0
6316,GDN0029,Dummy,TiltUp,15,366.0,660.0,386.0,328.0,368.0,354.0,368.0,368.0,344.0,316.0,386.0,364.0,386.0,364.0
6318,GDN0029,Dummy,TiltUp,17,368.0,688.0,390.0,322.0,374.0,414.0,372.0,,352.0,320.0,390.0,366.0,390.0,366.0
6322,GDN0029,Dummy,TiltUp,21,368.0,660.0,402.0,316.0,370.0,404.0,372.0,,358.0,320.0,400.0,368.0,400.0,366.0
6323,GDN0029,Dummy,TiltUp,22,362.0,646.0,396.0,326.0,364.0,402.0,366.0,364.0,356.0,316.0,396.0,362.0,396.0,360.0
6330,GDN0029,Dummy,TiltUp,29,364.0,644.0,398.0,336.0,372.0,406.0,370.0,,352.0,312.0,398.0,364.0,398.0,362.0
6331,GDN0029,Dummy,TiltUp,30,350.0,650.0,394.0,356.0,348.0,428.0,356.0,350.0,358.0,308.0,392.0,350.0,392.0,348.0
6332,GDN0029,Dummy,TiltUp,31,360.0,646.0,380.0,324.0,368.0,410.0,364.0,370.0,346.0,314.0,382.0,360.0,382.0,360.0
6337,GDN0029,Dummy,TiltUp,36,362.0,690.0,408.0,362.0,396.0,378.0,388.0,,366.0,324.0,406.0,360.0,406.0,360.0
6338,GDN0029,Dummy,TiltUp,37,366.0,704.0,402.0,376.0,456.0,444.0,382.0,388.0,376.0,322.0,402.0,366.0,402.0,364.0
6345,GDN0029,Dummy,TiltUp,44,382.0,658.0,400.0,280.0,390.0,370.0,384.0,,346.0,320.0,396.0,382.0,396.0,382.0
6346,GDN0029,Dummy,TiltUp,45,372.0,628.0,396.0,386.0,386.0,468.0,382.0,370.0,376.0,302.0,376.0,334.0,400.0,474.0
6347,GDN0029,Dummy,TiltUp,46,358.0,624.0,390.0,326.0,238.0,392.0,366.0,364.0,354.0,300.0,358.0,236.0,388.0,356.0
6348,GDN0029,Dummy,TiltUp,47,350.0,618.0,386.0,320.0,188.0,338.0,358.0,352.0,344.0,302.0,384.0,350.0,384.0,348.0
6351,GDN0029,Dummy,TiltUp,50,366.0,710.0,388.0,288.0,370.0,404.0,370.0,,344.0,316.0,388.0,364.0,388.0,364.0
6353,GDN0029,Dummy,TiltUp,52,396.0,794.0,420.0,338.0,404.0,380.0,402.0,,390.0,348.0,420.0,396.0,420.0,396.0
6354,GDN0029,Dummy,TiltUp,53,416.0,760.0,442.0,362.0,428.0,394.0,422.0,428.0,406.0,360.0,440.0,416.0,440.0,416.0
6355,GDN0029,Dummy,TiltUp,54,412.0,740.0,440.0,322.0,422.0,404.0,416.0,422.0,382.0,352.0,440.0,410.0,440.0,410.0
6356,GDN0029,Dummy,TiltUp,55,386.0,694.0,422.0,338.0,414.0,456.0,406.0,414.0,388.0,342.0,424.0,60.0,424.0,384.0
6357,GDN0029,Dummy,TiltUp,56,370.0,680.0,414.0,320.0,304.0,348.0,384.0,368.0,370.0,324.0,412.0,368.0,412.0,368.0
6359,GDN0029,Dummy,TiltUp,58,362.0,658.0,388.0,322.0,362.0,346.0,366.0,,348.0,318.0,388.0,362.0,388.0,362.0
6367,GDN0029,Dummy,TiltUp,66,356.0,634.0,382.0,336.0,370.0,350.0,368.0,,352.0,306.0,360.0,164.0,382.0,356.0
6368,GDN0029,Dummy,TiltUp,67,350.0,624.0,382.0,298.0,368.0,404.0,360.0,368.0,338.0,308.0,380.0,350.0,380.0,350.0
6378,GDN0029,Dummy,TiltUp,77,354.0,676.0,400.0,372.0,204.0,442.0,376.0,,370.0,316.0,400.0,354.0,400.0,354.0
6381,GDN0029,Dummy,TiltUp,80,372.0,662.0,392.0,318.0,386.0,350.0,378.0,,346.0,320.0,390.0,372.0,390.0,372.0
6382,GDN0029,Dummy,TiltUp,81,356.0,654.0,394.0,308.0,200.0,336.0,374.0,356.0,350.0,318.0,396.0,356.0,396.0,356.0
6384,GDN0029,Dummy,TiltUp,83,366.0,640.0,388.0,298.0,374.0,354.0,370.0,,340.0,314.0,388.0,366.0,388.0,366.0
6386,GDN0029,Dummy,TiltUp,85,344.0,622.0,386.0,362.0,268.0,428.0,356.0,,358.0,300.0,392.0,128.0,392.0,342.0
6387,GDN0029,Dummy,TiltUp,86,362.0,622.0,388.0,338.0,324.0,356.0,372.0,376.0,344.0,302.0,364.0,360.0,386.0,360.0
6388,GDN0029,Dummy,TiltUp,87,346.0,618.0,380.0,364.0,352.0,454.0,352.0,354.0,358.0,294.0,378.0,346.0,378.0,434.0
6390,GDN0029,Dummy,Valsalva,0,502.0,1118.0,524.0,456.0,388.0,490.0,518.0,474.0,508.0,478.0,504.0,550.0,518.0,502.0
6391,GDN0029,Dummy,Valsalva,1,506.0,1154.0,518.0,474.0,388.0,496.0,512.0,512.0,506.0,478.0,508.0,542.0,518.0,506.0
6392,GDN0029,Dummy,Valsalva,2,514.0,1158.0,534.0,458.0,526.0,482.0,524.0,526.0,520.0,490.0,516.0,128.0,534.0,512.0
6393,GDN0029,Dummy,Valsalva,3,534.0,1088.0,522.0,506.0,488.0,596.0,544.0,490.0,528.0,490.0,542.0,566.0,518.0,490.0
6394,GDN0029,Dummy,Valsalva,4,486.0,988.0,510.0,444.0,496.0,550.0,494.0,496.0,492.0,466.0,512.0,528.0,512.0,486.0
6395,GDN0029,Dummy,Valsalva,5,448.0,1126.0,472.0,400.0,332.0,434.0,462.0,472.0,460.0,432.0,454.0,490.0,470.0,446.0
6396,GDN0029,Dummy,Valsalva,6,504.0,1302.0,516.0,464.0,450.0,540.0,514.0,510.0,510.0,480.0,504.0,84.0,518.0,502.0
6397,GDN0029,Dummy,Valsalva,7,572.0,1088.0,586.0,552.0,538.0,572.0,582.0,570.0,574.0,542.0,576.0,610.0,584.0,540.0
6398,GDN0029,Dummy,Valsalva,8,472.0,1070.0,506.0,486.0,476.0,460.0,486.0,472.0,498.0,466.0,506.0,530.0,506.0,472.0
6399,GDN0029,Dummy,Valsalva,9,482.0,1296.0,504.0,430.0,486.0,464.0,496.0,480.0,488.0,460.0,484.0,84.0,508.0,480.0
6400,GDN0029,Dummy,Valsalva,10,564.0,1184.0,582.0,508.0,574.0,536.0,574.0,574.0,568.0,540.0,564.0,0.0,580.0,562.0
6401,GDN0029,Dummy,Valsalva,11,524.0,1138.0,550.0,508.0,542.0,522.0,538.0,522.0,526.0,500.0,550.0,574.0,550.0,496.0
6402,GDN0029,Dummy,Valsalva,12,510.0,1208.0,532.0,470.0,510.0,496.0,518.0,510.0,512.0,484.0,510.0,558.0,532.0,510.0
6403,GDN0029,Dummy,Valsalva,13,532.0,1158.0,552.0,482.0,538.0,574.0,540.0,538.0,534.0,508.0,532.0,62.0,550.0,530.0
6404,GDN0029,Dummy,Valsalva,14,510.0,1072.0,534.0,466.0,530.0,566.0,526.0,530.0,520.0,492.0,510.0,92.0,534.0,508.0
6405,GDN0029,Dummy,Valsalva,15,478.0,1126.0,504.0,420.0,504.0,446.0,498.0,474.0,486.0,462.0,488.0,526.0,504.0,474.0
6406,GDN0029,Dummy,Valsalva,16,500.0,1166.0,528.0,472.0,540.0,488.0,526.0,498.0,506.0,480.0,502.0,552.0,528.0,498.0
6407,GDN0029,Dummy,Valsalva,17,518.0,1084.0,546.0,468.0,548.0,494.0,538.0,516.0,524.0,494.0,522.0,564.0,546.0,516.0
6408,GDN0029,Dummy,Valsalva,18,482.0,1138.0,504.0,442.0,510.0,466.0,494.0,482.0,488.0,466.0,484.0,524.0,504.0,482.0
6409,GDN0029,Dummy,Valsalva,19,492.0,1216.0,522.0,500.0,374.0,470.0,512.0,492.0,514.0,484.0,496.0,98.0,522.0,492.0
6410,GDN0029,Dummy,Valsalva,20,540.0,1140.0,556.0,522.0,554.0,534.0,550.0,556.0,542.0,512.0,542.0,578.0,554.0,538.0
6411,GDN0029,Dummy,Valsalva,21,506.0,1030.0,528.0,474.0,518.0,494.0,514.0,518.0,510.0,484.0,530.0,548.0,530.0,504.0
6412,GDN0029,Dummy,Valsalva,22,440.0,1110.0,486.0,400.0,504.0,422.0,474.0,438.0,468.0,446.0,456.0,512.0,484.0,438.0
6413,GDN0029,Dummy,Valsalva,23,500.0,1230.0,518.0,448.0,320.0,466.0,512.0,498.0,506.0,474.0,502.0,548.0,518.0,498.0
6414,GDN0029,Dummy,Valsalva,24,536.0,1064.0,562.0,480.0,556.0,508.0,548.0,556.0,540.0,516.0,564.0,582.0,564.0,534.0
6415,GDN0029,Dummy,Valsalva,25,476.0,1168.0,496.0,424.0,490.0,454.0,484.0,490.0,482.0,458.0,476.0,508.0,494.0,474.0
6416,GDN0029,Dummy,Valsalva,26,522.0,1238.0,540.0,486.0,532.0,510.0,532.0,532.0,524.0,494.0,524.0,122.0,540.0,522.0
6417,GDN0029,Dummy,Valsalva,27,548.0,1092.0,566.0,508.0,552.0,534.0,552.0,552.0,548.0,520.0,548.0,14.0,564.0,546.0
6418,GDN0029,Dummy,Valsalva,28,472.0,1078.0,510.0,424.0,506.0,450.0,500.0,470.0,492.0,468.0,476.0,530.0,510.0,470.0
6419,GDN0029,Dummy,Valsalva,29,494.0,1140.0,512.0,502.0,584.0,574.0,506.0,490.0,506.0,460.0,496.0,90.0,514.0,580.0
6420,GDN0029,Dummy,Valsalva,30,506.0,1118.0,532.0,472.0,350.0,490.0,526.0,504.0,512.0,486.0,510.0,556.0,530.0,504.0
6421,GDN0029,Dummy,Valsalva,31,492.0,1032.0,522.0,436.0,316.0,468.0,510.0,492.0,502.0,478.0,492.0,548.0,524.0,492.0
6422,GDN0029,Dummy,Valsalva,32,474.0,1122.0,490.0,434.0,486.0,562.0,482.0,486.0,482.0,446.0,474.0,136.0,490.0,564.0
6423,GDN0029,Dummy,Valsalva,33,520.0,1118.0,518.0,456.0,442.0,518.0,528.0,490.0,506.0,478.0,492.0,550.0,514.0,490.0
6424,GDN0029,Dummy,Valsalva,34,506.0,1086.0,526.0,458.0,520.0,486.0,512.0,520.0,504.0,478.0,528.0,540.0,528.0,504.0
6425,GDN0029,Dummy,Valsalva,35,492.0,1198.0,506.0,428.0,506.0,490.0,502.0,488.0,492.0,466.0,498.0,368.0,506.0,470.0
6426,GDN0029,Dummy,Valsalva,36,534.0,1162.0,552.0,498.0,540.0,522.0,540.0,540.0,534.0,506.0,536.0,60.0,550.0,534.0
6427,GDN0029,Dummy,Valsalva,37,514.0,1076.0,536.0,478.0,516.0,500.0,522.0,518.0,520.0,492.0,536.0,558.0,536.0,514.0
6428,GDN0029,Dummy,Valsalva,38,470.0,1146.0,500.0,478.0,290.0,446.0,488.0,468.0,492.0,462.0,472.0,130.0,500.0,468.0
6429,GDN0029,Dummy,Valsalva,39,498.0,1118.0,528.0,508.0,542.0,484.0,530.0,498.0,520.0,488.0,500.0,560.0,530.0,498.0
6430,GDN0029,Dummy,Valsalva,40,492.0,1054.0,516.0,436.0,334.0,476.0,510.0,490.0,502.0,478.0,494.0,550.0,514.0,490.0
6431,GDN0029,Dummy,Valsalva,41,472.0,1076.0,500.0,422.0,490.0,542.0,482.0,492.0,484.0,454.0,500.0,518.0,500.0,472.0
6432,GDN0029,Dummy,Valsalva,42,502.0,1180.0,516.0,426.0,512.0,494.0,508.0,512.0,490.0,462.0,502.0,538.0,516.0,500.0
6433,GDN0029,Dummy,Valsalva,43,530.0,1096.0,550.0,478.0,548.0,506.0,542.0,548.0,530.0,500.0,550.0,570.0,550.0,528.0
6434,GDN0029,Dummy,Valsalva,44,498.0,1042.0,516.0,470.0,504.0,488.0,504.0,504.0,498.0,470.0,516.0,70.0,516.0,496.0
6435,GDN0029,Dummy,Valsalva,45,480.0,1106.0,500.0,432.0,496.0,462.0,490.0,498.0,478.0,450.0,482.0,516.0,498.0,478.0
6436,GDN0029,Dummy,Valsalva,46,500.0,1088.0,518.0,458.0,500.0,484.0,508.0,502.0,506.0,474.0,500.0,542.0,518.0,498.0
6437,GDN0029,Dummy,Valsalva,47,490.0,1000.0,512.0,452.0,502.0,478.0,498.0,502.0,490.0,466.0,514.0,530.0,514.0,490.0
6438,GDN0029,Dummy,Valsalva,48,452.0,1108.0,476.0,394.0,330.0,490.0,466.0,464.0,460.0,436.0,456.0,334.0,474.0,452.0
6439,GDN0029,Dummy,Valsalva,49,500.0,1054.0,518.0,460.0,446.0,484.0,506.0,502.0,496.0,474.0,500.0,498.0,516.0,498.0
6440,GDN0029,Dummy,Valsalva,50,476.0,1014.0,496.0,416.0,344.0,464.0,484.0,482.0,480.0,454.0,478.0,128.0,496.0,474.0
6441,GDN0029,Dummy,Valsalva,51,460.0,996.0,476.0,418.0,474.0,456.0,472.0,476.0,466.0,440.0,466.0,496.0,474.0,458.0
6442,GDN0029,Dummy,Valsalva,52,460.0,,480.0,410.0,462.0,496.0,464.0,462.0,462.0,434.0,460.0,310.0,484.0,458.0
6443,GDN0030,Dummy,HoldingBreath,0,434.0,962.0,426.0,370.0,486.0,472.0,450.0,386.0,440.0,422.0,398.0,304.0,434.0,392.0
6444,GDN0030,Dummy,HoldingBreath,1,426.0,928.0,418.0,382.0,262.0,470.0,442.0,396.0,448.0,422.0,430.0,268.0,414.0,346.0
6445,GDN0030,Dummy,HoldingBreath,2,432.0,918.0,410.0,408.0,482.0,470.0,444.0,428.0,430.0,410.0,392.0,214.0,410.0,390.0
6446,GDN0030,Dummy,HoldingBreath,3,422.0,916.0,384.0,386.0,330.0,442.0,456.0,440.0,432.0,408.0,384.0,326.0,384.0,420.0
6447,GDN0030,Dummy,HoldingBreath,4,432.0,928.0,392.0,400.0,438.0,472.0,438.0,438.0,434.0,406.0,392.0,308.0,392.0,430.0
6448,GDN0030,Dummy,HoldingBreath,5,438.0,924.0,384.0,376.0,362.0,432.0,452.0,434.0,434.0,410.0,456.0,318.0,384.0,434.0
6449,GDN0030,Dummy,HoldingBreath,6,464.0,982.0,394.0,384.0,474.0,460.0,472.0,476.0,430.0,410.0,364.0,462.0,394.0,462.0
6450,GDN0030,Dummy,HoldingBreath,7,478.0,968.0,430.0,426.0,486.0,470.0,484.0,488.0,448.0,430.0,410.0,476.0,428.0,476.0
6451,GDN0030,Dummy,HoldingBreath,8,452.0,1016.0,420.0,428.0,312.0,486.0,466.0,408.0,448.0,424.0,374.0,314.0,426.0,372.0
6452,GDN0030,Dummy,HoldingBreath,9,486.0,878.0,446.0,444.0,438.0,478.0,440.0,484.0,464.0,442.0,444.0,484.0,444.0,484.0
6453,GDN0030,Dummy,HoldingBreath,10,442.0,818.0,362.0,364.0,448.0,434.0,446.0,450.0,408.0,394.0,344.0,456.0,360.0,442.0
6454,GDN0030,Dummy,HoldingBreath,11,434.0,816.0,366.0,360.0,220.0,432.0,444.0,338.0,404.0,372.0,288.0,220.0,376.0,288.0
6455,GDN0030,Dummy,HoldingBreath,12,348.0,1056.0,382.0,380.0,312.0,398.0,366.0,346.0,402.0,372.0,348.0,314.0,382.0,346.0
6456,GDN0030,Dummy,HoldingBreath,13,478.0,1058.0,496.0,454.0,494.0,472.0,488.0,494.0,478.0,456.0,478.0,514.0,492.0,476.0
6457,GDN0030,Dummy,HoldingBreath,14,486.0,952.0,464.0,402.0,502.0,484.0,498.0,448.0,474.0,456.0,446.0,64.0,464.0,442.0
6458,GDN0030,Dummy,HoldingBreath,15,442.0,922.0,470.0,404.0,446.0,430.0,450.0,448.0,442.0,420.0,446.0,290.0,472.0,442.0
6459,GDN0030,Dummy,HoldingBreath,16,426.0,894.0,434.0,384.0,426.0,460.0,432.0,428.0,432.0,408.0,428.0,298.0,438.0,424.0
6460,GDN0030,Dummy,HoldingBreath,17,398.0,986.0,420.0,356.0,402.0,432.0,412.0,398.0,418.0,398.0,402.0,264.0,414.0,398.0
6461,GDN0030,Dummy,HoldingBreath,18,452.0,1056.0,456.0,424.0,458.0,486.0,460.0,458.0,450.0,432.0,348.0,450.0,458.0,450.0
6462,GDN0030,Dummy,HoldingBreath,19,490.0,1372.0,466.0,422.0,506.0,490.0,500.0,460.0,478.0,456.0,462.0,334.0,466.0,456.0
6463,GDN0030,Dummy,HoldingBreath,20,584.0,1270.0,560.0,558.0,622.0,578.0,596.0,582.0,584.0,566.0,588.0,582.0,560.0,582.0
6464,GDN0030,Dummy,HoldingBreath,21,554.0,1006.0,570.0,516.0,564.0,544.0,562.0,564.0,556.0,530.0,556.0,234.0,566.0,552.0
6465,GDN0030,Dummy,HoldingBreath,23,444.0,944.0,462.0,392.0,446.0,486.0,448.0,,434.0,410.0,456.0,442.0,456.0,442.0
6466,GDN0030,Dummy,HoldingBreath,24,438.0,462.0,456.0,378.0,454.0,436.0,452.0,318.0,434.0,416.0,450.0,478.0,458.0,318.0
6467,GDN0030,Dummy,HoldingBreath,26,268.0,938.0,268.0,246.0,66.0,266.0,282.0,224.0,268.0,250.0,186.0,164.0,260.0,184.0
6468,GDN0030,Dummy,HoldingBreath,27,402.0,904.0,430.0,414.0,452.0,438.0,446.0,400.0,434.0,414.0,406.0,332.0,430.0,400.0
6469,GDN0030,Dummy,HoldingBreath,28,382.0,862.0,402.0,400.0,342.0,438.0,390.0,392.0,422.0,402.0,386.0,248.0,404.0,380.0
6470,GDN0030,Dummy,HoldingBreath,30,406.0,868.0,378.0,384.0,186.0,448.0,418.0,358.0,408.0,392.0,310.0,218.0,388.0,300.0
6471,GDN0030,Dummy,HoldingBreath,31,412.0,864.0,388.0,338.0,458.0,408.0,426.0,408.0,408.0,390.0,380.0,270.0,342.0,372.0
6472,GDN0030,Dummy,HoldingBreath,32,410.0,884.0,372.0,336.0,426.0,408.0,422.0,310.0,406.0,388.0,426.0,264.0,386.0,262.0
6473,GDN0030,Dummy,HoldingBreath,33,396.0,922.0,406.0,370.0,438.0,392.0,420.0,390.0,410.0,396.0,404.0,290.0,404.0,350.0
6474,GDN0030,Dummy,HoldingBreath,34,412.0,926.0,422.0,388.0,432.0,410.0,428.0,370.0,422.0,408.0,426.0,294.0,422.0,370.0
6475,GDN0030,Dummy,HoldingBreath,35,402.0,906.0,408.0,350.0,274.0,430.0,412.0,402.0,424.0,410.0,406.0,316.0,410.0,400.0
6476,GDN0030,Dummy,HoldingBreath,36,398.0,896.0,410.0,332.0,236.0,434.0,404.0,400.0,412.0,402.0,402.0,232.0,408.0,396.0
6477,GDN0030,Dummy,HoldingBreath,37,368.0,918.0,412.0,388.0,258.0,402.0,414.0,366.0,416.0,400.0,370.0,318.0,414.0,366.0
6478,GDN0030,Dummy,HoldingBreath,38,388.0,928.0,414.0,370.0,402.0,440.0,404.0,388.0,422.0,408.0,392.0,278.0,414.0,356.0
6479,GDN0030,Dummy,HoldingBreath,39,434.0,922.0,414.0,364.0,448.0,432.0,440.0,402.0,422.0,408.0,398.0,320.0,414.0,394.0
6480,GDN0030,Dummy,HoldingBreath,40,426.0,912.0,408.0,386.0,446.0,422.0,434.0,366.0,416.0,406.0,368.0,282.0,408.0,366.0
6481,GDN0030,Dummy,HoldingBreath,41,376.0,958.0,410.0,394.0,378.0,448.0,384.0,380.0,422.0,406.0,378.0,300.0,410.0,376.0
6482,GDN0030,Dummy,HoldingBreath,42,440.0,942.0,448.0,412.0,458.0,438.0,452.0,378.0,438.0,422.0,386.0,292.0,442.0,378.0
6483,GDN0030,Dummy,HoldingBreath,43,410.0,928.0,418.0,362.0,414.0,400.0,426.0,410.0,426.0,414.0,416.0,280.0,422.0,410.0
6484,GDN0030,Dummy,HoldingBreath,46,444.0,1058.0,470.0,412.0,454.0,436.0,456.0,456.0,444.0,428.0,452.0,488.0,472.0,444.0
6485,GDN0030,Dummy,HoldingBreath,47,458.0,1164.0,486.0,526.0,480.0,616.0,630.0,456.0,542.0,416.0,458.0,620.0,486.0,620.0
6486,GDN0030,Dummy,HoldingBreath,49,486.0,948.0,470.0,440.0,432.0,484.0,442.0,434.0,466.0,450.0,490.0,216.0,490.0,434.0
6487,GDN0030,Dummy,HoldingBreath,50,398.0,928.0,424.0,364.0,402.0,450.0,408.0,402.0,432.0,418.0,398.0,342.0,420.0,396.0
6488,GDN0030,Dummy,HoldingBreath,51,380.0,878.0,424.0,352.0,336.0,410.0,434.0,378.0,426.0,410.0,384.0,332.0,430.0,378.0
6489,GDN0030,Dummy,HoldingBreath,52,406.0,896.0,332.0,376.0,468.0,456.0,472.0,404.0,414.0,394.0,306.0,112.0,,466.0
6490,GDN0030,Dummy,HoldingBreath,53,388.0,908.0,406.0,364.0,454.0,436.0,404.0,338.0,414.0,400.0,410.0,338.0,410.0,338.0
6491,GDN0030,Dummy,HoldingBreath,54,410.0,1108.0,392.0,384.0,328.0,406.0,422.0,406.0,424.0,404.0,418.0,326.0,394.0,366.0
6492,GDN0030,Dummy,HoldingBreath,55,464.0,1004.0,490.0,430.0,506.0,488.0,498.0,462.0,492.0,474.0,466.0,404.0,484.0,462.0
6493,GDN0030,Dummy,HoldingBreath,56,460.0,1020.0,422.0,412.0,340.0,458.0,476.0,390.0,452.0,438.0,394.0,336.0,424.0,390.0
6494,GDN0030,Dummy,HoldingBreath,57,464.0,1002.0,434.0,432.0,420.0,458.0,474.0,474.0,458.0,442.0,416.0,462.0,432.0,462.0
6495,GDN0030,Dummy,HoldingBreath,58,404.0,934.0,434.0,430.0,426.0,468.0,426.0,400.0,454.0,436.0,408.0,264.0,436.0,364.0
6496,GDN0030,Dummy,HoldingBreath,59,450.0,942.0,384.0,362.0,464.0,448.0,460.0,392.0,430.0,412.0,370.0,78.0,370.0,340.0
6497,GDN0030,Dummy,HoldingBreath,60,416.0,972.0,452.0,410.0,456.0,404.0,446.0,404.0,434.0,416.0,420.0,312.0,458.0,382.0
6498,GDN0030,Dummy,HoldingBreath,61,404.0,1030.0,446.0,416.0,312.0,398.0,446.0,400.0,442.0,426.0,408.0,312.0,436.0,400.0
6499,GDN0030,Dummy,TiltLevel,0,474.0,1062.0,472.0,444.0,490.0,472.0,484.0,440.0,472.0,458.0,438.0,310.0,478.0,436.0
6500,GDN0030,Dummy,TiltLevel,1,442.0,1064.0,448.0,414.0,310.0,434.0,476.0,440.0,466.0,456.0,452.0,310.0,420.0,440.0
6501,GDN0030,Dummy,TiltLevel,2,438.0,1090.0,468.0,396.0,494.0,476.0,484.0,438.0,472.0,458.0,440.0,320.0,468.0,438.0
6502,GDN0030,Dummy,TiltLevel,3,454.0,1024.0,480.0,406.0,508.0,436.0,490.0,452.0,476.0,466.0,456.0,516.0,484.0,452.0
6503,GDN0030,Dummy,TiltLevel,4,472.0,1076.0,444.0,396.0,484.0,470.0,436.0,416.0,450.0,442.0,422.0,328.0,442.0,376.0
6504,GDN0030,Dummy,TiltLevel,5,492.0,1066.0,468.0,446.0,508.0,490.0,458.0,442.0,474.0,460.0,446.0,346.0,466.0,442.0
6505,GDN0030,Dummy,TiltLevel,6,448.0,1050.0,472.0,416.0,250.0,482.0,460.0,456.0,470.0,458.0,450.0,318.0,472.0,448.0
6506,GDN0030,Dummy,TiltLevel,7,438.0,1034.0,466.0,400.0,490.0,470.0,480.0,436.0,464.0,452.0,438.0,326.0,464.0,436.0
6507,GDN0030,Dummy,TiltLevel,8,456.0,1004.0,452.0,432.0,474.0,454.0,472.0,452.0,462.0,448.0,418.0,322.0,458.0,414.0
6508,GDN0030,Dummy,TiltLevel,9,464.0,1088.0,434.0,432.0,478.0,462.0,474.0,402.0,456.0,438.0,408.0,322.0,432.0,362.0
6509,GDN0030,Dummy,TiltLevel,10,464.0,1076.0,482.0,422.0,408.0,452.0,482.0,464.0,480.0,466.0,468.0,352.0,482.0,464.0
6510,GDN0030,Dummy,TiltLevel,11,490.0,1164.0,462.0,412.0,504.0,488.0,460.0,454.0,472.0,460.0,452.0,106.0,462.0,448.0
6511,GDN0030,Dummy,TiltLevel,12,504.0,1130.0,512.0,468.0,510.0,494.0,512.0,510.0,504.0,492.0,508.0,502.0,512.0,502.0
6512,GDN0030,Dummy,TiltLevel,13,492.0,1042.0,504.0,460.0,354.0,484.0,500.0,500.0,492.0,480.0,496.0,492.0,504.0,492.0
6513,GDN0030,Dummy,TiltLevel,14,478.0,1124.0,456.0,440.0,330.0,476.0,486.0,426.0,466.0,450.0,428.0,330.0,456.0,426.0
6514,GDN0030,Dummy,TiltLevel,15,484.0,1052.0,502.0,442.0,516.0,470.0,506.0,484.0,496.0,480.0,488.0,164.0,498.0,484.0
6515,GDN0030,Dummy,TiltLevel,16,434.0,976.0,472.0,442.0,488.0,468.0,476.0,432.0,468.0,454.0,436.0,304.0,472.0,432.0
6516,GDN0030,Dummy,TiltLevel,17,454.0,1108.0,430.0,410.0,470.0,454.0,464.0,382.0,438.0,426.0,384.0,302.0,432.0,382.0
6517,GDN0030,Dummy,TiltLevel,18,458.0,1060.0,474.0,420.0,526.0,504.0,514.0,458.0,490.0,474.0,464.0,344.0,468.0,458.0
6518,GDN0030,Dummy,TiltLevel,19,476.0,1066.0,466.0,398.0,434.0,470.0,484.0,436.0,470.0,456.0,434.0,322.0,466.0,432.0
6519,GDN0030,Dummy,TiltLevel,20,470.0,1146.0,476.0,398.0,282.0,464.0,486.0,488.0,474.0,460.0,480.0,468.0,480.0,468.0
6520,GDN0030,Dummy,TiltLevel,21,488.0,1134.0,502.0,452.0,528.0,508.0,518.0,486.0,500.0,486.0,490.0,292.0,498.0,486.0
6521,GDN0030,Dummy,TiltLevel,22,482.0,1004.0,500.0,432.0,496.0,464.0,498.0,480.0,496.0,482.0,488.0,362.0,502.0,480.0
6522,GDN0030,Dummy,TiltLevel,23,436.0,988.0,450.0,412.0,492.0,478.0,452.0,434.0,452.0,438.0,396.0,308.0,450.0,392.0
6523,GDN0030,Dummy,TiltLevel,24,418.0,960.0,448.0,378.0,268.0,486.0,446.0,418.0,446.0,432.0,422.0,320.0,448.0,418.0
6524,GDN0030,Dummy,TiltLevel,25,386.0,984.0,432.0,402.0,466.0,426.0,444.0,384.0,432.0,420.0,390.0,292.0,432.0,384.0
6525,GDN0030,Dummy,TiltLevel,26,448.0,1080.0,434.0,416.0,410.0,446.0,416.0,410.0,444.0,430.0,406.0,352.0,436.0,406.0
6526,GDN0030,Dummy,TiltLevel,27,446.0,1090.0,472.0,404.0,522.0,508.0,468.0,444.0,478.0,464.0,448.0,366.0,468.0,444.0
6527,GDN0030,Dummy,TiltLevel,28,474.0,984.0,486.0,448.0,484.0,470.0,484.0,486.0,480.0,466.0,478.0,326.0,488.0,472.0
6528,GDN0030,Dummy,TiltLevel,29,446.0,1030.0,424.0,414.0,298.0,442.0,456.0,406.0,442.0,428.0,396.0,302.0,420.0,392.0
6529,GDN0030,Dummy,TiltLevel,30,466.0,902.0,432.0,384.0,482.0,464.0,478.0,482.0,458.0,444.0,476.0,466.0,436.0,466.0
6530,GDN0030,Dummy,TiltLevel,31,428.0,918.0,398.0,368.0,438.0,424.0,432.0,344.0,418.0,402.0,396.0,318.0,396.0,318.0
6531,GDN0030,Dummy,TiltLevel,32,440.0,1006.0,402.0,368.0,452.0,438.0,450.0,404.0,422.0,408.0,352.0,304.0,402.0,394.0
6532,GDN0030,Dummy,TiltLevel,33,406.0,1008.0,428.0,376.0,288.0,486.0,452.0,404.0,452.0,438.0,410.0,286.0,426.0,404.0
6533,GDN0030,Dummy,TiltLevel,34,430.0,1072.0,438.0,396.0,474.0,422.0,464.0,356.0,448.0,436.0,438.0,356.0,438.0,354.0
6534,GDN0030,Dummy,TiltLevel,35,464.0,984.0,472.0,422.0,514.0,500.0,474.0,472.0,472.0,460.0,468.0,306.0,476.0,462.0
6535,GDN0030,Dummy,TiltLevel,36,456.0,1066.0,412.0,424.0,466.0,516.0,462.0,466.0,448.0,430.0,396.0,454.0,396.0,518.0
6536,GDN0030,Dummy,TiltLevel,37,474.0,1094.0,480.0,442.0,482.0,466.0,482.0,482.0,472.0,458.0,480.0,472.0,478.0,472.0
6537,GDN0030,Dummy,TiltLevel,38,486.0,1002.0,474.0,406.0,506.0,482.0,496.0,446.0,478.0,466.0,448.0,516.0,482.0,446.0
6538,GDN0030,Dummy,TiltLevel,39,442.0,1062.0,414.0,396.0,460.0,440.0,458.0,370.0,446.0,434.0,456.0,370.0,410.0,370.0
6539,GDN0030,Dummy,TiltLevel,40,444.0,1032.0,466.0,414.0,498.0,436.0,482.0,442.0,468.0,456.0,448.0,330.0,462.0,442.0
6540,GDN0030,Dummy,TiltLevel,41,428.0,998.0,450.0,400.0,496.0,476.0,484.0,426.0,458.0,446.0,436.0,310.0,454.0,426.0
6541,GDN0030,Dummy,TiltLevel,42,388.0,1060.0,432.0,410.0,310.0,458.0,472.0,388.0,450.0,436.0,390.0,358.0,430.0,388.0
6542,GDN0030,Dummy,TiltLevel,43,484.0,1044.0,464.0,418.0,450.0,482.0,454.0,452.0,468.0,454.0,448.0,350.0,462.0,446.0
6543,GDN0030,Dummy,TiltLevel,44,438.0,1052.0,454.0,422.0,494.0,476.0,480.0,438.0,462.0,450.0,412.0,350.0,454.0,406.0
6544,GDN0030,Dummy,TiltLevel,45,446.0,1050.0,470.0,408.0,394.0,436.0,472.0,444.0,464.0,452.0,448.0,392.0,468.0,444.0
6545,GDN0030,Dummy,TiltLevel,46,484.0,992.0,452.0,396.0,498.0,482.0,492.0,430.0,464.0,452.0,434.0,324.0,456.0,430.0
6546,GDN0030,Dummy,TiltLevel,47,448.0,1080.0,416.0,372.0,310.0,448.0,462.0,392.0,446.0,432.0,360.0,310.0,412.0,358.0
6547,GDN0030,Dummy,TiltLevel,48,498.0,1032.0,470.0,422.0,460.0,496.0,462.0,460.0,474.0,462.0,456.0,314.0,468.0,454.0
6548,GDN0030,Dummy,TiltLevel,49,472.0,1062.0,434.0,402.0,486.0,472.0,482.0,428.0,462.0,448.0,488.0,334.0,430.0,428.0
6549,GDN0030,Dummy,TiltLevel,50,484.0,1088.0,458.0,404.0,500.0,482.0,492.0,434.0,474.0,458.0,440.0,384.0,458.0,434.0
6550,GDN0030,Dummy,TiltLevel,51,498.0,1080.0,466.0,426.0,508.0,492.0,504.0,510.0,476.0,464.0,408.0,518.0,468.0,496.0
6551,GDN0030,Dummy,TiltLevel,52,490.0,1106.0,466.0,452.0,508.0,488.0,502.0,436.0,478.0,464.0,400.0,346.0,466.0,436.0
6552,GDN0030,Dummy,TiltLevel,53,454.0,1046.0,480.0,424.0,268.0,486.0,500.0,454.0,490.0,474.0,456.0,0.0,476.0,454.0
6553,GDN0030,Dummy,TiltLevel,54,430.0,1022.0,460.0,404.0,502.0,486.0,454.0,424.0,464.0,450.0,436.0,310.0,462.0,388.0
6554,GDN0030,Dummy,TiltLevel,55,444.0,,460.0,416.0,474.0,442.0,466.0,440.0,460.0,444.0,456.0,396.0,450.0,394.0
6555,GDN0030,Dummy,Valsalva,0,516.0,1166.0,522.0,458.0,528.0,510.0,526.0,456.0,512.0,494.0,520.0,514.0,522.0,514.0
6556,GDN0030,Dummy,Valsalva,1,520.0,1164.0,484.0,488.0,372.0,518.0,532.0,462.0,512.0,494.0,464.0,372.0,484.0,462.0
6557,GDN0030,Dummy,Valsalva,2,472.0,1158.0,490.0,494.0,484.0,518.0,490.0,470.0,514.0,494.0,438.0,260.0,490.0,436.0
6558,GDN0030,Dummy,Valsalva,3,508.0,1118.0,454.0,442.0,510.0,498.0,518.0,512.0,512.0,492.0,512.0,46.0,454.0,506.0
6559,GDN0030,Dummy,Valsalva,4,500.0,1134.0,470.0,474.0,326.0,498.0,514.0,464.0,496.0,478.0,462.0,326.0,470.0,458.0
6560,GDN0030,Dummy,Valsalva,5,508.0,1164.0,476.0,434.0,526.0,506.0,522.0,464.0,500.0,482.0,522.0,334.0,476.0,464.0
6561,GDN0030,Dummy,Valsalva,6,496.0,1118.0,478.0,470.0,378.0,534.0,514.0,494.0,512.0,494.0,504.0,336.0,476.0,494.0
6562,GDN0030,Dummy,Valsalva,7,514.0,1200.0,484.0,432.0,530.0,510.0,520.0,470.0,494.0,478.0,476.0,338.0,484.0,470.0
6563,GDN0030,Dummy,Valsalva,8,502.0,996.0,504.0,462.0,446.0,528.0,536.0,500.0,520.0,506.0,506.0,378.0,468.0,500.0
6564,GDN0030,Dummy,Valsalva,9,480.0,904.0,416.0,420.0,280.0,526.0,404.0,486.0,464.0,434.0,394.0,478.0,420.0,532.0
6565,GDN0030,Dummy,Valsalva,10,422.0,958.0,398.0,396.0,304.0,420.0,444.0,338.0,426.0,402.0,342.0,304.0,396.0,304.0
6566,GDN0030,Dummy,Valsalva,11,434.0,1066.0,452.0,372.0,302.0,428.0,446.0,446.0,440.0,422.0,442.0,302.0,450.0,432.0
6567,GDN0030,Dummy,Valsalva,12,460.0,958.0,480.0,422.0,510.0,488.0,494.0,460.0,480.0,460.0,462.0,250.0,482.0,460.0
6568,GDN0030,Dummy,Valsalva,13,434.0,1114.0,380.0,384.0,450.0,498.0,444.0,452.0,448.0,422.0,444.0,314.0,376.0,432.0
6569,GDN0030,Dummy,Valsalva,14,508.0,1442.0,514.0,432.0,518.0,500.0,514.0,520.0,496.0,476.0,512.0,538.0,516.0,506.0
6570,GDN0030,Dummy,Valsalva,15,602.0,1412.0,448.0,532.0,650.0,592.0,614.0,600.0,606.0,590.0,606.0,110.0,606.0,600.0
6571,GDN0030,Dummy,Valsalva,16,606.0,1324.0,620.0,572.0,610.0,648.0,608.0,610.0,600.0,580.0,606.0,624.0,618.0,606.0
6572,GDN0030,Dummy,Valsalva,17,590.0,1192.0,566.0,516.0,602.0,588.0,562.0,558.0,574.0,550.0,556.0,394.0,568.0,554.0
6573,GDN0030,Dummy,Valsalva,18,542.0,1032.0,546.0,546.0,384.0,612.0,544.0,548.0,548.0,500.0,542.0,622.0,546.0,622.0
6574,GDN0030,Dummy,Valsalva,19,486.0,1096.0,436.0,442.0,536.0,524.0,426.0,490.0,474.0,448.0,422.0,484.0,434.0,532.0
6575,GDN0030,Dummy,Valsalva,20,474.0,1196.0,468.0,452.0,514.0,496.0,510.0,430.0,490.0,470.0,508.0,350.0,490.0,414.0
6576,GDN0030,Dummy,Valsalva,21,534.0,1122.0,538.0,478.0,542.0,582.0,538.0,542.0,530.0,504.0,536.0,556.0,538.0,532.0
6577,GDN0030,Dummy,Valsalva,22,500.0,1080.0,448.0,442.0,426.0,474.0,526.0,498.0,492.0,478.0,448.0,498.0,448.0,498.0
6578,GDN0030,Dummy,Valsalva,23,490.0,976.0,466.0,458.0,310.0,524.0,442.0,436.0,484.0,464.0,468.0,312.0,468.0,436.0
6579,GDN0030,Dummy,Valsalva,24,480.0,986.0,420.0,434.0,480.0,512.0,410.0,,452.0,428.0,404.0,478.0,418.0,478.0
6580,GDN0030,Dummy,Valsalva,25,478.0,914.0,446.0,394.0,432.0,470.0,434.0,484.0,446.0,432.0,432.0,496.0,448.0,478.0
6581,GDN0030,Dummy,Valsalva,26,454.0,902.0,404.0,390.0,374.0,442.0,378.0,458.0,426.0,406.0,376.0,454.0,406.0,454.0
6582,GDN0030,Dummy,Valsalva,27,448.0,902.0,394.0,388.0,376.0,434.0,378.0,460.0,416.0,402.0,376.0,446.0,394.0,446.0
6583,GDN0030,Dummy,Valsalva,28,426.0,930.0,410.0,398.0,276.0,472.0,384.0,372.0,428.0,402.0,376.0,276.0,408.0,372.0
6584,GDN0030,Dummy,Valsalva,29,380.0,1014.0,424.0,398.0,300.0,458.0,422.0,378.0,426.0,412.0,384.0,302.0,426.0,378.0
6585,GDN0030,Dummy,Valsalva,30,446.0,1058.0,462.0,394.0,382.0,482.0,456.0,454.0,460.0,440.0,450.0,320.0,460.0,444.0
6586,GDN0030,Dummy,Valsalva,31,480.0,946.0,456.0,448.0,498.0,480.0,492.0,432.0,472.0,456.0,442.0,326.0,468.0,432.0
6587,GDN0030,Dummy,Valsalva,32,426.0,1026.0,394.0,406.0,472.0,460.0,438.0,384.0,442.0,418.0,368.0,328.0,368.0,328.0
6588,GDN0030,Dummy,Valsalva,33,466.0,1032.0,452.0,392.0,432.0,464.0,482.0,432.0,460.0,446.0,432.0,292.0,460.0,428.0
6589,GDN0030,Dummy,Valsalva,34,462.0,1024.0,412.0,406.0,394.0,454.0,476.0,454.0,462.0,448.0,474.0,326.0,410.0,434.0
6590,GDN0030,Dummy,Valsalva,35,434.0,1026.0,458.0,392.0,324.0,434.0,456.0,418.0,462.0,444.0,446.0,230.0,458.0,362.0
6591,GDN0030,Dummy,Valsalva,36,428.0,1050.0,454.0,436.0,504.0,484.0,448.0,396.0,462.0,446.0,438.0,334.0,456.0,332.0
6592,GDN0030,Dummy,Valsalva,37,468.0,1030.0,474.0,434.0,312.0,458.0,478.0,478.0,468.0,454.0,476.0,468.0,472.0,468.0
6593,GDN0030,Dummy,Valsalva,38,432.0,1076.0,454.0,388.0,340.0,470.0,450.0,430.0,460.0,446.0,436.0,284.0,454.0,430.0
6594,GDN0030,Dummy,Valsalva,39,492.0,1128.0,464.0,460.0,508.0,490.0,502.0,448.0,482.0,462.0,452.0,356.0,464.0,448.0
6595,GDN0030,Dummy,Valsalva,40,520.0,1072.0,496.0,444.0,530.0,516.0,490.0,486.0,498.0,480.0,484.0,180.0,494.0,482.0
6596,GDN0030,Dummy,Valsalva,41,490.0,1048.0,458.0,454.0,504.0,490.0,504.0,426.0,478.0,462.0,442.0,312.0,458.0,392.0
6597,GDN0030,Dummy,Valsalva,42,488.0,1034.0,430.0,418.0,500.0,480.0,498.0,502.0,468.0,452.0,398.0,486.0,430.0,486.0
6598,GDN0030,Dummy,Valsalva,43,476.0,1036.0,442.0,444.0,494.0,474.0,488.0,424.0,468.0,448.0,426.0,284.0,444.0,424.0
6599,GDN0030,Dummy,Valsalva,44,474.0,1048.0,406.0,440.0,488.0,474.0,488.0,384.0,464.0,448.0,390.0,78.0,402.0,346.0
6600,GDN0030,Dummy,Valsalva,45,482.0,1116.0,460.0,408.0,498.0,482.0,492.0,448.0,468.0,452.0,446.0,318.0,462.0,442.0
6601,GDN0030,Dummy,Valsalva,46,492.0,1038.0,450.0,448.0,342.0,476.0,510.0,446.0,494.0,476.0,504.0,340.0,440.0,390.0
6602,GDN0030,Dummy,Valsalva,47,486.0,996.0,452.0,388.0,498.0,482.0,494.0,500.0,464.0,450.0,438.0,484.0,452.0,484.0
6603,GDN0030,Dummy,Valsalva,48,468.0,1076.0,434.0,422.0,476.0,460.0,474.0,478.0,448.0,434.0,416.0,466.0,434.0,466.0
6604,GDN0030,Dummy,Valsalva,49,452.0,1048.0,476.0,404.0,390.0,438.0,472.0,450.0,476.0,462.0,458.0,94.0,472.0,450.0
6605,GDN0030,Dummy,Valsalva,50,486.0,950.0,452.0,446.0,498.0,482.0,494.0,498.0,470.0,452.0,438.0,484.0,458.0,484.0
6606,GDN0030,Dummy,Valsalva,51,452.0,978.0,420.0,366.0,470.0,450.0,464.0,400.0,434.0,418.0,406.0,310.0,416.0,400.0
6607,GDN0030,Dummy,Valsalva,52,462.0,1034.0,436.0,376.0,474.0,460.0,472.0,414.0,446.0,428.0,424.0,310.0,434.0,414.0
6608,GDN0030,Dummy,Valsalva,53,438.0,972.0,458.0,390.0,500.0,480.0,460.0,436.0,462.0,448.0,446.0,300.0,464.0,436.0
6609,GDN0030,Dummy,Valsalva,54,404.0,1028.0,430.0,372.0,476.0,460.0,464.0,398.0,444.0,426.0,350.0,306.0,420.0,348.0
6610,GDN0030,Dummy,Valsalva,55,462.0,,456.0,442.0,476.0,460.0,474.0,420.0,464.0,446.0,426.0,352.0,464.0,420.0