,participant,condition,phase,heartbeat_id_reference,b_point_sample_reference,rr_interval_ms_estimated,arbol2017-isoelectric-crossings,arbol2017-second-derivative,arbol2017-third-derivative,debski1993-second-derivative,drost2022,forouzanfar2018,lozano2007-linear-regression,lozano2007-quadratic-regression,miljkovic2022,pale2021,sherwood1990,stern1985
6611,VP_001,ftsst,Math,1,278.0,726.0,315.0,284.0,338.0,267.0,320.0,267.0,330.0,329.0,315.0,350.0,315.0,226.0
6612,VP_001,ftsst,Math,2,327.0,721.0,322.0,266.0,337.0,307.0,331.0,294.0,338.0,334.0,313.0,244.0,331.0,243.0
6613,VP_001,ftsst,Math,3,273.0,706.0,313.0,245.0,332.0,263.0,297.0,272.0,320.0,320.0,306.0,340.0,306.0,271.0
6614,VP_001,ftsst,Math,4,296.0,656.0,308.0,229.0,152.0,272.0,314.0,291.0,324.0,322.0,323.0,350.0,323.0,291.0
6615,VP_001,ftsst,Math,5,304.0,623.0,313.0,250.0,228.0,288.0,311.0,303.0,312.0,308.0,309.0,336.0,243.0,303.0
6616,VP_001,ftsst,Math,7,264.0,582.0,233.0,218.0,278.0,250.0,270.0,193.0,273.0,273.0,265.0,290.0,217.0,193.0
6617,VP_001,ftsst,Math,8,261.0,582.0,288.0,184.0,277.0,210.0,265.0,251.0,279.0,278.0,288.0,300.0,288.0,250.0
6618,VP_001,ftsst,Math,9,270.0,595.0,277.0,202.0,279.0,255.0,271.0,223.0,278.0,277.0,279.0,296.0,279.0,179.0
6619,VP_001,ftsst,Math,10,265.0,648.0,276.0,221.0,276.0,252.0,267.0,191.0,275.0,275.0,274.0,292.0,274.0,191.0
6620,VP_001,ftsst,Math,11,260.0,718.0,286.0,263.0,218.0,290.0,264.0,223.0,306.0,304.0,291.0,318.0,291.0,222.0
6621,VP_001,ftsst,Math,12,287.0,769.0,307.0,295.0,326.0,373.0,294.0,237.0,335.0,330.0,301.0,333.0,301.0,236.0
6622,VP_001,ftsst,Math,13,308.0,781.0,347.0,314.0,345.0,,327.0,293.0,353.0,349.0,347.0,365.0,347.0,293.0
6623,VP_001,ftsst,Math,14,292.0,781.0,347.0,313.0,350.0,326.0,340.0,326.0,355.0,351.0,350.0,368.0,350.0,284.0
6624,VP_001,ftsst,Math,15,316.0,746.0,346.0,290.0,348.0,306.0,335.0,305.0,351.0,349.0,340.0,363.0,340.0,257.0
6625,VP_001,ftsst,Math,16,308.0,710.0,339.0,286.0,270.0,306.0,322.0,306.0,334.0,333.0,345.0,359.0,345.0,270.0
6626,VP_001,ftsst,Math,17,272.0,657.0,294.0,245.0,136.0,306.0,285.0,260.0,317.0,317.0,210.0,330.0,288.0,209.0
6627,VP_001,ftsst,Math,18,270.0,634.0,310.0,224.0,315.0,295.0,281.0,264.0,308.0,306.0,310.0,330.0,310.0,263.0
6628,VP_001,ftsst,Math,19,293.0,596.0,275.0,251.0,308.0,287.0,300.0,260.0,297.0,296.0,303.0,324.0,303.0,234.0
6629,VP_001,ftsst,Math,20,249.0,611.0,279.0,261.0,293.0,235.0,278.0,235.0,297.0,291.0,242.0,308.0,265.0,185.0
6630,VP_001,ftsst,Math,21,287.0,645.0,292.0,234.0,297.0,277.0,292.0,284.0,287.0,286.0,295.0,284.0,300.0,284.0
6631,VP_001,ftsst,Math,22,249.0,686.0,311.0,271.0,310.0,288.0,297.0,238.0,310.0,306.0,308.0,329.0,308.0,238.0
6632,VP_001,ftsst,Math,23,261.0,724.0,305.0,277.0,322.0,302.0,310.0,246.0,320.0,317.0,311.0,221.0,311.0,221.0
6633,VP_001,ftsst,Math,24,326.0,711.0,319.0,246.0,342.0,325.0,335.0,286.0,332.0,330.0,311.0,356.0,311.0,285.0
6634,VP_001,ftsst,Math,25,320.0,756.0,290.0,270.0,333.0,310.0,323.0,257.0,320.0,320.0,295.0,342.0,295.0,217.0
6635,VP_001,ftsst,Math,26,342.0,768.0,338.0,314.0,349.0,330.0,342.0,284.0,351.0,346.0,291.0,241.0,331.0,240.0
6636,VP_001,ftsst,Math,27,345.0,751.0,285.0,261.0,352.0,334.0,351.0,341.0,351.0,347.0,359.0,341.0,285.0,341.0
6637,VP_001,ftsst,Math,28,316.0,748.0,246.0,259.0,341.0,298.0,332.0,312.0,345.0,341.0,332.0,164.0,,312.0
6638,VP_001,ftsst,Math,29,281.0,723.0,321.0,300.0,345.0,,312.0,279.0,342.0,339.0,311.0,356.0,311.0,279.0
6639,VP_001,ftsst,Math,30,329.0,698.0,288.0,270.0,248.0,324.0,251.0,241.0,332.0,330.0,292.0,241.0,292.0,241.0
6640,VP_001,ftsst,Math,31,285.0,680.0,322.0,281.0,329.0,305.0,319.0,299.0,324.0,321.0,320.0,345.0,320.0,261.0
6641,VP_001,ftsst,Math,32,306.0,674.0,316.0,277.0,323.0,302.0,315.0,287.0,319.0,316.0,258.0,214.0,321.0,257.0
6642,VP_001,ftsst,Math,33,325.0,676.0,287.0,281.0,332.0,318.0,277.0,324.0,320.0,316.0,268.0,324.0,268.0,324.0
6643,VP_001,ftsst,Math,34,316.0,673.0,259.0,263.0,324.0,307.0,319.0,314.0,311.0,310.0,256.0,314.0,273.0,314.0
6644,VP_001,ftsst,Math,35,296.0,703.0,232.0,220.0,326.0,278.0,315.0,294.0,313.0,311.0,230.0,335.0,,294.0
6645,VP_001,ftsst,Math,36,324.0,732.0,257.0,255.0,108.0,320.0,238.0,220.0,316.0,316.0,225.0,107.0,259.0,220.0
6646,VP_001,ftsst,Math,37,329.0,752.0,342.0,298.0,341.0,325.0,336.0,247.0,339.0,335.0,338.0,247.0,338.0,246.0
6647,VP_001,ftsst,Math,38,337.0,762.0,345.0,296.0,349.0,329.0,342.0,334.0,341.0,339.0,347.0,367.0,353.0,334.0
6648,VP_001,ftsst,Math,39,355.0,748.0,340.0,323.0,304.0,350.0,306.0,296.0,359.0,350.0,330.0,296.0,330.0,296.0
6649,VP_001,ftsst,Math,40,303.0,713.0,362.0,315.0,359.0,,342.0,287.0,351.0,344.0,369.0,287.0,369.0,286.0
6650,VP_001,ftsst,Math,41,331.0,685.0,347.0,255.0,338.0,288.0,332.0,329.0,334.0,329.0,343.0,361.0,343.0,329.0
6651,VP_001,ftsst,Math,42,317.0,,313.0,279.0,334.0,311.0,325.0,239.0,321.0,318.0,317.0,347.0,317.0,238.0
6652,VP_001,ftsst,Pause_1,1,242.0,646.0,288.0,260.0,298.0,,271.0,208.0,304.0,302.0,291.0,314.0,291.0,235.0
6653,VP_001,ftsst,Pause_1,2,261.0,651.0,286.0,257.0,297.0,,270.0,226.0,303.0,301.0,286.0,311.0,286.0,226.0
6654,VP_001,ftsst,Pause_1,3,243.0,614.0,288.0,254.0,301.0,237.0,272.0,241.0,302.0,301.0,241.0,313.0,287.0,241.0
6655,VP_001,ftsst,Pause_1,4,231.0,604.0,280.0,236.0,289.0,,276.0,209.0,286.0,286.0,282.0,304.0,282.0,208.0
6656,VP_001,ftsst,Pause_1,5,249.0,587.0,273.0,232.0,283.0,214.0,267.0,213.0,282.0,282.0,273.0,298.0,273.0,192.0
6657,VP_001,ftsst,Pause_1,6,236.0,594.0,274.0,230.0,277.0,,259.0,227.0,278.0,277.0,274.0,293.0,274.0,226.0
6658,VP_001,ftsst,Pause_1,7,241.0,607.0,274.0,235.0,279.0,,258.0,228.0,282.0,281.0,275.0,295.0,275.0,227.0
6659,VP_001,ftsst,Pause_1,8,244.0,633.0,275.0,238.0,283.0,,260.0,206.0,286.0,285.0,274.0,296.0,274.0,205.0
6660,VP_001,ftsst,Pause_1,9,255.0,642.0,280.0,249.0,295.0,,268.0,206.0,296.0,295.0,279.0,306.0,279.0,205.0
6661,VP_001,ftsst,Pause_1,10,250.0,621.0,293.0,216.0,302.0,242.0,269.0,245.0,298.0,297.0,249.0,316.0,295.0,245.0
6662,VP_001,ftsst,Pause_1,11,250.0,626.0,278.0,243.0,289.0,,263.0,228.0,291.0,290.0,275.0,302.0,275.0,227.0
6663,VP_001,ftsst,Pause_1,12,239.0,630.0,282.0,249.0,293.0,227.0,267.0,226.0,295.0,294.0,283.0,306.0,283.0,207.0
6664,VP_001,ftsst,Pause_1,13,257.0,620.0,281.0,221.0,296.0,239.0,270.0,239.0,294.0,293.0,279.0,307.0,279.0,202.0
6665,VP_001,ftsst,Pause_1,14,243.0,597.0,288.0,239.0,293.0,,277.0,237.0,289.0,288.0,289.0,308.0,289.0,237.0
6666,VP_001,ftsst,Pause_1,15,246.0,,276.0,234.0,283.0,,269.0,215.0,282.0,281.0,277.0,299.0,277.0,215.0
6667,VP_001,ftsst,Pause_5,0,331.0,721.0,341.0,302.0,348.0,325.0,341.0,420.0,339.0,333.0,288.0,367.0,338.0,285.0
6668,VP_001,ftsst,Pause_5,1,325.0,708.0,339.0,249.0,349.0,323.0,340.0,323.0,337.0,332.0,292.0,365.0,338.0,287.0
6669,VP_001,ftsst,Pause_5,2,323.0,699.0,323.0,292.0,339.0,319.0,332.0,235.0,332.0,327.0,323.0,355.0,323.0,235.0
6670,VP_001,ftsst,Pause_5,3,322.0,720.0,329.0,292.0,336.0,317.0,330.0,224.0,330.0,325.0,330.0,354.0,330.0,224.0
6671,VP_001,ftsst,Pause_5,4,330.0,678.0,338.0,297.0,344.0,324.0,338.0,305.0,336.0,332.0,283.0,362.0,337.0,281.0
6672,VP_001,ftsst,Pause_5,5,280.0,653.0,295.0,276.0,331.0,300.0,320.0,253.0,318.0,315.0,304.0,344.0,304.0,213.0
6673,VP_001,ftsst,Pause_5,6,257.0,651.0,308.0,269.0,321.0,239.0,310.0,239.0,311.0,307.0,306.0,336.0,306.0,220.0
6674,VP_001,ftsst,Pause_5,7,300.0,685.0,316.0,271.0,318.0,295.0,309.0,282.0,311.0,307.0,315.0,337.0,315.0,244.0
6675,VP_001,ftsst,Pause_5,8,314.0,754.0,326.0,285.0,329.0,308.0,321.0,289.0,324.0,320.0,326.0,347.0,326.0,249.0
6676,VP_001,ftsst,Pause_5,9,343.0,800.0,349.0,315.0,354.0,337.0,350.0,285.0,354.0,347.0,345.0,238.0,349.0,237.0
6677,VP_001,ftsst,Pause_5,10,357.0,784.0,366.0,332.0,372.0,353.0,367.0,302.0,369.0,362.0,360.0,391.0,363.0,250.0
6678,VP_001,ftsst,Pause_5,11,354.0,747.0,366.0,269.0,366.0,340.0,358.0,339.0,358.0,353.0,367.0,387.0,367.0,320.0
6679,VP_001,ftsst,Pause_5,12,330.0,,345.0,255.0,353.0,322.0,344.0,286.0,344.0,340.0,297.0,370.0,344.0,235.0
6680,VP_001,ftsst,Prep,0,235.0,561.0,272.0,219.0,274.0,224.0,263.0,278.0,269.0,268.0,271.0,290.0,271.0,199.0
6681,VP_001,ftsst,Prep,1,258.0,557.0,275.0,173.0,275.0,253.0,266.0,252.0,270.0,269.0,228.0,292.0,277.0,227.0
6682,VP_001,ftsst,Prep,2,236.0,553.0,270.0,179.0,274.0,219.0,261.0,229.0,269.0,268.0,231.0,289.0,269.0,229.0
6683,VP_001,ftsst,Prep,3,235.0,557.0,269.0,185.0,274.0,225.0,263.0,184.0,269.0,268.0,232.0,289.0,266.0,165.0
6684,VP_001,ftsst,Prep,4,241.0,546.0,273.0,181.0,274.0,221.0,263.0,236.0,272.0,270.0,238.0,294.0,276.0,236.0
6685,VP_001,ftsst,Prep,5,259.0,548.0,268.0,219.0,271.0,246.0,264.0,164.0,268.0,266.0,255.0,290.0,270.0,163.0
6686,VP_001,ftsst,Prep,6,252.0,556.0,274.0,213.0,269.0,233.0,261.0,242.0,267.0,266.0,272.0,290.0,272.0,241.0
6687,VP_001,ftsst,Prep,7,260.0,565.0,275.0,175.0,274.0,251.0,265.0,250.0,270.0,269.0,276.0,292.0,276.0,226.0
6688,VP_001,ftsst,Prep,8,234.0,576.0,275.0,177.0,276.0,215.0,262.0,232.0,273.0,272.0,276.0,293.0,276.0,231.0
6689,VP_001,ftsst,Prep,9,236.0,586.0,275.0,229.0,280.0,204.0,266.0,226.0,276.0,275.0,272.0,295.0,272.0,225.0
6690,VP_001,ftsst,Prep,10,245.0,571.0,280.0,187.0,284.0,216.0,270.0,235.0,279.0,278.0,281.0,300.0,281.0,234.0
6691,VP_001,ftsst,Prep,11,258.0,575.0,271.0,186.0,277.0,237.0,268.0,243.0,274.0,273.0,252.0,294.0,271.0,243.0
6692,VP_001,ftsst,Prep,12,257.0,574.0,284.0,192.0,275.0,233.0,266.0,253.0,275.0,274.0,284.0,298.0,284.0,253.0
6693,VP_001,ftsst,Prep,13,239.0,578.0,277.0,225.0,277.0,211.0,264.0,233.0,274.0,273.0,276.0,294.0,276.0,232.0
6694,VP_001,ftsst,Prep,14,240.0,575.0,275.0,225.0,277.0,,262.0,225.0,274.0,274.0,276.0,293.0,276.0,224.0
6695,VP_001,ftsst,Prep,15,237.0,567.0,271.0,176.0,277.0,210.0,260.0,229.0,272.0,272.0,269.0,290.0,269.0,229.0
6696,VP_001,ftsst,Prep,16,251.0,548.0,274.0,176.0,275.0,224.0,263.0,238.0,272.0,271.0,275.0,293.0,275.0,237.0
6697,VP_001,ftsst,Prep,17,252.0,544.0,265.0,218.0,269.0,246.0,262.0,247.0,266.0,265.0,254.0,287.0,266.0,247.0
6698,VP_001,ftsst,Prep,18,252.0,545.0,270.0,167.0,263.0,231.0,255.0,245.0,263.0,262.0,270.0,284.0,270.0,245.0
6699,VP_001,ftsst,Prep,19,230.0,547.0,264.0,172.0,268.0,212.0,248.0,227.0,263.0,263.0,261.0,282.0,261.0,226.0
6700,VP_001,ftsst,Prep,20,234.0,552.0,259.0,176.0,267.0,211.0,245.0,224.0,262.0,261.0,225.0,281.0,261.0,224.0
6701,VP_001,ftsst,Prep,21,267.0,534.0,267.0,184.0,271.0,216.0,260.0,229.0,267.0,266.0,268.0,286.0,268.0,228.0
6702,VP_001,ftsst,Prep,22,243.0,547.0,272.0,160.0,258.0,212.0,246.0,239.0,259.0,258.0,269.0,282.0,269.0,239.0
6703,VP_001,ftsst,Prep,23,264.0,557.0,304.0,227.0,269.0,247.0,267.0,263.0,283.0,274.0,309.0,302.0,309.0,263.0
6704,VP_001,ftsst,Prep,24,264.0,572.0,263.0,166.0,270.0,205.0,258.0,221.0,264.0,264.0,224.0,282.0,251.0,221.0
6705,VP_001,ftsst,Prep,25,253.0,584.0,272.0,200.0,272.0,234.0,261.0,252.0,268.0,268.0,273.0,289.0,273.0,252.0
6706,VP_001,ftsst,Prep,26,217.0,599.0,256.0,221.0,280.0,,238.0,211.0,273.0,273.0,259.0,289.0,259.0,211.0
6707,VP_001,ftsst,Prep,27,246.0,598.0,283.0,232.0,286.0,213.0,273.0,230.0,282.0,281.0,285.0,302.0,285.0,230.0
6708,VP_001,ftsst,Prep,29,261.0,554.0,275.0,190.0,277.0,248.0,269.0,255.0,275.0,274.0,259.0,295.0,272.0,255.0
6709,VP_001,ftsst,Prep,30,238.0,547.0,243.0,199.0,269.0,234.0,259.0,161.0,265.0,264.0,262.0,285.0,262.0,95.0
6710,VP_001,ftsst,Prep,31,241.0,545.0,274.0,170.0,264.0,229.0,255.0,245.0,261.0,261.0,277.0,287.0,277.0,244.0
6711,VP_001,ftsst,Prep,32,231.0,547.0,269.0,205.0,250.0,,234.0,229.0,258.0,258.0,260.0,275.0,260.0,228.0
6712,VP_001,ftsst,Prep,33,219.0,550.0,253.0,177.0,262.0,214.0,247.0,176.0,259.0,259.0,232.0,281.0,269.0,140.0
6713,VP_001,ftsst,Prep,34,231.0,537.0,255.0,187.0,266.0,220.0,251.0,228.0,264.0,263.0,234.0,277.0,235.0,228.0
6714,VP_001,ftsst,Prep,35,233.0,535.0,261.0,181.0,261.0,222.0,252.0,234.0,260.0,259.0,237.0,280.0,261.0,234.0
6715,VP_001,ftsst,Prep,36,237.0,532.0,258.0,195.0,258.0,228.0,250.0,235.0,258.0,257.0,238.0,277.0,259.0,235.0
6716,VP_001,ftsst,Prep,37,229.0,537.0,257.0,172.0,261.0,200.0,251.0,200.0,258.0,258.0,210.0,277.0,255.0,157.0
6717,VP_001,ftsst,Prep,38,254.0,553.0,261.0,180.0,263.0,217.0,253.0,229.0,262.0,261.0,234.0,281.0,262.0,229.0
6718,VP_001,ftsst,Prep,39,236.0,580.0,265.0,218.0,267.0,,253.0,208.0,267.0,266.0,265.0,284.0,265.0,208.0
6719,VP_001,ftsst,Prep,40,238.0,624.0,270.0,229.0,277.0,,260.0,217.0,277.0,276.0,269.0,291.0,269.0,216.0
6720,VP_001,ftsst,Prep,41,252.0,612.0,287.0,241.0,291.0,225.0,277.0,225.0,290.0,290.0,288.0,307.0,288.0,208.0
6721,VP_001,ftsst,Prep,42,271.0,620.0,286.0,239.0,288.0,255.0,278.0,223.0,287.0,286.0,288.0,307.0,288.0,203.0
6722,VP_001,ftsst,Prep,43,274.0,633.0,288.0,241.0,291.0,264.0,282.0,225.0,290.0,289.0,287.0,308.0,287.0,201.0
6723,VP_001,ftsst,Prep,44,248.0,656.0,293.0,249.0,296.0,,284.0,221.0,296.0,295.0,292.0,313.0,292.0,221.0
6724,VP_001,ftsst,Prep,45,246.0,673.0,299.0,256.0,302.0,,287.0,236.0,304.0,303.0,299.0,319.0,299.0,236.0
6725,VP_001,ftsst,Prep,46,267.0,694.0,303.0,257.0,309.0,,292.0,238.0,307.0,307.0,303.0,324.0,303.0,238.0
6726,VP_001,ftsst,Prep,47,283.0,640.0,309.0,266.0,315.0,,300.0,238.0,315.0,315.0,307.0,330.0,307.0,238.0
6727,VP_001,ftsst,Prep,48,280.0,609.0,288.0,226.0,300.0,266.0,291.0,225.0,296.0,295.0,279.0,316.0,291.0,204.0
6728,VP_001,ftsst,Prep,49,270.0,616.0,285.0,215.0,287.0,258.0,279.0,215.0,285.0,284.0,267.0,307.0,290.0,189.0
6729,VP_001,ftsst,Prep,50,253.0,629.0,287.0,239.0,288.0,,277.0,205.0,288.0,288.0,275.0,303.0,275.0,204.0
6730,VP_001,ftsst,Talk,0,271.0,657.0,297.0,257.0,316.0,244.0,298.0,278.0,304.0,303.0,296.0,328.0,296.0,261.0
6731,VP_001,ftsst,Talk,1,297.0,655.0,311.0,257.0,315.0,291.0,307.0,295.0,304.0,303.0,308.0,330.0,303.0,295.0
6732,VP_001,ftsst,Talk,2,313.0,673.0,280.0,237.0,203.0,307.0,327.0,313.0,320.0,312.0,287.0,347.0,287.0,313.0
6733,VP_001,ftsst,Talk,3,319.0,683.0,258.0,254.0,321.0,305.0,326.0,318.0,321.0,316.0,261.0,318.0,261.0,318.0
6734,VP_001,ftsst,Talk,4,280.0,666.0,303.0,244.0,288.0,269.0,291.0,276.0,308.0,308.0,282.0,325.0,299.0,276.0
6735,VP_001,ftsst,Talk,5,271.0,651.0,305.0,262.0,314.0,296.0,275.0,239.0,308.0,307.0,310.0,328.0,310.0,239.0
6736,VP_001,ftsst,Talk,6,244.0,637.0,291.0,244.0,243.0,,260.0,243.0,296.0,296.0,293.0,315.0,293.0,242.0
6737,VP_001,ftsst,Talk,7,290.0,620.0,258.0,267.0,106.0,344.0,250.0,248.0,310.0,304.0,254.0,107.0,,247.0
6738,VP_001,ftsst,Talk,8,301.0,611.0,311.0,236.0,218.0,282.0,310.0,301.0,301.0,297.0,311.0,301.0,320.0,301.0
6739,VP_001,ftsst,Talk,9,299.0,605.0,321.0,252.0,71.0,285.0,304.0,298.0,303.0,296.0,300.0,298.0,316.0,298.0
6740,VP_001,ftsst,Talk,10,281.0,588.0,299.0,218.0,294.0,265.0,289.0,278.0,289.0,287.0,282.0,317.0,303.0,278.0
6741,VP_001,ftsst,Talk,11,285.0,619.0,283.0,183.0,237.0,282.0,238.0,236.0,280.0,279.0,264.0,236.0,264.0,236.0
6742,VP_001,ftsst,Talk,12,255.0,655.0,255.0,236.0,129.0,,257.0,193.0,287.0,287.0,260.0,128.0,260.0,128.0
6743,VP_001,ftsst,Talk,13,302.0,724.0,290.0,258.0,240.0,300.0,257.0,256.0,304.0,303.0,294.0,256.0,294.0,256.0
6744,VP_001,ftsst,Talk,15,296.0,641.0,319.0,242.0,331.0,272.0,315.0,288.0,324.0,323.0,290.0,346.0,319.0,288.0
6745,VP_001,ftsst,Talk,16,278.0,632.0,299.0,212.0,297.0,254.0,286.0,276.0,295.0,294.0,300.0,316.0,300.0,276.0
6746,VP_001,ftsst,Talk,17,239.0,624.0,291.0,266.0,300.0,281.0,291.0,231.0,307.0,302.0,233.0,317.0,286.0,231.0
6747,VP_001,ftsst,Talk,18,267.0,641.0,289.0,203.0,47.0,244.0,283.0,269.0,292.0,291.0,290.0,312.0,290.0,268.0
6748,VP_001,ftsst,Talk,19,293.0,661.0,292.0,231.0,302.0,281.0,295.0,207.0,296.0,296.0,299.0,315.0,293.0,207.0
6749,VP_001,ftsst,Talk,20,294.0,693.0,320.0,236.0,220.0,269.0,303.0,291.0,311.0,308.0,293.0,334.0,319.0,291.0
6750,VP_001,ftsst,Talk,21,265.0,637.0,309.0,280.0,326.0,310.0,283.0,234.0,323.0,320.0,304.0,338.0,304.0,188.0
6751,VP_001,ftsst,Talk,22,301.0,678.0,220.0,222.0,313.0,292.0,309.0,300.0,296.0,295.0,313.0,325.0,253.0,300.0
6752,VP_001,ftsst,Talk,23,308.0,681.0,307.0,272.0,266.0,304.0,270.0,268.0,316.0,313.0,286.0,0.0,286.0,267.0
6753,VP_001,ftsst,Talk,24,305.0,700.0,312.0,282.0,317.0,300.0,311.0,242.0,322.0,317.0,312.0,337.0,312.0,242.0
6754,VP_001,ftsst,Talk,25,316.0,697.0,327.0,291.0,174.0,305.0,317.0,305.0,330.0,325.0,320.0,182.0,334.0,277.0
6755,VP_001,ftsst,Talk,26,274.0,693.0,317.0,293.0,324.0,302.0,309.0,250.0,330.0,325.0,308.0,337.0,308.0,205.0
6756,VP_001,ftsst,Talk,27,278.0,682.0,305.0,264.0,156.0,,291.0,232.0,314.0,314.0,236.0,331.0,312.0,232.0
6757,VP_001,ftsst,Talk,28,305.0,668.0,269.0,262.0,320.0,302.0,316.0,227.0,317.0,315.0,256.0,0.0,256.0,227.0
6758,VP_001,ftsst,Talk,29,316.0,670.0,276.0,212.0,317.0,297.0,309.0,166.0,308.0,307.0,276.0,166.0,276.0,165.0
6759,VP_001,ftsst,Talk,30,317.0,673.0,284.0,278.0,262.0,309.0,261.0,314.0,318.0,314.0,288.0,314.0,288.0,314.0
6760,VP_001,ftsst,Talk,31,308.0,674.0,293.0,276.0,156.0,302.0,314.0,164.0,319.0,315.0,254.0,164.0,291.0,163.0
6761,VP_001,ftsst,Talk,32,309.0,650.0,334.0,234.0,204.0,296.0,312.0,305.0,321.0,316.0,335.0,305.0,335.0,305.0
6762,VP_001,ftsst,Talk,33,279.0,600.0,287.0,233.0,309.0,269.0,299.0,277.0,314.0,309.0,288.0,325.0,240.0,277.0
6763,VP_001,ftsst,Talk,34,251.0,580.0,280.0,244.0,299.0,,276.0,235.0,288.0,286.0,287.0,313.0,287.0,234.0
6764,VP_001,ftsst,Talk,35,226.0,580.0,263.0,240.0,85.0,273.0,238.0,226.0,283.0,280.0,226.0,85.0,253.0,225.0
6765,VP_001,ftsst,Talk,36,328.0,609.0,341.0,343.0,250.0,387.0,409.0,401.0,340.0,282.0,331.0,401.0,345.0,401.0
6766,VP_001,ftsst,Talk,37,258.0,646.0,193.0,188.0,110.0,254.0,284.0,223.0,286.0,285.0,189.0,109.0,,109.0
6767,VP_001,ftsst,Talk,38,263.0,691.0,263.0,208.0,261.0,291.0,268.0,262.0,301.0,300.0,276.0,0.0,276.0,261.0
6768,VP_001,ftsst,Talk,39,320.0,715.0,229.0,287.0,328.0,310.0,328.0,318.0,332.0,324.0,327.0,318.0,,318.0
6769,VP_001,ftsst,Talk,40,343.0,697.0,350.0,284.0,339.0,323.0,345.0,258.0,333.0,329.0,345.0,342.0,271.0,342.0
6770,VP_001,ftsst,Talk,41,281.0,627.0,325.0,242.0,333.0,269.0,321.0,273.0,324.0,321.0,278.0,351.0,330.0,273.0
6771,VP_001,ftsst,Talk,42,266.0,606.0,274.0,220.0,307.0,261.0,289.0,220.0,296.0,294.0,276.0,316.0,271.0,193.0
6772,VP_001,ftsst,Talk,43,282.0,601.0,289.0,201.0,293.0,271.0,283.0,257.0,289.0,287.0,236.0,309.0,287.0,235.0
6773,VP_001,ftsst,Talk,44,278.0,619.0,290.0,244.0,286.0,,275.0,241.0,288.0,286.0,289.0,306.0,289.0,241.0
6774,VP_001,tsst,Math,0,230.0,524.0,246.0,171.0,250.0,221.0,240.0,198.0,247.0,247.0,229.0,264.0,245.0,154.0
6775,VP_001,tsst,Math,1,225.0,516.0,243.0,192.0,251.0,222.0,240.0,178.0,247.0,248.0,239.0,264.0,239.0,148.0
6776,VP_001,tsst,Math,2,214.0,513.0,242.0,165.0,245.0,205.0,231.0,164.0,244.0,245.0,217.0,260.0,242.0,146.0
6777,VP_001,tsst,Math,3,214.0,513.0,241.0,178.0,242.0,205.0,228.0,208.0,242.0,243.0,214.0,258.0,242.0,208.0
6778,VP_001,tsst,Math,4,212.0,517.0,239.0,177.0,244.0,203.0,227.0,176.0,241.0,242.0,213.0,256.0,237.0,158.0
6779,VP_001,tsst,Math,5,222.0,513.0,239.0,171.0,248.0,193.0,229.0,193.0,244.0,244.0,158.0,259.0,241.0,157.0
6780,VP_001,tsst,Math,6,217.0,511.0,244.0,174.0,249.0,202.0,238.0,174.0,246.0,246.0,215.0,263.0,245.0,157.0
6781,VP_001,tsst,Math,7,239.0,507.0,242.0,191.0,247.0,221.0,237.0,208.0,245.0,245.0,242.0,262.0,242.0,182.0
6782,VP_001,tsst,Math,8,215.0,511.0,242.0,163.0,244.0,210.0,235.0,216.0,244.0,244.0,223.0,260.0,242.0,216.0
6783,VP_001,tsst,Math,9,226.0,518.0,247.0,158.0,245.0,216.0,237.0,227.0,249.0,249.0,227.0,264.0,247.0,227.0
6784,VP_001,tsst,Math,10,225.0,534.0,244.0,181.0,244.0,214.0,235.0,224.0,247.0,247.0,228.0,261.0,244.0,224.0
6785,VP_001,tsst,Math,11,226.0,550.0,243.0,183.0,251.0,219.0,242.0,228.0,248.0,249.0,238.0,264.0,244.0,228.0
6786,VP_001,tsst,Math,12,229.0,573.0,265.0,232.0,258.0,309.0,244.0,223.0,274.0,271.0,265.0,279.0,265.0,223.0
6787,VP_001,tsst,Math,13,232.0,587.0,267.0,165.0,263.0,,238.0,230.0,261.0,261.0,265.0,278.0,265.0,229.0
6788,VP_001,tsst,Math,14,237.0,581.0,264.0,210.0,270.0,,242.0,219.0,267.0,268.0,264.0,281.0,264.0,218.0
6789,VP_001,tsst,Math,15,236.0,554.0,263.0,211.0,270.0,,251.0,196.0,267.0,267.0,265.0,283.0,265.0,196.0
6790,VP_001,tsst,Math,16,245.0,548.0,254.0,201.0,261.0,231.0,250.0,220.0,257.0,258.0,255.0,274.0,255.0,183.0
6791,VP_001,tsst,Math,17,231.0,539.0,253.0,201.0,255.0,228.0,245.0,212.0,256.0,257.0,251.0,270.0,251.0,178.0
6792,VP_001,tsst,Math,18,221.0,543.0,251.0,194.0,251.0,190.0,238.0,209.0,251.0,252.0,251.0,266.0,251.0,209.0
6793,VP_001,tsst,Math,19,214.0,558.0,251.0,183.0,251.0,197.0,237.0,210.0,251.0,252.0,251.0,266.0,251.0,209.0
6794,VP_001,tsst,Math,20,223.0,583.0,254.0,195.0,254.0,,237.0,205.0,255.0,255.0,254.0,268.0,254.0,204.0
6795,VP_001,tsst,Math,21,230.0,578.0,263.0,204.0,263.0,,245.0,223.0,264.0,264.0,263.0,278.0,263.0,223.0
6796,VP_001,tsst,Math,22,218.0,575.0,263.0,152.0,262.0,,236.0,218.0,261.0,261.0,262.0,276.0,262.0,218.0
6797,VP_001,tsst,Math,23,232.0,565.0,270.0,233.0,260.0,310.0,240.0,231.0,278.0,276.0,270.0,280.0,270.0,317.0
6798,VP_001,tsst,Math,24,225.0,551.0,256.0,180.0,259.0,204.0,235.0,223.0,256.0,257.0,256.0,272.0,256.0,223.0
6799,VP_001,tsst,Math,25,225.0,530.0,251.0,180.0,255.0,208.0,239.0,221.0,253.0,253.0,250.0,268.0,250.0,220.0
6800,VP_001,tsst,Math,26,224.0,508.0,247.0,172.0,253.0,202.0,242.0,209.0,249.0,249.0,223.0,266.0,250.0,209.0
6801,VP_001,tsst,Math,27,212.0,498.0,235.0,161.0,243.0,188.0,232.0,193.0,240.0,240.0,199.0,256.0,234.0,193.0
6802,VP_001,tsst,Math,28,213.0,498.0,237.0,154.0,239.0,210.0,230.0,154.0,236.0,237.0,220.0,253.0,235.0,138.0
6803,VP_001,tsst,Math,29,210.0,496.0,234.0,159.0,236.0,201.0,226.0,208.0,237.0,238.0,216.0,251.0,234.0,208.0
6804,VP_001,tsst,Math,30,205.0,499.0,236.0,165.0,238.0,197.0,228.0,164.0,243.0,243.0,214.0,253.0,234.0,148.0
6805,VP_001,tsst,Math,31,222.0,510.0,243.0,165.0,238.0,207.0,230.0,221.0,243.0,243.0,245.0,257.0,245.0,221.0
6806,VP_001,tsst,Math,32,222.0,523.0,236.0,173.0,234.0,211.0,228.0,221.0,235.0,235.0,225.0,250.0,235.0,221.0
6807,VP_001,tsst,Math,33,217.0,550.0,244.0,183.0,245.0,206.0,229.0,216.0,245.0,245.0,245.0,260.0,245.0,216.0
6808,VP_001,tsst,Math,34,222.0,574.0,261.0,239.0,255.0,301.0,232.0,219.0,277.0,272.0,262.0,273.0,262.0,218.0
6809,VP_001,tsst,Math,35,228.0,582.0,251.0,151.0,264.0,,236.0,217.0,260.0,260.0,245.0,272.0,245.0,216.0
6810,VP_001,tsst,Math,36,233.0,555.0,258.0,176.0,269.0,205.0,243.0,222.0,268.0,268.0,261.0,281.0,261.0,221.0
6811,VP_001,tsst,Math,37,228.0,547.0,254.0,179.0,261.0,201.0,244.0,215.0,258.0,259.0,255.0,274.0,255.0,214.0
6812,VP_001,tsst,Math,38,244.0,543.0,248.0,200.0,257.0,231.0,247.0,168.0,255.0,256.0,245.0,270.0,245.0,168.0
6813,VP_001,tsst,Math,39,225.0,546.0,252.0,197.0,253.0,,239.0,206.0,253.0,254.0,252.0,268.0,252.0,206.0
6814,VP_001,tsst,Math,40,228.0,550.0,253.0,216.0,253.0,,242.0,205.0,264.0,263.0,252.0,269.0,252.0,204.0
6815,VP_001,tsst,Math,41,212.0,565.0,253.0,161.0,257.0,,221.0,212.0,255.0,255.0,254.0,269.0,254.0,211.0
6816,VP_001,tsst,Math,42,224.0,572.0,256.0,240.0,258.0,308.0,236.0,220.0,281.0,277.0,256.0,272.0,256.0,317.0
6817,VP_001,tsst,Math,43,224.0,568.0,252.0,149.0,260.0,,236.0,214.0,258.0,259.0,252.0,271.0,252.0,214.0
6818,VP_001,tsst,Math,44,231.0,547.0,256.0,180.0,262.0,205.0,242.0,221.0,259.0,259.0,258.0,275.0,258.0,220.0
6819,VP_001,tsst,Math,45,223.0,528.0,247.0,195.0,256.0,,245.0,170.0,253.0,253.0,248.0,269.0,248.0,169.0
6820,VP_001,tsst,Math,46,218.0,521.0,241.0,183.0,249.0,212.0,238.0,183.0,246.0,247.0,240.0,262.0,240.0,163.0
6821,VP_001,tsst,Math,47,212.0,518.0,240.0,137.0,244.0,,232.0,190.0,244.0,244.0,239.0,258.0,239.0,189.0
6822,VP_001,tsst,Math,48,214.0,520.0,240.0,169.0,240.0,200.0,226.0,213.0,241.0,241.0,239.0,255.0,239.0,212.0
6823,VP_001,tsst,Math,49,216.0,525.0,241.0,172.0,241.0,201.0,226.0,215.0,240.0,241.0,241.0,256.0,241.0,214.0
6824,VP_001,tsst,Math,50,216.0,527.0,240.0,171.0,245.0,201.0,227.0,210.0,242.0,243.0,215.0,256.0,238.0,210.0
6825,VP_001,tsst,Math,51,217.0,534.0,238.0,175.0,245.0,205.0,227.0,174.0,244.0,244.0,214.0,256.0,233.0,154.0
6826,VP_001,tsst,Math,52,220.0,524.0,246.0,176.0,250.0,188.0,236.0,188.0,249.0,250.0,251.0,266.0,251.0,165.0
6827,VP_001,tsst,Math,53,227.0,528.0,248.0,190.0,249.0,225.0,239.0,207.0,246.0,247.0,251.0,265.0,251.0,180.0
6828,VP_001,tsst,Math,54,217.0,529.0,246.0,163.0,247.0,198.0,230.0,213.0,246.0,247.0,214.0,258.0,233.0,213.0
6829,VP_001,tsst,Pause_1,0,243.0,584.0,265.0,217.0,272.0,237.0,261.0,171.0,271.0,271.0,267.0,287.0,267.0,191.0
6830,VP_001,tsst,Pause_1,1,240.0,616.0,269.0,218.0,271.0,,256.0,212.0,271.0,271.0,265.0,285.0,265.0,211.0
6831,VP_001,tsst,Pause_1,2,234.0,672.0,277.0,255.0,283.0,331.0,258.0,233.0,297.0,294.0,278.0,296.0,278.0,336.0
6832,VP_001,tsst,Pause_1,5,281.0,665.0,305.0,248.0,312.0,278.0,302.0,247.0,309.0,309.0,289.0,327.0,307.0,215.0
6833,VP_001,tsst,Pause_1,6,272.0,669.0,297.0,231.0,304.0,263.0,295.0,271.0,301.0,301.0,285.0,319.0,294.0,271.0
6834,VP_001,tsst,Pause_1,8,244.0,717.0,293.0,246.0,309.0,,280.0,224.0,303.0,304.0,292.0,317.0,292.0,224.0
6835,VP_001,tsst,Pause_1,9,289.0,712.0,302.0,256.0,319.0,,293.0,231.0,313.0,314.0,301.0,327.0,301.0,230.0
6836,VP_001,tsst,Pause_1,10,295.0,689.0,306.0,258.0,318.0,,298.0,234.0,313.0,314.0,312.0,330.0,312.0,234.0
6837,VP_001,tsst,Pause_1,11,284.0,607.0,172.0,254.0,314.0,,298.0,241.0,308.0,308.0,256.0,317.0,,241.0
6838,VP_001,tsst,Pause_1,12,280.0,581.0,263.0,229.0,286.0,262.0,272.0,216.0,281.0,281.0,276.0,299.0,276.0,215.0
6839,VP_001,tsst,Pause_1,13,238.0,551.0,270.0,159.0,266.0,204.0,247.0,235.0,265.0,266.0,270.0,284.0,270.0,234.0
6840,VP_001,tsst,Pause_1,14,238.0,,263.0,184.0,262.0,220.0,245.0,236.0,257.0,258.0,260.0,236.0,260.0,236.0
6841,VP_001,tsst,Pause_5,0,266.0,596.0,265.0,220.0,279.0,254.0,269.0,129.0,275.0,275.0,265.0,291.0,250.0,202.0
6842,VP_001,tsst,Pause_5,1,267.0,588.0,276.0,220.0,279.0,255.0,270.0,166.0,275.0,275.0,175.0,294.0,278.0,166.0
6843,VP_001,tsst,Pause_5,2,234.0,617.0,276.0,186.0,278.0,255.0,268.0,208.0,272.0,272.0,275.0,292.0,275.0,173.0
6844,VP_001,tsst,Pause_5,4,246.0,704.0,286.0,234.0,292.0,,274.0,241.0,290.0,290.0,243.0,306.0,287.0,240.0
6845,VP_001,tsst,Pause_5,5,277.0,727.0,302.0,251.0,312.0,,292.0,234.0,308.0,309.0,299.0,322.0,299.0,234.0
6846,VP_001,tsst,Pause_5,6,281.0,711.0,310.0,259.0,321.0,,297.0,265.0,316.0,317.0,313.0,332.0,313.0,265.0
6847,VP_001,tsst,Pause_5,7,283.0,632.0,311.0,233.0,317.0,251.0,294.0,250.0,312.0,313.0,310.0,329.0,310.0,220.0
6848,VP_001,tsst,Pause_5,8,259.0,598.0,285.0,225.0,293.0,230.0,275.0,230.0,287.0,287.0,288.0,306.0,288.0,200.0
6849,VP_001,tsst,Pause_5,9,251.0,594.0,273.0,201.0,280.0,225.0,263.0,225.0,275.0,275.0,238.0,292.0,271.0,181.0
6850,VP_001,tsst,Pause_5,10,244.0,598.0,199.0,196.0,277.0,226.0,262.0,195.0,274.0,274.0,235.0,288.0,248.0,178.0
6851,VP_001,tsst,Pause_5,11,249.0,603.0,254.0,185.0,283.0,229.0,264.0,185.0,275.0,275.0,254.0,291.0,254.0,67.0
6852,VP_001,tsst,Pause_5,12,244.0,633.0,272.0,195.0,281.0,212.0,259.0,228.0,276.0,276.0,267.0,292.0,267.0,228.0
6853,VP_001,tsst,Pause_5,13,239.0,664.0,267.0,230.0,265.0,,259.0,214.0,286.0,286.0,268.0,297.0,268.0,213.0
6854,VP_001,tsst,Prep,0,240.0,590.0,275.0,165.0,276.0,,262.0,225.0,270.0,271.0,272.0,289.0,272.0,222.0
6855,VP_001,tsst,Prep,1,222.0,581.0,254.0,165.0,213.0,,215.0,214.0,263.0,263.0,255.0,266.0,255.0,213.0
6856,VP_001,tsst,Prep,2,242.0,557.0,265.0,208.0,271.0,235.0,256.0,208.0,267.0,267.0,244.0,285.0,266.0,181.0
6857,VP_001,tsst,Prep,3,248.0,546.0,260.0,198.0,268.0,242.0,260.0,197.0,262.0,262.0,254.0,282.0,262.0,153.0
6858,VP_001,tsst,Prep,4,242.0,541.0,259.0,202.0,261.0,235.0,253.0,240.0,257.0,257.0,246.0,276.0,259.0,240.0
6859,VP_001,tsst,Prep,5,229.0,543.0,254.0,164.0,260.0,199.0,248.0,214.0,253.0,254.0,231.0,272.0,252.0,214.0
6860,VP_001,tsst,Prep,6,227.0,546.0,252.0,170.0,260.0,215.0,243.0,170.0,253.0,254.0,225.0,271.0,253.0,153.0
6861,VP_001,tsst,Prep,7,228.0,550.0,251.0,171.0,261.0,214.0,241.0,170.0,254.0,254.0,223.0,271.0,249.0,155.0
6862,VP_001,tsst,Prep,8,240.0,537.0,258.0,204.0,265.0,,250.0,195.0,259.0,259.0,260.0,278.0,260.0,195.0
6863,VP_001,tsst,Prep,9,233.0,540.0,257.0,174.0,261.0,230.0,253.0,237.0,256.0,256.0,246.0,276.0,257.0,237.0
6864,VP_001,tsst,Prep,10,240.0,541.0,258.0,153.0,259.0,232.0,250.0,239.0,256.0,256.0,242.0,274.0,257.0,239.0
6865,VP_001,tsst,Prep,11,225.0,552.0,258.0,167.0,262.0,206.0,249.0,218.0,255.0,255.0,224.0,275.0,258.0,218.0
6866,VP_001,tsst,Prep,12,224.0,569.0,256.0,173.0,264.0,205.0,244.0,217.0,257.0,258.0,218.0,276.0,257.0,217.0
6867,VP_001,tsst,Prep,13,231.0,580.0,261.0,182.0,269.0,208.0,249.0,222.0,263.0,263.0,260.0,281.0,260.0,222.0
6868,VP_001,tsst,Prep,14,235.0,560.0,266.0,196.0,277.0,212.0,246.0,223.0,267.0,268.0,267.0,287.0,267.0,222.0
6869,VP_001,tsst,Prep,15,237.0,556.0,261.0,179.0,269.0,202.0,259.0,202.0,265.0,265.0,261.0,284.0,261.0,161.0
6870,VP_001,tsst,Prep,16,242.0,560.0,264.0,209.0,265.0,236.0,256.0,242.0,262.0,262.0,245.0,281.0,264.0,242.0
6871,VP_001,tsst,Prep,17,242.0,565.0,262.0,155.0,265.0,197.0,252.0,218.0,260.0,260.0,262.0,279.0,262.0,218.0
6872,VP_001,tsst,Prep,18,234.0,574.0,259.0,175.0,267.0,209.0,252.0,221.0,262.0,262.0,226.0,279.0,260.0,221.0
6873,VP_001,tsst,Prep,19,240.0,582.0,258.0,181.0,270.0,205.0,254.0,214.0,264.0,264.0,216.0,280.0,256.0,214.0
6874,VP_001,tsst,Prep,20,241.0,560.0,267.0,196.0,275.0,217.0,256.0,228.0,268.0,269.0,269.0,287.0,269.0,227.0
6875,VP_001,tsst,Prep,21,252.0,551.0,266.0,168.0,268.0,236.0,259.0,243.0,262.0,262.0,267.0,283.0,267.0,243.0
6876,VP_001,tsst,Prep,22,246.0,549.0,264.0,206.0,263.0,237.0,255.0,246.0,260.0,260.0,248.0,279.0,261.0,246.0
6877,VP_001,tsst,Prep,23,230.0,550.0,257.0,177.0,260.0,211.0,247.0,218.0,255.0,256.0,227.0,274.0,257.0,218.0
6878,VP_001,tsst,Prep,24,227.0,550.0,254.0,173.0,263.0,213.0,243.0,223.0,256.0,256.0,226.0,274.0,254.0,223.0
6879,VP_001,tsst,Prep,25,229.0,555.0,253.0,187.0,263.0,220.0,244.0,226.0,256.0,257.0,233.0,273.0,252.0,226.0
6880,VP_001,tsst,Prep,26,233.0,562.0,255.0,197.0,266.0,221.0,243.0,228.0,257.0,258.0,229.0,275.0,255.0,228.0
6881,VP_001,tsst,Prep,27,239.0,553.0,266.0,181.0,269.0,224.0,259.0,235.0,263.0,263.0,245.0,283.0,268.0,235.0
6882,VP_001,tsst,Prep,28,249.0,552.0,262.0,205.0,265.0,238.0,255.0,220.0,260.0,260.0,261.0,279.0,261.0,197.0
6883,VP_001,tsst,Prep,29,230.0,557.0,260.0,202.0,265.0,220.0,248.0,225.0,260.0,260.0,227.0,278.0,260.0,225.0
6884,VP_001,tsst,Prep,30,230.0,573.0,262.0,182.0,266.0,211.0,246.0,226.0,260.0,260.0,262.0,279.0,262.0,226.0
6885,VP_001,tsst,Prep,31,230.0,590.0,265.0,174.0,272.0,206.0,250.0,223.0,264.0,265.0,264.0,283.0,264.0,223.0
6886,VP_001,tsst,Prep,32,242.0,576.0,267.0,188.0,278.0,211.0,261.0,220.0,270.0,271.0,221.0,288.0,267.0,220.0
6887,VP_001,tsst,Prep,33,250.0,568.0,273.0,165.0,274.0,,261.0,244.0,268.0,268.0,275.0,290.0,275.0,243.0
6888,VP_001,tsst,Prep,34,240.0,571.0,264.0,209.0,269.0,235.0,259.0,208.0,266.0,266.0,246.0,283.0,260.0,171.0
6889,VP_001,tsst,Prep,35,237.0,582.0,267.0,210.0,269.0,232.0,257.0,231.0,265.0,265.0,268.0,283.0,268.0,206.0
6890,VP_001,tsst,Prep,36,235.0,594.0,268.0,173.0,273.0,,259.0,217.0,267.0,267.0,269.0,285.0,269.0,216.0
6891,VP_001,tsst,Prep,37,244.0,605.0,271.0,176.0,275.0,,259.0,217.0,270.0,270.0,270.0,288.0,270.0,217.0
6892,VP_001,tsst,Prep,38,241.0,579.0,273.0,217.0,282.0,,259.0,222.0,274.0,275.0,274.0,293.0,274.0,221.0
6893,VP_001,tsst,Prep,39,263.0,564.0,271.0,215.0,275.0,250.0,266.0,205.0,269.0,269.0,257.0,290.0,272.0,179.0
6894,VP_001,tsst,Prep,40,241.0,557.0,265.0,200.0,268.0,232.0,258.0,244.0,263.0,263.0,249.0,282.0,264.0,244.0
6895,VP_001,tsst,Prep,41,230.0,550.0,265.0,153.0,265.0,,251.0,226.0,258.0,259.0,266.0,279.0,266.0,225.0
6896,VP_001,tsst,Prep,42,227.0,555.0,260.0,170.0,265.0,211.0,246.0,224.0,257.0,257.0,260.0,277.0,260.0,224.0
6897,VP_001,tsst,Prep,43,228.0,559.0,255.0,175.0,263.0,210.0,243.0,216.0,257.0,258.0,222.0,274.0,253.0,216.0
6898,VP_001,tsst,Prep,44,228.0,552.0,256.0,169.0,269.0,,241.0,213.0,260.0,261.0,256.0,278.0,256.0,213.0
6899,VP_001,tsst,Prep,45,238.0,559.0,257.0,168.0,266.0,212.0,256.0,237.0,259.0,259.0,247.0,279.0,259.0,237.0
6900,VP_001,tsst,Prep,46,238.0,565.0,268.0,208.0,267.0,233.0,257.0,241.0,263.0,263.0,243.0,284.0,269.0,241.0
6901,VP_001,tsst,Prep,47,234.0,589.0,268.0,210.0,269.0,,255.0,211.0,264.0,264.0,264.0,283.0,264.0,211.0
6902,VP_001,tsst,Prep,48,224.0,607.0,253.0,178.0,278.0,,257.0,221.0,269.0,270.0,266.0,288.0,266.0,221.0
6903,VP_001,tsst,Prep,49,244.0,595.0,263.0,220.0,283.0,,256.0,203.0,276.0,276.0,227.0,289.0,254.0,203.0
6904,VP_001,tsst,Prep,50,258.0,584.0,281.0,207.0,280.0,240.0,270.0,258.0,275.0,275.0,283.0,297.0,283.0,258.0
6905,VP_001,tsst,Prep,51,242.0,,276.0,217.0,276.0,,264.0,208.0,271.0,271.0,275.0,291.0,275.0,207.0
6906,VP_001,tsst,Talk,0,250.0,539.0,246.0,166.0,264.0,198.0,254.0,134.0,260.0,260.0,209.0,280.0,249.0,139.0
6907,VP_001,tsst,Talk,1,250.0,551.0,260.0,165.0,266.0,240.0,257.0,187.0,258.0,258.0,252.0,279.0,255.0,148.0
6908,VP_001,tsst,Talk,2,233.0,602.0,252.0,181.0,232.0,215.0,236.0,232.0,253.0,253.0,233.0,232.0,256.0,232.0
6909,VP_001,tsst,Talk,3,258.0,673.0,293.0,186.0,287.0,230.0,266.0,256.0,278.0,278.0,292.0,303.0,292.0,256.0
6910,VP_001,tsst,Talk,4,271.0,714.0,310.0,278.0,312.0,248.0,285.0,262.0,319.0,315.0,308.0,327.0,308.0,262.0
6911,VP_001,tsst,Talk,5,272.0,710.0,309.0,261.0,326.0,307.0,286.0,261.0,316.0,316.0,312.0,335.0,312.0,260.0
6912,VP_001,tsst,Talk,6,309.0,692.0,331.0,261.0,326.0,296.0,319.0,308.0,327.0,325.0,310.0,345.0,328.0,308.0
6913,VP_001,tsst,Talk,7,269.0,668.0,307.0,218.0,193.0,247.0,284.0,268.0,315.0,314.0,308.0,331.0,308.0,267.0
6914,VP_001,tsst,Talk,8,290.0,616.0,317.0,221.0,305.0,269.0,295.0,290.0,301.0,301.0,322.0,328.0,322.0,290.0
6915,VP_001,tsst,Talk,9,266.0,599.0,294.0,181.0,279.0,226.0,268.0,266.0,283.0,283.0,287.0,304.0,287.0,266.0
6916,VP_001,tsst,Talk,10,272.0,582.0,274.0,235.0,67.0,269.0,235.0,213.0,283.0,282.0,282.0,300.0,282.0,213.0
6917,VP_001,tsst,Talk,11,270.0,580.0,245.0,215.0,282.0,264.0,215.0,199.0,270.0,270.0,234.0,199.0,234.0,198.0
6918,VP_001,tsst,Talk,12,227.0,579.0,257.0,174.0,153.0,212.0,243.0,224.0,263.0,263.0,238.0,224.0,257.0,224.0
6919,VP_001,tsst,Talk,13,232.0,601.0,256.0,252.0,80.0,322.0,254.0,220.0,289.0,284.0,255.0,14.0,255.0,328.0
6920,VP_001,tsst,Talk,14,238.0,624.0,258.0,176.0,289.0,273.0,246.0,235.0,278.0,278.0,237.0,295.0,267.0,235.0
6921,VP_001,tsst,Talk,15,250.0,644.0,264.0,275.0,258.0,334.0,252.0,237.0,310.0,301.0,226.0,348.0,226.0,348.0
6922,VP_001,tsst,Talk,16,296.0,601.0,271.0,247.0,307.0,287.0,237.0,220.0,297.0,296.0,306.0,220.0,306.0,220.0
6923,VP_001,tsst,Talk,17,273.0,589.0,227.0,221.0,289.0,267.0,285.0,183.0,282.0,281.0,217.0,183.0,217.0,183.0
6924,VP_001,tsst,Talk,18,264.0,587.0,292.0,254.0,282.0,,272.0,226.0,292.0,287.0,291.0,308.0,291.0,226.0
6925,VP_001,tsst,Talk,19,263.0,614.0,284.0,231.0,282.0,259.0,275.0,180.0,279.0,278.0,271.0,300.0,285.0,180.0
6926,VP_001,tsst,Talk,20,288.0,616.0,269.0,230.0,296.0,283.0,243.0,230.0,283.0,283.0,265.0,299.0,265.0,229.0
6927,VP_001,tsst,Talk,21,252.0,599.0,272.0,234.0,293.0,,281.0,194.0,285.0,285.0,283.0,306.0,283.0,193.0
6928,VP_001,tsst,Talk,22,264.0,618.0,227.0,222.0,279.0,256.0,273.0,262.0,276.0,276.0,276.0,292.0,217.0,262.0
6929,VP_001,tsst,Talk,23,259.0,625.0,283.0,224.0,287.0,251.0,276.0,223.0,281.0,281.0,270.0,301.0,282.0,203.0
6930,VP_001,tsst,Talk,24,272.0,659.0,286.0,211.0,273.0,252.0,276.0,271.0,280.0,281.0,274.0,301.0,289.0,271.0
6931,VP_001,tsst,Talk,25,269.0,677.0,291.0,192.0,299.0,240.0,276.0,267.0,296.0,296.0,280.0,309.0,280.0,267.0
6932,VP_001,tsst,Talk,26,262.0,653.0,315.0,293.0,263.0,361.0,272.0,262.0,327.0,320.0,318.0,330.0,318.0,261.0
6933,VP_001,tsst,Talk,27,298.0,650.0,273.0,266.0,306.0,352.0,249.0,231.0,325.0,314.0,270.0,357.0,270.0,357.0
6934,VP_001,tsst,Talk,28,242.0,645.0,285.0,187.0,155.0,,252.0,238.0,291.0,292.0,290.0,310.0,290.0,238.0
6935,VP_001,tsst,Talk,29,267.0,634.0,228.0,223.0,182.0,263.0,278.0,189.0,284.0,284.0,222.0,0.0,,188.0
6936,VP_001,tsst,Talk,30,291.0,601.0,313.0,259.0,301.0,282.0,294.0,232.0,311.0,304.0,314.0,326.0,314.0,231.0
6937,VP_001,tsst,Talk,31,237.0,558.0,264.0,179.0,246.0,214.0,241.0,235.0,269.0,269.0,263.0,277.0,263.0,235.0
6938,VP_001,tsst,Talk,32,257.0,538.0,277.0,191.0,271.0,240.0,264.0,254.0,266.0,265.0,259.0,292.0,280.0,254.0
6939,VP_001,tsst,Talk,33,252.0,527.0,268.0,186.0,257.0,232.0,256.0,251.0,253.0,253.0,257.0,276.0,263.0,251.0
6940,VP_001,tsst,Talk,34,265.0,529.0,225.0,220.0,270.0,254.0,271.0,263.0,273.0,266.0,271.0,263.0,271.0,263.0
6941,VP_001,tsst,Talk,35,233.0,552.0,252.0,176.0,253.0,221.0,245.0,231.0,249.0,249.0,240.0,268.0,252.0,231.0
6942,VP_001,tsst,Talk,36,291.0,624.0,324.0,231.0,287.0,267.0,294.0,291.0,283.0,276.0,324.0,332.0,324.0,291.0
6943,VP_001,tsst,Talk,37,250.0,697.0,285.0,185.0,298.0,221.0,257.0,248.0,286.0,286.0,284.0,306.0,284.0,247.0
6944,VP_001,tsst,Talk,38,285.0,706.0,319.0,275.0,324.0,,311.0,242.0,321.0,319.0,319.0,341.0,319.0,241.0
6945,VP_001,tsst,Talk,39,318.0,695.0,297.0,271.0,330.0,314.0,270.0,250.0,320.0,319.0,298.0,27.0,298.0,249.0
6946,VP_001,tsst,Talk,40,306.0,702.0,321.0,267.0,321.0,299.0,315.0,304.0,316.0,315.0,310.0,340.0,322.0,304.0
6947,VP_001,tsst,Talk,41,285.0,695.0,322.0,242.0,328.0,311.0,289.0,280.0,318.0,317.0,318.0,280.0,318.0,279.0
6948,VP_001,tsst,Talk,42,316.0,702.0,302.0,271.0,325.0,304.0,284.0,231.0,318.0,317.0,307.0,335.0,307.0,230.0
6949,VP_001,tsst,Talk,43,285.0,644.0,307.0,239.0,326.0,266.0,313.0,265.0,317.0,317.0,270.0,337.0,300.0,222.0
6950,VP_001,tsst,Talk,44,274.0,640.0,277.0,232.0,302.0,271.0,292.0,231.0,296.0,295.0,284.0,315.0,276.0,202.0
6951,VP_001,tsst,Talk,45,259.0,631.0,291.0,236.0,300.0,,272.0,230.0,290.0,290.0,295.0,312.0,295.0,229.0
6952,VP_001,tsst,Talk,46,284.0,645.0,282.0,246.0,209.0,284.0,232.0,212.0,294.0,293.0,277.0,307.0,277.0,211.0
6953,VP_002,ftsst,Math,0,205.0,465.0,167.0,137.0,218.0,197.0,219.0,168.0,232.0,232.0,219.0,87.0,219.0,87.0
6954,VP_002,ftsst,Math,1,197.0,487.0,219.0,158.0,204.0,181.0,204.0,181.0,234.0,234.0,214.0,0.0,214.0,135.0
6955,VP_002,ftsst,Math,2,198.0,500.0,218.0,184.0,205.0,,205.0,179.0,237.0,237.0,207.0,0.0,207.0,178.0
6956,VP_002,ftsst,Math,3,217.0,508.0,235.0,157.0,225.0,190.0,221.0,211.0,239.0,240.0,246.0,211.0,246.0,211.0
6957,VP_002,ftsst,Math,4,223.0,496.0,243.0,164.0,236.0,212.0,232.0,221.0,247.0,247.0,226.0,258.0,236.0,221.0
6958,VP_002,ftsst,Math,5,220.0,487.0,243.0,136.0,231.0,203.0,225.0,218.0,240.0,240.0,243.0,255.0,243.0,218.0
6959,VP_002,ftsst,Math,7,208.0,493.0,130.0,170.0,35.0,198.0,213.0,144.0,239.0,239.0,179.0,27.0,179.0,27.0
6960,VP_002,ftsst,Math,8,217.0,499.0,116.0,139.0,222.0,204.0,223.0,217.0,241.0,241.0,108.0,216.0,,216.0
6961,VP_002,ftsst,Math,9,206.0,497.0,230.0,143.0,215.0,182.0,214.0,202.0,244.0,244.0,234.0,202.0,234.0,201.0
6962,VP_002,ftsst,Math,10,199.0,491.0,224.0,158.0,256.0,185.0,216.0,197.0,246.0,245.0,197.0,0.0,220.0,196.0
6963,VP_002,ftsst,Math,11,214.0,481.0,244.0,158.0,250.0,189.0,232.0,203.0,245.0,244.0,206.0,141.0,245.0,203.0
6964,VP_002,ftsst,Math,12,217.0,471.0,230.0,145.0,233.0,208.0,228.0,214.0,237.0,237.0,222.0,252.0,182.0,214.0
6965,VP_002,ftsst,Math,13,205.0,466.0,223.0,129.0,230.0,166.0,218.0,181.0,232.0,232.0,214.0,248.0,229.0,181.0
6966,VP_002,ftsst,Math,14,198.0,461.0,217.0,139.0,216.0,177.0,210.0,139.0,230.0,230.0,197.0,118.0,217.0,117.0
6967,VP_002,ftsst,Math,15,172.0,457.0,209.0,133.0,211.0,,200.0,170.0,228.0,228.0,174.0,0.0,198.0,170.0
6968,VP_002,ftsst,Math,16,175.0,457.0,226.0,191.0,199.0,169.0,198.0,168.0,237.0,235.0,224.0,127.0,224.0,126.0
6969,VP_002,ftsst,Math,17,195.0,456.0,209.0,133.0,193.0,168.0,197.0,189.0,224.0,225.0,238.0,189.0,238.0,188.0
6970,VP_002,ftsst,Math,18,181.0,456.0,196.0,181.0,195.0,234.0,189.0,162.0,231.0,231.0,180.0,0.0,,51.0
6971,VP_002,ftsst,Math,20,212.0,457.0,234.0,135.0,232.0,193.0,221.0,,233.0,232.0,246.0,256.0,246.0,208.0
6972,VP_002,ftsst,Math,21,195.0,465.0,219.0,217.0,233.0,293.0,207.0,178.0,251.0,243.0,201.0,0.0,201.0,99.0
6973,VP_002,ftsst,Math,22,198.0,476.0,165.0,161.0,237.0,187.0,213.0,136.0,229.0,229.0,159.0,105.0,,105.0
6974,VP_002,ftsst,Math,29,270.0,632.0,278.0,241.0,279.0,258.0,274.0,220.0,296.0,296.0,280.0,184.0,280.0,184.0
6975,VP_002,ftsst,Math,30,260.0,593.0,282.0,188.0,272.0,,268.0,255.0,289.0,289.0,277.0,0.0,277.0,255.0
6976,VP_002,ftsst,Math,31,236.0,558.0,269.0,172.0,249.0,,243.0,234.0,275.0,275.0,271.0,288.0,271.0,234.0
6977,VP_002,ftsst,Math,32,234.0,539.0,258.0,204.0,244.0,222.0,241.0,222.0,262.0,262.0,256.0,186.0,256.0,185.0
6978,VP_002,ftsst,Math,33,231.0,527.0,247.0,175.0,257.0,217.0,243.0,175.0,257.0,257.0,227.0,272.0,249.0,154.0
6979,VP_002,ftsst,Math,34,227.0,517.0,241.0,177.0,243.0,212.0,235.0,223.0,249.0,249.0,229.0,264.0,245.0,223.0
6980,VP_002,ftsst,Math,35,222.0,520.0,164.0,151.0,232.0,208.0,231.0,216.0,249.0,249.0,233.0,0.0,,216.0
6981,VP_002,ftsst,Math,36,216.0,514.0,236.0,142.0,240.0,204.0,228.0,174.0,246.0,247.0,215.0,259.0,240.0,108.0
6982,VP_002,ftsst,Math,38,210.0,499.0,241.0,149.0,218.0,194.0,219.0,199.0,249.0,248.0,206.0,77.0,233.0,199.0
6983,VP_002,ftsst,Math,39,215.0,502.0,236.0,150.0,249.0,177.0,225.0,184.0,246.0,245.0,187.0,136.0,242.0,184.0
6984,VP_002,ftsst,Math,40,203.0,497.0,224.0,144.0,215.0,184.0,217.0,203.0,245.0,245.0,211.0,36.0,227.0,203.0
6985,VP_002,ftsst,Math,41,243.0,489.0,199.0,192.0,256.0,243.0,205.0,148.0,243.0,243.0,199.0,111.0,199.0,111.0
6986,VP_002,ftsst,Math,42,226.0,479.0,176.0,160.0,247.0,216.0,239.0,160.0,243.0,243.0,168.0,0.0,,
6987,VP_002,ftsst,Math,43,216.0,472.0,239.0,145.0,238.0,205.0,228.0,177.0,240.0,240.0,218.0,114.0,240.0,113.0
6988,VP_002,ftsst,Math,44,205.0,472.0,190.0,134.0,240.0,207.0,229.0,161.0,234.0,234.0,182.0,107.0,182.0,107.0
6989,VP_002,ftsst,Math,45,178.0,483.0,236.0,201.0,242.0,,219.0,158.0,244.0,242.0,241.0,140.0,241.0,140.0
6990,VP_002,ftsst,Math,46,204.0,512.0,228.0,195.0,247.0,,217.0,163.0,243.0,242.0,220.0,0.0,220.0,162.0
6991,VP_002,ftsst,Math,47,215.0,545.0,226.0,153.0,220.0,196.0,224.0,199.0,251.0,251.0,218.0,75.0,235.0,199.0
6992,VP_002,ftsst,Math,48,230.0,599.0,239.0,218.0,269.0,,240.0,175.0,265.0,264.0,232.0,175.0,232.0,174.0
6993,VP_002,ftsst,Math,49,236.0,600.0,261.0,239.0,252.0,285.0,250.0,221.0,285.0,284.0,233.0,5.0,260.0,221.0
6994,VP_002,ftsst,Math,50,248.0,568.0,262.0,240.0,251.0,278.0,251.0,224.0,286.0,285.0,268.0,224.0,268.0,224.0
6995,VP_002,ftsst,Math,51,242.0,541.0,243.0,179.0,284.0,210.0,255.0,227.0,274.0,273.0,159.0,8.0,,227.0
6996,VP_002,ftsst,Math,52,236.0,517.0,250.0,181.0,276.0,218.0,245.0,180.0,263.0,262.0,226.0,48.0,250.0,137.0
6997,VP_002,ftsst,Math,53,221.0,500.0,269.0,217.0,259.0,187.0,240.0,217.0,260.0,258.0,274.0,282.0,274.0,216.0
6998,VP_002,ftsst,Math,54,212.0,497.0,235.0,148.0,254.0,194.0,228.0,207.0,247.0,246.0,209.0,0.0,226.0,207.0
6999,VP_002,ftsst,Math,55,211.0,495.0,244.0,159.0,251.0,194.0,229.0,193.0,252.0,250.0,205.0,114.0,241.0,114.0
7000,VP_002,ftsst,Math,56,211.0,502.0,220.0,195.0,253.0,179.0,222.0,178.0,245.0,244.0,204.0,133.0,204.0,133.0
7001,VP_002,ftsst,Math,57,212.0,507.0,227.0,194.0,217.0,178.0,217.0,186.0,245.0,245.0,209.0,64.0,238.0,186.0
7002,VP_002,ftsst,Pause_1,0,189.0,431.0,203.0,144.0,205.0,182.0,200.0,129.0,212.0,212.0,197.0,224.0,207.0,112.0
7003,VP_002,ftsst,Pause_1,1,191.0,431.0,209.0,156.0,206.0,187.0,201.0,139.0,213.0,214.0,211.0,227.0,211.0,105.0
7004,VP_002,ftsst,Pause_1,2,188.0,433.0,202.0,133.0,201.0,180.0,195.0,149.0,214.0,214.0,190.0,109.0,190.0,109.0
7005,VP_002,ftsst,Pause_1,3,192.0,445.0,203.0,149.0,204.0,183.0,198.0,149.0,213.0,214.0,206.0,224.0,206.0,115.0
7006,VP_002,ftsst,Pause_1,4,190.0,468.0,214.0,166.0,205.0,183.0,198.0,167.0,221.0,221.0,215.0,231.0,215.0,140.0
7007,VP_002,ftsst,Pause_1,5,195.0,502.0,207.0,120.0,207.0,186.0,203.0,145.0,223.0,223.0,197.0,87.0,205.0,87.0
7008,VP_002,ftsst,Pause_1,6,207.0,512.0,224.0,170.0,218.0,195.0,214.0,169.0,238.0,239.0,201.0,245.0,225.0,134.0
7009,VP_002,ftsst,Pause_1,7,213.0,507.0,229.0,155.0,224.0,199.0,219.0,210.0,240.0,240.0,210.0,249.0,229.0,209.0
7010,VP_002,ftsst,Pause_1,8,216.0,489.0,234.0,161.0,229.0,205.0,224.0,215.0,238.0,239.0,217.0,251.0,233.0,215.0
7011,VP_002,ftsst,Pause_1,9,210.0,477.0,228.0,170.0,221.0,197.0,215.0,207.0,231.0,231.0,227.0,243.0,227.0,207.0
7012,VP_002,ftsst,Pause_1,10,198.0,475.0,215.0,155.0,209.0,186.0,205.0,154.0,227.0,227.0,197.0,235.0,217.0,102.0
7013,VP_002,ftsst,Pause_1,11,195.0,470.0,212.0,159.0,207.0,184.0,203.0,159.0,226.0,226.0,192.0,228.0,208.0,116.0
7014,VP_002,ftsst,Pause_1,12,201.0,466.0,216.0,150.0,213.0,192.0,210.0,197.0,225.0,226.0,204.0,236.0,217.0,197.0
7015,VP_002,ftsst,Pause_1,13,199.0,457.0,215.0,148.0,213.0,191.0,209.0,196.0,224.0,224.0,203.0,235.0,217.0,196.0
7016,VP_002,ftsst,Pause_1,14,194.0,457.0,212.0,145.0,207.0,183.0,202.0,187.0,221.0,221.0,192.0,230.0,211.0,187.0
7017,VP_002,ftsst,Pause_1,15,192.0,455.0,206.0,142.0,203.0,178.0,198.0,141.0,220.0,220.0,187.0,226.0,206.0,97.0
7018,VP_002,ftsst,Pause_1,16,192.0,455.0,207.0,141.0,204.0,180.0,200.0,140.0,221.0,221.0,190.0,230.0,209.0,99.0
7019,VP_002,ftsst,Pause_1,17,197.0,450.0,216.0,135.0,213.0,187.0,208.0,197.0,221.0,222.0,202.0,233.0,212.0,197.0
7020,VP_002,ftsst,Pause_1,18,193.0,444.0,211.0,142.0,209.0,186.0,204.0,189.0,218.0,218.0,199.0,230.0,212.0,189.0
7021,VP_002,ftsst,Pause_1,19,185.0,443.0,202.0,138.0,198.0,173.0,193.0,137.0,215.0,215.0,184.0,222.0,201.0,115.0
7022,VP_002,ftsst,Pause_5,0,274.0,541.0,267.0,240.0,287.0,271.0,280.0,220.0,277.0,270.0,228.0,0.0,286.0,224.0
7023,VP_002,ftsst,Pause_5,1,277.0,543.0,252.0,241.0,289.0,272.0,285.0,216.0,277.0,271.0,235.0,0.0,235.0,89.0
7024,VP_002,ftsst,Pause_5,2,277.0,545.0,262.0,243.0,293.0,273.0,287.0,211.0,279.0,272.0,267.0,107.0,267.0,106.0
7025,VP_002,ftsst,Pause_5,3,275.0,536.0,282.0,243.0,291.0,271.0,284.0,270.0,279.0,273.0,241.0,94.0,285.0,235.0
7026,VP_002,ftsst,Pause_5,4,278.0,533.0,276.0,190.0,291.0,269.0,284.0,219.0,276.0,269.0,282.0,127.0,274.0,126.0
7027,VP_002,ftsst,Pause_5,5,278.0,542.0,285.0,245.0,291.0,272.0,286.0,273.0,278.0,270.0,282.0,273.0,283.0,273.0
7028,VP_002,ftsst,Pause_5,6,282.0,561.0,253.0,247.0,293.0,273.0,289.0,278.0,281.0,273.0,287.0,278.0,281.0,278.0
7029,VP_002,ftsst,Pause_5,7,289.0,571.0,257.0,252.0,299.0,280.0,295.0,215.0,286.0,279.0,231.0,91.0,254.0,90.0
7030,VP_002,ftsst,Pause_5,8,284.0,579.0,259.0,256.0,302.0,283.0,297.0,208.0,290.0,283.0,217.0,72.0,260.0,208.0
7031,VP_002,ftsst,Pause_5,9,288.0,574.0,272.0,254.0,303.0,282.0,295.0,211.0,291.0,284.0,159.0,76.0,274.0,156.0
7032,VP_002,ftsst,Pause_5,10,283.0,572.0,265.0,253.0,300.0,283.0,296.0,208.0,289.0,283.0,163.0,77.0,264.0,159.0
7033,VP_002,ftsst,Pause_5,11,286.0,569.0,276.0,252.0,299.0,281.0,293.0,229.0,288.0,282.0,235.0,0.0,281.0,229.0
7034,VP_002,ftsst,Pause_5,12,286.0,567.0,262.0,251.0,298.0,280.0,293.0,260.0,287.0,281.0,245.0,63.0,256.0,237.0
7035,VP_002,ftsst,Pause_5,13,278.0,557.0,281.0,247.0,296.0,276.0,288.0,193.0,284.0,279.0,239.0,172.0,288.0,171.0
7036,VP_002,ftsst,Pause_5,14,281.0,548.0,256.0,243.0,293.0,275.0,287.0,215.0,281.0,276.0,249.0,0.0,249.0,72.0
7037,VP_002,ftsst,Pause_5,15,279.0,546.0,276.0,245.0,292.0,275.0,287.0,231.0,281.0,274.0,231.0,0.0,283.0,230.0
7038,VP_002,ftsst,Pause_5,16,276.0,545.0,248.0,246.0,291.0,273.0,287.0,220.0,281.0,273.0,239.0,54.0,239.0,53.0
7039,VP_002,ftsst,Prep,0,325.0,750.0,303.0,260.0,344.0,323.0,338.0,232.0,340.0,338.0,336.0,207.0,305.0,207.0
7040,VP_002,ftsst,Prep,1,295.0,735.0,332.0,263.0,344.0,325.0,336.0,263.0,338.0,337.0,287.0,224.0,327.0,223.0
7041,VP_002,ftsst,Prep,2,322.0,689.0,333.0,240.0,338.0,319.0,332.0,303.0,334.0,332.0,289.0,212.0,336.0,283.0
7042,VP_002,ftsst,Prep,3,302.0,704.0,293.0,227.0,326.0,304.0,318.0,304.0,320.0,317.0,317.0,41.0,289.0,270.0
7043,VP_002,ftsst,Prep,4,306.0,714.0,314.0,244.0,326.0,306.0,319.0,243.0,323.0,321.0,309.0,206.0,309.0,206.0
7044,VP_002,ftsst,Prep,5,322.0,695.0,322.0,235.0,332.0,314.0,327.0,235.0,328.0,326.0,325.0,206.0,329.0,205.0
7045,VP_002,ftsst,Prep,6,306.0,740.0,290.0,232.0,329.0,306.0,322.0,213.0,323.0,320.0,320.0,28.0,282.0,164.0
7046,VP_002,ftsst,Prep,7,318.0,760.0,326.0,291.0,339.0,320.0,333.0,277.0,336.0,334.0,321.0,225.0,321.0,224.0
7047,VP_002,ftsst,Prep,8,333.0,739.0,340.0,251.0,345.0,327.0,340.0,308.0,343.0,341.0,337.0,222.0,344.0,288.0
7048,VP_002,ftsst,Prep,9,326.0,755.0,254.0,244.0,343.0,319.0,335.0,318.0,337.0,335.0,334.0,20.0,,293.0
7049,VP_002,ftsst,Prep,10,328.0,720.0,343.0,298.0,342.0,321.0,331.0,255.0,342.0,340.0,345.0,255.0,345.0,255.0
7050,VP_002,ftsst,Prep,11,326.0,650.0,295.0,288.0,334.0,318.0,330.0,213.0,331.0,329.0,272.0,159.0,294.0,158.0
7051,VP_002,ftsst,Prep,12,302.0,628.0,306.0,267.0,314.0,296.0,309.0,250.0,309.0,306.0,299.0,207.0,299.0,206.0
7052,VP_002,ftsst,Prep,13,289.0,609.0,299.0,204.0,303.0,282.0,297.0,282.0,298.0,296.0,293.0,171.0,303.0,254.0
7053,VP_002,ftsst,Prep,14,250.0,617.0,285.0,198.0,296.0,239.0,286.0,184.0,291.0,289.0,256.0,150.0,282.0,150.0
7054,VP_002,ftsst,Prep,15,275.0,665.0,289.0,197.0,296.0,276.0,287.0,261.0,292.0,291.0,246.0,155.0,290.0,239.0
7055,VP_002,ftsst,Prep,16,296.0,758.0,289.0,263.0,311.0,292.0,303.0,251.0,309.0,308.0,287.0,208.0,287.0,207.0
7056,VP_002,ftsst,Prep,17,295.0,732.0,322.0,238.0,341.0,319.0,331.0,319.0,337.0,336.0,294.0,206.0,327.0,289.0
7057,VP_002,ftsst,Prep,18,302.0,749.0,232.0,235.0,335.0,280.0,326.0,300.0,331.0,330.0,321.0,17.0,,300.0
7058,VP_002,ftsst,Prep,19,294.0,777.0,325.0,261.0,339.0,318.0,328.0,260.0,335.0,334.0,326.0,229.0,326.0,229.0
7059,VP_002,ftsst,Prep,20,305.0,722.0,341.0,263.0,349.0,291.0,338.0,297.0,349.0,347.0,302.0,232.0,340.0,297.0
7060,VP_002,ftsst,Prep,21,315.0,687.0,319.0,235.0,333.0,310.0,326.0,212.0,330.0,328.0,321.0,149.0,318.0,149.0
7061,VP_002,ftsst,Prep,22,297.0,670.0,311.0,239.0,318.0,296.0,312.0,238.0,315.0,314.0,308.0,195.0,312.0,195.0
7062,VP_002,ftsst,Prep,23,304.0,669.0,306.0,267.0,315.0,297.0,307.0,254.0,312.0,310.0,300.0,202.0,300.0,202.0
7063,VP_002,ftsst,Prep,24,302.0,637.0,308.0,227.0,316.0,298.0,311.0,227.0,311.0,309.0,309.0,191.0,313.0,191.0
7064,VP_002,ftsst,Prep,25,287.0,633.0,276.0,209.0,308.0,282.0,300.0,201.0,302.0,299.0,299.0,171.0,270.0,171.0
7065,VP_002,ftsst,Prep,26,288.0,642.0,299.0,256.0,303.0,284.0,296.0,227.0,300.0,298.0,245.0,167.0,299.0,167.0
7066,VP_002,ftsst,Prep,27,289.0,692.0,290.0,261.0,308.0,290.0,302.0,227.0,304.0,302.0,284.0,176.0,284.0,175.0
7067,VP_002,ftsst,Prep,28,306.0,666.0,312.0,231.0,322.0,302.0,315.0,231.0,318.0,317.0,273.0,200.0,319.0,199.0
7068,VP_002,ftsst,Prep,29,298.0,716.0,295.0,222.0,315.0,294.0,309.0,221.0,312.0,310.0,305.0,188.0,282.0,187.0
7069,VP_002,ftsst,Prep,30,278.0,719.0,316.0,280.0,329.0,309.0,320.0,248.0,326.0,325.0,314.0,210.0,314.0,209.0
7070,VP_002,ftsst,Prep,31,317.0,687.0,327.0,245.0,332.0,313.0,326.0,245.0,328.0,327.0,281.0,206.0,330.0,205.0
7071,VP_002,ftsst,Prep,32,301.0,700.0,278.0,222.0,321.0,299.0,314.0,176.0,317.0,315.0,316.0,176.0,263.0,176.0
7072,VP_002,ftsst,Prep,33,303.0,685.0,305.0,243.0,322.0,304.0,314.0,242.0,320.0,319.0,265.0,47.0,303.0,196.0
7073,VP_002,ftsst,Prep,34,305.0,637.0,317.0,239.0,320.0,300.0,313.0,287.0,316.0,315.0,273.0,213.0,318.0,266.0
7074,VP_002,ftsst,Prep,35,281.0,614.0,231.0,206.0,308.0,284.0,300.0,202.0,300.0,298.0,302.0,164.0,261.0,163.0
7075,VP_002,ftsst,Prep,36,278.0,608.0,289.0,198.0,295.0,271.0,286.0,271.0,292.0,290.0,250.0,163.0,287.0,244.0
7076,VP_002,ftsst,Prep,37,287.0,607.0,291.0,246.0,296.0,279.0,289.0,240.0,291.0,289.0,243.0,97.0,288.0,240.0
7077,VP_002,ftsst,Prep,38,287.0,618.0,292.0,253.0,296.0,279.0,291.0,259.0,294.0,290.0,245.0,173.0,294.0,241.0
7078,VP_002,ftsst,Prep,39,283.0,635.0,291.0,203.0,297.0,277.0,291.0,277.0,295.0,293.0,251.0,173.0,298.0,241.0
7079,VP_002,ftsst,Prep,40,257.0,668.0,284.0,208.0,303.0,246.0,293.0,251.0,301.0,298.0,261.0,174.0,268.0,251.0
7080,VP_002,ftsst,Prep,41,300.0,755.0,288.0,232.0,312.0,294.0,304.0,232.0,311.0,309.0,261.0,187.0,286.0,186.0
7081,VP_002,ftsst,Talk,1,250.0,473.0,254.0,192.0,257.0,316.0,253.0,-56.0,267.0,252.0,255.0,25.0,265.0,247.0
7082,VP_002,ftsst,Talk,2,249.0,545.0,136.0,169.0,257.0,236.0,253.0,248.0,254.0,248.0,251.0,248.0,,248.0
7083,VP_002,ftsst,Talk,4,326.0,860.0,287.0,312.0,330.0,,324.0,257.0,361.0,360.0,261.0,33.0,291.0,187.0
7084,VP_002,ftsst,Talk,5,339.0,744.0,372.0,311.0,385.0,332.0,355.0,310.0,378.0,376.0,368.0,281.0,368.0,281.0
7085,VP_002,ftsst,Talk,6,307.0,687.0,318.0,301.0,350.0,289.0,334.0,297.0,342.0,338.0,299.0,207.0,331.0,297.0
7086,VP_002,ftsst,Talk,7,288.0,614.0,302.0,252.0,329.0,276.0,315.0,224.0,319.0,317.0,286.0,340.0,241.0,174.0
7087,VP_002,ftsst,Talk,8,263.0,547.0,290.0,232.0,308.0,251.0,293.0,254.0,297.0,293.0,261.0,322.0,295.0,254.0
7088,VP_002,ftsst,Talk,9,229.0,527.0,277.0,258.0,182.0,230.0,262.0,230.0,287.0,276.0,277.0,184.0,277.0,183.0
7089,VP_002,ftsst,Talk,10,227.0,525.0,250.0,162.0,232.0,212.0,239.0,221.0,258.0,257.0,230.0,135.0,244.0,221.0
7090,VP_002,ftsst,Talk,11,257.0,525.0,191.0,207.0,264.0,239.0,263.0,254.0,283.0,269.0,263.0,0.0,258.0,254.0
7091,VP_002,ftsst,Talk,12,226.0,522.0,249.0,227.0,75.0,221.0,248.0,211.0,267.0,263.0,238.0,0.0,226.0,77.0
7092,VP_002,ftsst,Talk,13,230.0,521.0,281.0,234.0,268.0,191.0,258.0,224.0,271.0,264.0,283.0,224.0,283.0,224.0
7093,VP_002,ftsst,Talk,14,243.0,518.0,289.0,231.0,251.0,196.0,246.0,242.0,268.0,263.0,296.0,290.0,296.0,241.0
7094,VP_002,ftsst,Talk,15,228.0,511.0,259.0,168.0,268.0,200.0,257.0,218.0,260.0,258.0,223.0,0.0,,218.0
7095,VP_002,ftsst,Talk,16,222.0,502.0,268.0,214.0,41.0,191.0,238.0,219.0,258.0,255.0,273.0,36.0,273.0,218.0
7096,VP_002,ftsst,Talk,17,245.0,498.0,84.0,180.0,263.0,242.0,230.0,200.0,253.0,251.0,161.0,0.0,,158.0
7097,VP_002,ftsst,Talk,18,250.0,489.0,232.0,207.0,261.0,246.0,208.0,152.0,252.0,250.0,229.0,0.0,229.0,151.0
7098,VP_002,ftsst,Talk,19,256.0,482.0,235.0,215.0,265.0,247.0,256.0,187.0,255.0,250.0,221.0,151.0,221.0,150.0
7099,VP_002,ftsst,Talk,20,241.0,477.0,214.0,157.0,251.0,223.0,244.0,146.0,246.0,244.0,245.0,115.0,245.0,115.0
7100,VP_002,ftsst,Talk,21,237.0,475.0,186.0,149.0,253.0,231.0,249.0,141.0,244.0,242.0,181.0,99.0,181.0,99.0
7101,VP_002,ftsst,Talk,22,216.0,480.0,208.0,177.0,257.0,235.0,248.0,142.0,244.0,242.0,211.0,0.0,211.0,119.0
7102,VP_002,ftsst,Talk,23,211.0,492.0,232.0,199.0,253.0,170.0,224.0,170.0,245.0,243.0,236.0,123.0,236.0,123.0
7103,VP_002,ftsst,Talk,24,251.0,512.0,163.0,168.0,250.0,229.0,150.0,138.0,246.0,245.0,153.0,250.0,,250.0
7104,VP_002,ftsst,Talk,25,245.0,539.0,264.0,260.0,257.0,320.0,251.0,244.0,283.0,265.0,252.0,103.0,271.0,243.0
7105,VP_002,ftsst,Talk,26,227.0,581.0,256.0,225.0,231.0,,233.0,204.0,268.0,266.0,205.0,11.0,256.0,204.0
7106,VP_002,ftsst,Talk,27,232.0,591.0,280.0,233.0,283.0,,251.0,227.0,279.0,278.0,280.0,301.0,280.0,227.0
7107,VP_002,ftsst,Talk,28,243.0,577.0,258.0,252.0,245.0,282.0,251.0,236.0,291.0,287.0,237.0,50.0,255.0,236.0
7108,VP_002,ftsst,Talk,29,230.0,557.0,300.0,252.0,247.0,288.0,247.0,232.0,289.0,283.0,307.0,232.0,307.0,231.0
7109,VP_002,ftsst,Talk,30,272.0,539.0,189.0,244.0,288.0,265.0,281.0,218.0,281.0,276.0,276.0,0.0,,145.0
7110,VP_002,ftsst,Talk,31,267.0,524.0,235.0,239.0,282.0,263.0,277.0,206.0,276.0,270.0,271.0,0.0,271.0,150.0
7111,VP_002,ftsst,Talk,32,267.0,510.0,251.0,222.0,278.0,262.0,273.0,210.0,264.0,261.0,247.0,174.0,247.0,173.0
7112,VP_002,ftsst,Talk,33,224.0,498.0,254.0,198.0,263.0,216.0,247.0,197.0,258.0,255.0,225.0,117.0,250.0,117.0
7113,VP_002,ftsst,Talk,34,215.0,488.0,256.0,209.0,256.0,,235.0,205.0,253.0,250.0,256.0,274.0,256.0,205.0
7114,VP_002,ftsst,Talk,35,212.0,490.0,215.0,168.0,257.0,237.0,249.0,143.0,248.0,246.0,212.0,121.0,212.0,121.0
7115,VP_002,ftsst,Talk,36,251.0,507.0,223.0,214.0,261.0,246.0,255.0,197.0,255.0,251.0,227.0,122.0,227.0,121.0
7116,VP_002,ftsst,Talk,37,253.0,557.0,220.0,210.0,264.0,249.0,220.0,194.0,255.0,253.0,216.0,0.0,216.0,102.0
7117,VP_002,ftsst,Talk,38,231.0,733.0,246.0,231.0,277.0,260.0,240.0,213.0,274.0,272.0,254.0,158.0,254.0,157.0
7118,VP_002,ftsst,Talk,39,295.0,668.0,319.0,258.0,298.0,279.0,303.0,291.0,331.0,330.0,316.0,344.0,316.0,290.0
7119,VP_002,ftsst,Talk,40,273.0,657.0,304.0,268.0,321.0,304.0,281.0,263.0,312.0,310.0,308.0,334.0,308.0,262.0
7120,VP_002,ftsst,Talk,41,302.0,595.0,320.0,295.0,316.0,260.0,307.0,274.0,325.0,314.0,319.0,274.0,319.0,274.0
7121,VP_002,ftsst,Talk,42,294.0,570.0,238.0,255.0,303.0,286.0,302.0,204.0,293.0,288.0,233.0,0.0,233.0,86.0
7122,VP_002,ftsst,Talk,43,278.0,581.0,284.0,205.0,291.0,271.0,288.0,275.0,287.0,280.0,288.0,275.0,247.0,275.0
7123,VP_002,ftsst,Talk,44,240.0,599.0,284.0,250.0,292.0,272.0,276.0,228.0,288.0,283.0,290.0,207.0,290.0,206.0
7124,VP_002,ftsst,Talk,45,249.0,597.0,266.0,248.0,298.0,,279.0,242.0,290.0,287.0,254.0,31.0,266.0,242.0
7125,VP_002,ftsst,Talk,46,252.0,587.0,290.0,253.0,301.0,281.0,263.0,246.0,293.0,288.0,291.0,246.0,291.0,246.0
7126,VP_002,ftsst,Talk,47,246.0,574.0,286.0,244.0,295.0,219.0,266.0,239.0,286.0,283.0,285.0,239.0,285.0,238.0
7127,VP_002,ftsst,Talk,48,280.0,561.0,298.0,203.0,292.0,239.0,285.0,279.0,289.0,282.0,286.0,279.0,296.0,279.0
7128,VP_002,ftsst,Talk,49,239.0,552.0,273.0,202.0,284.0,225.0,270.0,231.0,276.0,273.0,236.0,104.0,266.0,231.0
7129,VP_002,ftsst,Talk,50,240.0,542.0,283.0,237.0,283.0,214.0,259.0,238.0,277.0,272.0,285.0,303.0,285.0,238.0
7130,VP_002,ftsst,Talk,51,212.0,529.0,242.0,193.0,278.0,260.0,266.0,215.0,268.0,266.0,248.0,163.0,248.0,162.0
7131,VP_002,ftsst,Talk,52,260.0,515.0,239.0,228.0,277.0,259.0,273.0,157.0,268.0,264.0,220.0,157.0,220.0,157.0
7132,VP_002,tsst,Math,0,212.0,459.0,231.0,161.0,251.0,187.0,230.0,131.0,238.0,236.0,197.0,263.0,240.0,106.0
7133,VP_002,tsst,Math,1,213.0,457.0,228.0,159.0,245.0,204.0,231.0,159.0,238.0,236.0,216.0,0.0,220.0,122.0
7134,VP_002,tsst,Math,2,208.0,459.0,223.0,155.0,219.0,196.0,220.0,188.0,237.0,235.0,220.0,0.0,220.0,124.0
7135,VP_002,tsst,Math,3,207.0,458.0,221.0,191.0,219.0,198.0,219.0,171.0,237.0,236.0,221.0,0.0,221.0,120.0
7136,VP_002,tsst,Math,4,208.0,457.0,219.0,193.0,216.0,164.0,215.0,164.0,238.0,236.0,221.0,0.0,221.0,106.0
7137,VP_002,tsst,Math,5,215.0,454.0,231.0,183.0,250.0,207.0,230.0,183.0,237.0,235.0,217.0,260.0,232.0,123.0
7138,VP_002,tsst,Math,6,213.0,452.0,235.0,160.0,245.0,206.0,231.0,159.0,234.0,233.0,219.0,258.0,234.0,127.0
7139,VP_002,tsst,Math,7,212.0,452.0,225.0,187.0,246.0,205.0,227.0,170.0,233.0,232.0,222.0,0.0,222.0,127.0
7140,VP_002,tsst,Math,8,207.0,453.0,215.0,190.0,215.0,196.0,216.0,189.0,236.0,234.0,218.0,0.0,218.0,121.0
7141,VP_002,tsst,Math,9,212.0,457.0,215.0,145.0,254.0,172.0,217.0,172.0,238.0,235.0,209.0,0.0,209.0,114.0
7142,VP_002,tsst,Math,10,213.0,459.0,223.0,154.0,255.0,180.0,222.0,180.0,238.0,236.0,227.0,0.0,227.0,124.0
7143,VP_002,tsst,Math,11,212.0,459.0,235.0,155.0,251.0,205.0,232.0,187.0,238.0,236.0,209.0,262.0,237.0,128.0
7144,VP_002,tsst,Math,12,209.0,462.0,227.0,165.0,249.0,202.0,228.0,164.0,238.0,236.0,216.0,0.0,216.0,132.0
7145,VP_002,tsst,Math,13,215.0,466.0,228.0,195.0,251.0,200.0,225.0,142.0,240.0,238.0,232.0,120.0,232.0,119.0
7146,VP_002,tsst,Math,14,212.0,474.0,221.0,192.0,251.0,170.0,223.0,170.0,238.0,237.0,110.0,0.0,227.0,109.0
7147,VP_002,tsst,Math,15,219.0,468.0,232.0,197.0,256.0,212.0,237.0,162.0,244.0,242.0,165.0,0.0,226.0,134.0
7148,VP_002,tsst,Math,16,217.0,460.0,231.0,203.0,253.0,166.0,243.0,166.0,245.0,242.0,232.0,0.0,232.0,92.0
7149,VP_002,tsst,Math,17,183.0,459.0,222.0,195.0,252.0,170.0,224.0,170.0,239.0,237.0,221.0,0.0,221.0,121.0
7150,VP_002,tsst,Math,18,214.0,458.0,226.0,151.0,254.0,185.0,222.0,185.0,239.0,237.0,197.0,0.0,228.0,123.0
7151,VP_002,tsst,Math,19,212.0,455.0,237.0,156.0,248.0,186.0,233.0,186.0,237.0,235.0,196.0,262.0,239.0,129.0
7152,VP_002,tsst,Math,20,213.0,452.0,228.0,152.0,246.0,197.0,229.0,151.0,235.0,234.0,216.0,256.0,223.0,119.0
7153,VP_002,tsst,Math,21,209.0,453.0,229.0,190.0,243.0,170.0,225.0,169.0,235.0,233.0,231.0,0.0,231.0,123.0
7154,VP_002,tsst,Math,22,209.0,456.0,219.0,190.0,-9.0,199.0,217.0,168.0,236.0,234.0,216.0,0.0,216.0,118.0
7155,VP_002,tsst,Math,23,211.0,457.0,222.0,191.0,218.0,199.0,220.0,168.0,237.0,235.0,222.0,0.0,222.0,122.0
7156,VP_002,tsst,Math,24,212.0,458.0,227.0,154.0,249.0,184.0,228.0,184.0,237.0,235.0,193.0,259.0,232.0,114.0
7157,VP_002,tsst,Math,25,212.0,458.0,233.0,155.0,244.0,205.0,230.0,154.0,236.0,235.0,221.0,258.0,230.0,123.0
7158,VP_002,tsst,Math,26,211.0,460.0,228.0,192.0,247.0,168.0,224.0,167.0,237.0,235.0,229.0,129.0,229.0,129.0
7159,VP_002,tsst,Math,27,213.0,465.0,221.0,146.0,251.0,199.0,226.0,186.0,238.0,236.0,219.0,0.0,219.0,117.0
7160,VP_002,tsst,Math,28,212.0,470.0,222.0,151.0,255.0,178.0,225.0,177.0,241.0,239.0,223.0,0.0,223.0,115.0
7161,VP_002,tsst,Math,29,216.0,468.0,233.0,163.0,254.0,196.0,231.0,162.0,241.0,239.0,203.0,264.0,235.0,131.0
7162,VP_002,tsst,Math,30,220.0,464.0,237.0,153.0,251.0,201.0,236.0,180.0,240.0,239.0,238.0,264.0,238.0,125.0
7163,VP_002,tsst,Math,31,212.0,461.0,230.0,188.0,246.0,205.0,231.0,172.0,236.0,235.0,224.0,0.0,224.0,128.0
7164,VP_002,tsst,Math,32,213.0,464.0,229.0,192.0,250.0,202.0,224.0,172.0,238.0,236.0,232.0,122.0,232.0,121.0
7165,VP_002,tsst,Math,33,244.0,465.0,210.0,196.0,256.0,240.0,219.0,170.0,241.0,238.0,205.0,0.0,205.0,121.0
7166,VP_002,tsst,Math,34,214.0,460.0,216.0,188.0,255.0,205.0,238.0,187.0,241.0,239.0,222.0,0.0,222.0,112.0
7167,VP_002,tsst,Math,35,217.0,454.0,237.0,171.0,252.0,209.0,237.0,170.0,239.0,237.0,225.0,263.0,237.0,125.0
7168,VP_002,tsst,Math,36,211.0,448.0,233.0,158.0,253.0,197.0,229.0,157.0,237.0,235.0,213.0,0.0,229.0,115.0
7169,VP_002,tsst,Math,37,214.0,447.0,241.0,149.0,253.0,195.0,231.0,204.0,239.0,235.0,212.0,0.0,242.0,204.0
7170,VP_002,tsst,Math,38,214.0,449.0,240.0,191.0,255.0,208.0,242.0,191.0,241.0,236.0,242.0,159.0,242.0,158.0
7171,VP_002,tsst,Math,39,212.0,447.0,228.0,188.0,255.0,232.0,246.0,151.0,239.0,235.0,230.0,134.0,230.0,133.0
7172,VP_002,tsst,Math,40,240.0,448.0,224.0,191.0,256.0,237.0,246.0,190.0,240.0,235.0,219.0,0.0,219.0,123.0
7173,VP_002,tsst,Math,41,243.0,447.0,218.0,148.0,253.0,235.0,246.0,173.0,239.0,235.0,210.0,0.0,224.0,96.0
7174,VP_002,tsst,Math,42,212.0,443.0,236.0,164.0,249.0,199.0,228.0,164.0,236.0,233.0,203.0,261.0,236.0,105.0
7175,VP_002,tsst,Math,43,216.0,441.0,241.0,156.0,248.0,206.0,232.0,185.0,235.0,232.0,213.0,261.0,240.0,137.0
7176,VP_002,tsst,Math,44,213.0,437.0,234.0,178.0,242.0,206.0,227.0,177.0,231.0,229.0,218.0,256.0,234.0,128.0
7177,VP_002,tsst,Math,45,209.0,438.0,224.0,184.0,-15.0,200.0,216.0,183.0,230.0,228.0,223.0,133.0,223.0,133.0
7178,VP_002,tsst,Math,46,206.0,441.0,220.0,183.0,-16.0,197.0,211.0,139.0,229.0,228.0,219.0,0.0,219.0,139.0
7179,VP_002,tsst,Math,47,206.0,442.0,221.0,181.0,-18.0,199.0,214.0,183.0,228.0,227.0,224.0,137.0,224.0,137.0
7180,VP_002,tsst,Math,48,210.0,443.0,221.0,148.0,219.0,201.0,218.0,166.0,228.0,227.0,220.0,121.0,220.0,121.0
7181,VP_002,tsst,Math,49,212.0,444.0,234.0,153.0,220.0,203.0,221.0,207.0,229.0,228.0,218.0,207.0,230.0,207.0
7182,VP_002,tsst,Math,50,206.0,445.0,202.0,170.0,219.0,200.0,215.0,127.0,223.0,223.0,121.0,48.0,213.0,119.0
7183,VP_002,tsst,Math,51,205.0,444.0,225.0,182.0,220.0,198.0,213.0,198.0,230.0,229.0,171.0,0.0,227.0,170.0
7184,VP_002,tsst,Math,52,209.0,444.0,228.0,147.0,220.0,198.0,217.0,200.0,229.0,228.0,209.0,0.0,225.0,200.0
7185,VP_002,tsst,Math,53,208.0,442.0,188.0,136.0,221.0,201.0,221.0,205.0,228.0,227.0,222.0,205.0,215.0,205.0
7186,VP_002,tsst,Math,54,211.0,439.0,224.0,137.0,226.0,203.0,222.0,134.0,228.0,227.0,220.0,248.0,225.0,98.0
7187,VP_002,tsst,Math,55,210.0,438.0,223.0,141.0,223.0,202.0,220.0,177.0,227.0,226.0,213.0,246.0,219.0,114.0
7188,VP_002,tsst,Math,56,208.0,436.0,221.0,146.0,224.0,200.0,219.0,176.0,225.0,224.0,214.0,245.0,223.0,114.0
7189,VP_002,tsst,Math,57,211.0,434.0,222.0,146.0,227.0,197.0,219.0,145.0,225.0,225.0,210.0,247.0,226.0,115.0
7190,VP_002,tsst,Math,58,203.0,431.0,219.0,149.0,223.0,196.0,215.0,170.0,223.0,223.0,213.0,240.0,213.0,114.0
7191,VP_002,tsst,Math,59,203.0,430.0,211.0,171.0,213.0,193.0,209.0,175.0,222.0,221.0,210.0,117.0,210.0,117.0
7192,VP_002,tsst,Math,60,203.0,430.0,201.0,173.0,-26.0,155.0,189.0,155.0,222.0,222.0,114.0,1.0,208.0,113.0
7193,VP_002,tsst,Math,61,199.0,431.0,211.0,132.0,206.0,183.0,204.0,134.0,225.0,224.0,196.0,0.0,208.0,112.0
7194,VP_002,tsst,Math,62,209.0,431.0,223.0,145.0,220.0,172.0,216.0,172.0,228.0,226.0,183.0,248.0,224.0,120.0
7195,VP_002,tsst,Math,63,204.0,428.0,207.0,150.0,-20.0,190.0,207.0,183.0,226.0,225.0,192.0,0.0,192.0,114.0
7196,VP_002,tsst,Math,64,202.0,432.0,217.0,177.0,-22.0,200.0,211.0,136.0,224.0,223.0,225.0,121.0,225.0,121.0
7197,VP_002,tsst,Math,65,202.0,,208.0,181.0,-16.0,197.0,211.0,180.0,228.0,226.0,96.0,22.0,213.0,22.0
7198,VP_002,tsst,Pause_1,0,210.0,459.0,228.0,143.0,226.0,170.0,223.0,182.0,236.0,235.0,228.0,0.0,228.0,117.0
7199,VP_002,tsst,Pause_1,1,217.0,455.0,230.0,152.0,244.0,178.0,230.0,177.0,238.0,236.0,232.0,0.0,232.0,119.0
7200,VP_002,tsst,Pause_1,2,220.0,454.0,225.0,153.0,245.0,174.0,227.0,174.0,235.0,234.0,225.0,0.0,225.0,117.0
7201,VP_002,tsst,Pause_1,3,179.0,453.0,223.0,189.0,248.0,172.0,222.0,172.0,235.0,234.0,223.0,0.0,223.0,114.0
7202,VP_002,tsst,Pause_1,4,212.0,456.0,219.0,190.0,247.0,206.0,229.0,168.0,236.0,234.0,219.0,0.0,219.0,114.0
7203,VP_002,tsst,Pause_1,5,216.0,460.0,218.0,190.0,245.0,210.0,227.0,165.0,236.0,235.0,215.0,0.0,215.0,119.0
7204,VP_002,tsst,Pause_1,6,178.0,464.0,226.0,151.0,248.0,176.0,229.0,175.0,236.0,235.0,229.0,0.0,229.0,125.0
7205,VP_002,tsst,Pause_1,7,218.0,462.0,237.0,160.0,245.0,205.0,232.0,159.0,237.0,236.0,220.0,260.0,237.0,125.0
7206,VP_002,tsst,Pause_1,8,211.0,459.0,231.0,187.0,241.0,214.0,230.0,200.0,235.0,234.0,179.0,257.0,231.0,176.0
7207,VP_002,tsst,Pause_1,9,221.0,460.0,239.0,157.0,246.0,215.0,237.0,157.0,236.0,235.0,233.0,262.0,239.0,119.0
7208,VP_002,tsst,Pause_1,10,216.0,468.0,233.0,189.0,254.0,208.0,230.0,159.0,236.0,235.0,234.0,0.0,234.0,131.0
7209,VP_002,tsst,Pause_1,11,215.0,472.0,237.0,189.0,256.0,204.0,234.0,188.0,241.0,239.0,236.0,126.0,236.0,125.0
7210,VP_002,tsst,Pause_1,12,223.0,478.0,248.0,195.0,259.0,216.0,242.0,172.0,241.0,240.0,225.0,270.0,248.0,125.0
7211,VP_002,tsst,Pause_1,13,226.0,479.0,252.0,199.0,258.0,222.0,246.0,199.0,244.0,242.0,232.0,272.0,253.0,156.0
7212,VP_002,tsst,Pause_1,14,232.0,478.0,259.0,152.0,261.0,217.0,246.0,226.0,246.0,244.0,230.0,276.0,260.0,226.0
7213,VP_002,tsst,Pause_1,15,224.0,476.0,255.0,159.0,258.0,214.0,243.0,223.0,245.0,243.0,228.0,273.0,254.0,223.0
7214,VP_002,tsst,Pause_1,16,226.0,474.0,245.0,161.0,248.0,219.0,239.0,187.0,243.0,242.0,228.0,267.0,244.0,107.0
7215,VP_002,tsst,Pause_1,17,226.0,473.0,244.0,145.0,243.0,220.0,236.0,176.0,241.0,240.0,227.0,265.0,246.0,121.0
7216,VP_002,tsst,Pause_1,18,219.0,473.0,237.0,147.0,240.0,210.0,232.0,146.0,239.0,238.0,225.0,258.0,234.0,110.0
7217,VP_002,tsst,Pause_1,19,221.0,470.0,236.0,141.0,236.0,211.0,230.0,182.0,238.0,238.0,224.0,257.0,234.0,112.0
7218,VP_002,tsst,Pause_5,1,271.0,506.0,251.0,228.0,282.0,260.0,274.0,155.0,265.0,258.0,273.0,85.0,248.0,84.0
7219,VP_002,tsst,Pause_5,2,267.0,500.0,277.0,180.0,283.0,256.0,275.0,198.0,265.0,259.0,267.0,300.0,280.0,137.0
7220,VP_002,tsst,Pause_5,3,244.0,494.0,278.0,176.0,279.0,229.0,266.0,245.0,261.0,256.0,248.0,295.0,279.0,245.0
7221,VP_002,tsst,Pause_5,4,236.0,490.0,259.0,170.0,277.0,201.0,265.0,200.0,257.0,253.0,233.0,287.0,248.0,132.0
7222,VP_002,tsst,Pause_5,5,251.0,490.0,260.0,169.0,273.0,195.0,263.0,194.0,257.0,252.0,204.0,0.0,264.0,134.0
7223,VP_002,tsst,Pause_5,6,264.0,495.0,247.0,212.0,274.0,253.0,268.0,211.0,258.0,253.0,268.0,0.0,242.0,131.0
7224,VP_002,tsst,Pause_5,7,261.0,500.0,260.0,218.0,279.0,258.0,272.0,189.0,261.0,255.0,269.0,0.0,246.0,130.0
7225,VP_002,tsst,Pause_5,8,273.0,502.0,264.0,226.0,283.0,262.0,273.0,196.0,263.0,256.0,223.0,297.0,271.0,98.0
7226,VP_002,tsst,Pause_5,9,236.0,500.0,271.0,177.0,280.0,228.0,267.0,204.0,263.0,257.0,245.0,294.0,272.0,124.0
7227,VP_002,tsst,Pause_5,10,268.0,502.0,264.0,173.0,278.0,257.0,271.0,194.0,260.0,255.0,201.0,0.0,246.0,126.0
7228,VP_002,tsst,Pause_5,11,265.0,507.0,267.0,227.0,279.0,259.0,273.0,195.0,264.0,257.0,201.0,0.0,273.0,137.0
7229,VP_002,tsst,Pause_5,12,274.0,516.0,251.0,229.0,283.0,265.0,277.0,216.0,265.0,259.0,242.0,0.0,242.0,74.0
7230,VP_002,tsst,Pause_5,13,272.0,519.0,272.0,232.0,287.0,267.0,278.0,252.0,269.0,262.0,230.0,302.0,279.0,225.0
7231,VP_002,tsst,Pause_5,14,244.0,518.0,278.0,215.0,286.0,233.0,274.0,215.0,269.0,263.0,245.0,300.0,278.0,127.0
7232,VP_002,tsst,Pause_5,15,266.0,520.0,272.0,230.0,284.0,262.0,274.0,208.0,267.0,262.0,212.0,131.0,244.0,208.0
7233,VP_002,tsst,Pause_5,16,268.0,525.0,271.0,232.0,284.0,263.0,276.0,204.0,269.0,263.0,225.0,141.0,284.0,141.0
7234,VP_002,tsst,Pause_5,17,272.0,527.0,275.0,235.0,286.0,265.0,278.0,203.0,272.0,265.0,213.0,0.0,289.0,203.0
7235,VP_002,tsst,Pause_5,18,276.0,523.0,263.0,185.0,287.0,266.0,278.0,208.0,271.0,265.0,238.0,0.0,,
7236,VP_002,tsst,Prep,0,227.0,507.0,240.0,192.0,262.0,218.0,249.0,132.0,254.0,252.0,235.0,0.0,264.0,145.0
7237,VP_002,tsst,Prep,1,254.0,515.0,192.0,190.0,264.0,251.0,265.0,146.0,255.0,253.0,149.0,0.0,,
7238,VP_002,tsst,Prep,2,230.0,526.0,199.0,192.0,11.0,224.0,247.0,155.0,256.0,255.0,155.0,2.0,192.0,154.0
7239,VP_002,tsst,Prep,3,231.0,522.0,231.0,208.0,175.0,231.0,258.0,176.0,270.0,265.0,245.0,7.0,245.0,175.0
7240,VP_002,tsst,Prep,4,232.0,532.0,238.0,197.0,269.0,220.0,253.0,197.0,262.0,260.0,237.0,0.0,237.0,163.0
7241,VP_002,tsst,Prep,5,233.0,541.0,246.0,192.0,241.0,223.0,246.0,162.0,260.0,259.0,236.0,0.0,242.0,162.0
7242,VP_002,tsst,Prep,6,236.0,547.0,242.0,200.0,240.0,225.0,243.0,199.0,267.0,265.0,228.0,0.0,243.0,159.0
7243,VP_002,tsst,Prep,7,239.0,542.0,248.0,226.0,244.0,266.0,241.0,195.0,270.0,267.0,195.0,0.0,248.0,194.0
7244,VP_002,tsst,Prep,8,264.0,532.0,250.0,198.0,279.0,259.0,266.0,197.0,268.0,266.0,255.0,0.0,255.0,172.0
7245,VP_002,tsst,Prep,9,234.0,527.0,247.0,194.0,265.0,227.0,251.0,166.0,261.0,260.0,242.0,166.0,236.0,165.0
7246,VP_002,tsst,Prep,10,234.0,529.0,249.0,197.0,272.0,225.0,249.0,167.0,261.0,259.0,238.0,0.0,252.0,166.0
7247,VP_002,tsst,Prep,11,228.0,527.0,238.0,205.0,185.0,225.0,239.0,225.0,269.0,265.0,234.0,0.0,234.0,178.0
7248,VP_002,tsst,Prep,12,227.0,519.0,226.0,196.0,272.0,223.0,260.0,169.0,261.0,259.0,240.0,0.0,240.0,169.0
7249,VP_002,tsst,Prep,13,228.0,515.0,243.0,190.0,266.0,219.0,250.0,189.0,258.0,257.0,231.0,0.0,238.0,154.0
7250,VP_002,tsst,Prep,14,225.0,518.0,231.0,194.0,264.0,221.0,247.0,152.0,255.0,254.0,224.0,0.0,224.0,151.0
7251,VP_002,tsst,Prep,15,226.0,537.0,237.0,199.0,235.0,264.0,236.0,171.0,261.0,258.0,173.0,0.0,237.0,170.0
7252,VP_002,tsst,Prep,16,235.0,537.0,235.0,209.0,278.0,228.0,245.0,177.0,263.0,262.0,179.0,2.0,242.0,176.0
7253,VP_002,tsst,Prep,17,234.0,542.0,252.0,186.0,237.0,219.0,242.0,223.0,266.0,264.0,227.0,0.0,252.0,223.0
7254,VP_002,tsst,Prep,18,235.0,551.0,245.0,208.0,241.0,226.0,241.0,225.0,264.0,263.0,240.0,0.0,240.0,184.0
7255,VP_002,tsst,Prep,19,237.0,560.0,251.0,205.0,245.0,229.0,247.0,205.0,271.0,269.0,235.0,0.0,252.0,167.0
7256,VP_002,tsst,Prep,20,241.0,558.0,248.0,216.0,251.0,277.0,253.0,176.0,276.0,273.0,249.0,0.0,249.0,175.0
7257,VP_002,tsst,Prep,21,269.0,542.0,244.0,202.0,283.0,265.0,275.0,202.0,272.0,270.0,250.0,0.0,250.0,174.0
7258,VP_002,tsst,Prep,22,236.0,526.0,229.0,184.0,275.0,224.0,250.0,139.0,263.0,262.0,140.0,78.0,212.0,139.0
7259,VP_002,tsst,Prep,23,233.0,527.0,244.0,199.0,240.0,227.0,249.0,157.0,263.0,261.0,239.0,0.0,242.0,156.0
7260,VP_002,tsst,Prep,24,230.0,515.0,241.0,205.0,184.0,229.0,250.0,178.0,266.0,262.0,247.0,178.0,247.0,178.0
7261,VP_002,tsst,Prep,25,231.0,508.0,249.0,191.0,268.0,221.0,252.0,227.0,259.0,256.0,235.0,0.0,253.0,227.0
7262,VP_002,tsst,Prep,26,225.0,504.0,232.0,200.0,263.0,215.0,229.0,214.0,252.0,251.0,224.0,0.0,224.0,176.0
7263,VP_002,tsst,Prep,27,223.0,508.0,226.0,190.0,263.0,219.0,246.0,146.0,253.0,251.0,225.0,0.0,225.0,146.0
7264,VP_002,tsst,Prep,28,225.0,505.0,232.0,198.0,182.0,220.0,238.0,219.0,261.0,257.0,235.0,5.0,235.0,174.0
7265,VP_002,tsst,Prep,29,224.0,502.0,212.0,191.0,266.0,217.0,239.0,156.0,253.0,252.0,219.0,0.0,219.0,156.0
7266,VP_002,tsst,Prep,30,225.0,501.0,217.0,189.0,261.0,217.0,246.0,139.0,251.0,250.0,241.0,0.0,212.0,117.0
7267,VP_002,tsst,Prep,31,221.0,514.0,222.0,193.0,260.0,217.0,244.0,154.0,248.0,247.0,214.0,0.0,214.0,154.0
7268,VP_002,tsst,Prep,32,227.0,539.0,240.0,196.0,235.0,220.0,238.0,162.0,255.0,254.0,230.0,0.0,242.0,127.0
7269,VP_002,tsst,Prep,33,238.0,575.0,249.0,208.0,244.0,230.0,246.0,229.0,273.0,268.0,252.0,0.0,252.0,181.0
7270,VP_002,tsst,Prep,34,247.0,564.0,237.0,209.0,289.0,239.0,264.0,179.0,276.0,275.0,249.0,0.0,233.0,178.0
7271,VP_002,tsst,Prep,35,244.0,548.0,248.0,211.0,282.0,236.0,263.0,210.0,272.0,271.0,247.0,0.0,244.0,170.0
7272,VP_002,tsst,Prep,36,239.0,546.0,248.0,203.0,247.0,232.0,251.0,165.0,266.0,265.0,244.0,103.0,247.0,164.0
7273,VP_002,tsst,Prep,37,238.0,542.0,250.0,207.0,245.0,231.0,249.0,207.0,273.0,269.0,250.0,0.0,250.0,168.0
7274,VP_002,tsst,Prep,38,239.0,528.0,245.0,201.0,281.0,230.0,254.0,174.0,267.0,265.0,241.0,0.0,247.0,174.0
7275,VP_002,tsst,Prep,39,233.0,519.0,242.0,188.0,271.0,222.0,255.0,226.0,262.0,260.0,239.0,0.0,246.0,226.0
7276,VP_002,tsst,Prep,40,230.0,509.0,248.0,193.0,265.0,223.0,251.0,163.0,255.0,254.0,239.0,0.0,239.0,162.0
7277,VP_002,tsst,Prep,41,224.0,516.0,232.0,197.0,181.0,219.0,232.0,163.0,252.0,251.0,234.0,0.0,234.0,163.0
7278,VP_002,tsst,Prep,42,230.0,534.0,238.0,198.0,238.0,224.0,241.0,158.0,258.0,256.0,233.0,0.0,237.0,158.0
7279,VP_002,tsst,Prep,43,236.0,527.0,216.0,199.0,277.0,230.0,264.0,163.0,265.0,263.0,222.0,0.0,222.0,163.0
7280,VP_002,tsst,Prep,44,232.0,522.0,246.0,193.0,269.0,223.0,249.0,225.0,259.0,258.0,234.0,0.0,247.0,225.0
7281,VP_002,tsst,Prep,45,232.0,524.0,244.0,197.0,262.0,224.0,246.0,167.0,256.0,255.0,233.0,0.0,240.0,166.0
7282,VP_002,tsst,Prep,46,231.0,538.0,244.0,195.0,241.0,222.0,239.0,195.0,258.0,257.0,231.0,0.0,243.0,153.0
7283,VP_002,tsst,Prep,47,234.0,544.0,254.0,201.0,246.0,227.0,247.0,201.0,263.0,262.0,237.0,0.0,256.0,157.0
7284,VP_002,tsst,Prep,48,239.0,536.0,225.0,206.0,276.0,233.0,261.0,234.0,267.0,265.0,248.0,0.0,220.0,234.0
7285,VP_002,tsst,Prep,49,234.0,531.0,252.0,198.0,272.0,226.0,256.0,198.0,264.0,263.0,233.0,170.0,255.0,170.0
7286,VP_002,tsst,Prep,50,231.0,526.0,247.0,193.0,264.0,223.0,246.0,193.0,258.0,258.0,232.0,164.0,242.0,163.0
7287,VP_002,tsst,Prep,51,230.0,529.0,244.0,197.0,240.0,224.0,244.0,161.0,258.0,257.0,236.0,0.0,244.0,160.0
7288,VP_002,tsst,Prep,52,232.0,529.0,244.0,203.0,243.0,227.0,244.0,172.0,261.0,260.0,247.0,0.0,247.0,171.0
7289,VP_002,tsst,Prep,53,230.0,524.0,239.0,198.0,272.0,224.0,255.0,198.0,260.0,259.0,238.0,0.0,238.0,166.0
7290,VP_002,tsst,Prep,54,231.0,520.0,247.0,193.0,266.0,221.0,246.0,225.0,258.0,257.0,233.0,0.0,252.0,225.0
7291,VP_002,tsst,Prep,55,228.0,,243.0,197.0,262.0,221.0,239.0,164.0,255.0,254.0,227.0,0.0,227.0,163.0
7292,VP_002,tsst,Talk,1,194.0,406.0,209.0,160.0,205.0,184.0,196.0,99.0,211.0,211.0,209.0,226.0,209.0,126.0
7293,VP_002,tsst,Talk,2,194.0,407.0,208.0,160.0,205.0,186.0,196.0,126.0,211.0,211.0,211.0,226.0,211.0,123.0
7294,VP_002,tsst,Talk,3,195.0,411.0,209.0,163.0,207.0,186.0,198.0,152.0,213.0,213.0,209.0,228.0,209.0,119.0
7295,VP_002,tsst,Talk,4,197.0,418.0,209.0,163.0,209.0,193.0,203.0,128.0,214.0,214.0,208.0,0.0,208.0,126.0
7296,VP_002,tsst,Talk,5,201.0,428.0,215.0,168.0,209.0,188.0,198.0,145.0,218.0,217.0,215.0,145.0,215.0,145.0
7297,VP_002,tsst,Talk,6,194.0,441.0,219.0,145.0,-23.0,170.0,204.0,170.0,224.0,223.0,179.0,126.0,219.0,125.0
7298,VP_002,tsst,Talk,7,200.0,448.0,214.0,144.0,214.0,183.0,207.0,144.0,223.0,223.0,195.0,0.0,213.0,111.0
7299,VP_002,tsst,Talk,8,200.0,457.0,217.0,123.0,217.0,158.0,205.0,167.0,225.0,225.0,171.0,239.0,220.0,167.0
7300,VP_002,tsst,Talk,9,203.0,464.0,210.0,176.0,220.0,,213.0,125.0,228.0,228.0,124.0,0.0,204.0,
7301,VP_002,tsst,Talk,10,207.0,466.0,221.0,132.0,220.0,,214.0,160.0,232.0,232.0,199.0,68.0,222.0,67.0
7302,VP_002,tsst,Talk,11,186.0,466.0,226.0,153.0,224.0,172.0,216.0,178.0,232.0,232.0,187.0,0.0,225.0,178.0
7303,VP_002,tsst,Talk,12,208.0,464.0,226.0,139.0,228.0,173.0,219.0,180.0,233.0,233.0,190.0,250.0,226.0,180.0
7304,VP_002,tsst,Talk,13,214.0,458.0,228.0,161.0,228.0,197.0,220.0,160.0,231.0,231.0,208.0,249.0,230.0,133.0
7305,VP_002,tsst,Talk,14,185.0,453.0,223.0,146.0,229.0,176.0,217.0,145.0,228.0,228.0,188.0,245.0,221.0,103.0
7306,VP_002,tsst,Talk,15,206.0,454.0,218.0,140.0,216.0,163.0,210.0,162.0,228.0,228.0,218.0,0.0,218.0,119.0
7307,VP_002,tsst,Talk,16,209.0,453.0,216.0,176.0,223.0,,212.0,155.0,228.0,228.0,216.0,242.0,216.0,104.0
7308,VP_002,tsst,Talk,17,180.0,453.0,217.0,145.0,225.0,168.0,215.0,167.0,228.0,228.0,216.0,242.0,216.0,111.0
7309,VP_002,tsst,Talk,18,206.0,453.0,221.0,130.0,222.0,177.0,215.0,183.0,229.0,229.0,198.0,245.0,225.0,183.0
7310,VP_002,tsst,Talk,19,206.0,449.0,225.0,148.0,227.0,192.0,219.0,197.0,228.0,228.0,211.0,245.0,222.0,197.0
7311,VP_002,tsst,Talk,20,203.0,448.0,218.0,133.0,220.0,166.0,212.0,166.0,226.0,226.0,173.0,241.0,218.0,108.0
7312,VP_002,tsst,Talk,21,209.0,445.0,215.0,143.0,222.0,175.0,212.0,142.0,226.0,226.0,216.0,241.0,216.0,97.0
7313,VP_002,tsst,Talk,22,206.0,445.0,217.0,141.0,222.0,170.0,214.0,169.0,225.0,225.0,203.0,240.0,213.0,91.0
7314,VP_002,tsst,Talk,23,209.0,443.0,221.0,156.0,224.0,183.0,215.0,155.0,227.0,226.0,197.0,244.0,223.0,111.0
7315,VP_002,tsst,Talk,24,209.0,439.0,225.0,149.0,225.0,199.0,218.0,148.0,224.0,224.0,211.0,244.0,227.0,102.0
7316,VP_002,tsst,Talk,25,200.0,436.0,218.0,148.0,223.0,170.0,213.0,169.0,222.0,222.0,213.0,239.0,213.0,115.0
7317,VP_002,tsst,Talk,26,180.0,440.0,214.0,127.0,217.0,159.0,205.0,158.0,222.0,222.0,167.0,0.0,213.0,107.0
7318,VP_002,tsst,Talk,27,178.0,449.0,212.0,136.0,-28.0,164.0,207.0,164.0,223.0,223.0,216.0,0.0,216.0,105.0
7319,VP_002,tsst,Talk,28,205.0,455.0,208.0,178.0,-15.0,194.0,209.0,128.0,228.0,228.0,151.0,0.0,195.0,113.0
7320,VP_002,tsst,Talk,29,198.0,457.0,222.0,183.0,217.0,162.0,213.0,161.0,232.0,231.0,225.0,249.0,225.0,105.0
7321,VP_002,tsst,Talk,30,211.0,454.0,218.0,178.0,226.0,203.0,220.0,165.0,229.0,229.0,213.0,246.0,216.0,104.0
7322,VP_002,tsst,Talk,31,213.0,447.0,230.0,145.0,230.0,203.0,223.0,174.0,228.0,228.0,217.0,249.0,231.0,125.0
7323,VP_002,tsst,Talk,32,207.0,444.0,229.0,145.0,225.0,199.0,219.0,172.0,227.0,227.0,208.0,247.0,229.0,124.0
7324,VP_002,tsst,Talk,33,207.0,442.0,221.0,139.0,216.0,162.0,210.0,162.0,226.0,226.0,165.0,121.0,218.0,121.0
7325,VP_002,tsst,Talk,34,206.0,445.0,217.0,167.0,220.0,194.0,213.0,166.0,225.0,225.0,218.0,0.0,218.0,94.0
7326,VP_002,tsst,Talk,35,202.0,451.0,224.0,179.0,219.0,193.0,213.0,160.0,228.0,228.0,226.0,245.0,226.0,120.0
7327,VP_002,tsst,Talk,36,202.0,457.0,216.0,137.0,220.0,167.0,214.0,166.0,229.0,228.0,180.0,0.0,206.0,110.0
7328,VP_002,tsst,Talk,37,208.0,459.0,226.0,142.0,222.0,198.0,219.0,170.0,233.0,232.0,205.0,252.0,229.0,108.0
7329,VP_002,tsst,Talk,38,216.0,452.0,235.0,144.0,233.0,206.0,226.0,211.0,233.0,232.0,218.0,254.0,237.0,211.0
7330,VP_002,tsst,Talk,39,211.0,448.0,227.0,154.0,228.0,200.0,221.0,154.0,229.0,229.0,214.0,248.0,223.0,71.0
7331,VP_002,tsst,Talk,40,204.0,446.0,221.0,144.0,225.0,173.0,217.0,173.0,228.0,227.0,223.0,245.0,223.0,118.0
7332,VP_002,tsst,Talk,41,202.0,445.0,217.0,141.0,221.0,195.0,215.0,165.0,228.0,227.0,217.0,0.0,217.0,108.0
7333,VP_002,tsst,Talk,42,206.0,443.0,217.0,179.0,221.0,167.0,214.0,166.0,228.0,228.0,214.0,0.0,214.0,119.0
7334,VP_002,tsst,Talk,43,203.0,444.0,222.0,146.0,223.0,186.0,217.0,146.0,228.0,227.0,202.0,248.0,223.0,116.0
7335,VP_002,tsst,Talk,44,209.0,439.0,232.0,152.0,219.0,197.0,219.0,209.0,228.0,227.0,211.0,250.0,233.0,209.0
7336,VP_002,tsst,Talk,45,207.0,437.0,227.0,160.0,223.0,195.0,216.0,159.0,227.0,226.0,206.0,246.0,230.0,112.0
7337,VP_002,tsst,Talk,46,203.0,438.0,214.0,176.0,223.0,199.0,210.0,145.0,225.0,225.0,147.0,0.0,202.0,144.0
7338,VP_002,tsst,Talk,47,200.0,441.0,210.0,137.0,-21.0,167.0,208.0,166.0,226.0,225.0,110.0,0.0,211.0,108.0
7339,VP_002,tsst,Talk,48,201.0,446.0,217.0,181.0,210.0,158.0,210.0,157.0,228.0,227.0,219.0,0.0,219.0,105.0
7340,VP_002,tsst,Talk,49,210.0,449.0,225.0,151.0,235.0,201.0,223.0,177.0,229.0,228.0,213.0,250.0,226.0,111.0
7341,VP_002,tsst,Talk,50,214.0,445.0,230.0,140.0,232.0,204.0,221.0,203.0,229.0,229.0,182.0,251.0,230.0,181.0
7342,VP_002,tsst,Talk,51,209.0,445.0,225.0,140.0,232.0,201.0,223.0,173.0,228.0,227.0,213.0,248.0,223.0,115.0
7343,VP_002,tsst,Talk,52,206.0,447.0,221.0,181.0,232.0,165.0,217.0,165.0,229.0,228.0,168.0,0.0,221.0,118.0
7344,VP_002,tsst,Talk,53,203.0,448.0,210.0,181.0,217.0,163.0,211.0,163.0,229.0,228.0,209.0,0.0,209.0,102.0
7345,VP_002,tsst,Talk,54,206.0,449.0,208.0,133.0,-17.0,166.0,214.0,165.0,230.0,229.0,179.0,0.0,209.0,
7346,VP_002,tsst,Talk,55,206.0,445.0,221.0,183.0,241.0,164.0,220.0,169.0,231.0,230.0,175.0,0.0,228.0,169.0
7347,VP_002,tsst,Talk,56,182.0,437.0,218.0,135.0,241.0,167.0,221.0,174.0,230.0,229.0,181.0,0.0,204.0,174.0
7348,VP_002,tsst,Talk,57,178.0,433.0,208.0,142.0,244.0,169.0,217.0,169.0,228.0,227.0,172.0,0.0,207.0,103.0
7349,VP_002,tsst,Talk,58,178.0,431.0,219.0,184.0,240.0,165.0,228.0,165.0,229.0,227.0,110.0,254.0,228.0,110.0
7350,VP_002,tsst,Talk,59,205.0,428.0,213.0,147.0,235.0,167.0,220.0,167.0,225.0,224.0,210.0,0.0,210.0,114.0
7351,VP_002,tsst,Talk,60,200.0,427.0,208.0,175.0,-24.0,,211.0,134.0,223.0,222.0,114.0,0.0,208.0,113.0
7352,VP_002,tsst,Talk,61,203.0,429.0,204.0,177.0,-22.0,161.0,202.0,160.0,224.0,223.0,108.0,0.0,200.0,107.0
7353,VP_002,tsst,Talk,62,201.0,432.0,209.0,129.0,-21.0,160.0,207.0,160.0,225.0,224.0,206.0,0.0,206.0,106.0
7354,VP_002,tsst,Talk,63,204.0,434.0,213.0,143.0,-20.0,176.0,213.0,175.0,226.0,225.0,216.0,0.0,216.0,120.0
7355,VP_002,tsst,Talk,64,181.0,431.0,218.0,153.0,-20.0,176.0,212.0,175.0,225.0,224.0,225.0,247.0,225.0,134.0
7356,VP_002,tsst,Talk,65,203.0,431.0,221.0,177.0,-22.0,160.0,212.0,160.0,225.0,224.0,221.0,245.0,221.0,118.0
7357,VP_002,tsst,Talk,66,196.0,433.0,214.0,176.0,-22.0,159.0,210.0,158.0,224.0,223.0,188.0,0.0,188.0,122.0
7358,VP_003,ftsst,Math,0,359.0,804.0,36.0,-85.0,-189.0,,-3.0,370.0,167.0,-166.0,37.0,-10.0,,
7359,VP_003,ftsst,Math,1,364.0,754.0,363.0,331.0,375.0,356.0,369.0,339.0,368.0,362.0,321.0,393.0,352.0,314.0
7360,VP_003,ftsst,Math,2,341.0,718.0,371.0,273.0,360.0,342.0,348.0,341.0,343.0,341.0,376.0,314.0,376.0,313.0
7361,VP_003,ftsst,Math,3,335.0,644.0,351.0,302.0,350.0,328.0,342.0,328.0,339.0,332.0,343.0,296.0,343.0,296.0
7362,VP_003,ftsst,Math,4,277.0,647.0,319.0,227.0,322.0,259.0,308.0,275.0,313.0,306.0,276.0,132.0,323.0,275.0
7363,VP_003,ftsst,Math,5,311.0,684.0,317.0,221.0,322.0,302.0,315.0,285.0,310.0,305.0,269.0,1.0,311.0,267.0
7364,VP_003,ftsst,Math,6,317.0,763.0,328.0,284.0,330.0,310.0,323.0,292.0,323.0,319.0,330.0,256.0,330.0,256.0
7365,VP_003,ftsst,Math,7,344.0,821.0,351.0,271.0,356.0,296.0,344.0,309.0,347.0,344.0,351.0,373.0,351.0,309.0
7366,VP_003,ftsst,Math,8,366.0,875.0,378.0,279.0,378.0,355.0,368.0,354.0,369.0,365.0,377.0,396.0,377.0,329.0
7367,VP_003,ftsst,Math,9,385.0,838.0,404.0,354.0,398.0,339.0,388.0,354.0,392.0,387.0,403.0,418.0,403.0,354.0
7368,VP_003,ftsst,Math,10,364.0,853.0,398.0,321.0,390.0,342.0,376.0,342.0,379.0,374.0,401.0,414.0,401.0,302.0
7369,VP_003,ftsst,Math,11,350.0,800.0,399.0,348.0,393.0,369.0,379.0,369.0,385.0,380.0,394.0,412.0,394.0,345.0
7370,VP_003,ftsst,Math,12,325.0,880.0,357.0,270.0,373.0,304.0,356.0,317.0,361.0,358.0,320.0,387.0,362.0,317.0
7371,VP_003,ftsst,Math,13,381.0,893.0,396.0,320.0,396.0,340.0,384.0,356.0,387.0,385.0,397.0,414.0,397.0,355.0
7372,VP_003,ftsst,Math,14,354.0,876.0,399.0,348.0,403.0,332.0,370.0,348.0,392.0,389.0,398.0,348.0,398.0,347.0
7373,VP_003,ftsst,Math,15,370.0,823.0,398.0,318.0,396.0,351.0,386.0,369.0,386.0,384.0,374.0,415.0,400.0,369.0
7374,VP_003,ftsst,Math,16,339.0,787.0,375.0,288.0,386.0,322.0,362.0,338.0,374.0,369.0,370.0,400.0,370.0,338.0
7375,VP_003,ftsst,Math,17,357.0,736.0,302.0,293.0,370.0,345.0,366.0,357.0,356.0,353.0,364.0,387.0,371.0,357.0
7376,VP_003,ftsst,Math,18,279.0,685.0,337.0,314.0,288.0,343.0,296.0,277.0,354.0,343.0,326.0,277.0,326.0,276.0
7377,VP_003,ftsst,Math,19,292.0,636.0,369.0,312.0,289.0,331.0,299.0,289.0,340.0,326.0,381.0,378.0,381.0,289.0
7378,VP_003,ftsst,Math,20,248.0,636.0,298.0,268.0,280.0,,276.0,246.0,307.0,303.0,287.0,246.0,287.0,245.0
7379,VP_003,ftsst,Math,21,301.0,650.0,326.0,239.0,316.0,295.0,311.0,238.0,311.0,305.0,309.0,341.0,328.0,187.0
7380,VP_003,ftsst,Math,22,308.0,645.0,330.0,251.0,323.0,304.0,318.0,268.0,313.0,308.0,330.0,346.0,330.0,232.0
7381,VP_003,ftsst,Math,23,282.0,737.0,313.0,222.0,320.0,270.0,301.0,278.0,309.0,305.0,282.0,336.0,314.0,278.0
7382,VP_003,ftsst,Math,24,296.0,817.0,333.0,289.0,344.0,324.0,310.0,273.0,335.0,333.0,239.0,357.0,331.0,238.0
7383,VP_003,ftsst,Math,25,358.0,948.0,361.0,325.0,374.0,353.0,363.0,317.0,367.0,364.0,364.0,390.0,364.0,316.0
7384,VP_003,ftsst,Math,26,408.0,972.0,402.0,367.0,419.0,399.0,407.0,356.0,411.0,408.0,401.0,432.0,401.0,356.0
7385,VP_003,ftsst,Math,27,416.0,919.0,428.0,377.0,429.0,407.0,416.0,407.0,420.0,417.0,427.0,446.0,427.0,376.0
7386,VP_003,ftsst,Math,28,376.0,860.0,426.0,368.0,414.0,,402.0,377.0,407.0,402.0,426.0,439.0,426.0,376.0
7387,VP_003,ftsst,Math,29,376.0,771.0,376.0,306.0,393.0,373.0,384.0,330.0,383.0,379.0,335.0,408.0,375.0,282.0
7388,VP_003,ftsst,Math,30,352.0,777.0,369.0,312.0,366.0,344.0,357.0,344.0,353.0,349.0,369.0,385.0,369.0,314.0
7389,VP_003,ftsst,Math,31,349.0,787.0,367.0,265.0,365.0,304.0,355.0,333.0,355.0,351.0,368.0,386.0,368.0,332.0
7390,VP_003,ftsst,Math,32,355.0,731.0,357.0,314.0,367.0,347.0,357.0,332.0,356.0,353.0,350.0,381.0,350.0,306.0
7391,VP_003,ftsst,Math,33,336.0,724.0,347.0,303.0,351.0,328.0,342.0,328.0,341.0,336.0,348.0,370.0,348.0,295.0
7392,VP_003,ftsst,Math,34,331.0,702.0,342.0,253.0,347.0,325.0,339.0,324.0,336.0,332.0,342.0,364.0,342.0,298.0
7393,VP_003,ftsst,Math,35,295.0,724.0,329.0,240.0,344.0,275.0,312.0,290.0,329.0,325.0,331.0,290.0,331.0,289.0
7394,VP_003,ftsst,Math,36,329.0,776.0,341.0,293.0,346.0,327.0,337.0,285.0,335.0,331.0,335.0,285.0,335.0,284.0
7395,VP_003,ftsst,Pause_1,0,306.0,662.0,325.0,228.0,327.0,266.0,310.0,298.0,316.0,312.0,327.0,346.0,327.0,284.0
7396,VP_003,ftsst,Pause_1,1,286.0,634.0,319.0,238.0,333.0,263.0,308.0,274.0,315.0,311.0,321.0,345.0,321.0,273.0
7397,VP_003,ftsst,Pause_1,2,269.0,667.0,309.0,223.0,322.0,254.0,290.0,268.0,304.0,300.0,309.0,332.0,309.0,267.0
7398,VP_003,ftsst,Pause_1,3,296.0,1030.0,322.0,272.0,318.0,239.0,308.0,253.0,314.0,311.0,321.0,340.0,321.0,253.0
7399,VP_003,ftsst,Pause_1,4,424.0,1001.0,438.0,350.0,438.0,385.0,426.0,401.0,433.0,433.0,441.0,455.0,441.0,400.0
7400,VP_003,ftsst,Pause_1,5,424.0,990.0,419.0,393.0,435.0,416.0,427.0,365.0,433.0,429.0,377.0,449.0,406.0,305.0
7401,VP_003,ftsst,Pause_1,6,423.0,823.0,426.0,391.0,434.0,415.0,426.0,398.0,430.0,426.0,378.0,450.0,427.0,371.0
7402,VP_003,ftsst,Pause_1,7,372.0,752.0,382.0,338.0,383.0,364.0,376.0,346.0,375.0,369.0,383.0,403.0,383.0,325.0
7403,VP_003,ftsst,Pause_1,8,342.0,679.0,353.0,310.0,357.0,336.0,347.0,335.0,348.0,343.0,354.0,375.0,354.0,302.0
7404,VP_003,ftsst,Pause_1,9,284.0,655.0,326.0,284.0,335.0,260.0,318.0,279.0,323.0,318.0,324.0,351.0,324.0,278.0
7405,VP_003,ftsst,Pause_1,10,273.0,653.0,313.0,273.0,321.0,252.0,306.0,261.0,313.0,308.0,264.0,340.0,317.0,261.0
7406,VP_003,ftsst,Pause_1,11,261.0,746.0,312.0,269.0,316.0,244.0,301.0,257.0,311.0,307.0,309.0,333.0,309.0,257.0
7407,VP_003,ftsst,Pause_5,0,331.0,779.0,375.0,280.0,376.0,313.0,361.0,343.0,362.0,355.0,374.0,394.0,374.0,329.0
7408,VP_003,ftsst,Pause_5,1,348.0,774.0,384.0,293.0,388.0,323.0,372.0,343.0,367.0,357.0,384.0,343.0,384.0,342.0
7409,VP_003,ftsst,Pause_5,2,356.0,891.0,369.0,324.0,372.0,347.0,363.0,346.0,360.0,353.0,369.0,69.0,369.0,314.0
7410,VP_003,ftsst,Pause_5,3,396.0,1024.0,408.0,360.0,410.0,390.0,401.0,371.0,398.0,393.0,408.0,427.0,408.0,352.0
7411,VP_003,ftsst,Pause_5,4,441.0,1032.0,454.0,407.0,455.0,435.0,447.0,434.0,444.0,439.0,455.0,474.0,455.0,401.0
7412,VP_003,ftsst,Pause_5,5,442.0,1054.0,454.0,408.0,459.0,436.0,449.0,422.0,446.0,441.0,453.0,476.0,453.0,400.0
7413,VP_003,ftsst,Pause_5,6,456.0,1021.0,468.0,419.0,468.0,443.0,459.0,443.0,456.0,450.0,468.0,487.0,468.0,416.0
7414,VP_003,ftsst,Pause_5,7,447.0,1001.0,454.0,407.0,457.0,434.0,447.0,434.0,444.0,438.0,454.0,474.0,454.0,402.0
7415,VP_003,ftsst,Pause_5,8,435.0,934.0,449.0,400.0,452.0,427.0,442.0,426.0,437.0,431.0,450.0,469.0,450.0,397.0
7416,VP_003,ftsst,Pause_5,9,422.0,830.0,436.0,385.0,434.0,409.0,424.0,408.0,418.0,410.0,435.0,453.0,435.0,379.0
7417,VP_003,ftsst,Prep,0,390.0,897.0,409.0,361.0,411.0,388.0,401.0,249.0,399.0,394.0,408.0,429.0,408.0,355.0
7418,VP_003,ftsst,Prep,1,396.0,1004.0,405.0,361.0,410.0,389.0,401.0,372.0,399.0,394.0,406.0,427.0,406.0,351.0
7419,VP_003,ftsst,Prep,2,436.0,919.0,442.0,395.0,446.0,425.0,436.0,425.0,435.0,430.0,442.0,463.0,442.0,393.0
7420,VP_003,ftsst,Prep,3,406.0,855.0,415.0,370.0,420.0,352.0,406.0,366.0,408.0,403.0,414.0,437.0,414.0,365.0
7421,VP_003,ftsst,Prep,4,377.0,863.0,392.0,345.0,396.0,375.0,387.0,374.0,384.0,379.0,392.0,413.0,392.0,341.0
7422,VP_003,ftsst,Prep,5,384.0,890.0,395.0,350.0,398.0,376.0,388.0,376.0,388.0,383.0,395.0,417.0,395.0,346.0
7423,VP_003,ftsst,Prep,6,364.0,943.0,402.0,317.0,409.0,343.0,392.0,357.0,396.0,391.0,402.0,425.0,402.0,356.0
7424,VP_003,ftsst,Prep,7,408.0,950.0,420.0,375.0,424.0,402.0,414.0,401.0,414.0,410.0,420.0,442.0,420.0,375.0
7425,VP_003,ftsst,Prep,8,412.0,864.0,431.0,330.0,432.0,405.0,418.0,404.0,417.0,412.0,431.0,449.0,431.0,380.0
7426,VP_003,ftsst,Prep,9,383.0,940.0,396.0,349.0,400.0,372.0,388.0,372.0,387.0,382.0,398.0,417.0,398.0,343.0
7427,VP_003,ftsst,Prep,10,412.0,808.0,423.0,374.0,425.0,404.0,415.0,403.0,413.0,409.0,423.0,442.0,423.0,372.0
7428,VP_003,ftsst,Prep,11,339.0,800.0,378.0,335.0,391.0,300.0,368.0,327.0,371.0,365.0,379.0,404.0,379.0,327.0
7429,VP_003,ftsst,Prep,12,362.0,761.0,370.0,275.0,376.0,353.0,366.0,353.0,364.0,359.0,369.0,392.0,369.0,325.0
7430,VP_003,ftsst,Prep,13,353.0,730.0,363.0,316.0,366.0,347.0,359.0,311.0,353.0,347.0,363.0,384.0,363.0,310.0
7431,VP_003,ftsst,Prep,14,313.0,928.0,349.0,309.0,363.0,294.0,350.0,307.0,344.0,337.0,350.0,127.0,350.0,307.0
7432,VP_003,ftsst,Prep,15,403.0,834.0,411.0,366.0,416.0,395.0,406.0,395.0,407.0,403.0,410.0,433.0,410.0,364.0
7433,VP_003,ftsst,Prep,16,377.0,813.0,393.0,344.0,391.0,322.0,379.0,341.0,380.0,374.0,393.0,413.0,393.0,340.0
7434,VP_003,ftsst,Prep,17,369.0,935.0,381.0,335.0,384.0,363.0,375.0,362.0,372.0,366.0,381.0,402.0,381.0,330.0
7435,VP_003,ftsst,Prep,18,407.0,987.0,422.0,375.0,423.0,402.0,415.0,401.0,413.0,408.0,422.0,442.0,422.0,367.0
7436,VP_003,ftsst,Prep,19,416.0,986.0,435.0,393.0,445.0,367.0,431.0,383.0,431.0,426.0,434.0,460.0,434.0,382.0
7437,VP_003,ftsst,Prep,20,432.0,959.0,435.0,394.0,442.0,421.0,432.0,421.0,431.0,426.0,434.0,458.0,434.0,387.0
7438,VP_003,ftsst,Prep,21,417.0,901.0,435.0,385.0,434.0,412.0,425.0,411.0,422.0,417.0,436.0,454.0,436.0,380.0
7439,VP_003,ftsst,Prep,22,366.0,868.0,403.0,309.0,408.0,349.0,382.0,364.0,398.0,394.0,365.0,423.0,402.0,364.0
7440,VP_003,ftsst,Prep,23,387.0,792.0,406.0,350.0,401.0,377.0,386.0,376.0,389.0,384.0,408.0,421.0,408.0,353.0
7441,VP_003,ftsst,Prep,24,360.0,784.0,383.0,324.0,377.0,353.0,370.0,324.0,366.0,359.0,361.0,398.0,378.0,297.0
7442,VP_003,ftsst,Prep,25,357.0,718.0,369.0,283.0,370.0,345.0,361.0,310.0,358.0,353.0,322.0,389.0,372.0,261.0
7443,VP_003,ftsst,Prep,26,341.0,685.0,337.0,298.0,351.0,330.0,341.0,269.0,336.0,331.0,278.0,208.0,327.0,269.0
7444,VP_003,ftsst,Prep,27,294.0,663.0,337.0,242.0,346.0,279.0,325.0,293.0,326.0,321.0,340.0,361.0,340.0,292.0
7445,VP_003,ftsst,Prep,28,311.0,725.0,322.0,277.0,330.0,309.0,321.0,255.0,316.0,312.0,319.0,227.0,319.0,226.0
7446,VP_003,ftsst,Prep,29,334.0,790.0,338.0,297.0,348.0,328.0,340.0,279.0,337.0,333.0,248.0,214.0,336.0,248.0
7447,VP_003,ftsst,Prep,30,355.0,811.0,367.0,322.0,371.0,351.0,360.0,350.0,361.0,357.0,368.0,389.0,368.0,317.0
7448,VP_003,ftsst,Prep,31,329.0,906.0,374.0,330.0,382.0,,361.0,323.0,369.0,364.0,373.0,397.0,373.0,323.0
7449,VP_003,ftsst,Prep,32,391.0,901.0,408.0,364.0,410.0,391.0,402.0,390.0,402.0,397.0,407.0,428.0,407.0,357.0
7450,VP_003,ftsst,Prep,33,397.0,,412.0,362.0,413.0,391.0,403.0,390.0,400.0,395.0,413.0,431.0,413.0,356.0
7451,VP_003,ftsst,Talk,0,302.0,765.0,343.0,296.0,352.0,,321.0,297.0,343.0,342.0,343.0,365.0,343.0,298.0
7452,VP_003,ftsst,Talk,1,307.0,763.0,342.0,300.0,354.0,287.0,323.0,302.0,345.0,343.0,341.0,367.0,341.0,301.0
7453,VP_003,ftsst,Talk,2,335.0,782.0,349.0,267.0,353.0,289.0,340.0,308.0,345.0,343.0,348.0,370.0,348.0,308.0
7454,VP_003,ftsst,Talk,3,317.0,797.0,344.0,256.0,357.0,304.0,342.0,316.0,351.0,349.0,334.0,371.0,345.0,316.0
7455,VP_003,ftsst,Talk,4,354.0,693.0,372.0,286.0,365.0,306.0,354.0,323.0,358.0,355.0,371.0,385.0,371.0,322.0
7456,VP_003,ftsst,Talk,5,290.0,730.0,315.0,266.0,332.0,277.0,318.0,276.0,322.0,320.0,317.0,346.0,318.0,253.0
7457,VP_003,ftsst,Talk,6,327.0,638.0,340.0,285.0,344.0,318.0,330.0,317.0,331.0,330.0,332.0,358.0,338.0,296.0
7458,VP_003,ftsst,Talk,7,279.0,697.0,313.0,224.0,282.0,316.0,287.0,277.0,310.0,304.0,316.0,277.0,316.0,277.0
7459,VP_003,ftsst,Talk,8,301.0,667.0,325.0,247.0,326.0,286.0,318.0,302.0,318.0,317.0,310.0,342.0,323.0,302.0
7460,VP_003,ftsst,Talk,9,311.0,681.0,320.0,250.0,323.0,302.0,318.0,308.0,311.0,309.0,313.0,340.0,322.0,308.0
7461,VP_003,ftsst,Talk,10,281.0,675.0,319.0,225.0,329.0,249.0,292.0,276.0,317.0,315.0,319.0,276.0,319.0,275.0
7462,VP_003,ftsst,Talk,11,313.0,684.0,329.0,275.0,328.0,309.0,321.0,248.0,317.0,314.0,327.0,345.0,327.0,247.0
7463,VP_003,ftsst,Talk,12,284.0,609.0,327.0,278.0,331.0,,292.0,277.0,320.0,317.0,329.0,347.0,329.0,276.0
7464,VP_003,ftsst,Talk,13,272.0,628.0,299.0,210.0,278.0,256.0,283.0,270.0,298.0,293.0,272.0,153.0,298.0,270.0
7465,VP_003,ftsst,Talk,14,249.0,661.0,290.0,249.0,304.0,232.0,285.0,232.0,295.0,294.0,287.0,316.0,287.0,198.0
7466,VP_003,ftsst,Talk,15,308.0,726.0,336.0,455.0,322.0,497.0,518.0,511.0,420.0,252.0,334.0,511.0,334.0,511.0
7467,VP_003,ftsst,Talk,16,294.0,836.0,310.0,232.0,339.0,269.0,311.0,291.0,328.0,327.0,299.0,351.0,324.0,290.0
7468,VP_003,ftsst,Talk,17,335.0,821.0,369.0,277.0,375.0,311.0,354.0,328.0,371.0,369.0,365.0,390.0,365.0,327.0
7469,VP_003,ftsst,Talk,18,356.0,786.0,377.0,274.0,374.0,314.0,363.0,331.0,366.0,364.0,377.0,393.0,377.0,330.0
7470,VP_003,ftsst,Talk,19,322.0,709.0,366.0,315.0,367.0,299.0,338.0,317.0,357.0,353.0,367.0,384.0,367.0,317.0
7471,VP_003,ftsst,Talk,20,324.0,718.0,335.0,290.0,340.0,317.0,329.0,306.0,331.0,327.0,333.0,280.0,333.0,280.0
7472,VP_003,ftsst,Talk,21,325.0,736.0,337.0,293.0,341.0,277.0,329.0,288.0,334.0,330.0,336.0,358.0,336.0,288.0
7473,VP_003,ftsst,Talk,22,322.0,749.0,357.0,336.0,349.0,289.0,337.0,317.0,360.0,344.0,355.0,372.0,355.0,317.0
7474,VP_003,ftsst,Talk,23,338.0,715.0,349.0,275.0,352.0,330.0,347.0,275.0,346.0,342.0,353.0,372.0,353.0,239.0
7475,VP_003,ftsst,Talk,24,328.0,673.0,277.0,285.0,343.0,323.0,337.0,204.0,329.0,326.0,205.0,48.0,281.0,204.0
7476,VP_003,ftsst,Talk,25,316.0,731.0,329.0,279.0,329.0,308.0,322.0,244.0,319.0,315.0,326.0,244.0,326.0,243.0
7477,VP_003,ftsst,Talk,26,324.0,713.0,344.0,295.0,345.0,282.0,332.0,295.0,337.0,334.0,346.0,363.0,346.0,295.0
7478,VP_003,ftsst,Talk,27,325.0,845.0,329.0,286.0,338.0,313.0,327.0,307.0,329.0,327.0,327.0,353.0,327.0,272.0
7479,VP_003,ftsst,Talk,28,337.0,803.0,378.0,278.0,380.0,314.0,365.0,332.0,373.0,371.0,380.0,397.0,380.0,332.0
7480,VP_003,ftsst,Talk,29,349.0,857.0,366.0,317.0,369.0,298.0,353.0,320.0,360.0,358.0,365.0,386.0,365.0,319.0
7481,VP_003,ftsst,Talk,30,369.0,805.0,385.0,337.0,387.0,317.0,374.0,340.0,380.0,377.0,385.0,404.0,385.0,339.0
7482,VP_003,ftsst,Talk,31,328.0,784.0,365.0,319.0,372.0,291.0,355.0,322.0,362.0,359.0,363.0,387.0,363.0,321.0
7483,VP_003,ftsst,Talk,32,346.0,794.0,354.0,312.0,363.0,340.0,354.0,339.0,354.0,351.0,356.0,380.0,356.0,306.0
7484,VP_003,ftsst,Talk,33,349.0,710.0,372.0,270.0,371.0,304.0,356.0,325.0,360.0,356.0,371.0,389.0,371.0,325.0
7485,VP_003,ftsst,Talk,34,328.0,745.0,330.0,292.0,342.0,323.0,337.0,261.0,332.0,328.0,334.0,359.0,334.0,261.0
7486,VP_003,ftsst,Talk,35,339.0,734.0,345.0,300.0,352.0,332.0,342.0,290.0,342.0,339.0,346.0,367.0,346.0,257.0
7487,VP_003,ftsst,Talk,36,305.0,793.0,338.0,251.0,351.0,284.0,327.0,302.0,340.0,336.0,338.0,364.0,338.0,302.0
7488,VP_003,ftsst,Talk,37,350.0,763.0,362.0,311.0,366.0,345.0,357.0,330.0,356.0,354.0,360.0,381.0,360.0,300.0
7489,VP_003,ftsst,Talk,38,339.0,819.0,376.0,267.0,363.0,306.0,344.0,337.0,353.0,348.0,379.0,390.0,379.0,337.0
7490,VP_003,ftsst,Talk,39,365.0,,375.0,332.0,376.0,355.0,367.0,339.0,371.0,367.0,372.0,395.0,372.0,313.0
7491,VP_003,tsst,Math,0,274.0,659.0,316.0,206.0,303.0,236.0,292.0,219.0,304.0,303.0,316.0,328.0,316.0,270.0
7492,VP_003,tsst,Math,1,274.0,714.0,310.0,253.0,305.0,,285.0,266.0,303.0,302.0,311.0,324.0,311.0,265.0
7493,VP_003,tsst,Math,2,283.0,785.0,304.0,223.0,323.0,272.0,304.0,277.0,318.0,318.0,291.0,334.0,308.0,277.0
7494,VP_003,tsst,Math,3,311.0,751.0,213.0,258.0,314.0,297.0,322.0,,336.0,336.0,206.0,309.0,,309.0
7495,VP_003,tsst,Math,4,318.0,697.0,332.0,262.0,337.0,302.0,330.0,317.0,337.0,336.0,322.0,358.0,337.0,317.0
7496,VP_003,tsst,Math,5,292.0,679.0,314.0,257.0,317.0,279.0,306.0,286.0,318.0,317.0,287.0,336.0,309.0,286.0
7497,VP_003,tsst,Math,6,276.0,650.0,303.0,258.0,309.0,265.0,291.0,264.0,309.0,308.0,305.0,327.0,305.0,237.0
7498,VP_003,tsst,Math,7,268.0,630.0,297.0,202.0,296.0,233.0,282.0,261.0,299.0,298.0,296.0,317.0,296.0,260.0
7499,VP_003,tsst,Math,8,264.0,622.0,293.0,234.0,294.0,247.0,277.0,257.0,292.0,292.0,295.0,312.0,295.0,257.0
7500,VP_003,tsst,Math,9,256.0,635.0,285.0,238.0,288.0,249.0,274.0,248.0,289.0,288.0,284.0,306.0,284.0,226.0
7501,VP_003,tsst,Math,10,263.0,635.0,288.0,239.0,290.0,248.0,275.0,248.0,291.0,291.0,289.0,309.0,289.0,228.0
7502,VP_003,tsst,Math,11,258.0,673.0,304.0,248.0,293.0,,271.0,251.0,296.0,295.0,303.0,318.0,303.0,250.0
7503,VP_003,tsst,Math,12,274.0,636.0,297.0,250.0,306.0,,285.0,260.0,303.0,303.0,297.0,319.0,297.0,259.0
7504,VP_003,tsst,Math,13,263.0,670.0,296.0,200.0,294.0,236.0,281.0,260.0,294.0,293.0,295.0,314.0,295.0,259.0
7505,VP_003,tsst,Math,14,249.0,628.0,306.0,257.0,308.0,,282.0,249.0,306.0,306.0,253.0,325.0,301.0,249.0
7506,VP_003,tsst,Math,15,266.0,606.0,304.0,253.0,296.0,250.0,284.0,262.0,298.0,296.0,314.0,326.0,314.0,262.0
7507,VP_003,tsst,Math,16,271.0,596.0,295.0,231.0,288.0,256.0,281.0,262.0,291.0,288.0,268.0,311.0,286.0,262.0
7508,VP_003,tsst,Math,17,292.0,570.0,295.0,194.0,293.0,247.0,292.0,294.0,280.0,279.0,306.0,291.0,306.0,291.0
7509,VP_003,tsst,Math,18,242.0,557.0,267.0,218.0,261.0,232.0,255.0,242.0,271.0,271.0,248.0,293.0,274.0,242.0
7510,VP_003,tsst,Math,19,244.0,578.0,260.0,213.0,258.0,,251.0,233.0,264.0,264.0,235.0,281.0,,233.0
7511,VP_003,tsst,Math,20,254.0,564.0,265.0,211.0,270.0,243.0,263.0,249.0,271.0,271.0,259.0,288.0,270.0,249.0
7512,VP_003,tsst,Math,21,234.0,601.0,253.0,189.0,270.0,215.0,249.0,215.0,266.0,266.0,229.0,282.0,255.0,172.0
7513,VP_003,tsst,Math,22,228.0,694.0,274.0,226.0,278.0,,253.0,218.0,278.0,278.0,273.0,294.0,273.0,217.0
7514,VP_003,tsst,Math,23,277.0,777.0,300.0,209.0,300.0,244.0,287.0,268.0,308.0,308.0,302.0,322.0,302.0,267.0
7515,VP_003,tsst,Math,24,304.0,791.0,326.0,240.0,331.0,283.0,317.0,296.0,341.0,341.0,299.0,350.0,326.0,296.0
7516,VP_003,tsst,Math,25,318.0,794.0,336.0,286.0,339.0,303.0,329.0,303.0,346.0,346.0,306.0,361.0,338.0,273.0
7517,VP_003,tsst,Math,26,321.0,755.0,335.0,245.0,347.0,300.0,333.0,311.0,346.0,346.0,316.0,362.0,330.0,311.0
7518,VP_003,tsst,Math,27,302.0,717.0,336.0,236.0,309.0,,312.0,298.0,335.0,335.0,336.0,354.0,336.0,297.0
7519,VP_003,tsst,Math,28,295.0,636.0,323.0,274.0,328.0,279.0,312.0,293.0,324.0,323.0,325.0,345.0,325.0,292.0
7520,VP_003,tsst,Math,29,275.0,629.0,298.0,203.0,285.0,259.0,284.0,267.0,298.0,297.0,268.0,320.0,296.0,267.0
7521,VP_003,tsst,Math,30,259.0,624.0,285.0,235.0,290.0,242.0,273.0,241.0,288.0,288.0,217.0,306.0,284.0,216.0
7522,VP_003,tsst,Math,31,257.0,625.0,276.0,243.0,70.0,232.0,264.0,232.0,291.0,290.0,277.0,70.0,277.0,199.0
7523,VP_003,tsst,Math,32,261.0,679.0,293.0,253.0,278.0,241.0,273.0,241.0,297.0,295.0,294.0,206.0,294.0,206.0
7524,VP_003,tsst,Math,33,281.0,664.0,309.0,247.0,310.0,275.0,301.0,246.0,313.0,312.0,286.0,330.0,308.0,204.0
7525,VP_003,tsst,Math,34,275.0,752.0,302.0,259.0,296.0,,285.0,237.0,306.0,305.0,303.0,237.0,303.0,236.0
7526,VP_003,tsst,Math,35,302.0,741.0,335.0,273.0,337.0,288.0,320.0,295.0,337.0,336.0,335.0,356.0,335.0,294.0
7527,VP_003,tsst,Math,36,304.0,798.0,330.0,273.0,339.0,285.0,317.0,298.0,333.0,332.0,331.0,354.0,331.0,297.0
7528,VP_003,tsst,Math,37,319.0,818.0,346.0,256.0,357.0,283.0,336.0,313.0,353.0,352.0,346.0,313.0,346.0,313.0
7529,VP_003,tsst,Math,38,319.0,843.0,340.0,315.0,324.0,301.0,326.0,300.0,361.0,360.0,338.0,252.0,338.0,252.0
7530,VP_003,tsst,Math,39,338.0,828.0,370.0,331.0,375.0,320.0,359.0,337.0,374.0,372.0,373.0,394.0,373.0,336.0
7531,VP_003,tsst,Math,40,326.0,774.0,357.0,296.0,369.0,315.0,345.0,324.0,366.0,365.0,355.0,0.0,355.0,323.0
7532,VP_003,tsst,Math,41,320.0,730.0,329.0,265.0,330.0,302.0,330.0,316.0,346.0,345.0,319.0,105.0,330.0,316.0
7533,VP_003,tsst,Math,42,291.0,,324.0,285.0,334.0,,317.0,275.0,331.0,330.0,276.0,350.0,326.0,275.0
7534,VP_003,tsst,Pause_1,0,356.0,890.0,388.0,301.0,395.0,335.0,381.0,312.0,392.0,389.0,383.0,350.0,383.0,349.0
7535,VP_003,tsst,Pause_1,1,349.0,929.0,387.0,350.0,395.0,324.0,377.0,344.0,392.0,389.0,389.0,414.0,389.0,343.0
7536,VP_003,tsst,Pause_1,2,367.0,970.0,399.0,363.0,410.0,336.0,391.0,351.0,405.0,402.0,396.0,425.0,396.0,351.0
7537,VP_003,tsst,Pause_1,3,379.0,925.0,408.0,380.0,426.0,405.0,413.0,369.0,422.0,418.0,371.0,312.0,411.0,369.0
7538,VP_003,tsst,Pause_1,4,365.0,950.0,403.0,362.0,415.0,,392.0,335.0,404.0,401.0,396.0,427.0,396.0,335.0
7539,VP_003,tsst,Pause_1,5,376.0,893.0,415.0,329.0,424.0,399.0,413.0,398.0,417.0,413.0,381.0,444.0,423.0,372.0
7540,VP_003,tsst,Pause_1,6,353.0,958.0,393.0,350.0,401.0,320.0,383.0,350.0,393.0,390.0,390.0,417.0,390.0,349.0
7541,VP_003,tsst,Pause_1,7,375.0,964.0,401.0,375.0,422.0,401.0,386.0,360.0,417.0,413.0,363.0,307.0,402.0,360.0
7542,VP_003,tsst,Pause_1,8,374.0,910.0,412.0,379.0,424.0,355.0,408.0,366.0,420.0,416.0,413.0,441.0,413.0,365.0
7543,VP_003,tsst,Pause_1,9,364.0,909.0,391.0,305.0,410.0,339.0,390.0,351.0,397.0,395.0,352.0,421.0,385.0,351.0
7544,VP_003,tsst,Pause_5,0,395.0,918.0,407.0,362.0,410.0,388.0,400.0,453.0,403.0,399.0,406.0,429.0,406.0,357.0
7545,VP_003,tsst,Pause_5,1,398.0,887.0,406.0,362.0,412.0,390.0,400.0,390.0,403.0,399.0,407.0,429.0,407.0,356.0
7546,VP_003,tsst,Pause_5,2,376.0,905.0,394.0,350.0,403.0,327.0,388.0,347.0,392.0,388.0,393.0,418.0,393.0,346.0
7547,VP_003,tsst,Pause_5,3,388.0,923.0,402.0,362.0,409.0,387.0,398.0,387.0,401.0,397.0,401.0,426.0,401.0,352.0
7548,VP_003,tsst,Pause_5,4,396.0,915.0,411.0,365.0,416.0,391.0,405.0,391.0,406.0,402.0,412.0,434.0,412.0,359.0
7549,VP_003,tsst,Pause_5,5,391.0,923.0,405.0,360.0,411.0,385.0,398.0,385.0,402.0,398.0,404.0,427.0,404.0,352.0
7550,VP_003,tsst,Pause_5,6,397.0,886.0,406.0,365.0,413.0,392.0,403.0,392.0,406.0,402.0,406.0,430.0,406.0,357.0
7551,VP_003,tsst,Pause_5,7,358.0,817.0,406.0,354.0,406.0,336.0,384.0,354.0,394.0,389.0,406.0,424.0,406.0,354.0
7552,VP_003,tsst,Pause_5,8,337.0,810.0,383.0,332.0,379.0,310.0,361.0,331.0,371.0,366.0,383.0,399.0,383.0,330.0
7553,VP_003,tsst,Pause_5,9,365.0,833.0,376.0,334.0,378.0,356.0,368.0,355.0,371.0,364.0,376.0,327.0,376.0,326.0
7554,VP_003,tsst,Pause_5,10,337.0,,382.0,336.0,386.0,320.0,371.0,335.0,376.0,371.0,381.0,403.0,381.0,335.0
7555,VP_003,tsst,Prep,0,310.0,755.0,339.0,283.0,347.0,296.0,327.0,238.0,342.0,340.0,301.0,362.0,339.0,301.0
7556,VP_003,tsst,Prep,1,305.0,786.0,332.0,294.0,349.0,286.0,322.0,286.0,340.0,339.0,332.0,257.0,332.0,257.0
7557,VP_003,tsst,Prep,2,322.0,733.0,350.0,293.0,355.0,306.0,334.0,314.0,353.0,351.0,350.0,314.0,350.0,313.0
7558,VP_003,tsst,Prep,3,295.0,692.0,330.0,276.0,343.0,295.0,324.0,294.0,336.0,334.0,328.0,255.0,328.0,254.0
7559,VP_003,tsst,Prep,4,291.0,724.0,311.0,277.0,300.0,,301.0,252.0,321.0,318.0,313.0,252.0,313.0,252.0
7560,VP_003,tsst,Prep,5,297.0,720.0,324.0,286.0,336.0,280.0,312.0,280.0,331.0,329.0,323.0,349.0,323.0,254.0
7561,VP_003,tsst,Prep,6,292.0,734.0,328.0,293.0,340.0,283.0,312.0,282.0,334.0,330.0,328.0,257.0,328.0,257.0
7562,VP_003,tsst,Prep,7,301.0,742.0,328.0,280.0,345.0,289.0,317.0,288.0,334.0,332.0,329.0,259.0,329.0,259.0
7563,VP_003,tsst,Prep,8,298.0,730.0,332.0,298.0,344.0,290.0,328.0,289.0,340.0,337.0,331.0,262.0,331.0,261.0
7564,VP_003,tsst,Prep,9,298.0,675.0,330.0,277.0,341.0,289.0,319.0,288.0,335.0,332.0,329.0,355.0,329.0,260.0
7565,VP_003,tsst,Prep,10,273.0,649.0,310.0,272.0,329.0,,296.0,246.0,315.0,313.0,311.0,246.0,311.0,246.0
7566,VP_003,tsst,Prep,11,269.0,684.0,294.0,257.0,313.0,,278.0,238.0,303.0,302.0,294.0,238.0,294.0,238.0
7567,VP_003,tsst,Prep,12,283.0,769.0,312.0,258.0,321.0,271.0,301.0,270.0,317.0,315.0,312.0,336.0,312.0,243.0
7568,VP_003,tsst,Prep,13,311.0,752.0,342.0,299.0,347.0,,328.0,298.0,345.0,344.0,342.0,364.0,342.0,297.0
7569,VP_003,tsst,Prep,14,305.0,832.0,328.0,291.0,341.0,286.0,318.0,286.0,338.0,337.0,328.0,262.0,328.0,262.0
7570,VP_003,tsst,Prep,15,329.0,850.0,360.0,327.0,371.0,316.0,348.0,315.0,370.0,368.0,360.0,386.0,360.0,300.0
7571,VP_003,tsst,Prep,16,339.0,793.0,369.0,327.0,379.0,,363.0,310.0,373.0,372.0,369.0,394.0,369.0,309.0
7572,VP_003,tsst,Prep,17,320.0,801.0,349.0,307.0,361.0,,332.0,311.0,353.0,352.0,350.0,373.0,350.0,311.0
7573,VP_003,tsst,Prep,18,322.0,732.0,352.0,314.0,362.0,304.0,342.0,304.0,358.0,356.0,351.0,377.0,351.0,291.0
7574,VP_003,tsst,Prep,19,298.0,681.0,332.0,274.0,341.0,291.0,322.0,290.0,333.0,331.0,332.0,356.0,332.0,261.0
7575,VP_003,tsst,Prep,20,279.0,693.0,309.0,270.0,292.0,,291.0,257.0,315.0,313.0,310.0,257.0,310.0,256.0
7576,VP_003,tsst,Prep,21,279.0,646.0,299.0,274.0,326.0,271.0,299.0,270.0,320.0,318.0,296.0,243.0,296.0,242.0
7577,VP_003,tsst,Prep,22,269.0,621.0,301.0,242.0,318.0,260.0,289.0,259.0,306.0,303.0,264.0,223.0,304.0,222.0
7578,VP_003,tsst,Prep,23,258.0,647.0,272.0,231.0,305.0,248.0,269.0,248.0,295.0,293.0,269.0,205.0,269.0,205.0
7579,VP_003,tsst,Prep,24,269.0,680.0,300.0,261.0,312.0,254.0,283.0,253.0,305.0,302.0,302.0,233.0,302.0,232.0
7580,VP_003,tsst,Prep,25,283.0,715.0,314.0,261.0,318.0,272.0,298.0,272.0,315.0,313.0,314.0,335.0,314.0,245.0
7581,VP_003,tsst,Prep,26,288.0,794.0,316.0,278.0,329.0,,299.0,256.0,325.0,324.0,314.0,256.0,314.0,255.0
7582,VP_003,tsst,Prep,27,322.0,836.0,352.0,312.0,358.0,292.0,341.0,312.0,356.0,354.0,354.0,375.0,354.0,311.0
7583,VP_003,tsst,Prep,28,336.0,865.0,362.0,323.0,373.0,,347.0,326.0,369.0,368.0,361.0,326.0,361.0,325.0
7584,VP_003,tsst,Prep,29,348.0,783.0,380.0,338.0,385.0,312.0,365.0,338.0,382.0,379.0,380.0,402.0,380.0,337.0
7585,VP_003,tsst,Prep,30,322.0,721.0,344.0,297.0,336.0,307.0,335.0,306.0,350.0,349.0,344.0,370.0,344.0,279.0
7586,VP_003,tsst,Prep,31,298.0,708.0,322.0,270.0,335.0,281.0,313.0,281.0,329.0,327.0,321.0,347.0,321.0,250.0
7587,VP_003,tsst,Prep,32,297.0,674.0,324.0,230.0,330.0,254.0,312.0,279.0,325.0,323.0,280.0,346.0,325.0,279.0
7588,VP_003,tsst,Prep,33,277.0,724.0,302.0,257.0,292.0,271.0,293.0,270.0,311.0,310.0,301.0,240.0,301.0,239.0
7589,VP_003,tsst,Prep,34,299.0,724.0,320.0,267.0,329.0,275.0,311.0,275.0,327.0,326.0,321.0,343.0,321.0,245.0
7590,VP_003,tsst,Prep,35,302.0,666.0,324.0,276.0,327.0,288.0,312.0,288.0,328.0,327.0,323.0,345.0,323.0,259.0
7591,VP_003,tsst,Prep,36,277.0,666.0,300.0,254.0,294.0,269.0,293.0,269.0,309.0,308.0,301.0,232.0,301.0,231.0
7592,VP_003,tsst,Prep,37,272.0,653.0,300.0,259.0,311.0,,286.0,238.0,307.0,306.0,301.0,324.0,301.0,237.0
7593,VP_003,tsst,Prep,38,276.0,649.0,300.0,243.0,313.0,261.0,288.0,243.0,308.0,306.0,293.0,195.0,293.0,195.0
7594,VP_003,tsst,Prep,39,274.0,653.0,296.0,253.0,293.0,261.0,287.0,261.0,302.0,301.0,299.0,240.0,299.0,239.0
7595,VP_003,tsst,Talk,0,262.0,637.0,281.0,237.0,291.0,,265.0,251.0,290.0,290.0,279.0,233.0,279.0,233.0
7596,VP_003,tsst,Talk,1,261.0,595.0,278.0,235.0,294.0,,265.0,231.0,289.0,289.0,285.0,231.0,285.0,230.0
7597,VP_003,tsst,Talk,2,248.0,579.0,265.0,228.0,268.0,239.0,263.0,238.0,279.0,278.0,224.0,292.0,255.0,215.0
7598,VP_003,tsst,Talk,3,237.0,562.0,269.0,219.0,267.0,,253.0,202.0,271.0,271.0,269.0,287.0,269.0,202.0
7599,VP_003,tsst,Talk,4,230.0,561.0,263.0,184.0,268.0,219.0,248.0,223.0,268.0,268.0,228.0,285.0,264.0,223.0
7600,VP_003,tsst,Talk,5,236.0,566.0,265.0,197.0,261.0,222.0,249.0,235.0,267.0,267.0,266.0,286.0,266.0,235.0
7601,VP_003,tsst,Talk,6,232.0,573.0,262.0,214.0,256.0,,249.0,227.0,266.0,266.0,264.0,284.0,264.0,226.0
7602,VP_003,tsst,Talk,7,241.0,608.0,257.0,175.0,263.0,210.0,252.0,234.0,268.0,268.0,237.0,282.0,257.0,234.0
7603,VP_003,tsst,Talk,8,235.0,646.0,282.0,232.0,275.0,,261.0,229.0,283.0,283.0,279.0,298.0,279.0,228.0
7604,VP_003,tsst,Talk,9,263.0,715.0,301.0,263.0,291.0,238.0,271.0,259.0,306.0,303.0,303.0,316.0,303.0,259.0
7605,VP_003,tsst,Talk,10,274.0,641.0,324.0,273.0,316.0,,292.0,266.0,322.0,322.0,324.0,339.0,324.0,265.0
7606,VP_003,tsst,Talk,11,261.0,677.0,292.0,202.0,281.0,245.0,275.0,261.0,293.0,293.0,292.0,310.0,292.0,260.0
7607,VP_003,tsst,Talk,12,262.0,696.0,298.0,254.0,301.0,,288.0,237.0,306.0,306.0,298.0,319.0,298.0,237.0
7608,VP_003,tsst,Talk,13,274.0,694.0,305.0,211.0,310.0,257.0,286.0,269.0,312.0,312.0,304.0,325.0,304.0,268.0
7609,VP_003,tsst,Talk,14,276.0,666.0,296.0,207.0,304.0,260.0,290.0,270.0,310.0,310.0,278.0,322.0,298.0,270.0
7610,VP_003,tsst,Talk,15,281.0,616.0,296.0,208.0,296.0,262.0,289.0,278.0,301.0,301.0,282.0,318.0,295.0,278.0
7611,VP_003,tsst,Talk,16,258.0,619.0,283.0,220.0,277.0,246.0,269.0,220.0,285.0,285.0,252.0,301.0,283.0,196.0
7612,VP_003,tsst,Talk,17,255.0,611.0,282.0,229.0,280.0,,260.0,217.0,283.0,283.0,282.0,299.0,282.0,217.0
7613,VP_003,tsst,Talk,18,251.0,606.0,279.0,232.0,286.0,,259.0,224.0,283.0,283.0,277.0,299.0,277.0,223.0
7614,VP_003,tsst,Talk,19,251.0,615.0,286.0,227.0,280.0,233.0,261.0,235.0,281.0,281.0,287.0,301.0,287.0,235.0
7615,VP_003,tsst,Talk,20,249.0,621.0,277.0,226.0,284.0,231.0,262.0,230.0,284.0,284.0,274.0,298.0,274.0,208.0
7616,VP_003,tsst,Talk,21,264.0,568.0,295.0,204.0,286.0,237.0,271.0,261.0,288.0,288.0,297.0,310.0,297.0,260.0
7617,VP_003,tsst,Talk,22,250.0,564.0,272.0,219.0,264.0,236.0,259.0,242.0,270.0,269.0,271.0,292.0,271.0,241.0
7618,VP_003,tsst,Talk,23,247.0,565.0,262.0,196.0,258.0,235.0,255.0,245.0,265.0,265.0,250.0,281.0,261.0,245.0
7619,VP_003,tsst,Talk,24,236.0,578.0,266.0,212.0,264.0,215.0,244.0,229.0,265.0,265.0,266.0,283.0,266.0,229.0
7620,VP_003,tsst,Talk,25,243.0,636.0,261.0,191.0,268.0,232.0,258.0,243.0,268.0,268.0,249.0,284.0,264.0,243.0
7621,VP_003,tsst,Talk,26,241.0,696.0,284.0,191.0,288.0,,266.0,242.0,289.0,289.0,282.0,302.0,282.0,241.0
7622,VP_003,tsst,Talk,27,277.0,722.0,306.0,228.0,307.0,256.0,288.0,270.0,312.0,312.0,306.0,325.0,306.0,270.0
7623,VP_003,tsst,Talk,28,290.0,754.0,316.0,219.0,305.0,255.0,298.0,282.0,321.0,321.0,316.0,335.0,316.0,282.0
7624,VP_003,tsst,Talk,29,302.0,666.0,334.0,235.0,304.0,,309.0,300.0,335.0,334.0,334.0,353.0,334.0,300.0
7625,VP_003,tsst,Talk,30,278.0,594.0,302.0,253.0,293.0,270.0,291.0,275.0,304.0,303.0,276.0,324.0,303.0,275.0
7626,VP_003,tsst,Talk,31,246.0,602.0,275.0,226.0,259.0,,257.0,216.0,277.0,277.0,273.0,295.0,273.0,215.0
7627,VP_003,tsst,Talk,32,249.0,620.0,280.0,195.0,277.0,222.0,263.0,239.0,278.0,278.0,281.0,296.0,281.0,238.0
7628,VP_003,tsst,Talk,33,253.0,680.0,282.0,230.0,283.0,,270.0,234.0,284.0,284.0,283.0,300.0,283.0,233.0
7629,VP_003,tsst,Talk,34,267.0,704.0,291.0,273.0,304.0,,280.0,222.0,317.0,314.0,229.0,317.0,287.0,222.0
7630,VP_003,tsst,Talk,35,297.0,723.0,327.0,236.0,309.0,275.0,304.0,297.0,326.0,323.0,329.0,339.0,329.0,296.0
7631,VP_003,tsst,Talk,36,284.0,688.0,315.0,221.0,318.0,,301.0,247.0,322.0,322.0,250.0,333.0,309.0,200.0
7632,VP_003,tsst,Talk,37,278.0,642.0,313.0,263.0,312.0,,297.0,260.0,313.0,312.0,275.0,333.0,316.0,260.0
7633,VP_003,tsst,Talk,38,263.0,618.0,282.0,224.0,289.0,250.0,275.0,223.0,291.0,291.0,258.0,306.0,283.0,202.0
7634,VP_003,tsst,Talk,39,262.0,590.0,291.0,223.0,289.0,249.0,278.0,263.0,286.0,286.0,292.0,308.0,292.0,262.0
7635,VP_003,tsst,Talk,40,249.0,591.0,278.0,219.0,266.0,235.0,259.0,245.0,277.0,277.0,275.0,294.0,275.0,244.0
7636,VP_003,tsst,Talk,41,249.0,607.0,279.0,220.0,275.0,,260.0,244.0,274.0,274.0,280.0,294.0,280.0,243.0
7637,VP_003,tsst,Talk,42,256.0,674.0,281.0,227.0,279.0,,256.0,213.0,280.0,280.0,283.0,298.0,283.0,213.0
7638,VP_003,tsst,Talk,43,272.0,732.0,300.0,251.0,302.0,,286.0,253.0,304.0,304.0,297.0,318.0,297.0,253.0
7639,VP_003,tsst,Talk,44,295.0,808.0,318.0,237.0,315.0,277.0,303.0,293.0,319.0,319.0,320.0,335.0,320.0,292.0
7640,VP_003,tsst,Talk,45,318.0,,346.0,256.0,349.0,298.0,334.0,316.0,355.0,354.0,346.0,368.0,346.0,316.0
7641,VP_004,ftsst,Math,0,325.0,639.0,329.0,280.0,335.0,317.0,328.0,299.0,314.0,307.0,330.0,76.0,330.0,276.0
7642,VP_004,ftsst,Math,1,324.0,710.0,287.0,285.0,333.0,316.0,331.0,322.0,317.0,308.0,330.0,322.0,289.0,322.0
7643,VP_004,ftsst,Math,2,304.0,902.0,322.0,308.0,308.0,345.0,310.0,299.0,341.0,332.0,302.0,0.0,322.0,299.0
7644,VP_004,ftsst,Math,3,363.0,899.0,394.0,367.0,418.0,399.0,408.0,361.0,404.0,397.0,394.0,23.0,394.0,361.0
7645,VP_004,ftsst,Math,4,413.0,763.0,422.0,374.0,426.0,408.0,421.0,356.0,407.0,398.0,360.0,322.0,421.0,321.0
7646,VP_004,ftsst,Math,5,375.0,687.0,387.0,332.0,383.0,366.0,380.0,372.0,362.0,351.0,378.0,372.0,387.0,372.0
7647,VP_004,ftsst,Math,6,349.0,728.0,310.0,302.0,355.0,337.0,352.0,346.0,334.0,324.0,352.0,346.0,311.0,346.0
7648,VP_004,ftsst,Math,7,351.0,752.0,329.0,317.0,366.0,348.0,360.0,302.0,349.0,339.0,304.0,239.0,322.0,302.0
7649,VP_004,ftsst,Math,9,331.0,690.0,336.0,293.0,348.0,329.0,339.0,286.0,328.0,321.0,287.0,255.0,335.0,286.0
7650,VP_004,ftsst,Math,10,280.0,830.0,322.0,295.0,351.0,328.0,340.0,277.0,330.0,323.0,279.0,206.0,326.0,277.0
7651,VP_004,ftsst,Math,11,348.0,985.0,372.0,340.0,395.0,370.0,380.0,338.0,377.0,372.0,373.0,338.0,373.0,338.0
7652,VP_004,ftsst,Math,12,403.0,960.0,433.0,344.0,443.0,377.0,429.0,393.0,431.0,426.0,431.0,393.0,431.0,393.0
7653,VP_004,ftsst,Math,13,397.0,854.0,429.0,338.0,440.0,377.0,426.0,390.0,424.0,417.0,431.0,390.0,431.0,390.0
7654,VP_004,ftsst,Math,14,385.0,831.0,389.0,351.0,406.0,385.0,397.0,369.0,387.0,381.0,380.0,35.0,380.0,349.0
7655,VP_004,ftsst,Math,15,347.0,818.0,382.0,346.0,401.0,378.0,391.0,363.0,381.0,373.0,340.0,125.0,384.0,339.0
7656,VP_004,ftsst,Math,16,382.0,763.0,371.0,343.0,397.0,377.0,389.0,358.0,377.0,369.0,371.0,123.0,371.0,335.0
7657,VP_004,ftsst,Math,17,362.0,812.0,369.0,327.0,378.0,358.0,370.0,341.0,360.0,350.0,325.0,0.0,369.0,324.0
7658,VP_004,ftsst,Math,18,378.0,926.0,367.0,339.0,393.0,374.0,386.0,354.0,374.0,366.0,372.0,137.0,372.0,332.0
7659,VP_004,ftsst,Math,19,413.0,898.0,420.0,378.0,431.0,409.0,421.0,396.0,413.0,406.0,416.0,59.0,416.0,371.0
7660,VP_004,ftsst,Math,20,375.0,808.0,421.0,321.0,424.0,403.0,414.0,402.0,404.0,397.0,422.0,373.0,422.0,372.0
7661,VP_004,ftsst,Math,21,380.0,905.0,358.0,342.0,393.0,373.0,387.0,352.0,375.0,366.0,335.0,123.0,354.0,335.0
7662,VP_004,ftsst,Math,22,372.0,898.0,417.0,373.0,424.0,401.0,414.0,400.0,407.0,400.0,416.0,71.0,416.0,365.0
7663,VP_004,ftsst,Math,23,408.0,845.0,410.0,368.0,423.0,403.0,414.0,361.0,403.0,396.0,412.0,361.0,412.0,361.0
7664,VP_004,ftsst,Math,24,388.0,835.0,395.0,354.0,407.0,386.0,398.0,386.0,387.0,379.0,395.0,109.0,395.0,354.0
7665,VP_004,ftsst,Math,25,381.0,873.0,386.0,347.0,401.0,379.0,392.0,361.0,382.0,374.0,376.0,110.0,376.0,339.0
7666,VP_004,ftsst,Math,26,368.0,755.0,417.0,317.0,416.0,394.0,405.0,394.0,396.0,388.0,419.0,367.0,419.0,366.0
7667,VP_004,ftsst,Math,27,357.0,760.0,363.0,327.0,374.0,353.0,367.0,353.0,358.0,348.0,325.0,36.0,338.0,322.0
7668,VP_004,ftsst,Math,28,356.0,802.0,362.0,323.0,377.0,356.0,370.0,302.0,357.0,349.0,277.0,247.0,368.0,277.0
7669,VP_004,ftsst,Math,29,378.0,828.0,363.0,339.0,392.0,372.0,384.0,301.0,372.0,364.0,302.0,142.0,358.0,301.0
7670,VP_004,ftsst,Math,30,354.0,779.0,397.0,299.0,399.0,378.0,390.0,377.0,381.0,373.0,398.0,348.0,398.0,348.0
7671,VP_004,ftsst,Math,31,373.0,830.0,380.0,332.0,384.0,365.0,379.0,371.0,365.0,356.0,373.0,371.0,380.0,371.0
7672,VP_004,ftsst,Math,32,386.0,837.0,391.0,350.0,401.0,381.0,394.0,361.0,383.0,373.0,392.0,116.0,392.0,337.0
7673,VP_004,ftsst,Math,33,388.0,768.0,401.0,351.0,405.0,386.0,398.0,346.0,384.0,376.0,399.0,346.0,399.0,345.0
7674,VP_004,ftsst,Math,34,367.0,851.0,366.0,330.0,381.0,361.0,375.0,365.0,362.0,353.0,369.0,365.0,375.0,365.0
7675,VP_004,ftsst,Math,35,391.0,856.0,404.0,356.0,408.0,388.0,400.0,370.0,389.0,381.0,344.0,100.0,402.0,340.0
7676,VP_004,ftsst,Pause_1,0,301.0,692.0,340.0,242.0,343.0,278.0,325.0,371.0,328.0,323.0,342.0,298.0,342.0,298.0
7677,VP_004,ftsst,Pause_1,1,327.0,630.0,326.0,253.0,341.0,285.0,331.0,302.0,330.0,323.0,302.0,66.0,320.0,301.0
7678,VP_004,ftsst,Pause_1,2,310.0,611.0,308.0,232.0,325.0,307.0,287.0,273.0,306.0,301.0,275.0,183.0,313.0,273.0
7679,VP_004,ftsst,Pause_1,3,300.0,619.0,303.0,277.0,316.0,300.0,274.0,258.0,308.0,298.0,259.0,186.0,309.0,258.0
7680,VP_004,ftsst,Pause_1,4,295.0,959.0,302.0,222.0,308.0,286.0,301.0,249.0,306.0,299.0,258.0,203.0,298.0,203.0
7681,VP_004,ftsst,Pause_1,5,388.0,939.0,338.0,358.0,429.0,382.0,404.0,329.0,418.0,414.0,180.0,54.0,,329.0
7682,VP_004,ftsst,Pause_1,6,357.0,945.0,402.0,370.0,383.0,338.0,383.0,338.0,411.0,407.0,405.0,303.0,405.0,303.0
7683,VP_004,ftsst,Pause_1,7,362.0,957.0,411.0,376.0,426.0,337.0,395.0,354.0,415.0,411.0,410.0,354.0,410.0,353.0
7684,VP_004,ftsst,Pause_1,8,373.0,867.0,423.0,383.0,433.0,,394.0,358.0,421.0,416.0,424.0,358.0,424.0,357.0
7685,VP_004,ftsst,Pause_1,9,349.0,729.0,386.0,350.0,405.0,333.0,369.0,344.0,388.0,383.0,384.0,344.0,384.0,343.0
7686,VP_004,ftsst,Pause_1,10,349.0,674.0,324.0,305.0,360.0,341.0,349.0,291.0,342.0,336.0,255.0,164.0,326.0,252.0
7687,VP_004,ftsst,Pause_1,11,336.0,,341.0,293.0,346.0,328.0,302.0,288.0,327.0,319.0,342.0,288.0,342.0,288.0
7688,VP_004,ftsst,Pause_5,0,444.0,993.0,429.0,410.0,462.0,441.0,454.0,445.0,442.0,432.0,420.0,0.0,420.0,391.0
7689,VP_004,ftsst,Pause_5,1,450.0,974.0,450.0,413.0,464.0,444.0,457.0,424.0,443.0,432.0,454.0,398.0,454.0,398.0
7690,VP_004,ftsst,Pause_5,2,441.0,927.0,446.0,407.0,456.0,435.0,449.0,415.0,437.0,426.0,445.0,393.0,445.0,393.0
7691,VP_004,ftsst,Pause_5,3,421.0,904.0,431.0,390.0,442.0,420.0,434.0,399.0,420.0,409.0,431.0,376.0,431.0,375.0
7692,VP_004,ftsst,Pause_5,4,418.0,882.0,426.0,384.0,434.0,413.0,426.0,394.0,413.0,401.0,426.0,372.0,426.0,371.0
7693,VP_004,ftsst,Pause_5,5,410.0,808.0,419.0,376.0,427.0,406.0,420.0,388.0,405.0,394.0,418.0,370.0,418.0,369.0
7694,VP_004,ftsst,Pause_5,6,386.0,725.0,398.0,353.0,401.0,379.0,393.0,379.0,381.0,368.0,397.0,7.0,397.0,348.0
7695,VP_004,ftsst,Pause_5,7,347.0,693.0,365.0,281.0,370.0,310.0,362.0,331.0,355.0,340.0,346.0,185.0,366.0,331.0
7696,VP_004,ftsst,Pause_5,8,341.0,715.0,357.0,316.0,357.0,334.0,351.0,334.0,343.0,329.0,344.0,195.0,358.0,309.0
7697,VP_004,ftsst,Pause_5,9,347.0,992.0,347.0,312.0,360.0,341.0,355.0,320.0,344.0,334.0,302.0,179.0,338.0,298.0
7698,VP_004,ftsst,Prep,0,399.0,968.0,435.0,391.0,441.0,378.0,432.0,364.0,427.0,421.0,436.0,185.0,436.0,364.0
7699,VP_004,ftsst,Prep,1,388.0,965.0,426.0,392.0,442.0,358.0,428.0,381.0,428.0,421.0,424.0,381.0,424.0,380.0
7700,VP_004,ftsst,Prep,2,401.0,843.0,443.0,344.0,442.0,382.0,431.0,400.0,428.0,420.0,443.0,462.0,443.0,399.0
7701,VP_004,ftsst,Prep,3,348.0,923.0,388.0,345.0,396.0,,382.0,335.0,382.0,376.0,389.0,335.0,389.0,334.0
7702,VP_004,ftsst,Prep,4,375.0,841.0,420.0,375.0,428.0,362.0,416.0,370.0,411.0,405.0,420.0,370.0,420.0,370.0
7703,VP_004,ftsst,Prep,5,357.0,775.0,398.0,299.0,396.0,337.0,381.0,355.0,383.0,376.0,398.0,416.0,398.0,355.0
7704,VP_004,ftsst,Prep,6,298.0,885.0,357.0,319.0,371.0,349.0,362.0,276.0,357.0,352.0,359.0,276.0,359.0,275.0
7705,VP_004,ftsst,Prep,7,358.0,922.0,397.0,357.0,410.0,,393.0,350.0,395.0,390.0,396.0,94.0,396.0,349.0
7706,VP_004,ftsst,Prep,8,379.0,768.0,421.0,332.0,426.0,360.0,412.0,375.0,409.0,404.0,422.0,442.0,422.0,375.0
7707,VP_004,ftsst,Prep,9,328.0,810.0,363.0,323.0,373.0,302.0,357.0,322.0,358.0,351.0,363.0,322.0,363.0,321.0
7708,VP_004,ftsst,Prep,10,337.0,872.0,371.0,328.0,383.0,317.0,368.0,328.0,368.0,363.0,371.0,328.0,371.0,327.0
7709,VP_004,ftsst,Prep,11,362.0,816.0,397.0,353.0,406.0,326.0,389.0,350.0,391.0,386.0,397.0,350.0,397.0,349.0
7710,VP_004,ftsst,Prep,12,349.0,755.0,389.0,288.0,388.0,330.0,372.0,349.0,374.0,367.0,388.0,406.0,388.0,349.0
7711,VP_004,ftsst,Prep,13,307.0,909.0,348.0,312.0,365.0,342.0,355.0,330.0,350.0,345.0,301.0,176.0,350.0,299.0
7712,VP_004,ftsst,Prep,14,367.0,886.0,401.0,362.0,417.0,331.0,393.0,359.0,402.0,397.0,398.0,62.0,398.0,359.0
7713,VP_004,ftsst,Prep,15,370.0,719.0,405.0,313.0,411.0,351.0,395.0,369.0,396.0,391.0,408.0,427.0,408.0,368.0
7714,VP_004,ftsst,Prep,16,318.0,685.0,355.0,258.0,355.0,296.0,342.0,318.0,342.0,334.0,354.0,318.0,354.0,317.0
7715,VP_004,ftsst,Prep,17,291.0,706.0,323.0,287.0,345.0,321.0,326.0,271.0,325.0,320.0,323.0,271.0,323.0,271.0
7716,VP_004,ftsst,Prep,18,294.0,771.0,325.0,290.0,349.0,326.0,309.0,267.0,330.0,326.0,324.0,267.0,324.0,267.0
7717,VP_004,ftsst,Prep,19,321.0,799.0,353.0,312.0,371.0,278.0,338.0,315.0,353.0,349.0,353.0,315.0,353.0,315.0
7718,VP_004,ftsst,Prep,20,345.0,750.0,380.0,300.0,377.0,324.0,361.0,341.0,367.0,361.0,380.0,397.0,380.0,341.0
7719,VP_004,ftsst,Prep,21,347.0,772.0,337.0,310.0,365.0,343.0,357.0,324.0,348.0,343.0,289.0,143.0,340.0,286.0
7720,VP_004,ftsst,Prep,22,325.0,800.0,357.0,316.0,374.0,350.0,358.0,315.0,355.0,350.0,318.0,161.0,355.0,315.0
7721,VP_004,ftsst,Prep,23,338.0,751.0,374.0,279.0,385.0,308.0,354.0,334.0,366.0,361.0,375.0,334.0,375.0,333.0
7722,VP_004,ftsst,Prep,24,326.0,769.0,356.0,268.0,365.0,303.0,345.0,324.0,352.0,345.0,360.0,324.0,360.0,324.0
7723,VP_004,ftsst,Prep,25,357.0,773.0,339.0,304.0,125.0,352.0,365.0,315.0,355.0,350.0,288.0,0.0,320.0,286.0
7724,VP_004,ftsst,Prep,26,319.0,823.0,354.0,321.0,378.0,360.0,334.0,317.0,358.0,352.0,356.0,50.0,356.0,317.0
7725,VP_004,ftsst,Prep,27,381.0,843.0,377.0,302.0,393.0,376.0,383.0,342.0,377.0,370.0,344.0,161.0,378.0,342.0
7726,VP_004,ftsst,Prep,28,372.0,814.0,395.0,345.0,401.0,375.0,390.0,375.0,382.0,376.0,395.0,348.0,395.0,347.0
7727,VP_004,ftsst,Prep,29,344.0,690.0,381.0,333.0,389.0,365.0,377.0,364.0,371.0,366.0,375.0,334.0,375.0,334.0
7728,VP_004,ftsst,Prep,30,334.0,673.0,161.0,298.0,146.0,334.0,305.0,294.0,332.0,324.0,300.0,71.0,306.0,294.0
7729,VP_004,ftsst,Prep,31,288.0,670.0,318.0,234.0,340.0,274.0,326.0,234.0,321.0,316.0,285.0,205.0,309.0,204.0
7730,VP_004,ftsst,Prep,32,328.0,785.0,324.0,243.0,339.0,320.0,328.0,279.0,319.0,314.0,281.0,223.0,327.0,279.0
7731,VP_004,ftsst,Prep,33,330.0,759.0,361.0,267.0,374.0,291.0,344.0,325.0,357.0,353.0,361.0,325.0,361.0,324.0
7732,VP_004,ftsst,Prep,34,327.0,857.0,360.0,281.0,364.0,311.0,352.0,330.0,350.0,346.0,359.0,330.0,359.0,329.0
7733,VP_004,ftsst,Prep,35,356.0,,390.0,327.0,398.0,339.0,380.0,350.0,383.0,379.0,389.0,350.0,389.0,349.0
7734,VP_004,ftsst,Talk,0,360.0,858.0,401.0,355.0,410.0,386.0,399.0,391.0,390.0,382.0,399.0,353.0,399.0,353.0
7735,VP_004,ftsst,Talk,1,393.0,878.0,410.0,365.0,412.0,392.0,405.0,391.0,395.0,384.0,410.0,359.0,410.0,358.0
7736,VP_004,ftsst,Talk,2,402.0,930.0,412.0,367.0,419.0,398.0,411.0,378.0,400.0,390.0,412.0,359.0,412.0,359.0
7737,VP_004,ftsst,Talk,3,422.0,1025.0,429.0,385.0,437.0,417.0,429.0,399.0,418.0,409.0,429.0,376.0,429.0,376.0
7738,VP_004,ftsst,Talk,4,450.0,1025.0,460.0,416.0,468.0,447.0,459.0,432.0,450.0,442.0,460.0,411.0,460.0,410.0
7739,VP_004,ftsst,Talk,5,454.0,987.0,463.0,418.0,470.0,448.0,461.0,430.0,451.0,442.0,462.0,409.0,462.0,408.0
7740,VP_004,ftsst,Talk,6,438.0,846.0,454.0,407.0,457.0,436.0,449.0,419.0,439.0,429.0,454.0,400.0,454.0,399.0
7741,VP_004,ftsst,Talk,7,398.0,830.0,412.0,368.0,411.0,388.0,404.0,387.0,395.0,381.0,389.0,97.0,411.0,358.0
7742,VP_004,ftsst,Talk,8,388.0,908.0,402.0,356.0,404.0,384.0,398.0,363.0,386.0,375.0,403.0,133.0,403.0,347.0
7743,VP_004,ftsst,Talk,9,415.0,961.0,425.0,380.0,431.0,411.0,424.0,368.0,412.0,402.0,426.0,368.0,426.0,367.0
7744,VP_004,ftsst,Talk,10,429.0,956.0,445.0,400.0,449.0,430.0,443.0,384.0,431.0,420.0,442.0,384.0,442.0,383.0
7745,VP_004,ftsst,Talk,11,433.0,862.0,448.0,401.0,449.0,429.0,442.0,409.0,431.0,420.0,449.0,389.0,449.0,389.0
7746,VP_004,ftsst,Talk,12,404.0,874.0,421.0,374.0,417.0,396.0,412.0,401.0,401.0,387.0,404.0,401.0,419.0,401.0
7747,VP_004,ftsst,Talk,13,407.0,828.0,423.0,380.0,421.0,402.0,415.0,402.0,408.0,392.0,409.0,364.0,425.0,363.0
7748,VP_004,ftsst,Talk,14,396.0,976.0,405.0,358.0,405.0,387.0,401.0,393.0,387.0,375.0,396.0,393.0,404.0,393.0
7749,VP_004,ftsst,Talk,15,437.0,845.0,450.0,401.0,452.0,433.0,446.0,412.0,434.0,425.0,394.0,297.0,449.0,393.0
7750,VP_004,ftsst,Talk,16,393.0,754.0,411.0,367.0,410.0,387.0,403.0,386.0,395.0,381.0,412.0,70.0,412.0,357.0
7751,VP_004,ftsst,Talk,17,366.0,834.0,373.0,330.0,378.0,359.0,373.0,360.0,360.0,349.0,368.0,360.0,371.0,360.0
7752,VP_004,ftsst,Talk,18,388.0,869.0,395.0,348.0,404.0,384.0,395.0,365.0,382.0,375.0,396.0,131.0,396.0,344.0
7753,VP_004,ftsst,Talk,19,400.0,861.0,410.0,362.0,415.0,395.0,407.0,374.0,395.0,387.0,407.0,354.0,407.0,354.0
7754,VP_004,ftsst,Talk,20,396.0,736.0,411.0,362.0,412.0,392.0,404.0,392.0,394.0,385.0,412.0,359.0,412.0,358.0
7755,VP_004,ftsst,Talk,21,363.0,707.0,372.0,331.0,374.0,350.0,366.0,349.0,358.0,344.0,330.0,180.0,372.0,326.0
7756,VP_004,ftsst,Talk,22,346.0,768.0,359.0,312.0,360.0,340.0,354.0,319.0,342.0,331.0,348.0,202.0,359.0,301.0
7757,VP_004,ftsst,Talk,23,368.0,925.0,369.0,328.0,382.0,363.0,376.0,317.0,361.0,352.0,319.0,176.0,373.0,317.0
7758,VP_004,ftsst,Talk,24,414.0,884.0,427.0,380.0,434.0,414.0,426.0,395.0,414.0,407.0,427.0,371.0,427.0,370.0
7759,VP_004,ftsst,Talk,25,406.0,901.0,418.0,376.0,421.0,400.0,414.0,382.0,405.0,394.0,417.0,54.0,417.0,363.0
7760,VP_004,ftsst,Talk,26,413.0,974.0,421.0,376.0,426.0,407.0,419.0,385.0,408.0,399.0,422.0,365.0,422.0,365.0
7761,VP_004,ftsst,Talk,27,439.0,940.0,444.0,400.0,452.0,431.0,444.0,412.0,433.0,424.0,442.0,387.0,442.0,386.0
7762,VP_004,ftsst,Talk,28,427.0,777.0,440.0,393.0,441.0,422.0,434.0,402.0,424.0,413.0,442.0,384.0,442.0,383.0
7763,VP_004,ftsst,Talk,29,377.0,769.0,386.0,344.0,387.0,366.0,383.0,372.0,373.0,358.0,375.0,372.0,384.0,372.0
7764,VP_004,ftsst,Talk,30,371.0,780.0,374.0,331.0,383.0,365.0,378.0,365.0,363.0,353.0,319.0,365.0,377.0,365.0
7765,VP_004,ftsst,Talk,31,375.0,751.0,348.0,334.0,386.0,367.0,381.0,371.0,366.0,357.0,378.0,371.0,343.0,371.0
7766,VP_004,ftsst,Talk,32,363.0,727.0,382.0,335.0,378.0,359.0,372.0,358.0,362.0,348.0,383.0,321.0,383.0,320.0
7767,VP_004,ftsst,Talk,33,363.0,,378.0,323.0,372.0,351.0,368.0,361.0,353.0,339.0,363.0,361.0,378.0,361.0
7768,VP_004,tsst,Math,0,358.0,795.0,357.0,268.0,371.0,312.0,359.0,126.0,359.0,356.0,328.0,385.0,358.0,323.0
7769,VP_004,tsst,Math,1,358.0,984.0,353.0,294.0,371.0,314.0,355.0,325.0,358.0,355.0,349.0,325.0,349.0,324.0
7770,VP_004,tsst,Math,2,402.0,939.0,416.0,357.0,401.0,386.0,407.0,401.0,421.0,419.0,407.0,439.0,416.0,401.0
7771,VP_004,tsst,Math,3,404.0,912.0,423.0,317.0,415.0,392.0,410.0,403.0,409.0,406.0,405.0,438.0,424.0,403.0
7772,VP_004,tsst,Math,4,402.0,874.0,374.0,364.0,408.0,392.0,408.0,398.0,404.0,399.0,405.0,398.0,370.0,398.0
7773,VP_004,tsst,Math,5,359.0,814.0,398.0,307.0,290.0,339.0,383.0,355.0,390.0,385.0,357.0,93.0,399.0,355.0
7774,VP_004,tsst,Math,6,338.0,737.0,370.0,277.0,388.0,303.0,348.0,334.0,367.0,363.0,335.0,203.0,376.0,334.0
7775,VP_004,tsst,Math,7,351.0,697.0,357.0,310.0,363.0,346.0,354.0,295.0,346.0,340.0,297.0,269.0,348.0,295.0
7776,VP_004,tsst,Math,8,337.0,674.0,353.0,244.0,348.0,326.0,339.0,326.0,330.0,325.0,354.0,367.0,354.0,297.0
7777,VP_004,tsst,Math,9,332.0,691.0,307.0,248.0,344.0,326.0,338.0,281.0,322.0,317.0,287.0,226.0,309.0,281.0
7778,VP_004,tsst,Math,10,333.0,716.0,315.0,238.0,345.0,326.0,336.0,286.0,326.0,322.0,286.0,42.0,329.0,286.0
7779,VP_004,tsst,Math,11,321.0,764.0,334.0,268.0,210.0,301.0,344.0,318.0,334.0,330.0,352.0,318.0,253.0,318.0
7780,VP_004,tsst,Math,12,326.0,655.0,375.0,266.0,370.0,294.0,351.0,324.0,353.0,348.0,378.0,390.0,378.0,324.0
7781,VP_004,tsst,Math,13,321.0,648.0,290.0,229.0,331.0,312.0,325.0,295.0,315.0,310.0,285.0,202.0,285.0,273.0
7782,VP_004,tsst,Math,14,316.0,633.0,326.0,226.0,327.0,308.0,317.0,272.0,313.0,308.0,327.0,345.0,327.0,272.0
7783,VP_004,tsst,Math,16,313.0,623.0,297.0,261.0,324.0,310.0,272.0,265.0,303.0,299.0,296.0,265.0,296.0,265.0
7784,VP_004,tsst,Math,17,309.0,799.0,278.0,238.0,320.0,303.0,314.0,195.0,298.0,295.0,280.0,0.0,280.0,195.0
7785,VP_004,tsst,Math,18,361.0,910.0,374.0,326.0,376.0,353.0,365.0,353.0,365.0,360.0,375.0,324.0,375.0,323.0
7786,VP_004,tsst,Math,19,372.0,839.0,404.0,328.0,415.0,357.0,388.0,368.0,401.0,397.0,402.0,427.0,402.0,367.0
7787,VP_004,tsst,Math,20,385.0,761.0,390.0,340.0,397.0,377.0,386.0,331.0,379.0,374.0,391.0,331.0,391.0,331.0
7788,VP_004,tsst,Math,21,317.0,689.0,366.0,315.0,371.0,346.0,358.0,285.0,352.0,347.0,359.0,285.0,359.0,285.0
7789,VP_004,tsst,Math,22,300.0,637.0,341.0,298.0,347.0,285.0,333.0,293.0,332.0,324.0,295.0,366.0,346.0,293.0
7790,VP_004,tsst,Math,23,287.0,614.0,324.0,233.0,321.0,267.0,310.0,285.0,312.0,305.0,322.0,285.0,322.0,284.0
7791,VP_004,tsst,Math,24,309.0,627.0,311.0,267.0,319.0,301.0,311.0,260.0,303.0,297.0,313.0,260.0,313.0,260.0
7792,VP_004,tsst,Math,25,312.0,685.0,281.0,264.0,322.0,307.0,269.0,253.0,303.0,299.0,256.0,0.0,281.0,253.0
7793,VP_004,tsst,Math,26,339.0,833.0,313.0,283.0,344.0,329.0,295.0,280.0,323.0,319.0,315.0,280.0,315.0,279.0
7794,VP_004,tsst,Math,27,342.0,906.0,373.0,335.0,390.0,369.0,353.0,334.0,375.0,371.0,371.0,334.0,371.0,333.0
7795,VP_004,tsst,Math,28,369.0,887.0,405.0,365.0,417.0,398.0,403.0,362.0,403.0,398.0,405.0,362.0,405.0,361.0
7796,VP_004,tsst,Math,29,393.0,872.0,398.0,341.0,410.0,385.0,404.0,392.0,396.0,391.0,400.0,426.0,394.0,392.0
7797,VP_004,tsst,Math,30,352.0,817.0,386.0,355.0,410.0,391.0,365.0,350.0,392.0,386.0,353.0,245.0,385.0,350.0
7798,VP_004,tsst,Math,31,381.0,759.0,385.0,338.0,393.0,374.0,384.0,338.0,374.0,368.0,384.0,338.0,384.0,338.0
7799,VP_004,tsst,Math,32,357.0,670.0,366.0,275.0,370.0,348.0,362.0,348.0,354.0,348.0,368.0,388.0,368.0,318.0
7800,VP_004,tsst,Math,33,328.0,638.0,340.0,237.0,338.0,314.0,330.0,313.0,322.0,316.0,338.0,356.0,338.0,294.0
7801,VP_004,tsst,Math,34,317.0,666.0,305.0,278.0,326.0,307.0,321.0,211.0,313.0,305.0,308.0,211.0,308.0,210.0
7802,VP_004,tsst,Math,35,324.0,785.0,313.0,225.0,333.0,315.0,282.0,264.0,315.0,311.0,266.0,198.0,309.0,264.0
7803,VP_004,tsst,Math,36,304.0,996.0,351.0,316.0,370.0,352.0,315.0,302.0,357.0,353.0,356.0,382.0,356.0,302.0
7804,VP_004,tsst,Math,37,400.0,943.0,434.0,338.0,401.0,377.0,408.0,396.0,429.0,426.0,432.0,454.0,432.0,396.0
7805,VP_004,tsst,Pause_1,0,409.0,927.0,422.0,374.0,424.0,402.0,415.0,430.0,411.0,405.0,420.0,371.0,420.0,370.0
7806,VP_004,tsst,Pause_1,1,413.0,855.0,426.0,324.0,424.0,362.0,414.0,380.0,410.0,405.0,426.0,443.0,426.0,380.0
7807,VP_004,tsst,Pause_1,2,386.0,900.0,401.0,348.0,400.0,377.0,391.0,377.0,385.0,380.0,401.0,418.0,401.0,353.0
7808,VP_004,tsst,Pause_1,3,406.0,939.0,413.0,365.0,416.0,392.0,406.0,392.0,402.0,396.0,414.0,434.0,414.0,365.0
7809,VP_004,tsst,Pause_1,4,420.0,882.0,428.0,381.0,431.0,410.0,422.0,410.0,417.0,411.0,427.0,448.0,427.0,376.0
7810,VP_004,tsst,Pause_1,5,404.0,862.0,412.0,362.0,412.0,387.0,402.0,387.0,398.0,391.0,412.0,431.0,412.0,364.0
7811,VP_004,tsst,Pause_1,6,389.0,887.0,405.0,353.0,404.0,382.0,395.0,381.0,390.0,383.0,405.0,423.0,405.0,354.0
7812,VP_004,tsst,Pause_1,7,402.0,941.0,414.0,364.0,414.0,394.0,406.0,393.0,399.0,392.0,415.0,360.0,415.0,360.0
7813,VP_004,tsst,Pause_1,8,422.0,975.0,432.0,385.0,433.0,413.0,426.0,394.0,419.0,412.0,431.0,451.0,431.0,375.0
7814,VP_004,tsst,Pause_1,9,433.0,774.0,449.0,347.0,446.0,423.0,438.0,422.0,431.0,423.0,449.0,466.0,449.0,398.0
7815,VP_004,tsst,Pause_5,0,422.0,1040.0,437.0,369.0,455.0,401.0,447.0,470.0,450.0,445.0,414.0,473.0,443.0,409.0
7816,VP_004,tsst,Pause_5,1,456.0,1051.0,464.0,419.0,467.0,447.0,463.0,454.0,454.0,446.0,457.0,454.0,459.0,454.0
7817,VP_004,tsst,Pause_5,2,462.0,1061.0,463.0,426.0,473.0,452.0,466.0,431.0,459.0,451.0,397.0,36.0,463.0,393.0
7818,VP_004,tsst,Pause_5,3,458.0,1052.0,460.0,430.0,477.0,454.0,469.0,432.0,463.0,454.0,402.0,308.0,459.0,400.0
7819,VP_004,tsst,Pause_5,4,460.0,1045.0,466.0,427.0,474.0,451.0,464.0,450.0,460.0,451.0,467.0,413.0,467.0,413.0
7820,VP_004,tsst,Pause_5,5,458.0,965.0,468.0,423.0,471.0,446.0,463.0,446.0,457.0,449.0,468.0,415.0,468.0,415.0
7821,VP_004,tsst,Pause_5,6,433.0,896.0,443.0,395.0,445.0,424.0,438.0,406.0,429.0,421.0,443.0,385.0,443.0,384.0
7822,VP_004,tsst,Pause_5,7,416.0,862.0,422.0,375.0,426.0,405.0,419.0,384.0,407.0,398.0,422.0,364.0,422.0,363.0
7823,VP_004,tsst,Pause_5,8,406.0,866.0,413.0,366.0,414.0,394.0,408.0,372.0,397.0,386.0,413.0,352.0,413.0,352.0
7824,VP_004,tsst,Pause_5,9,405.0,,420.0,361.0,414.0,395.0,407.0,355.0,394.0,386.0,421.0,355.0,421.0,355.0
7825,VP_004,tsst,Prep,0,314.0,727.0,347.0,256.0,358.0,294.0,344.0,222.0,342.0,335.0,346.0,5.0,346.0,310.0
7826,VP_004,tsst,Prep,1,343.0,766.0,328.0,299.0,354.0,335.0,345.0,278.0,338.0,334.0,322.0,278.0,322.0,278.0
7827,VP_004,tsst,Prep,2,357.0,1032.0,348.0,312.0,371.0,352.0,358.0,309.0,352.0,347.0,313.0,176.0,352.0,309.0
7828,VP_004,tsst,Prep,3,417.0,998.0,443.0,406.0,459.0,374.0,441.0,403.0,445.0,441.0,443.0,403.0,443.0,402.0
7829,VP_004,tsst,Prep,4,403.0,814.0,451.0,370.0,450.0,395.0,437.0,401.0,434.0,429.0,404.0,467.0,450.0,401.0
7830,VP_004,tsst,Prep,5,339.0,804.0,381.0,338.0,390.0,,376.0,324.0,374.0,367.0,383.0,324.0,383.0,324.0
7831,VP_004,tsst,Prep,6,372.0,967.0,369.0,328.0,383.0,364.0,372.0,324.0,366.0,361.0,366.0,324.0,366.0,323.0
7832,VP_004,tsst,Prep,7,394.0,837.0,432.0,385.0,438.0,415.0,422.0,387.0,423.0,418.0,432.0,387.0,432.0,387.0
7833,VP_004,tsst,Prep,8,359.0,747.0,394.0,343.0,396.0,330.0,378.0,350.0,380.0,374.0,395.0,413.0,395.0,349.0
7834,VP_004,tsst,Prep,9,349.0,808.0,352.0,268.0,363.0,339.0,354.0,338.0,347.0,342.0,316.0,170.0,352.0,311.0
7835,VP_004,tsst,Prep,10,370.0,939.0,365.0,326.0,383.0,360.0,371.0,355.0,366.0,362.0,323.0,128.0,365.0,321.0
7836,VP_004,tsst,Prep,11,417.0,1042.0,416.0,322.0,428.0,364.0,409.0,377.0,412.0,408.0,416.0,377.0,416.0,376.0
7837,VP_004,tsst,Prep,12,419.0,972.0,454.0,409.0,463.0,372.0,448.0,409.0,449.0,444.0,454.0,409.0,454.0,408.0
7838,VP_004,tsst,Prep,13,399.0,902.0,436.0,359.0,437.0,385.0,425.0,398.0,425.0,420.0,435.0,455.0,435.0,398.0
7839,VP_004,tsst,Prep,14,380.0,955.0,410.0,346.0,414.0,355.0,399.0,368.0,399.0,395.0,409.0,430.0,409.0,368.0
7840,VP_004,tsst,Prep,15,390.0,970.0,431.0,379.0,433.0,367.0,415.0,384.0,418.0,414.0,431.0,384.0,431.0,384.0
7841,VP_004,tsst,Prep,16,406.0,861.0,433.0,337.0,443.0,379.0,418.0,400.0,425.0,420.0,433.0,37.0,433.0,400.0
7842,VP_004,tsst,Prep,17,365.0,705.0,384.0,331.0,408.0,355.0,389.0,364.0,389.0,382.0,366.0,63.0,379.0,364.0
7843,VP_004,tsst,Prep,18,337.0,688.0,346.0,272.0,351.0,334.0,340.0,290.0,335.0,329.0,351.0,253.0,351.0,253.0
7844,VP_004,tsst,Prep,19,334.0,740.0,327.0,288.0,344.0,325.0,333.0,280.0,326.0,321.0,283.0,224.0,322.0,280.0
7845,VP_004,tsst,Prep,20,352.0,1055.0,342.0,263.0,360.0,342.0,324.0,302.0,342.0,338.0,344.0,302.0,344.0,302.0
7846,VP_004,tsst,Prep,21,422.0,914.0,447.0,407.0,464.0,398.0,438.0,412.0,449.0,446.0,447.0,412.0,447.0,411.0
7847,VP_004,tsst,Prep,22,381.0,776.0,416.0,337.0,419.0,362.0,405.0,375.0,405.0,400.0,416.0,436.0,416.0,375.0
7848,VP_004,tsst,Prep,23,369.0,831.0,358.0,322.0,376.0,357.0,367.0,314.0,359.0,353.0,316.0,151.0,357.0,314.0
7849,VP_004,tsst,Prep,24,384.0,914.0,385.0,337.0,394.0,374.0,382.0,340.0,376.0,371.0,385.0,122.0,385.0,340.0
7850,VP_004,tsst,Prep,25,380.0,865.0,417.0,347.0,424.0,363.0,411.0,373.0,406.0,401.0,417.0,373.0,417.0,373.0
7851,VP_004,tsst,Prep,26,368.0,776.0,403.0,324.0,407.0,350.0,392.0,364.0,391.0,384.0,404.0,364.0,404.0,363.0
7852,VP_004,tsst,Prep,27,362.0,836.0,360.0,325.0,377.0,356.0,369.0,340.0,361.0,354.0,316.0,147.0,359.0,314.0
7853,VP_004,tsst,Prep,28,389.0,983.0,384.0,342.0,397.0,376.0,386.0,365.0,379.0,374.0,386.0,100.0,386.0,336.0
7854,VP_004,tsst,Prep,29,429.0,860.0,438.0,393.0,448.0,428.0,437.0,389.0,430.0,425.0,436.0,461.0,436.0,389.0
7855,VP_004,tsst,Prep,30,365.0,748.0,403.0,323.0,406.0,346.0,390.0,360.0,390.0,383.0,404.0,360.0,404.0,360.0
7856,VP_004,tsst,Prep,31,356.0,804.0,347.0,317.0,367.0,346.0,360.0,273.0,352.0,344.0,276.0,162.0,348.0,273.0
7857,VP_004,tsst,Prep,32,375.0,839.0,366.0,330.0,385.0,366.0,373.0,328.0,367.0,362.0,329.0,138.0,363.0,328.0
7858,VP_004,tsst,Prep,33,390.0,841.0,390.0,344.0,399.0,378.0,386.0,346.0,381.0,375.0,392.0,346.0,392.0,346.0
7859,VP_004,tsst,Talk,0,331.0,682.0,19.0,-43.0,7.0,,7.0,489.0,144.0,-120.0,19.0,1.0,,1.0
7860,VP_004,tsst,Talk,1,344.0,730.0,298.0,286.0,267.0,334.0,275.0,267.0,324.0,319.0,303.0,267.0,303.0,267.0
7861,VP_004,tsst,Talk,2,339.0,692.0,76.0,77.0,152.0,,154.0,13.0,220.0,119.0,70.0,143.0,,143.0
7862,VP_004,tsst,Talk,3,327.0,634.0,113.0,43.0,108.0,,69.0,42.0,193.0,59.0,114.0,124.0,,41.0
7863,VP_004,tsst,Talk,4,323.0,605.0,294.0,287.0,329.0,315.0,277.0,269.0,317.0,306.0,271.0,113.0,292.0,269.0
7864,VP_004,tsst,Talk,5,307.0,599.0,235.0,213.0,318.0,303.0,262.0,232.0,294.0,290.0,225.0,197.0,225.0,197.0
7865,VP_004,tsst,Talk,6,310.0,597.0,310.0,248.0,319.0,294.0,314.0,308.0,299.0,292.0,317.0,337.0,320.0,308.0
7866,VP_004,tsst,Talk,7,251.0,595.0,283.0,196.0,254.0,289.0,260.0,250.0,287.0,285.0,276.0,250.0,276.0,250.0
7867,VP_004,tsst,Talk,8,294.0,635.0,302.0,215.0,302.0,285.0,292.0,245.0,285.0,283.0,245.0,205.0,304.0,245.0
7868,VP_004,tsst,Talk,9,271.0,663.0,302.0,275.0,279.0,309.0,279.0,262.0,311.0,304.0,303.0,235.0,303.0,234.0
7869,VP_004,tsst,Talk,10,279.0,655.0,307.0,229.0,95.0,263.0,285.0,276.0,309.0,307.0,279.0,166.0,305.0,276.0
7870,VP_004,tsst,Talk,11,321.0,656.0,293.0,220.0,70.0,317.0,282.0,273.0,311.0,307.0,282.0,159.0,297.0,273.0
7871,VP_004,tsst,Talk,12,321.0,629.0,313.0,215.0,330.0,316.0,284.0,272.0,308.0,306.0,273.0,191.0,312.0,272.0
7872,VP_004,tsst,Talk,13,312.0,612.0,310.0,273.0,376.0,360.0,380.0,306.0,328.0,307.0,316.0,374.0,316.0,374.0
7873,VP_004,tsst,Talk,14,316.0,600.0,215.0,277.0,320.0,305.0,320.0,312.0,314.0,300.0,260.0,312.0,,312.0
7874,VP_004,tsst,Talk,15,265.0,573.0,301.0,205.0,309.0,249.0,281.0,261.0,294.0,289.0,263.0,326.0,309.0,261.0
7875,VP_004,tsst,Talk,16,288.0,577.0,295.0,255.0,297.0,280.0,290.0,239.0,290.0,283.0,239.0,312.0,287.0,238.0
7876,VP_004,tsst,Talk,17,292.0,609.0,285.0,253.0,301.0,285.0,253.0,238.0,290.0,283.0,289.0,238.0,289.0,238.0
7877,VP_004,tsst,Talk,18,309.0,726.0,320.0,248.0,312.0,297.0,310.0,312.0,292.0,289.0,320.0,308.0,320.0,308.0
7878,VP_004,tsst,Talk,19,300.0,810.0,324.0,289.0,90.0,335.0,302.0,287.0,333.0,330.0,325.0,287.0,325.0,287.0
7879,VP_004,tsst,Talk,20,371.0,780.0,378.0,338.0,332.0,366.0,337.0,331.0,373.0,366.0,377.0,331.0,377.0,331.0
7880,VP_004,tsst,Talk,21,329.0,655.0,358.0,285.0,326.0,352.0,333.0,329.0,355.0,351.0,366.0,29.0,366.0,328.0
7881,VP_004,tsst,Talk,22,311.0,629.0,327.0,232.0,325.0,305.0,317.0,304.0,317.0,311.0,290.0,133.0,326.0,285.0
7882,VP_004,tsst,Talk,23,311.0,618.0,328.0,221.0,323.0,305.0,320.0,313.0,304.0,300.0,263.0,313.0,327.0,313.0
7883,VP_004,tsst,Talk,24,301.0,631.0,303.0,267.0,311.0,361.0,306.0,296.0,322.0,303.0,301.0,60.0,304.0,369.0
7884,VP_004,tsst,Talk,25,304.0,669.0,298.0,273.0,314.0,364.0,254.0,232.0,322.0,307.0,296.0,232.0,296.0,370.0
7885,VP_004,tsst,Talk,26,327.0,700.0,298.0,255.0,332.0,319.0,242.0,216.0,312.0,310.0,304.0,216.0,304.0,216.0
7886,VP_004,tsst,Talk,27,293.0,708.0,322.0,229.0,294.0,265.0,296.0,287.0,319.0,318.0,317.0,287.0,317.0,287.0
7887,VP_004,tsst,Talk,28,337.0,720.0,350.0,235.0,342.0,324.0,338.0,335.0,327.0,325.0,335.0,362.0,352.0,335.0
7888,VP_004,tsst,Talk,29,294.0,710.0,321.0,286.0,302.0,329.0,304.0,289.0,330.0,328.0,316.0,289.0,316.0,289.0
7889,VP_004,tsst,Talk,30,333.0,677.0,326.0,274.0,257.0,302.0,335.0,301.0,339.0,331.0,327.0,359.0,327.0,254.0
7890,VP_004,tsst,Talk,31,329.0,644.0,297.0,277.0,338.0,324.0,275.0,252.0,319.0,315.0,297.0,252.0,297.0,251.0
7891,VP_004,tsst,Talk,32,279.0,653.0,307.0,233.0,280.0,266.0,294.0,277.0,314.0,307.0,281.0,179.0,313.0,277.0
7892,VP_004,tsst,Talk,33,325.0,630.0,298.0,276.0,340.0,323.0,281.0,247.0,314.0,309.0,250.0,125.0,293.0,246.0
7893,VP_004,tsst,Talk,34,313.0,606.0,127.0,251.0,319.0,303.0,319.0,,297.0,295.0,182.0,34.0,,311.0
7894,VP_004,tsst,Talk,35,269.0,592.0,291.0,211.0,311.0,247.0,286.0,211.0,297.0,292.0,287.0,322.0,287.0,188.0
7895,VP_004,tsst,Talk,36,305.0,577.0,315.0,197.0,309.0,293.0,304.0,309.0,288.0,285.0,308.0,326.0,317.0,303.0
7896,VP_004,tsst,Talk,37,290.0,576.0,249.0,181.0,296.0,281.0,290.0,208.0,277.0,276.0,254.0,97.0,237.0,157.0
7897,VP_004,tsst,Talk,38,295.0,648.0,306.0,260.0,301.0,284.0,298.0,292.0,295.0,285.0,294.0,292.0,309.0,292.0
7898,VP_004,tsst,Talk,39,357.0,778.0,363.0,387.0,443.0,426.0,449.0,348.0,376.0,298.0,329.0,443.0,367.0,443.0
7899,VP_004,tsst,Talk,40,371.0,752.0,361.0,338.0,326.0,407.0,332.0,309.0,368.0,357.0,312.0,256.0,340.0,309.0
7900,VP_004,tsst,Talk,41,352.0,675.0,339.0,261.0,362.0,342.0,348.0,308.0,342.0,339.0,312.0,375.0,359.0,308.0
7901,VP_004,tsst,Talk,42,326.0,641.0,309.0,279.0,334.0,318.0,328.0,276.0,319.0,315.0,287.0,24.0,287.0,275.0
7902,VP_004,tsst,Talk,43,318.0,695.0,336.0,329.0,323.0,370.0,321.0,381.0,341.0,310.0,317.0,381.0,337.0,381.0
7903,VP_005,ftsst,Math,0,300.0,617.0,261.0,257.0,311.0,292.0,310.0,225.0,301.0,296.0,309.0,297.0,262.0,297.0
7904,VP_005,ftsst,Math,1,292.0,610.0,279.0,259.0,313.0,291.0,305.0,224.0,299.0,295.0,280.0,45.0,280.0,223.0
7905,VP_005,ftsst,Math,2,289.0,618.0,271.0,258.0,309.0,289.0,302.0,227.0,297.0,293.0,267.0,81.0,267.0,227.0
7906,VP_005,ftsst,Math,3,295.0,620.0,275.0,258.0,311.0,291.0,302.0,221.0,299.0,295.0,277.0,58.0,277.0,220.0
7907,VP_005,ftsst,Math,4,260.0,608.0,256.0,196.0,95.0,295.0,264.0,250.0,292.0,291.0,262.0,88.0,267.0,250.0
7908,VP_005,ftsst,Math,5,228.0,572.0,251.0,149.0,237.0,,228.0,223.0,264.0,263.0,248.0,262.0,248.0,223.0
7909,VP_005,ftsst,Math,6,281.0,561.0,296.0,206.0,290.0,267.0,286.0,280.0,290.0,282.0,300.0,279.0,300.0,279.0
7910,VP_005,ftsst,Math,7,275.0,547.0,237.0,239.0,285.0,266.0,280.0,208.0,279.0,275.0,216.0,63.0,233.0,207.0
7911,VP_005,ftsst,Math,8,264.0,540.0,257.0,233.0,285.0,260.0,276.0,239.0,274.0,270.0,276.0,132.0,267.0,212.0
7912,VP_005,ftsst,Math,9,230.0,540.0,262.0,233.0,283.0,257.0,272.0,224.0,273.0,268.0,267.0,192.0,267.0,191.0
7913,VP_005,ftsst,Math,10,262.0,550.0,287.0,189.0,273.0,233.0,268.0,260.0,275.0,270.0,262.0,301.0,286.0,259.0
7914,VP_005,ftsst,Math,11,280.0,563.0,258.0,237.0,293.0,274.0,284.0,232.0,277.0,272.0,234.0,113.0,259.0,231.0
7915,VP_005,ftsst,Math,12,268.0,585.0,209.0,216.0,286.0,259.0,279.0,216.0,276.0,274.0,281.0,78.0,227.0,194.0
7916,VP_005,ftsst,Math,13,279.0,603.0,277.0,226.0,299.0,276.0,291.0,242.0,288.0,284.0,209.0,311.0,225.0,206.0
7917,VP_005,ftsst,Math,14,297.0,609.0,317.0,205.0,304.0,277.0,300.0,296.0,294.0,290.0,324.0,295.0,324.0,295.0
7918,VP_005,ftsst,Math,16,260.0,581.0,306.0,276.0,306.0,241.0,293.0,257.0,305.0,294.0,311.0,329.0,311.0,257.0
7919,VP_005,ftsst,Math,17,247.0,565.0,270.0,213.0,304.0,287.0,256.0,239.0,285.0,281.0,243.0,195.0,264.0,239.0
7920,VP_005,ftsst,Math,18,290.0,559.0,253.0,242.0,299.0,283.0,297.0,287.0,282.0,277.0,233.0,287.0,254.0,287.0
7921,VP_005,ftsst,Math,19,238.0,572.0,270.0,240.0,294.0,271.0,283.0,234.0,280.0,275.0,243.0,75.0,279.0,210.0
7922,VP_005,ftsst,Math,20,295.0,576.0,186.0,232.0,300.0,280.0,300.0,296.0,287.0,281.0,303.0,296.0,,296.0
7923,VP_005,ftsst,Math,21,292.0,578.0,293.0,248.0,301.0,282.0,297.0,289.0,287.0,282.0,293.0,289.0,300.0,289.0
7924,VP_005,ftsst,Math,22,288.0,570.0,300.0,249.0,299.0,279.0,294.0,283.0,287.0,282.0,291.0,283.0,289.0,283.0
7925,VP_005,ftsst,Math,23,286.0,565.0,308.0,254.0,300.0,278.0,293.0,256.0,289.0,281.0,283.0,321.0,310.0,236.0
7926,VP_005,ftsst,Math,24,268.0,555.0,292.0,247.0,296.0,201.0,280.0,231.0,284.0,279.0,290.0,314.0,290.0,231.0
7927,VP_005,ftsst,Math,25,288.0,556.0,309.0,224.0,293.0,270.0,289.0,286.0,280.0,275.0,311.0,285.0,311.0,285.0
7928,VP_005,ftsst,Math,26,286.0,556.0,212.0,245.0,294.0,275.0,291.0,282.0,282.0,276.0,193.0,282.0,,282.0
7929,VP_005,ftsst,Math,27,287.0,561.0,297.0,202.0,296.0,278.0,294.0,286.0,281.0,276.0,298.0,286.0,297.0,286.0
7930,VP_005,ftsst,Math,28,292.0,565.0,304.0,249.0,299.0,280.0,297.0,291.0,285.0,278.0,294.0,291.0,304.0,291.0
7931,VP_005,ftsst,Math,29,284.0,574.0,241.0,229.0,302.0,280.0,300.0,185.0,283.0,278.0,244.0,185.0,244.0,185.0
7932,VP_005,ftsst,Math,30,294.0,571.0,195.0,236.0,298.0,280.0,299.0,293.0,280.0,277.0,196.0,293.0,,293.0
7933,VP_005,ftsst,Math,31,286.0,584.0,304.0,234.0,304.0,255.0,293.0,275.0,285.0,280.0,303.0,274.0,303.0,274.0
7934,VP_005,ftsst,Math,32,285.0,592.0,294.0,249.0,304.0,281.0,296.0,169.0,288.0,284.0,294.0,141.0,287.0,140.0
7935,VP_005,ftsst,Math,33,291.0,608.0,309.0,227.0,309.0,281.0,300.0,287.0,291.0,286.0,294.0,325.0,309.0,287.0
7936,VP_005,ftsst,Math,34,304.0,606.0,318.0,254.0,312.0,291.0,306.0,300.0,295.0,291.0,302.0,300.0,320.0,300.0
7937,VP_005,ftsst,Math,35,302.0,593.0,259.0,231.0,313.0,294.0,309.0,299.0,297.0,292.0,309.0,299.0,240.0,299.0
7938,VP_005,ftsst,Math,36,304.0,583.0,319.0,262.0,308.0,290.0,306.0,303.0,297.0,290.0,321.0,302.0,321.0,302.0
7939,VP_005,ftsst,Math,37,294.0,567.0,296.0,253.0,304.0,283.0,299.0,292.0,290.0,285.0,294.0,292.0,254.0,292.0
7940,VP_005,ftsst,Math,38,288.0,546.0,205.0,229.0,298.0,278.0,295.0,286.0,281.0,277.0,194.0,286.0,,286.0
7941,VP_005,ftsst,Math,39,276.0,534.0,290.0,192.0,296.0,271.0,286.0,270.0,278.0,272.0,248.0,313.0,294.0,244.0
7942,VP_005,ftsst,Math,40,271.0,532.0,288.0,208.0,286.0,261.0,280.0,267.0,272.0,267.0,274.0,305.0,287.0,267.0
7943,VP_005,ftsst,Math,41,276.0,539.0,295.0,209.0,283.0,260.0,281.0,274.0,279.0,269.0,276.0,274.0,295.0,274.0
7944,VP_005,ftsst,Math,42,279.0,553.0,284.0,187.0,285.0,267.0,283.0,276.0,272.0,268.0,285.0,276.0,278.0,276.0
7945,VP_005,ftsst,Math,43,279.0,644.0,295.0,235.0,294.0,274.0,288.0,207.0,276.0,272.0,294.0,207.0,294.0,206.0
7946,VP_005,ftsst,Math,44,314.0,733.0,327.0,266.0,323.0,301.0,320.0,312.0,312.0,306.0,315.0,345.0,331.0,312.0
7947,VP_005,ftsst,Math,45,340.0,717.0,347.0,298.0,354.0,334.0,349.0,335.0,342.0,337.0,346.0,369.0,312.0,335.0
7948,VP_005,ftsst,Math,46,340.0,679.0,348.0,296.0,351.0,331.0,347.0,336.0,335.0,331.0,349.0,368.0,349.0,336.0
7949,VP_005,ftsst,Math,47,335.0,634.0,343.0,290.0,346.0,326.0,341.0,333.0,326.0,320.0,339.0,333.0,348.0,333.0
7950,VP_005,ftsst,Math,48,302.0,577.0,320.0,269.0,323.0,299.0,315.0,276.0,307.0,302.0,307.0,339.0,315.0,248.0
7951,VP_005,ftsst,Math,49,283.0,555.0,267.0,221.0,301.0,277.0,292.0,220.0,286.0,281.0,184.0,311.0,264.0,182.0
7952,VP_005,ftsst,Pause_1,0,223.0,521.0,239.0,194.0,236.0,216.0,234.0,170.0,250.0,250.0,221.0,265.0,240.0,173.0
7953,VP_005,ftsst,Pause_1,1,230.0,520.0,230.0,203.0,256.0,235.0,248.0,188.0,253.0,253.0,224.0,269.0,224.0,147.0
7954,VP_005,ftsst,Pause_1,2,224.0,526.0,226.0,185.0,224.0,256.0,224.0,207.0,253.0,253.0,211.0,107.0,225.0,161.0
7955,VP_005,ftsst,Pause_1,3,227.0,535.0,233.0,208.0,273.0,258.0,226.0,202.0,257.0,256.0,240.0,176.0,240.0,175.0
7956,VP_005,ftsst,Pause_1,4,231.0,517.0,251.0,189.0,235.0,214.0,237.0,222.0,259.0,258.0,246.0,222.0,246.0,222.0
7957,VP_005,ftsst,Pause_1,5,225.0,501.0,249.0,194.0,256.0,215.0,241.0,215.0,251.0,251.0,222.0,271.0,247.0,178.0
7958,VP_005,ftsst,Pause_1,6,220.0,503.0,255.0,154.0,224.0,199.0,228.0,219.0,246.0,245.0,259.0,271.0,259.0,219.0
7959,VP_005,ftsst,Pause_1,7,217.0,542.0,237.0,183.0,225.0,206.0,229.0,182.0,247.0,246.0,213.0,63.0,225.0,158.0
7960,VP_005,ftsst,Pause_1,8,227.0,572.0,243.0,198.0,233.0,274.0,230.0,210.0,259.0,259.0,184.0,63.0,245.0,183.0
7961,VP_005,ftsst,Pause_1,9,242.0,592.0,245.0,215.0,247.0,274.0,245.0,228.0,270.0,270.0,252.0,33.0,252.0,196.0
7962,VP_005,ftsst,Pause_1,10,247.0,568.0,275.0,215.0,254.0,225.0,252.0,242.0,277.0,277.0,271.0,242.0,271.0,241.0
7963,VP_005,ftsst,Pause_1,11,238.0,539.0,265.0,214.0,251.0,220.0,249.0,233.0,269.0,269.0,265.0,286.0,265.0,233.0
7964,VP_005,ftsst,Pause_1,12,230.0,541.0,250.0,201.0,238.0,216.0,238.0,216.0,258.0,258.0,222.0,274.0,251.0,185.0
7965,VP_005,ftsst,Pause_1,13,229.0,528.0,241.0,205.0,236.0,215.0,232.0,214.0,258.0,258.0,184.0,87.0,240.0,183.0
7966,VP_005,ftsst,Pause_1,14,222.0,536.0,234.0,205.0,231.0,264.0,228.0,176.0,256.0,255.0,182.0,101.0,228.0,100.0
7967,VP_005,ftsst,Pause_1,15,228.0,529.0,248.0,199.0,235.0,215.0,235.0,216.0,260.0,259.0,218.0,187.0,252.0,216.0
7968,VP_005,ftsst,Pause_1,16,228.0,520.0,253.0,197.0,237.0,219.0,238.0,224.0,256.0,255.0,226.0,276.0,258.0,224.0
7969,VP_005,ftsst,Pause_1,17,225.0,523.0,246.0,183.0,236.0,212.0,234.0,219.0,251.0,251.0,225.0,264.0,226.0,219.0
7970,VP_005,ftsst,Pause_5,1,319.0,634.0,326.0,281.0,329.0,309.0,325.0,276.0,314.0,305.0,323.0,317.0,329.0,317.0
7971,VP_005,ftsst,Pause_5,2,320.0,680.0,325.0,279.0,330.0,310.0,327.0,320.0,316.0,306.0,324.0,320.0,323.0,320.0
7972,VP_005,ftsst,Pause_5,3,334.0,685.0,338.0,293.0,348.0,327.0,343.0,334.0,328.0,320.0,339.0,334.0,338.0,334.0
7973,VP_005,ftsst,Pause_5,4,340.0,674.0,340.0,275.0,352.0,330.0,347.0,336.0,334.0,324.0,341.0,370.0,340.0,336.0
7974,VP_005,ftsst,Pause_5,5,328.0,683.0,335.0,298.0,343.0,322.0,338.0,325.0,330.0,320.0,331.0,362.0,334.0,325.0
7975,VP_005,ftsst,Pause_5,6,339.0,700.0,301.0,300.0,348.0,329.0,345.0,338.0,332.0,323.0,342.0,338.0,341.0,338.0
7976,VP_005,ftsst,Pause_5,7,345.0,696.0,348.0,303.0,355.0,333.0,351.0,342.0,336.0,328.0,347.0,342.0,306.0,342.0
7977,VP_005,ftsst,Pause_5,8,341.0,666.0,352.0,306.0,354.0,334.0,350.0,340.0,338.0,328.0,345.0,374.0,352.0,340.0
7978,VP_005,ftsst,Pause_5,9,331.0,657.0,340.0,257.0,343.0,320.0,337.0,328.0,324.0,316.0,330.0,361.0,340.0,328.0
7979,VP_005,ftsst,Pause_5,10,327.0,660.0,291.0,284.0,336.0,315.0,331.0,319.0,319.0,312.0,328.0,319.0,289.0,319.0
7980,VP_005,ftsst,Pause_5,11,333.0,667.0,285.0,288.0,340.0,322.0,337.0,329.0,322.0,314.0,336.0,329.0,288.0,329.0
7981,VP_005,ftsst,Pause_5,12,332.0,637.0,342.0,289.0,341.0,322.0,337.0,330.0,323.0,316.0,333.0,330.0,342.0,330.0
7982,VP_005,ftsst,Pause_5,13,325.0,606.0,330.0,280.0,333.0,313.0,329.0,322.0,314.0,306.0,323.0,351.0,326.0,322.0
7983,VP_005,ftsst,Pause_5,14,305.0,,320.0,235.0,320.0,262.0,311.0,282.0,305.0,295.0,302.0,341.0,323.0,282.0
7984,VP_005,ftsst,Prep,0,285.0,568.0,223.0,233.0,290.0,271.0,290.0,226.0,281.0,277.0,205.0,282.0,223.0,282.0
7985,VP_005,ftsst,Prep,1,222.0,565.0,246.0,237.0,228.0,271.0,236.0,218.0,279.0,276.0,219.0,0.0,246.0,218.0
7986,VP_005,ftsst,Prep,2,238.0,559.0,254.0,227.0,290.0,,255.0,212.0,273.0,272.0,237.0,57.0,253.0,212.0
7987,VP_005,ftsst,Prep,3,221.0,557.0,250.0,219.0,227.0,,240.0,217.0,268.0,268.0,221.0,114.0,251.0,217.0
7988,VP_005,ftsst,Prep,4,228.0,569.0,266.0,221.0,272.0,,258.0,203.0,269.0,268.0,268.0,203.0,268.0,203.0
7989,VP_005,ftsst,Prep,5,203.0,595.0,243.0,229.0,275.0,254.0,226.0,196.0,275.0,274.0,243.0,63.0,243.0,195.0
7990,VP_005,ftsst,Prep,6,228.0,608.0,259.0,240.0,230.0,,246.0,221.0,285.0,283.0,263.0,221.0,263.0,221.0
7991,VP_005,ftsst,Prep,7,260.0,592.0,300.0,247.0,152.0,216.0,261.0,256.0,291.0,289.0,298.0,315.0,298.0,255.0
7992,VP_005,ftsst,Prep,8,234.0,595.0,271.0,230.0,286.0,213.0,264.0,224.0,279.0,279.0,232.0,298.0,273.0,224.0
7993,VP_005,ftsst,Prep,9,253.0,631.0,278.0,233.0,284.0,,269.0,220.0,281.0,280.0,277.0,301.0,277.0,220.0
7994,VP_005,ftsst,Prep,10,241.0,704.0,272.0,244.0,252.0,,258.0,231.0,293.0,293.0,273.0,231.0,273.0,230.0
7995,VP_005,ftsst,Prep,11,262.0,732.0,297.0,282.0,264.0,,281.0,255.0,325.0,323.0,299.0,0.0,299.0,255.0
7996,VP_005,ftsst,Prep,12,287.0,685.0,305.0,250.0,231.0,273.0,297.0,272.0,323.0,323.0,301.0,0.0,301.0,234.0
7997,VP_005,ftsst,Prep,13,262.0,683.0,297.0,266.0,324.0,,307.0,250.0,314.0,313.0,302.0,335.0,302.0,249.0
7998,VP_005,ftsst,Prep,14,275.0,685.0,269.0,257.0,86.0,279.0,307.0,226.0,317.0,315.0,265.0,81.0,265.0,226.0
7999,VP_005,ftsst,Prep,15,252.0,683.0,293.0,265.0,316.0,289.0,302.0,236.0,313.0,312.0,293.0,236.0,293.0,236.0
8000,VP_005,ftsst,Prep,16,256.0,630.0,300.0,261.0,312.0,,294.0,223.0,311.0,310.0,300.0,326.0,300.0,222.0
8001,VP_005,ftsst,Prep,17,272.0,604.0,283.0,243.0,300.0,268.0,287.0,215.0,293.0,292.0,281.0,313.0,281.0,215.0
8002,VP_005,ftsst,Prep,18,239.0,619.0,273.0,230.0,273.0,,250.0,233.0,281.0,281.0,274.0,233.0,274.0,233.0
8003,VP_005,ftsst,Prep,19,300.0,621.0,272.0,254.0,235.0,292.0,242.0,229.0,297.0,294.0,273.0,229.0,273.0,229.0
8004,VP_005,ftsst,Prep,20,229.0,628.0,278.0,247.0,298.0,,284.0,227.0,293.0,292.0,268.0,40.0,268.0,227.0
8005,VP_005,ftsst,Prep,21,228.0,641.0,284.0,250.0,309.0,283.0,294.0,220.0,296.0,295.0,292.0,320.0,292.0,220.0
8006,VP_005,ftsst,Prep,22,251.0,690.0,288.0,250.0,296.0,230.0,282.0,243.0,298.0,297.0,285.0,243.0,285.0,242.0
8007,VP_005,ftsst,Prep,23,261.0,750.0,296.0,270.0,315.0,288.0,303.0,243.0,317.0,316.0,251.0,193.0,296.0,192.0
8008,VP_005,ftsst,Prep,24,279.0,759.0,316.0,296.0,277.0,,294.0,274.0,340.0,338.0,317.0,274.0,317.0,274.0
8009,VP_005,ftsst,Prep,25,295.0,693.0,326.0,292.0,338.0,,317.0,284.0,340.0,339.0,326.0,355.0,326.0,284.0
8010,VP_005,ftsst,Prep,26,276.0,703.0,293.0,247.0,316.0,268.0,301.0,267.0,317.0,316.0,297.0,59.0,297.0,223.0
8011,VP_005,ftsst,Prep,27,273.0,707.0,301.0,275.0,315.0,253.0,302.0,263.0,321.0,320.0,297.0,5.0,297.0,262.0
8012,VP_005,ftsst,Prep,28,263.0,698.0,304.0,275.0,317.0,250.0,288.0,259.0,322.0,321.0,259.0,216.0,305.0,259.0
8013,VP_005,ftsst,Prep,29,269.0,663.0,311.0,272.0,269.0,316.0,277.0,269.0,319.0,318.0,311.0,269.0,311.0,269.0
8014,VP_005,ftsst,Prep,30,288.0,675.0,283.0,255.0,304.0,284.0,297.0,235.0,304.0,304.0,275.0,70.0,275.0,235.0
8015,VP_005,ftsst,Prep,31,268.0,706.0,299.0,264.0,307.0,,288.0,214.0,311.0,310.0,302.0,214.0,302.0,214.0
8016,VP_005,ftsst,Prep,32,269.0,664.0,306.0,270.0,322.0,,294.0,262.0,319.0,319.0,304.0,334.0,304.0,261.0
8017,VP_005,ftsst,Prep,33,245.0,695.0,291.0,259.0,297.0,,287.0,235.0,306.0,305.0,291.0,235.0,291.0,235.0
8018,VP_005,ftsst,Prep,34,255.0,721.0,284.0,273.0,256.0,300.0,268.0,245.0,319.0,318.0,285.0,245.0,285.0,245.0
8019,VP_005,ftsst,Prep,35,268.0,694.0,310.0,283.0,325.0,,309.0,249.0,329.0,327.0,310.0,249.0,310.0,249.0
8020,VP_005,ftsst,Prep,36,274.0,689.0,302.0,271.0,326.0,,297.0,252.0,318.0,317.0,301.0,49.0,301.0,251.0
8021,VP_005,ftsst,Prep,37,258.0,726.0,301.0,273.0,312.0,,297.0,251.0,318.0,316.0,304.0,251.0,304.0,251.0
8022,VP_005,ftsst,Prep,38,265.0,737.0,300.0,286.0,327.0,300.0,314.0,239.0,331.0,329.0,298.0,239.0,298.0,239.0
8023,VP_005,ftsst,Prep,39,293.0,669.0,320.0,284.0,341.0,274.0,316.0,274.0,332.0,331.0,321.0,352.0,321.0,228.0
8024,VP_005,ftsst,Prep,40,260.0,674.0,293.0,262.0,285.0,239.0,285.0,239.0,309.0,308.0,244.0,197.0,290.0,196.0
8025,VP_005,ftsst,Prep,41,251.0,679.0,293.0,259.0,310.0,285.0,295.0,236.0,308.0,308.0,296.0,203.0,296.0,202.0
8026,VP_005,ftsst,Prep,42,259.0,718.0,288.0,280.0,261.0,309.0,267.0,255.0,321.0,317.0,288.0,12.0,288.0,254.0
8027,VP_005,ftsst,Prep,43,274.0,684.0,320.0,288.0,335.0,,319.0,250.0,331.0,328.0,320.0,250.0,320.0,250.0
8028,VP_005,ftsst,Talk,0,252.0,525.0,230.0,206.0,266.0,240.0,255.0,300.0,261.0,259.0,186.0,60.0,224.0,179.0
8029,VP_005,ftsst,Talk,1,226.0,514.0,257.0,182.0,271.0,208.0,242.0,221.0,258.0,257.0,271.0,221.0,271.0,220.0
8030,VP_005,ftsst,Talk,2,254.0,508.0,197.0,179.0,265.0,247.0,266.0,149.0,262.0,258.0,186.0,82.0,186.0,82.0
8031,VP_005,ftsst,Talk,3,248.0,504.0,191.0,194.0,57.0,222.0,249.0,173.0,253.0,252.0,177.0,59.0,184.0,172.0
8032,VP_005,ftsst,Talk,4,255.0,497.0,230.0,212.0,78.0,253.0,205.0,147.0,255.0,253.0,232.0,147.0,232.0,146.0
8033,VP_005,ftsst,Talk,5,251.0,496.0,261.0,156.0,260.0,235.0,254.0,247.0,249.0,248.0,249.0,280.0,268.0,247.0
8034,VP_005,ftsst,Talk,6,222.0,503.0,190.0,180.0,259.0,209.0,248.0,180.0,248.0,247.0,254.0,0.0,,156.0
8035,VP_005,ftsst,Talk,7,246.0,513.0,189.0,184.0,259.0,234.0,253.0,136.0,250.0,249.0,258.0,102.0,194.0,101.0
8036,VP_005,ftsst,Talk,8,242.0,542.0,247.0,209.0,264.0,241.0,255.0,161.0,255.0,254.0,162.0,105.0,244.0,160.0
8037,VP_005,ftsst,Talk,9,255.0,596.0,279.0,220.0,276.0,,264.0,225.0,266.0,265.0,279.0,293.0,279.0,224.0
8038,VP_005,ftsst,Talk,10,263.0,630.0,141.0,203.0,63.0,246.0,274.0,264.0,282.0,281.0,145.0,264.0,,264.0
8039,VP_005,ftsst,Talk,11,237.0,636.0,269.0,252.0,309.0,286.0,293.0,219.0,297.0,295.0,258.0,11.0,258.0,218.0
8040,VP_005,ftsst,Talk,12,232.0,625.0,290.0,261.0,234.0,304.0,247.0,227.0,303.0,300.0,298.0,227.0,298.0,226.0
8041,VP_005,ftsst,Talk,13,291.0,579.0,81.0,244.0,303.0,281.0,297.0,283.0,292.0,291.0,293.0,283.0,,283.0
8042,VP_005,ftsst,Talk,14,278.0,556.0,247.0,229.0,292.0,275.0,220.0,209.0,277.0,276.0,244.0,298.0,244.0,209.0
8043,VP_005,ftsst,Talk,15,258.0,541.0,141.0,174.0,280.0,237.0,268.0,257.0,270.0,269.0,269.0,257.0,,257.0
8044,VP_005,ftsst,Talk,16,278.0,536.0,98.0,158.0,82.0,261.0,276.0,131.0,258.0,258.0,105.0,273.0,,273.0
8045,VP_005,ftsst,Talk,17,225.0,544.0,255.0,201.0,262.0,221.0,246.0,226.0,260.0,260.0,229.0,100.0,234.0,226.0
8046,VP_005,ftsst,Talk,18,234.0,547.0,245.0,197.0,239.0,219.0,245.0,196.0,265.0,264.0,228.0,42.0,246.0,168.0
8047,VP_005,ftsst,Talk,19,234.0,552.0,188.0,178.0,76.0,217.0,248.0,228.0,266.0,265.0,232.0,76.0,232.0,228.0
8048,VP_005,ftsst,Talk,20,225.0,546.0,250.0,221.0,238.0,195.0,237.0,222.0,268.0,267.0,252.0,222.0,252.0,222.0
8049,VP_005,ftsst,Talk,21,198.0,541.0,193.0,206.0,53.0,245.0,201.0,189.0,259.0,259.0,199.0,50.0,,189.0
8050,VP_005,ftsst,Talk,22,278.0,533.0,302.0,232.0,286.0,266.0,280.0,275.0,272.0,268.0,302.0,275.0,302.0,275.0
8051,VP_005,ftsst,Talk,23,214.0,535.0,274.0,220.0,276.0,190.0,243.0,214.0,265.0,263.0,273.0,292.0,273.0,213.0
8052,VP_005,ftsst,Talk,24,223.0,531.0,252.0,163.0,51.0,190.0,233.0,214.0,260.0,259.0,217.0,124.0,250.0,214.0
8053,VP_005,ftsst,Talk,25,258.0,546.0,235.0,218.0,273.0,251.0,264.0,184.0,263.0,261.0,253.0,127.0,253.0,126.0
8054,VP_005,ftsst,Talk,26,253.0,575.0,149.0,172.0,274.0,218.0,262.0,242.0,267.0,266.0,147.0,242.0,,242.0
8055,VP_005,ftsst,Talk,27,220.0,600.0,258.0,237.0,290.0,,255.0,220.0,280.0,278.0,223.0,42.0,258.0,220.0
8056,VP_005,ftsst,Talk,28,264.0,619.0,273.0,239.0,286.0,256.0,276.0,238.0,287.0,285.0,273.0,15.0,273.0,212.0
8057,VP_005,ftsst,Talk,29,235.0,633.0,277.0,251.0,303.0,,261.0,227.0,295.0,293.0,276.0,227.0,276.0,226.0
8058,VP_005,ftsst,Talk,30,241.0,627.0,275.0,258.0,311.0,288.0,269.0,231.0,301.0,299.0,265.0,30.0,265.0,231.0
8059,VP_005,ftsst,Talk,31,254.0,589.0,302.0,255.0,307.0,239.0,283.0,248.0,298.0,296.0,249.0,324.0,306.0,248.0
8060,VP_005,ftsst,Talk,32,222.0,566.0,272.0,236.0,291.0,,272.0,215.0,282.0,281.0,221.0,71.0,261.0,215.0
8061,VP_005,ftsst,Talk,33,233.0,564.0,276.0,238.0,283.0,202.0,250.0,228.0,280.0,276.0,278.0,300.0,278.0,228.0
8062,VP_005,ftsst,Talk,34,262.0,568.0,277.0,182.0,283.0,235.0,275.0,240.0,270.0,269.0,272.0,163.0,283.0,240.0
8063,VP_005,ftsst,Talk,35,265.0,578.0,291.0,206.0,288.0,227.0,276.0,227.0,281.0,277.0,289.0,193.0,289.0,193.0
8064,VP_005,ftsst,Talk,36,277.0,596.0,267.0,240.0,56.0,214.0,275.0,242.0,282.0,279.0,242.0,55.0,,241.0
8065,VP_005,ftsst,Talk,37,284.0,597.0,235.0,238.0,294.0,274.0,290.0,283.0,284.0,283.0,293.0,310.0,243.0,283.0
8066,VP_005,ftsst,Talk,38,258.0,587.0,289.0,220.0,292.0,246.0,275.0,256.0,284.0,283.0,258.0,307.0,284.0,256.0
8067,VP_005,ftsst,Talk,39,280.0,562.0,291.0,236.0,296.0,276.0,246.0,231.0,282.0,280.0,301.0,231.0,301.0,230.0
8068,VP_005,ftsst,Talk,40,244.0,549.0,269.0,189.0,167.0,226.0,255.0,243.0,271.0,270.0,255.0,30.0,255.0,243.0
8069,VP_005,ftsst,Talk,41,238.0,538.0,220.0,209.0,278.0,230.0,266.0,209.0,265.0,264.0,271.0,77.0,263.0,187.0
8070,VP_005,ftsst,Talk,42,232.0,534.0,283.0,172.0,281.0,215.0,262.0,228.0,266.0,264.0,235.0,295.0,274.0,228.0
8071,VP_005,ftsst,Talk,43,262.0,539.0,289.0,194.0,277.0,234.0,271.0,257.0,271.0,266.0,266.0,303.0,293.0,257.0
8072,VP_005,ftsst,Talk,44,237.0,537.0,264.0,185.0,165.0,262.0,271.0,237.0,267.0,265.0,243.0,164.0,272.0,237.0
8073,VP_005,ftsst,Talk,45,268.0,534.0,282.0,203.0,281.0,261.0,270.0,221.0,266.0,264.0,272.0,191.0,272.0,190.0
8074,VP_005,ftsst,Talk,46,267.0,526.0,272.0,224.0,278.0,255.0,265.0,254.0,267.0,264.0,225.0,79.0,275.0,224.0
8075,VP_005,ftsst,Talk,47,251.0,522.0,233.0,197.0,175.0,243.0,261.0,173.0,265.0,262.0,174.0,97.0,226.0,172.0
8076,VP_005,ftsst,Talk,48,270.0,500.0,234.0,177.0,279.0,260.0,274.0,264.0,262.0,260.0,241.0,264.0,241.0,264.0
8077,VP_005,ftsst,Talk,49,251.0,518.0,181.0,199.0,268.0,238.0,260.0,244.0,255.0,252.0,269.0,281.0,,244.0
8078,VP_005,ftsst,Talk,50,214.0,523.0,241.0,158.0,266.0,245.0,224.0,205.0,255.0,254.0,210.0,118.0,246.0,205.0
8079,VP_005,ftsst,Talk,51,219.0,558.0,231.0,199.0,266.0,247.0,255.0,212.0,259.0,258.0,169.0,116.0,231.0,168.0
8080,VP_005,ftsst,Talk,52,229.0,,245.0,174.0,276.0,209.0,242.0,174.0,269.0,268.0,221.0,134.0,247.0,134.0
8081,VP_005,tsst,Math,0,220.0,514.0,244.0,168.0,253.0,192.0,239.0,211.0,249.0,249.0,242.0,115.0,242.0,115.0
8082,VP_005,tsst,Math,1,217.0,519.0,247.0,152.0,252.0,186.0,230.0,208.0,251.0,251.0,251.0,208.0,251.0,208.0
8083,VP_005,tsst,Math,2,204.0,522.0,231.0,153.0,256.0,189.0,224.0,202.0,247.0,247.0,210.0,120.0,222.0,202.0
8084,VP_005,tsst,Math,3,223.0,512.0,247.0,183.0,254.0,205.0,237.0,205.0,250.0,250.0,254.0,167.0,254.0,166.0
8085,VP_005,tsst,Math,4,212.0,508.0,240.0,198.0,240.0,,219.0,170.0,249.0,249.0,236.0,170.0,236.0,169.0
8086,VP_005,tsst,Math,5,225.0,503.0,258.0,166.0,224.0,202.0,230.0,223.0,247.0,247.0,259.0,222.0,259.0,222.0
8087,VP_005,tsst,Math,6,214.0,498.0,214.0,149.0,249.0,209.0,238.0,127.0,245.0,245.0,199.0,112.0,199.0,111.0
8088,VP_005,tsst,Math,7,234.0,490.0,213.0,190.0,247.0,216.0,237.0,155.0,242.0,242.0,239.0,116.0,239.0,116.0
8089,VP_005,tsst,Math,8,217.0,490.0,241.0,189.0,238.0,215.0,232.0,189.0,244.0,244.0,222.0,95.0,238.0,154.0
8090,VP_005,tsst,Math,9,187.0,488.0,226.0,133.0,185.0,221.0,192.0,184.0,237.0,237.0,224.0,184.0,224.0,184.0
8091,VP_005,tsst,Math,10,181.0,491.0,231.0,210.0,251.0,237.0,192.0,169.0,252.0,249.0,234.0,169.0,234.0,169.0
8092,VP_005,tsst,Math,11,248.0,501.0,206.0,196.0,43.0,243.0,175.0,245.0,245.0,244.0,210.0,245.0,210.0,245.0
8093,VP_005,tsst,Math,12,199.0,521.0,189.0,163.0,254.0,239.0,214.0,142.0,247.0,246.0,162.0,89.0,,88.0
8094,VP_005,tsst,Math,13,247.0,534.0,216.0,204.0,263.0,244.0,254.0,173.0,254.0,253.0,174.0,66.0,230.0,173.0
8095,VP_005,tsst,Math,14,227.0,535.0,241.0,204.0,255.0,224.0,241.0,214.0,256.0,256.0,180.0,48.0,241.0,179.0
8096,VP_005,tsst,Math,15,200.0,533.0,234.0,201.0,256.0,,221.0,192.0,254.0,254.0,192.0,53.0,228.0,191.0
8097,VP_005,tsst,Math,16,200.0,540.0,233.0,213.0,257.0,,224.0,186.0,261.0,260.0,240.0,186.0,240.0,185.0
8098,VP_005,tsst,Math,17,206.0,549.0,232.0,199.0,234.0,,219.0,194.0,254.0,254.0,196.0,63.0,232.0,194.0
8099,VP_005,tsst,Math,18,227.0,550.0,238.0,165.0,218.0,202.0,231.0,217.0,261.0,261.0,222.0,0.0,234.0,217.0
8100,VP_005,tsst,Math,19,232.0,542.0,258.0,162.0,263.0,205.0,242.0,226.0,259.0,259.0,227.0,226.0,260.0,226.0
8101,VP_005,tsst,Math,20,225.0,533.0,236.0,196.0,265.0,211.0,250.0,211.0,258.0,258.0,207.0,58.0,207.0,179.0
8102,VP_005,tsst,Math,21,249.0,519.0,238.0,206.0,260.0,241.0,214.0,199.0,257.0,257.0,237.0,199.0,237.0,198.0
8103,VP_005,tsst,Math,22,222.0,511.0,240.0,174.0,249.0,221.0,243.0,174.0,251.0,251.0,236.0,144.0,250.0,143.0
8104,VP_005,tsst,Math,23,221.0,508.0,232.0,182.0,245.0,211.0,234.0,160.0,246.0,246.0,229.0,87.0,189.0,86.0
8105,VP_005,tsst,Math,24,191.0,510.0,230.0,141.0,234.0,179.0,223.0,185.0,244.0,244.0,198.0,106.0,232.0,185.0
8106,VP_005,tsst,Math,25,192.0,514.0,217.0,149.0,254.0,183.0,219.0,148.0,248.0,248.0,196.0,112.0,212.0,112.0
8107,VP_005,tsst,Math,26,233.0,521.0,217.0,192.0,248.0,231.0,239.0,168.0,246.0,246.0,215.0,95.0,215.0,94.0
8108,VP_005,tsst,Math,27,194.0,522.0,229.0,195.0,249.0,,233.0,178.0,249.0,249.0,236.0,117.0,236.0,117.0
8109,VP_005,tsst,Math,28,227.0,522.0,246.0,203.0,250.0,223.0,242.0,164.0,254.0,253.0,234.0,117.0,244.0,116.0
8110,VP_005,tsst,Math,29,200.0,524.0,237.0,153.0,248.0,,228.0,194.0,253.0,253.0,199.0,111.0,234.0,194.0
8111,VP_005,tsst,Math,30,250.0,527.0,145.0,219.0,129.0,242.0,209.0,244.0,263.0,260.0,145.0,244.0,,244.0
8112,VP_005,tsst,Math,31,226.0,537.0,156.0,156.0,10.0,212.0,251.0,179.0,255.0,255.0,79.0,14.0,,79.0
8113,VP_005,tsst,Math,32,259.0,539.0,182.0,174.0,267.0,253.0,219.0,203.0,255.0,255.0,209.0,0.0,,203.0
8114,VP_005,tsst,Math,33,213.0,530.0,238.0,212.0,262.0,,227.0,205.0,261.0,261.0,206.0,92.0,254.0,205.0
8115,VP_005,tsst,Math,34,242.0,526.0,245.0,204.0,257.0,230.0,247.0,164.0,255.0,255.0,166.0,117.0,249.0,164.0
8116,VP_005,tsst,Math,35,219.0,521.0,226.0,196.0,256.0,,232.0,176.0,250.0,250.0,184.0,68.0,197.0,176.0
8117,VP_005,tsst,Math,36,220.0,522.0,230.0,171.0,257.0,195.0,238.0,171.0,254.0,253.0,242.0,118.0,242.0,117.0
8118,VP_005,tsst,Math,37,207.0,520.0,248.0,203.0,253.0,,237.0,186.0,254.0,253.0,193.0,84.0,249.0,186.0
8119,VP_005,tsst,Math,38,244.0,516.0,269.0,243.0,116.0,307.0,250.0,236.0,275.0,266.0,268.0,236.0,268.0,235.0
8120,VP_005,tsst,Math,39,198.0,515.0,233.0,166.0,261.0,240.0,249.0,194.0,252.0,251.0,142.0,71.0,217.0,140.0
8121,VP_005,tsst,Math,40,250.0,518.0,261.0,208.0,259.0,237.0,250.0,170.0,255.0,254.0,268.0,170.0,268.0,169.0
8122,VP_005,tsst,Math,41,197.0,524.0,222.0,201.0,258.0,245.0,206.0,190.0,252.0,251.0,213.0,153.0,213.0,153.0
8123,VP_005,tsst,Math,42,247.0,529.0,213.0,196.0,257.0,241.0,202.0,162.0,250.0,250.0,214.0,162.0,214.0,162.0
8124,VP_005,tsst,Math,43,202.0,529.0,220.0,179.0,255.0,199.0,242.0,199.0,256.0,256.0,157.0,108.0,231.0,155.0
8125,VP_005,tsst,Math,44,228.0,524.0,226.0,204.0,253.0,225.0,240.0,210.0,255.0,255.0,193.0,72.0,215.0,186.0
8126,VP_005,tsst,Math,45,202.0,529.0,214.0,194.0,206.0,243.0,205.0,171.0,249.0,249.0,215.0,126.0,215.0,126.0
8127,VP_005,tsst,Math,46,261.0,537.0,218.0,218.0,262.0,246.0,206.0,188.0,263.0,261.0,193.0,106.0,216.0,106.0
8128,VP_005,tsst,Math,47,254.0,544.0,225.0,225.0,60.0,247.0,214.0,167.0,268.0,265.0,169.0,75.0,230.0,166.0
8129,VP_005,tsst,Math,48,233.0,554.0,249.0,216.0,260.0,191.0,244.0,201.0,264.0,263.0,204.0,81.0,247.0,201.0
8130,VP_005,tsst,Math,49,256.0,556.0,239.0,230.0,45.0,254.0,218.0,197.0,273.0,271.0,236.0,197.0,236.0,196.0
8131,VP_005,tsst,Math,50,226.0,567.0,261.0,234.0,269.0,,235.0,220.0,276.0,273.0,266.0,220.0,266.0,219.0
8132,VP_005,tsst,Math,51,208.0,566.0,240.0,219.0,281.0,268.0,216.0,185.0,269.0,269.0,237.0,185.0,237.0,185.0
8133,VP_005,tsst,Math,52,262.0,560.0,234.0,220.0,276.0,259.0,266.0,197.0,270.0,269.0,205.0,52.0,231.0,197.0
8134,VP_005,tsst,Math,53,239.0,550.0,256.0,221.0,269.0,242.0,259.0,225.0,269.0,268.0,186.0,63.0,262.0,185.0
8135,VP_005,tsst,Math,54,239.0,543.0,253.0,190.0,263.0,227.0,253.0,190.0,263.0,262.0,242.0,72.0,250.0,165.0
8136,VP_005,tsst,Math,55,231.0,,247.0,212.0,263.0,,243.0,203.0,262.0,261.0,206.0,111.0,247.0,203.0
8137,VP_005,tsst,Pause_1,1,187.0,452.0,197.0,147.0,204.0,,181.0,123.0,211.0,211.0,199.0,136.0,199.0,135.0
8138,VP_005,tsst,Pause_1,3,201.0,463.0,190.0,148.0,207.0,184.0,159.0,141.0,213.0,213.0,188.0,141.0,188.0,140.0
8139,VP_005,tsst,Pause_1,4,198.0,466.0,198.0,157.0,210.0,175.0,193.0,134.0,219.0,219.0,198.0,134.0,198.0,134.0
8140,VP_005,tsst,Pause_1,5,194.0,472.0,206.0,168.0,211.0,,195.0,132.0,225.0,226.0,209.0,132.0,209.0,131.0
8141,VP_005,tsst,Pause_1,6,204.0,486.0,208.0,160.0,210.0,188.0,200.0,171.0,222.0,222.0,202.0,140.0,202.0,139.0
8142,VP_005,tsst,Pause_1,7,197.0,505.0,207.0,160.0,209.0,,197.0,153.0,224.0,224.0,156.0,70.0,209.0,153.0
8143,VP_005,tsst,Pause_1,9,208.0,502.0,220.0,125.0,222.0,,206.0,175.0,236.0,236.0,219.0,175.0,219.0,175.0
8144,VP_005,tsst,Pause_1,10,212.0,493.0,221.0,122.0,224.0,,210.0,177.0,233.0,233.0,225.0,241.0,225.0,176.0
8145,VP_005,tsst,Pause_1,11,207.0,492.0,219.0,168.0,219.0,196.0,212.0,174.0,230.0,230.0,204.0,236.0,210.0,135.0
8146,VP_005,tsst,Pause_1,12,192.0,515.0,216.0,121.0,215.0,186.0,205.0,186.0,227.0,226.0,157.0,234.0,217.0,156.0
8147,VP_005,tsst,Pause_1,13,196.0,532.0,223.0,119.0,222.0,,208.0,180.0,233.0,232.0,225.0,241.0,225.0,179.0
8148,VP_005,tsst,Pause_1,14,194.0,552.0,229.0,126.0,230.0,,214.0,188.0,239.0,239.0,228.0,247.0,228.0,187.0
8149,VP_005,tsst,Pause_1,15,205.0,529.0,238.0,136.0,239.0,,215.0,196.0,248.0,248.0,236.0,255.0,236.0,196.0
8150,VP_005,tsst,Pause_1,16,222.0,505.0,238.0,126.0,232.0,205.0,223.0,216.0,239.0,239.0,242.0,253.0,242.0,216.0
8151,VP_005,tsst,Pause_1,17,216.0,489.0,232.0,178.0,228.0,204.0,220.0,210.0,237.0,237.0,212.0,247.0,230.0,210.0
8152,VP_005,tsst,Pause_1,18,203.0,484.0,210.0,110.0,217.0,193.0,206.0,192.0,224.0,223.0,164.0,73.0,204.0,163.0
8153,VP_005,tsst,Pause_1,19,203.0,,216.0,159.0,216.0,194.0,208.0,159.0,223.0,223.0,219.0,233.0,219.0,126.0
8154,VP_005,tsst,Pause_5,0,290.0,622.0,272.0,250.0,304.0,285.0,296.0,206.0,295.0,293.0,279.0,231.0,279.0,230.0
8155,VP_005,tsst,Pause_5,1,288.0,607.0,266.0,253.0,307.0,286.0,299.0,219.0,297.0,294.0,220.0,58.0,268.0,218.0
8156,VP_005,tsst,Pause_5,2,264.0,608.0,290.0,229.0,299.0,242.0,288.0,241.0,291.0,289.0,215.0,66.0,281.0,213.0
8157,VP_005,tsst,Pause_5,3,282.0,632.0,291.0,248.0,300.0,279.0,291.0,261.0,292.0,289.0,296.0,77.0,296.0,227.0
8158,VP_005,tsst,Pause_5,4,292.0,642.0,269.0,254.0,308.0,290.0,303.0,224.0,299.0,297.0,268.0,224.0,268.0,223.0
8159,VP_005,tsst,Pause_5,5,295.0,624.0,279.0,257.0,310.0,287.0,300.0,262.0,302.0,300.0,280.0,234.0,280.0,233.0
8160,VP_005,tsst,Pause_5,6,288.0,607.0,246.0,243.0,308.0,268.0,297.0,242.0,298.0,295.0,286.0,52.0,290.0,223.0
8161,VP_005,tsst,Pause_5,7,282.0,582.0,303.0,243.0,298.0,247.0,289.0,254.0,289.0,287.0,299.0,315.0,299.0,253.0
8162,VP_005,tsst,Pause_5,8,275.0,555.0,255.0,237.0,291.0,270.0,283.0,200.0,282.0,280.0,209.0,84.0,258.0,84.0
8163,VP_005,tsst,Pause_5,9,268.0,547.0,252.0,226.0,283.0,263.0,277.0,174.0,271.0,269.0,274.0,141.0,274.0,141.0
8164,VP_005,tsst,Pause_5,10,265.0,550.0,247.0,230.0,281.0,261.0,275.0,200.0,272.0,269.0,238.0,131.0,238.0,131.0
8165,VP_005,tsst,Pause_5,11,273.0,564.0,231.0,231.0,284.0,265.0,280.0,266.0,273.0,270.0,229.0,266.0,229.0,266.0
8166,VP_005,tsst,Pause_5,12,271.0,580.0,251.0,240.0,287.0,267.0,282.0,187.0,280.0,276.0,192.0,96.0,277.0,187.0
8167,VP_005,tsst,Pause_5,13,278.0,613.0,260.0,242.0,294.0,275.0,287.0,220.0,284.0,281.0,232.0,75.0,247.0,220.0
8168,VP_005,tsst,Pause_5,14,296.0,665.0,263.0,250.0,306.0,290.0,302.0,227.0,294.0,291.0,265.0,227.0,265.0,226.0
8169,VP_005,tsst,Prep,0,191.0,538.0,228.0,181.0,236.0,,218.0,213.0,244.0,244.0,187.0,249.0,216.0,181.0
8170,VP_005,tsst,Prep,1,222.0,528.0,231.0,189.0,233.0,212.0,227.0,211.0,248.0,248.0,217.0,104.0,239.0,176.0
8171,VP_005,tsst,Prep,2,222.0,522.0,232.0,141.0,230.0,,224.0,216.0,242.0,242.0,233.0,251.0,233.0,215.0
8172,VP_005,tsst,Prep,3,220.0,516.0,234.0,180.0,233.0,210.0,228.0,179.0,245.0,245.0,220.0,254.0,232.0,134.0
8173,VP_005,tsst,Prep,4,216.0,514.0,224.0,172.0,231.0,204.0,226.0,140.0,243.0,243.0,218.0,253.0,226.0,105.0
8174,VP_005,tsst,Prep,5,214.0,518.0,230.0,134.0,228.0,193.0,220.0,206.0,241.0,242.0,229.0,250.0,229.0,205.0
8175,VP_005,tsst,Prep,6,213.0,526.0,219.0,177.0,227.0,200.0,217.0,187.0,238.0,238.0,214.0,243.0,214.0,159.0
8176,VP_005,tsst,Prep,7,219.0,551.0,235.0,177.0,231.0,205.0,225.0,214.0,244.0,244.0,215.0,256.0,243.0,214.0
8177,VP_005,tsst,Prep,8,228.0,567.0,91.0,170.0,239.0,214.0,233.0,224.0,248.0,248.0,233.0,224.0,,224.0
8178,VP_005,tsst,Prep,9,232.0,574.0,241.0,194.0,243.0,221.0,231.0,207.0,255.0,255.0,247.0,264.0,247.0,181.0
8179,VP_005,tsst,Prep,10,233.0,561.0,251.0,203.0,248.0,220.0,239.0,220.0,262.0,262.0,250.0,270.0,250.0,201.0
8180,VP_005,tsst,Prep,11,233.0,556.0,251.0,199.0,245.0,223.0,237.0,222.0,257.0,258.0,248.0,268.0,248.0,191.0
8181,VP_005,tsst,Prep,12,231.0,549.0,248.0,146.0,245.0,,236.0,205.0,255.0,255.0,249.0,266.0,249.0,205.0
8182,VP_005,tsst,Prep,13,224.0,556.0,242.0,145.0,240.0,,231.0,191.0,253.0,253.0,194.0,261.0,245.0,191.0
8183,VP_005,tsst,Prep,14,230.0,557.0,234.0,195.0,240.0,,230.0,178.0,255.0,255.0,185.0,258.0,222.0,178.0
8184,VP_005,tsst,Prep,15,219.0,546.0,242.0,201.0,242.0,217.0,233.0,216.0,258.0,258.0,246.0,267.0,246.0,182.0
8185,VP_005,tsst,Prep,16,228.0,546.0,247.0,148.0,241.0,209.0,234.0,217.0,254.0,254.0,248.0,266.0,248.0,216.0
8186,VP_005,tsst,Prep,17,224.0,542.0,239.0,142.0,241.0,,231.0,192.0,251.0,251.0,234.0,258.0,234.0,191.0
8187,VP_005,tsst,Prep,18,221.0,547.0,227.0,163.0,235.0,,223.0,125.0,245.0,244.0,229.0,94.0,229.0,94.0
8188,VP_005,tsst,Prep,19,219.0,555.0,240.0,194.0,239.0,,227.0,187.0,252.0,253.0,238.0,258.0,238.0,186.0
8189,VP_005,tsst,Prep,20,226.0,561.0,242.0,203.0,243.0,,232.0,182.0,258.0,259.0,245.0,266.0,245.0,182.0
8190,VP_005,tsst,Prep,21,229.0,565.0,249.0,201.0,244.0,219.0,238.0,219.0,258.0,259.0,250.0,270.0,250.0,185.0
8191,VP_005,tsst,Prep,22,232.0,577.0,246.0,213.0,248.0,226.0,241.0,226.0,267.0,267.0,237.0,269.0,237.0,189.0
8192,VP_005,tsst,Prep,23,212.0,583.0,248.0,204.0,245.0,,230.0,196.0,263.0,263.0,252.0,196.0,252.0,196.0
8193,VP_005,tsst,Prep,24,227.0,587.0,251.0,191.0,254.0,211.0,239.0,210.0,263.0,263.0,216.0,270.0,248.0,180.0
8194,VP_005,tsst,Prep,25,239.0,567.0,253.0,217.0,258.0,234.0,249.0,217.0,271.0,271.0,254.0,279.0,254.0,189.0
8195,VP_005,tsst,Prep,26,232.0,554.0,258.0,209.0,254.0,224.0,244.0,224.0,264.0,264.0,194.0,276.0,259.0,194.0
8196,VP_005,tsst,Prep,27,224.0,553.0,248.0,204.0,240.0,211.0,234.0,211.0,259.0,259.0,192.0,266.0,245.0,190.0
8197,VP_005,tsst,Prep,28,206.0,572.0,247.0,197.0,243.0,,229.0,200.0,255.0,256.0,249.0,200.0,249.0,199.0
8198,VP_005,tsst,Prep,29,235.0,593.0,247.0,201.0,250.0,,239.0,201.0,260.0,260.0,246.0,269.0,246.0,201.0
8199,VP_005,tsst,Prep,30,235.0,578.0,262.0,162.0,254.0,,244.0,232.0,269.0,270.0,262.0,279.0,262.0,231.0
8200,VP_005,tsst,Prep,31,237.0,582.0,253.0,210.0,248.0,223.0,241.0,222.0,266.0,266.0,252.0,274.0,252.0,181.0
8201,VP_005,tsst,Prep,32,211.0,575.0,257.0,215.0,256.0,,229.0,208.0,270.0,270.0,255.0,208.0,255.0,208.0
8202,VP_005,tsst,Prep,33,226.0,582.0,245.0,202.0,247.0,,229.0,200.0,261.0,261.0,246.0,200.0,246.0,199.0
8203,VP_005,tsst,Prep,34,237.0,567.0,257.0,219.0,256.0,223.0,247.0,222.0,272.0,272.0,258.0,280.0,258.0,199.0
8204,VP_005,tsst,Prep,35,235.0,567.0,256.0,203.0,254.0,221.0,243.0,203.0,262.0,262.0,256.0,275.0,256.0,176.0
8205,VP_005,tsst,Prep,36,234.0,591.0,253.0,206.0,248.0,216.0,238.0,216.0,262.0,262.0,250.0,270.0,250.0,195.0
8206,VP_005,tsst,Prep,37,242.0,616.0,258.0,212.0,251.0,,242.0,205.0,269.0,270.0,263.0,205.0,263.0,205.0
8207,VP_005,tsst,Prep,38,239.0,642.0,268.0,217.0,268.0,,254.0,214.0,276.0,276.0,266.0,285.0,266.0,213.0
8208,VP_005,tsst,Prep,39,258.0,637.0,274.0,226.0,275.0,,263.0,210.0,285.0,285.0,273.0,293.0,273.0,210.0
8209,VP_005,tsst,Prep,40,259.0,604.0,273.0,232.0,277.0,253.0,268.0,239.0,287.0,288.0,273.0,298.0,273.0,212.0
8210,VP_005,tsst,Prep,41,243.0,586.0,258.0,218.0,266.0,240.0,257.0,218.0,274.0,275.0,254.0,284.0,254.0,182.0
8211,VP_005,tsst,Prep,42,208.0,588.0,253.0,209.0,262.0,,246.0,198.0,267.0,267.0,203.0,277.0,257.0,198.0
8212,VP_005,tsst,Prep,43,243.0,606.0,256.0,208.0,262.0,236.0,250.0,190.0,267.0,267.0,255.0,190.0,255.0,190.0
8213,VP_005,tsst,Prep,44,244.0,616.0,263.0,216.0,263.0,,251.0,211.0,274.0,274.0,264.0,283.0,264.0,211.0
8214,VP_005,tsst,Prep,45,249.0,590.0,267.0,225.0,265.0,240.0,260.0,240.0,280.0,281.0,267.0,291.0,267.0,200.0
8215,VP_005,tsst,Prep,46,242.0,590.0,260.0,206.0,259.0,234.0,253.0,206.0,270.0,271.0,243.0,281.0,259.0,184.0
8216,VP_005,tsst,Prep,47,237.0,600.0,256.0,210.0,256.0,227.0,246.0,226.0,268.0,268.0,257.0,277.0,257.0,192.0
8217,VP_005,tsst,Prep,48,242.0,630.0,267.0,213.0,263.0,,246.0,205.0,271.0,272.0,266.0,205.0,266.0,204.0
8218,VP_005,tsst,Prep,49,251.0,624.0,271.0,228.0,274.0,,260.0,201.0,284.0,284.0,272.0,294.0,272.0,187.0
8219,VP_005,tsst,Prep,50,252.0,602.0,273.0,218.0,276.0,242.0,265.0,218.0,283.0,283.0,246.0,296.0,274.0,198.0
8220,VP_005,tsst,Talk,0,256.0,527.0,217.0,200.0,187.0,250.0,195.0,306.0,252.0,252.0,215.0,185.0,215.0,184.0
8221,VP_005,tsst,Talk,1,259.0,520.0,224.0,214.0,266.0,248.0,263.0,248.0,262.0,260.0,184.0,248.0,232.0,248.0
8222,VP_005,tsst,Talk,2,202.0,510.0,219.0,195.0,255.0,,216.0,195.0,249.0,249.0,228.0,195.0,228.0,195.0
8223,VP_005,tsst,Talk,3,212.0,499.0,228.0,138.0,69.0,,216.0,210.0,242.0,243.0,215.0,210.0,225.0,210.0
8224,VP_005,tsst,Talk,4,193.0,495.0,232.0,144.0,194.0,,201.0,191.0,238.0,239.0,228.0,191.0,228.0,190.0
8225,VP_005,tsst,Talk,5,239.0,502.0,217.0,137.0,104.0,235.0,193.0,182.0,240.0,240.0,184.0,105.0,205.0,182.0
8226,VP_005,tsst,Talk,6,364.0,524.0,393.0,311.0,390.0,337.0,378.0,364.0,337.0,235.0,381.0,195.0,405.0,364.0
8227,VP_005,tsst,Talk,7,259.0,536.0,139.0,160.0,269.0,253.0,228.0,223.0,257.0,256.0,114.0,35.0,,222.0
8228,VP_005,tsst,Talk,8,264.0,551.0,204.0,199.0,90.0,254.0,188.0,163.0,254.0,254.0,174.0,92.0,212.0,91.0
8229,VP_005,tsst,Talk,9,214.0,564.0,246.0,179.0,263.0,202.0,239.0,178.0,259.0,259.0,249.0,124.0,249.0,124.0
8230,VP_005,tsst,Talk,10,260.0,568.0,223.0,218.0,274.0,255.0,266.0,197.0,268.0,268.0,199.0,82.0,218.0,196.0
8231,VP_005,tsst,Talk,11,205.0,557.0,246.0,215.0,202.0,266.0,213.0,199.0,267.0,267.0,249.0,199.0,249.0,199.0
8232,VP_005,tsst,Talk,12,261.0,543.0,224.0,155.0,272.0,258.0,206.0,200.0,259.0,260.0,204.0,78.0,224.0,200.0
8233,VP_005,tsst,Talk,13,212.0,529.0,236.0,168.0,261.0,196.0,226.0,205.0,256.0,256.0,213.0,77.0,228.0,205.0
8234,VP_005,tsst,Talk,14,208.0,515.0,231.0,188.0,15.0,201.0,225.0,201.0,255.0,255.0,253.0,176.0,253.0,176.0
8235,VP_005,tsst,Talk,16,198.0,503.0,216.0,149.0,98.0,244.0,209.0,191.0,249.0,248.0,204.0,102.0,201.0,191.0
8236,VP_005,tsst,Talk,17,198.0,516.0,229.0,227.0,214.0,278.0,213.0,182.0,264.0,257.0,234.0,130.0,234.0,129.0
8237,VP_005,tsst,Talk,18,248.0,548.0,265.0,212.0,260.0,243.0,254.0,191.0,258.0,256.0,270.0,191.0,270.0,191.0
8238,VP_005,tsst,Talk,19,254.0,587.0,214.0,201.0,49.0,247.0,202.0,184.0,256.0,257.0,189.0,53.0,196.0,184.0
8239,VP_005,tsst,Talk,21,270.0,578.0,268.0,237.0,281.0,262.0,272.0,212.0,283.0,282.0,214.0,19.0,269.0,212.0
8240,VP_005,tsst,Talk,22,242.0,582.0,242.0,169.0,66.0,,250.0,208.0,270.0,270.0,246.0,75.0,244.0,208.0
8241,VP_005,tsst,Talk,23,248.0,578.0,260.0,164.0,43.0,225.0,255.0,242.0,267.0,268.0,251.0,242.0,262.0,242.0
8242,VP_005,tsst,Talk,24,241.0,580.0,150.0,171.0,231.0,210.0,241.0,230.0,269.0,269.0,237.0,60.0,,230.0
8243,VP_005,tsst,Talk,25,224.0,570.0,257.0,167.0,69.0,257.0,234.0,215.0,270.0,270.0,222.0,61.0,255.0,215.0
8244,VP_005,tsst,Talk,26,271.0,557.0,,208.0,213.0,268.0,212.0,206.0,264.0,264.0,206.0,27.0,,205.0
8245,VP_005,tsst,Talk,27,255.0,555.0,185.0,198.0,265.0,239.0,259.0,168.0,262.0,262.0,165.0,51.0,,51.0
8246,VP_005,tsst,Talk,28,237.0,549.0,266.0,170.0,268.0,214.0,256.0,231.0,267.0,266.0,247.0,61.0,264.0,231.0
8247,VP_005,tsst,Talk,29,234.0,543.0,238.0,157.0,137.0,223.0,246.0,187.0,259.0,259.0,136.0,47.0,244.0,134.0
8248,VP_005,tsst,Talk,30,228.0,531.0,253.0,207.0,251.0,,239.0,210.0,259.0,259.0,222.0,55.0,251.0,210.0
8249,VP_005,tsst,Talk,31,229.0,525.0,268.0,173.0,233.0,213.0,241.0,230.0,256.0,256.0,233.0,281.0,271.0,230.0
8250,VP_005,tsst,Talk,32,236.0,518.0,239.0,194.0,253.0,226.0,241.0,161.0,249.0,249.0,165.0,70.0,240.0,161.0
8251,VP_005,tsst,Talk,33,217.0,514.0,255.0,188.0,256.0,208.0,234.0,208.0,258.0,256.0,213.0,175.0,247.0,174.0
8252,VP_005,tsst,Talk,34,205.0,512.0,238.0,213.0,210.0,189.0,215.0,203.0,258.0,256.0,247.0,203.0,247.0,202.0
8253,VP_005,tsst,Talk,36,233.0,513.0,210.0,193.0,258.0,228.0,251.0,156.0,251.0,250.0,209.0,118.0,209.0,118.0
8254,VP_005,tsst,Talk,37,238.0,519.0,236.0,148.0,99.0,201.0,230.0,201.0,249.0,249.0,221.0,101.0,238.0,190.0
8255,VP_005,tsst,Talk,38,201.0,533.0,230.0,149.0,259.0,,242.0,185.0,250.0,250.0,238.0,96.0,238.0,185.0
8256,VP_005,tsst,Talk,39,207.0,547.0,224.0,199.0,70.0,253.0,223.0,188.0,253.0,253.0,193.0,6.0,220.0,188.0
8257,VP_005,tsst,Talk,40,204.0,550.0,238.0,201.0,220.0,251.0,219.0,203.0,256.0,256.0,241.0,203.0,241.0,202.0
8258,VP_005,tsst,Talk,41,205.0,551.0,235.0,207.0,267.0,253.0,214.0,194.0,260.0,260.0,231.0,194.0,231.0,194.0
8259,VP_005,tsst,Talk,42,210.0,542.0,238.0,208.0,208.0,262.0,210.0,202.0,261.0,261.0,234.0,202.0,234.0,202.0
8260,VP_005,tsst,Talk,43,207.0,532.0,244.0,211.0,270.0,,222.0,197.0,261.0,261.0,258.0,197.0,258.0,196.0
8261,VP_005,tsst,Talk,44,197.0,531.0,222.0,202.0,198.0,,206.0,172.0,254.0,254.0,185.0,79.0,209.0,106.0
8262,VP_005,tsst,Talk,45,206.0,542.0,223.0,151.0,261.0,248.0,213.0,150.0,251.0,251.0,131.0,82.0,219.0,130.0
8263,VP_005,tsst,Talk,46,254.0,559.0,227.0,211.0,263.0,250.0,205.0,186.0,261.0,261.0,239.0,186.0,239.0,185.0
8264,VP_005,tsst,Talk,47,210.0,576.0,256.0,226.0,269.0,,248.0,200.0,272.0,271.0,202.0,63.0,252.0,199.0
8265,VP_005,tsst,Talk,48,226.0,596.0,239.0,209.0,45.0,262.0,225.0,212.0,265.0,266.0,215.0,52.0,236.0,212.0
8266,VP_005,tsst,Talk,49,225.0,603.0,251.0,214.0,229.0,266.0,231.0,219.0,271.0,272.0,257.0,219.0,257.0,219.0
8267,VP_005,tsst,Talk,50,219.0,591.0,264.0,230.0,277.0,,247.0,213.0,281.0,281.0,214.0,290.0,258.0,212.0
8268,VP_005,tsst,Talk,51,249.0,562.0,77.0,212.0,52.0,234.0,257.0,233.0,274.0,274.0,83.0,0.0,,193.0
8269,VP_005,tsst,Talk,52,260.0,546.0,160.0,172.0,271.0,234.0,265.0,256.0,270.0,269.0,165.0,256.0,,256.0
8270,VP_005,tsst,Talk,53,243.0,529.0,275.0,202.0,264.0,218.0,248.0,237.0,257.0,257.0,268.0,236.0,268.0,236.0
8271,VP_020,ftsst,Math,0,300.0,663.0,310.0,253.0,316.0,295.0,311.0,194.0,312.0,309.0,307.0,335.0,312.0,221.0
8272,VP_020,ftsst,Math,1,246.0,696.0,300.0,268.0,311.0,285.0,300.0,229.0,311.0,309.0,295.0,326.0,295.0,228.0
8273,VP_020,ftsst,Math,2,252.0,707.0,317.0,291.0,324.0,,311.0,243.0,329.0,324.0,318.0,243.0,318.0,243.0
8274,VP_020,ftsst,Math,3,268.0,654.0,320.0,285.0,330.0,,312.0,243.0,327.0,324.0,321.0,346.0,321.0,242.0
8275,VP_020,ftsst,Math,4,297.0,659.0,300.0,250.0,313.0,291.0,308.0,218.0,308.0,306.0,304.0,330.0,296.0,218.0
8276,VP_020,ftsst,Math,5,237.0,648.0,298.0,258.0,309.0,,292.0,232.0,305.0,304.0,297.0,322.0,297.0,231.0
8277,VP_020,ftsst,Math,6,242.0,638.0,296.0,263.0,309.0,283.0,295.0,234.0,306.0,304.0,298.0,234.0,298.0,233.0
8278,VP_020,ftsst,Math,7,237.0,610.0,296.0,262.0,307.0,284.0,296.0,229.0,304.0,301.0,297.0,323.0,297.0,228.0
8279,VP_020,ftsst,Math,8,278.0,603.0,289.0,242.0,296.0,276.0,291.0,212.0,292.0,290.0,287.0,313.0,263.0,211.0
8280,VP_020,ftsst,Math,9,280.0,620.0,272.0,242.0,102.0,272.0,284.0,207.0,294.0,290.0,214.0,107.0,276.0,207.0
8281,VP_020,ftsst,Math,10,288.0,667.0,295.0,259.0,300.0,280.0,292.0,226.0,305.0,298.0,294.0,226.0,294.0,226.0
8282,VP_020,ftsst,Math,11,265.0,673.0,312.0,283.0,315.0,292.0,306.0,283.0,322.0,315.0,315.0,238.0,315.0,237.0
8283,VP_020,ftsst,Math,12,306.0,678.0,299.0,275.0,321.0,302.0,314.0,265.0,317.0,314.0,297.0,232.0,297.0,232.0
8284,VP_020,ftsst,Math,13,306.0,722.0,301.0,265.0,318.0,296.0,311.0,265.0,317.0,314.0,300.0,228.0,300.0,228.0
8285,VP_020,ftsst,Math,14,321.0,730.0,315.0,298.0,334.0,315.0,324.0,248.0,337.0,333.0,315.0,248.0,315.0,248.0
8286,VP_020,ftsst,Math,15,287.0,686.0,325.0,302.0,339.0,319.0,330.0,256.0,341.0,336.0,327.0,256.0,327.0,256.0
8287,VP_020,ftsst,Math,16,310.0,651.0,315.0,261.0,323.0,300.0,317.0,261.0,320.0,317.0,317.0,342.0,317.0,229.0
8288,VP_020,ftsst,Math,17,295.0,654.0,300.0,250.0,309.0,286.0,303.0,218.0,307.0,305.0,277.0,325.0,277.0,218.0
8289,VP_020,ftsst,Math,19,226.0,650.0,278.0,239.0,300.0,,265.0,216.0,291.0,291.0,276.0,306.0,276.0,216.0
8290,VP_020,ftsst,Math,20,241.0,654.0,284.0,244.0,266.0,297.0,262.0,226.0,296.0,296.0,285.0,226.0,285.0,226.0
8291,VP_020,ftsst,Math,21,269.0,658.0,305.0,251.0,312.0,,280.0,255.0,301.0,300.0,306.0,324.0,306.0,254.0
8292,VP_020,ftsst,Math,22,269.0,623.0,299.0,262.0,314.0,,292.0,247.0,307.0,305.0,295.0,327.0,295.0,246.0
8293,VP_020,ftsst,Math,23,291.0,602.0,280.0,249.0,304.0,284.0,296.0,221.0,295.0,293.0,297.0,319.0,297.0,220.0
8294,VP_020,ftsst,Math,24,251.0,604.0,269.0,236.0,292.0,262.0,281.0,206.0,288.0,286.0,249.0,0.0,249.0,206.0
8295,VP_020,ftsst,Math,25,226.0,590.0,282.0,246.0,290.0,266.0,273.0,220.0,290.0,287.0,278.0,220.0,278.0,220.0
8296,VP_020,ftsst,Math,26,249.0,572.0,279.0,248.0,287.0,,275.0,218.0,289.0,285.0,291.0,0.0,291.0,218.0
8297,VP_020,ftsst,Math,27,267.0,571.0,227.0,225.0,283.0,260.0,276.0,196.0,276.0,275.0,280.0,293.0,210.0,196.0
8298,VP_020,ftsst,Math,28,269.0,577.0,253.0,225.0,280.0,260.0,274.0,191.0,274.0,273.0,249.0,191.0,249.0,191.0
8299,VP_020,ftsst,Math,29,239.0,580.0,263.0,238.0,282.0,259.0,269.0,217.0,281.0,279.0,274.0,23.0,274.0,217.0
8300,VP_020,ftsst,Math,30,243.0,592.0,258.0,237.0,286.0,261.0,276.0,209.0,281.0,279.0,211.0,300.0,247.0,208.0
8301,VP_020,ftsst,Math,31,242.0,643.0,281.0,240.0,282.0,,262.0,222.0,285.0,283.0,281.0,301.0,281.0,221.0
8302,VP_020,ftsst,Math,32,235.0,666.0,298.0,259.0,137.0,,275.0,232.0,303.0,301.0,299.0,232.0,299.0,231.0
8303,VP_020,ftsst,Math,33,270.0,661.0,302.0,263.0,310.0,284.0,298.0,271.0,309.0,308.0,302.0,325.0,302.0,233.0
8304,VP_020,ftsst,Math,34,252.0,645.0,294.0,264.0,309.0,,272.0,241.0,309.0,307.0,292.0,0.0,292.0,240.0
8305,VP_020,ftsst,Math,36,263.0,562.0,300.0,229.0,266.0,245.0,271.0,260.0,298.0,296.0,302.0,319.0,302.0,260.0
8306,VP_020,ftsst,Math,37,200.0,552.0,258.0,223.0,282.0,233.0,242.0,194.0,271.0,270.0,261.0,291.0,261.0,193.0
8307,VP_020,ftsst,Math,38,242.0,539.0,266.0,212.0,273.0,242.0,265.0,211.0,270.0,268.0,255.0,289.0,231.0,182.0
8308,VP_020,ftsst,Math,39,231.0,538.0,249.0,222.0,268.0,241.0,260.0,169.0,269.0,266.0,211.0,283.0,211.0,169.0
8309,VP_020,ftsst,Math,40,237.0,547.0,281.0,257.0,162.0,296.0,256.0,237.0,285.0,273.0,243.0,327.0,312.0,237.0
8310,VP_020,ftsst,Math,41,260.0,590.0,64.0,197.0,51.0,240.0,173.0,169.0,255.0,255.0,60.0,260.0,,260.0
8311,VP_020,ftsst,Math,43,323.0,544.0,288.0,264.0,330.0,314.0,261.0,321.0,296.0,287.0,338.0,321.0,338.0,321.0
8312,VP_020,ftsst,Math,44,244.0,546.0,289.0,291.0,263.0,328.0,270.0,237.0,313.0,275.0,240.0,337.0,281.0,206.0
8313,VP_020,ftsst,Math,45,235.0,540.0,266.0,179.0,233.0,211.0,239.0,234.0,271.0,268.0,263.0,285.0,263.0,233.0
8314,VP_020,ftsst,Pause_1,0,237.0,578.0,43.0,-43.0,-65.0,,-13.0,-39.0,138.0,-35.0,48.0,0.0,,
8315,VP_020,ftsst,Pause_1,1,251.0,567.0,48.0,-5.0,-50.0,,-27.0,-46.0,149.0,4.0,42.0,0.0,,
8316,VP_020,ftsst,Pause_1,2,233.0,561.0,67.0,1.0,-184.0,,-29.0,-46.0,150.0,19.0,64.0,0.0,,
8317,VP_020,ftsst,Pause_1,3,226.0,574.0,98.0,11.0,-186.0,,-12.0,73.0,155.0,39.0,101.0,73.0,,73.0
8318,VP_020,ftsst,Pause_1,4,214.0,596.0,70.0,2.0,4.0,,1.0,-16.0,152.0,18.0,61.0,0.0,,
8319,VP_020,ftsst,Pause_1,5,226.0,583.0,24.0,-14.0,-52.0,,-4.0,-43.0,147.0,-20.0,39.0,0.0,,
8320,VP_020,ftsst,Pause_1,6,237.0,556.0,59.0,0.0,-48.0,,-31.0,-47.0,156.0,25.0,49.0,0.0,,
8321,VP_020,ftsst,Pause_1,8,231.0,547.0,264.0,191.0,257.0,219.0,248.0,227.0,266.0,265.0,229.0,285.0,266.0,227.0
8322,VP_020,ftsst,Pause_1,9,203.0,570.0,244.0,222.0,237.0,,236.0,188.0,268.0,266.0,245.0,0.0,245.0,187.0
8323,VP_020,ftsst,Pause_1,10,230.0,582.0,258.0,232.0,196.0,,241.0,199.0,277.0,275.0,257.0,0.0,257.0,199.0
8324,VP_020,ftsst,Pause_1,11,211.0,555.0,263.0,229.0,268.0,,249.0,206.0,277.0,276.0,265.0,289.0,265.0,205.0
8325,VP_020,ftsst,Pause_1,12,202.0,543.0,247.0,217.0,268.0,,245.0,199.0,266.0,266.0,249.0,281.0,249.0,198.0
8326,VP_020,ftsst,Pause_1,13,229.0,530.0,245.0,214.0,258.0,,240.0,193.0,263.0,262.0,241.0,274.0,241.0,192.0
8327,VP_020,ftsst,Pause_1,14,219.0,535.0,241.0,213.0,251.0,,229.0,192.0,260.0,259.0,239.0,0.0,239.0,192.0
8328,VP_020,ftsst,Pause_1,15,217.0,550.0,237.0,216.0,257.0,,231.0,192.0,262.0,261.0,238.0,2.0,238.0,192.0
8329,VP_020,ftsst,Pause_1,16,205.0,,248.0,226.0,207.0,,227.0,203.0,271.0,269.0,250.0,0.0,250.0,202.0
8330,VP_020,ftsst,Pause_5,0,367.0,821.0,378.0,343.0,383.0,363.0,377.0,346.0,377.0,370.0,374.0,402.0,374.0,295.0
8331,VP_020,ftsst,Pause_5,1,369.0,828.0,380.0,342.0,385.0,362.0,379.0,323.0,377.0,369.0,380.0,406.0,380.0,276.0
8332,VP_020,ftsst,Pause_5,2,375.0,863.0,383.0,347.0,385.0,364.0,379.0,296.0,382.0,373.0,383.0,406.0,383.0,296.0
8333,VP_020,ftsst,Pause_5,3,385.0,882.0,393.0,356.0,398.0,378.0,393.0,356.0,393.0,385.0,393.0,417.0,393.0,307.0
8334,VP_020,ftsst,Pause_5,4,390.0,860.0,398.0,363.0,405.0,385.0,400.0,363.0,402.0,393.0,398.0,425.0,398.0,319.0
8335,VP_020,ftsst,Pause_5,5,381.0,774.0,395.0,356.0,399.0,376.0,393.0,292.0,391.0,383.0,395.0,419.0,395.0,292.0
8336,VP_020,ftsst,Pause_5,6,355.0,755.0,368.0,325.0,371.0,348.0,365.0,325.0,361.0,354.0,355.0,392.0,367.0,281.0
8337,VP_020,ftsst,Pause_5,7,307.0,738.0,353.0,316.0,357.0,331.0,349.0,268.0,352.0,346.0,354.0,377.0,354.0,268.0
8338,VP_020,ftsst,Pause_5,8,338.0,759.0,348.0,311.0,353.0,333.0,347.0,257.0,348.0,341.0,350.0,257.0,350.0,256.0
8339,VP_020,ftsst,Pause_5,9,343.0,764.0,354.0,321.0,361.0,342.0,355.0,320.0,357.0,349.0,340.0,275.0,340.0,275.0
8340,VP_020,ftsst,Pause_5,10,344.0,728.0,360.0,322.0,365.0,345.0,359.0,325.0,357.0,349.0,368.0,386.0,368.0,285.0
8341,VP_020,ftsst,Pause_5,11,341.0,766.0,357.0,271.0,354.0,331.0,350.0,271.0,346.0,338.0,343.0,377.0,349.0,233.0
8342,VP_020,ftsst,Prep,0,242.0,568.0,113.0,174.0,269.0,215.0,251.0,123.0,272.0,271.0,253.0,30.0,,242.0
8343,VP_020,ftsst,Prep,1,214.0,620.0,249.0,243.0,158.0,264.0,231.0,199.0,283.0,278.0,203.0,0.0,243.0,159.0
8344,VP_020,ftsst,Prep,2,253.0,672.0,276.0,178.0,258.0,,251.0,241.0,281.0,281.0,292.0,241.0,292.0,241.0
8345,VP_020,ftsst,Prep,3,280.0,677.0,295.0,285.0,286.0,362.0,287.0,260.0,322.0,316.0,39.0,0.0,,217.0
8346,VP_020,ftsst,Prep,4,280.0,659.0,297.0,257.0,317.0,275.0,306.0,275.0,315.0,313.0,309.0,234.0,309.0,233.0
8347,VP_020,ftsst,Prep,5,238.0,650.0,272.0,255.0,310.0,234.0,293.0,233.0,304.0,303.0,262.0,317.0,262.0,201.0
8348,VP_020,ftsst,Prep,7,241.0,669.0,282.0,271.0,268.0,,266.0,222.0,311.0,307.0,284.0,0.0,284.0,222.0
8349,VP_020,ftsst,Prep,8,273.0,674.0,293.0,261.0,309.0,271.0,292.0,271.0,317.0,313.0,290.0,231.0,290.0,231.0
8350,VP_020,ftsst,Prep,9,248.0,630.0,301.0,258.0,313.0,,293.0,240.0,308.0,307.0,303.0,326.0,303.0,239.0
8351,VP_020,ftsst,Prep,10,270.0,618.0,260.0,237.0,295.0,268.0,288.0,212.0,293.0,293.0,284.0,310.0,262.0,211.0
8352,VP_020,ftsst,Prep,11,229.0,623.0,269.0,237.0,289.0,255.0,270.0,219.0,287.0,287.0,263.0,219.0,263.0,218.0
8353,VP_020,ftsst,Prep,12,225.0,642.0,273.0,238.0,292.0,,247.0,218.0,289.0,288.0,276.0,218.0,276.0,218.0
8354,VP_020,ftsst,Prep,13,243.0,682.0,280.0,247.0,244.0,,255.0,237.0,297.0,296.0,281.0,237.0,281.0,236.0
8355,VP_020,ftsst,Prep,14,247.0,695.0,291.0,275.0,320.0,,271.0,243.0,318.0,316.0,290.0,243.0,290.0,242.0
8356,VP_020,ftsst,Prep,15,313.0,673.0,294.0,271.0,325.0,308.0,271.0,251.0,318.0,317.0,297.0,251.0,297.0,250.0
8357,VP_020,ftsst,Prep,16,253.0,682.0,279.0,266.0,318.0,295.0,305.0,220.0,312.0,311.0,272.0,220.0,272.0,220.0
8358,VP_020,ftsst,Prep,17,264.0,676.0,288.0,271.0,320.0,303.0,279.0,213.0,316.0,314.0,294.0,213.0,294.0,212.0
8359,VP_020,ftsst,Prep,18,281.0,684.0,304.0,254.0,314.0,286.0,306.0,226.0,311.0,310.0,303.0,226.0,298.0,226.0
8360,VP_020,ftsst,Prep,19,309.0,660.0,,282.0,260.0,308.0,270.0,253.0,322.0,318.0,278.0,253.0,278.0,252.0
8361,VP_020,ftsst,Prep,20,294.0,628.0,240.0,244.0,315.0,283.0,308.0,289.0,306.0,305.0,307.0,289.0,,289.0
8362,VP_020,ftsst,Prep,21,231.0,627.0,273.0,248.0,49.0,,269.0,203.0,295.0,294.0,268.0,203.0,268.0,202.0
8363,VP_020,ftsst,Prep,22,292.0,647.0,264.0,252.0,230.0,284.0,239.0,226.0,297.0,295.0,269.0,0.0,269.0,226.0
8364,VP_020,ftsst,Prep,23,253.0,654.0,284.0,243.0,300.0,258.0,278.0,257.0,298.0,298.0,282.0,0.0,282.0,218.0
8365,VP_020,ftsst,Prep,24,240.0,646.0,275.0,264.0,311.0,293.0,261.0,230.0,308.0,305.0,276.0,230.0,276.0,230.0
8366,VP_020,ftsst,Prep,25,234.0,636.0,268.0,256.0,310.0,292.0,263.0,227.0,302.0,301.0,271.0,227.0,271.0,227.0
8367,VP_020,ftsst,Prep,26,263.0,637.0,273.0,248.0,301.0,266.0,285.0,247.0,296.0,295.0,264.0,223.0,264.0,222.0
8368,VP_020,ftsst,Prep,28,238.0,637.0,274.0,253.0,306.0,284.0,294.0,225.0,300.0,299.0,273.0,0.0,273.0,225.0
8369,VP_020,ftsst,Prep,29,293.0,619.0,274.0,250.0,309.0,288.0,301.0,227.0,301.0,299.0,273.0,0.0,273.0,226.0
8370,VP_020,ftsst,Prep,30,225.0,615.0,259.0,247.0,301.0,,278.0,216.0,293.0,292.0,264.0,0.0,264.0,216.0
8371,VP_020,ftsst,Prep,31,229.0,615.0,267.0,247.0,300.0,,260.0,222.0,292.0,290.0,263.0,0.0,263.0,221.0
8372,VP_020,ftsst,Prep,32,231.0,638.0,269.0,250.0,297.0,,257.0,218.0,294.0,291.0,269.0,0.0,269.0,218.0
8373,VP_020,ftsst,Prep,33,235.0,669.0,273.0,254.0,306.0,263.0,289.0,227.0,300.0,298.0,278.0,0.0,278.0,226.0
8374,VP_020,ftsst,Prep,34,250.0,666.0,280.0,276.0,324.0,309.0,267.0,247.0,317.0,313.0,277.0,0.0,277.0,246.0
8375,VP_020,ftsst,Prep,35,288.0,662.0,276.0,251.0,317.0,284.0,308.0,251.0,310.0,308.0,299.0,330.0,281.0,224.0
8376,VP_020,ftsst,Prep,36,273.0,653.0,280.0,255.0,313.0,274.0,296.0,273.0,309.0,307.0,265.0,229.0,265.0,228.0
8377,VP_020,ftsst,Prep,37,241.0,683.0,286.0,258.0,314.0,293.0,267.0,238.0,304.0,303.0,303.0,238.0,303.0,237.0
8378,VP_020,ftsst,Prep,38,268.0,654.0,329.0,289.0,272.0,367.0,321.0,266.0,340.0,325.0,319.0,360.0,319.0,266.0
8379,VP_020,ftsst,Prep,39,249.0,626.0,303.0,264.0,315.0,298.0,268.0,244.0,308.0,305.0,314.0,244.0,314.0,243.0
8380,VP_020,ftsst,Prep,40,303.0,609.0,329.0,221.0,309.0,285.0,306.0,301.0,307.0,300.0,332.0,345.0,332.0,301.0
8381,VP_020,ftsst,Prep,41,230.0,606.0,300.0,254.0,177.0,278.0,253.0,219.0,295.0,291.0,292.0,315.0,292.0,190.0
8382,VP_020,ftsst,Prep,42,287.0,635.0,285.0,251.0,227.0,281.0,237.0,225.0,293.0,290.0,309.0,225.0,309.0,224.0
8383,VP_020,ftsst,Prep,43,241.0,658.0,280.0,267.0,309.0,294.0,254.0,208.0,306.0,302.0,276.0,0.0,276.0,208.0
8384,VP_020,ftsst,Prep,45,266.0,,121.0,273.0,205.0,343.0,269.0,265.0,310.0,304.0,123.0,54.0,,264.0
8385,VP_020,ftsst,Talk,0,276.0,592.0,106.0,41.0,1.0,,25.0,-254.0,176.0,82.0,97.0,12.0,,12.0
8386,VP_020,ftsst,Talk,1,248.0,578.0,84.0,27.0,-30.0,,17.0,-1.0,168.0,59.0,118.0,0.0,,
8387,VP_020,ftsst,Talk,2,262.0,606.0,275.0,220.0,277.0,253.0,273.0,261.0,280.0,278.0,269.0,297.0,203.0,261.0
8388,VP_020,ftsst,Talk,3,222.0,620.0,276.0,248.0,53.0,258.0,245.0,220.0,291.0,289.0,277.0,220.0,277.0,220.0
8389,VP_020,ftsst,Talk,4,249.0,645.0,284.0,262.0,291.0,,281.0,213.0,301.0,297.0,287.0,213.0,287.0,213.0
8390,VP_020,ftsst,Talk,5,264.0,700.0,303.0,262.0,300.0,,285.0,253.0,305.0,303.0,304.0,321.0,304.0,253.0
8391,VP_020,ftsst,Talk,7,283.0,659.0,309.0,283.0,321.0,,309.0,237.0,325.0,321.0,311.0,237.0,311.0,236.0
8392,VP_020,ftsst,Talk,8,271.0,603.0,298.0,249.0,311.0,265.0,301.0,264.0,310.0,307.0,299.0,329.0,299.0,220.0
8393,VP_020,ftsst,Talk,9,255.0,591.0,279.0,233.0,288.0,259.0,281.0,233.0,289.0,287.0,277.0,308.0,277.0,207.0
8394,VP_020,ftsst,Talk,10,218.0,568.0,278.0,231.0,279.0,248.0,269.0,248.0,285.0,283.0,276.0,300.0,276.0,208.0
8395,VP_020,ftsst,Talk,11,240.0,564.0,269.0,223.0,275.0,237.0,262.0,237.0,279.0,276.0,267.0,0.0,267.0,203.0
8396,VP_020,ftsst,Talk,12,240.0,561.0,263.0,220.0,276.0,237.0,257.0,236.0,269.0,269.0,273.0,0.0,273.0,201.0
8397,VP_020,ftsst,Talk,13,240.0,571.0,269.0,250.0,281.0,263.0,247.0,224.0,285.0,278.0,258.0,0.0,258.0,224.0
8398,VP_020,ftsst,Talk,14,229.0,561.0,268.0,243.0,285.0,267.0,243.0,221.0,283.0,279.0,273.0,0.0,273.0,220.0
8399,VP_020,ftsst,Talk,15,266.0,565.0,268.0,231.0,279.0,257.0,271.0,243.0,275.0,272.0,267.0,297.0,267.0,207.0
8400,VP_020,ftsst,Talk,16,248.0,558.0,262.0,221.0,274.0,247.0,265.0,220.0,273.0,272.0,260.0,292.0,260.0,199.0
8401,VP_020,ftsst,Talk,18,274.0,656.0,263.0,237.0,210.0,324.0,224.0,211.0,294.0,286.0,262.0,211.0,262.0,210.0
8402,VP_020,ftsst,Talk,19,243.0,739.0,290.0,281.0,305.0,288.0,267.0,232.0,318.0,312.0,293.0,232.0,293.0,232.0
8403,VP_020,ftsst,Talk,20,306.0,736.0,323.0,277.0,335.0,303.0,328.0,276.0,343.0,339.0,321.0,230.0,321.0,229.0
8404,VP_020,ftsst,Talk,21,329.0,758.0,295.0,285.0,250.0,326.0,261.0,239.0,342.0,337.0,295.0,239.0,295.0,238.0
8405,VP_020,ftsst,Talk,23,338.0,750.0,317.0,306.0,347.0,326.0,337.0,267.0,348.0,345.0,317.0,267.0,317.0,266.0
8406,VP_020,ftsst,Talk,24,300.0,703.0,336.0,309.0,339.0,,327.0,277.0,348.0,343.0,332.0,359.0,332.0,276.0
8407,VP_020,ftsst,Talk,25,254.0,610.0,310.0,287.0,324.0,303.0,313.0,249.0,328.0,324.0,316.0,249.0,316.0,248.0
8408,VP_020,ftsst,Talk,26,280.0,585.0,283.0,247.0,293.0,272.0,283.0,219.0,292.0,290.0,281.0,308.0,281.0,219.0
8409,VP_020,ftsst,Talk,27,239.0,565.0,277.0,241.0,285.0,,270.0,218.0,284.0,282.0,281.0,218.0,281.0,218.0
8410,VP_020,ftsst,Talk,28,266.0,566.0,275.0,226.0,277.0,255.0,270.0,227.0,273.0,272.0,274.0,295.0,274.0,207.0
8411,VP_020,ftsst,Talk,29,237.0,588.0,269.0,225.0,275.0,251.0,266.0,204.0,275.0,273.0,267.0,204.0,267.0,204.0
8412,VP_020,ftsst,Talk,30,236.0,688.0,277.0,247.0,280.0,257.0,271.0,256.0,289.0,285.0,278.0,0.0,278.0,212.0
8413,VP_020,ftsst,Talk,31,250.0,816.0,304.0,293.0,317.0,359.0,287.0,236.0,331.0,324.0,303.0,236.0,303.0,235.0
8414,VP_020,ftsst,Talk,32,354.0,743.0,332.0,336.0,362.0,341.0,328.0,268.0,373.0,367.0,334.0,268.0,334.0,268.0
8415,VP_020,ftsst,Talk,33,328.0,723.0,334.0,277.0,343.0,321.0,337.0,277.0,338.0,336.0,332.0,360.0,332.0,249.0
8416,VP_020,ftsst,Talk,34,320.0,706.0,331.0,263.0,334.0,310.0,328.0,262.0,330.0,328.0,320.0,353.0,333.0,240.0
8417,VP_020,ftsst,Talk,35,313.0,682.0,327.0,253.0,329.0,300.0,322.0,312.0,325.0,323.0,328.0,349.0,328.0,311.0
8418,VP_020,ftsst,Talk,36,301.0,664.0,316.0,255.0,316.0,290.0,312.0,298.0,317.0,315.0,301.0,339.0,313.0,298.0
8419,VP_020,ftsst,Talk,37,302.0,773.0,300.0,254.0,310.0,288.0,304.0,253.0,314.0,310.0,301.0,223.0,301.0,222.0
8420,VP_020,ftsst,Talk,38,336.0,786.0,319.0,291.0,345.0,324.0,339.0,260.0,357.0,352.0,316.0,260.0,316.0,260.0
8421,VP_020,ftsst,Talk,39,343.0,753.0,324.0,318.0,351.0,331.0,344.0,266.0,359.0,355.0,326.0,266.0,326.0,266.0
8422,VP_020,ftsst,Talk,41,264.0,670.0,309.0,300.0,333.0,310.0,293.0,255.0,340.0,335.0,303.0,255.0,303.0,255.0
8423,VP_020,ftsst,Talk,42,277.0,625.0,297.0,264.0,312.0,271.0,300.0,270.0,311.0,309.0,297.0,327.0,297.0,236.0
8424,VP_020,ftsst,Talk,43,287.0,617.0,295.0,241.0,299.0,277.0,293.0,241.0,297.0,295.0,304.0,321.0,304.0,217.0
8425,VP_020,ftsst,Talk,44,229.0,612.0,279.0,247.0,291.0,261.0,267.0,218.0,293.0,291.0,256.0,0.0,256.0,217.0
8426,VP_020,tsst,Math,0,327.0,689.0,90.0,21.0,-82.0,,73.0,294.0,193.0,62.0,-23.0,0.0,,
8427,VP_020,tsst,Math,1,285.0,665.0,326.0,286.0,331.0,,317.0,255.0,325.0,321.0,332.0,351.0,332.0,255.0
8428,VP_020,tsst,Math,2,309.0,660.0,303.0,280.0,324.0,306.0,320.0,232.0,318.0,313.0,285.0,341.0,285.0,231.0
8429,VP_020,tsst,Math,3,307.0,675.0,341.0,270.0,319.0,288.0,313.0,301.0,319.0,312.0,342.0,351.0,342.0,301.0
8430,VP_020,tsst,Math,4,326.0,669.0,338.0,250.0,333.0,311.0,332.0,323.0,318.0,314.0,337.0,354.0,340.0,323.0
8431,VP_020,tsst,Math,5,316.0,676.0,320.0,281.0,278.0,314.0,279.0,273.0,319.0,314.0,308.0,273.0,308.0,273.0
8432,VP_020,tsst,Math,7,319.0,652.0,328.0,221.0,282.0,268.0,313.0,314.0,313.0,310.0,32.0,313.0,,313.0
8433,VP_020,tsst,Math,8,306.0,602.0,306.0,268.0,319.0,302.0,277.0,247.0,310.0,306.0,319.0,337.0,319.0,246.0
8434,VP_020,tsst,Math,9,283.0,604.0,294.0,227.0,299.0,243.0,288.0,252.0,293.0,289.0,275.0,314.0,275.0,252.0
8435,VP_020,tsst,Math,10,283.0,569.0,291.0,255.0,293.0,272.0,283.0,255.0,296.0,291.0,292.0,311.0,292.0,223.0
8436,VP_020,tsst,Math,11,206.0,553.0,238.0,209.0,212.0,271.0,213.0,177.0,264.0,264.0,242.0,177.0,242.0,177.0
8437,VP_020,tsst,Math,12,274.0,570.0,283.0,219.0,281.0,260.0,279.0,272.0,278.0,273.0,274.0,301.0,277.0,272.0
8438,VP_020,tsst,Math,13,276.0,581.0,281.0,199.0,281.0,229.0,272.0,241.0,276.0,275.0,243.0,298.0,281.0,241.0
8439,VP_020,tsst,Math,14,246.0,606.0,278.0,272.0,249.0,339.0,255.0,241.0,300.0,288.0,279.0,7.0,279.0,348.0
8440,VP_020,tsst,Math,15,285.0,618.0,282.0,268.0,295.0,277.0,259.0,236.0,302.0,295.0,280.0,11.0,280.0,236.0
8441,VP_020,tsst,Math,16,293.0,619.0,285.0,272.0,256.0,289.0,259.0,241.0,310.0,300.0,286.0,0.0,286.0,240.0
8442,VP_020,tsst,Math,17,292.0,619.0,277.0,253.0,306.0,289.0,250.0,226.0,296.0,294.0,278.0,16.0,278.0,226.0
8443,VP_020,tsst,Math,18,298.0,600.0,284.0,269.0,310.0,294.0,305.0,235.0,311.0,301.0,289.0,0.0,289.0,234.0
8444,VP_020,tsst,Math,19,288.0,615.0,298.0,229.0,300.0,277.0,293.0,229.0,298.0,291.0,285.0,195.0,282.0,195.0
8445,VP_020,tsst,Math,20,252.0,593.0,280.0,275.0,260.0,295.0,257.0,218.0,310.0,299.0,290.0,218.0,290.0,217.0
8446,VP_020,tsst,Math,21,294.0,592.0,299.0,261.0,302.0,286.0,300.0,220.0,311.0,294.0,267.0,16.0,267.0,220.0
8447,VP_020,tsst,Math,22,248.0,571.0,286.0,251.0,298.0,280.0,253.0,233.0,291.0,286.0,297.0,233.0,297.0,232.0
8448,VP_020,tsst,Math,23,277.0,557.0,287.0,213.0,288.0,263.0,283.0,270.0,282.0,278.0,276.0,308.0,287.0,270.0
8449,VP_020,tsst,Math,24,264.0,550.0,282.0,241.0,282.0,258.0,274.0,199.0,280.0,275.0,276.0,199.0,276.0,198.0
8450,VP_020,tsst,Math,25,270.0,560.0,256.0,243.0,284.0,268.0,282.0,203.0,286.0,276.0,264.0,169.0,264.0,169.0
8451,VP_020,tsst,Math,26,271.0,575.0,273.0,248.0,284.0,266.0,276.0,217.0,285.0,278.0,275.0,39.0,275.0,216.0
8452,VP_020,tsst,Math,27,276.0,612.0,261.0,253.0,286.0,271.0,243.0,209.0,290.0,283.0,260.0,20.0,260.0,190.0
8453,VP_020,tsst,Math,28,284.0,628.0,287.0,245.0,294.0,,268.0,231.0,291.0,289.0,289.0,309.0,289.0,230.0
8454,VP_020,tsst,Math,29,291.0,656.0,280.0,265.0,303.0,359.0,294.0,219.0,310.0,303.0,278.0,0.0,278.0,219.0
8455,VP_020,tsst,Math,30,298.0,656.0,290.0,279.0,312.0,369.0,260.0,232.0,320.0,313.0,293.0,232.0,293.0,232.0
8456,VP_020,tsst,Math,31,302.0,648.0,298.0,280.0,313.0,294.0,302.0,228.0,317.0,311.0,293.0,0.0,293.0,228.0
8457,VP_020,tsst,Math,32,301.0,602.0,298.0,269.0,312.0,293.0,300.0,236.0,310.0,306.0,303.0,236.0,303.0,236.0
8458,VP_020,tsst,Math,33,254.0,588.0,290.0,229.0,295.0,245.0,285.0,245.0,290.0,287.0,288.0,311.0,288.0,208.0
8459,VP_020,tsst,Math,34,276.0,585.0,272.0,239.0,286.0,265.0,270.0,213.0,284.0,282.0,271.0,213.0,271.0,213.0
8460,VP_020,tsst,Math,35,278.0,617.0,266.0,257.0,289.0,273.0,242.0,216.0,295.0,287.0,268.0,216.0,268.0,215.0
8461,VP_020,tsst,Math,36,227.0,650.0,280.0,272.0,296.0,352.0,259.0,225.0,306.0,299.0,280.0,0.0,280.0,225.0
8462,VP_020,tsst,Math,37,244.0,670.0,288.0,277.0,308.0,290.0,267.0,232.0,314.0,309.0,288.0,232.0,288.0,232.0
8463,VP_020,tsst,Math,38,246.0,670.0,296.0,273.0,314.0,,277.0,237.0,315.0,312.0,296.0,237.0,296.0,237.0
8464,VP_020,tsst,Math,39,257.0,655.0,297.0,269.0,314.0,,274.0,248.0,313.0,310.0,296.0,248.0,296.0,248.0
8465,VP_020,tsst,Math,40,268.0,659.0,301.0,270.0,313.0,232.0,275.0,247.0,311.0,307.0,302.0,247.0,302.0,246.0
8466,VP_020,tsst,Math,41,308.0,649.0,294.0,270.0,317.0,299.0,276.0,236.0,312.0,309.0,293.0,236.0,293.0,236.0
8467,VP_020,tsst,Math,42,244.0,673.0,291.0,268.0,312.0,294.0,271.0,231.0,309.0,305.0,293.0,231.0,293.0,231.0
8468,VP_020,tsst,Math,43,308.0,672.0,299.0,274.0,319.0,300.0,283.0,243.0,316.0,313.0,295.0,243.0,295.0,242.0
8469,VP_020,tsst,Math,44,275.0,654.0,314.0,302.0,320.0,253.0,298.0,269.0,331.0,320.0,317.0,0.0,317.0,268.0
8470,VP_020,tsst,Math,45,305.0,650.0,292.0,278.0,317.0,301.0,274.0,232.0,315.0,310.0,293.0,232.0,293.0,232.0
8471,VP_020,tsst,Math,46,252.0,,285.0,274.0,245.0,300.0,267.0,251.0,313.0,308.0,283.0,37.0,283.0,251.0
8472,VP_020,tsst,Pause_1,0,228.0,605.0,70.0,28.0,-111.0,,18.0,-79.0,171.0,57.0,63.0,0.0,,
8473,VP_020,tsst,Pause_1,1,326.0,589.0,71.0,7.0,-191.0,,-17.0,56.0,160.0,18.0,-35.0,56.0,,56.0
8474,VP_020,tsst,Pause_1,2,213.0,615.0,259.0,239.0,145.0,,234.0,201.0,284.0,282.0,209.0,298.0,282.0,148.0
8475,VP_020,tsst,Pause_1,3,331.0,634.0,,-8.0,79.0,,70.0,16.0,180.0,77.0,-27.0,86.0,,
8476,VP_020,tsst,Pause_1,4,281.0,626.0,176.0,121.0,-14.0,,129.0,-13.0,226.0,191.0,175.0,0.0,,121.0
8477,VP_020,tsst,Pause_1,5,255.0,604.0,269.0,227.0,201.0,251.0,276.0,197.0,294.0,293.0,277.0,305.0,277.0,197.0
8478,VP_020,tsst,Pause_1,6,244.0,580.0,268.0,234.0,277.0,242.0,260.0,241.0,284.0,283.0,260.0,292.0,260.0,204.0
8479,VP_020,tsst,Pause_1,7,235.0,582.0,262.0,213.0,263.0,,242.0,195.0,268.0,268.0,261.0,279.0,261.0,195.0
8480,VP_020,tsst,Pause_1,8,239.0,614.0,263.0,236.0,263.0,,250.0,206.0,281.0,279.0,266.0,283.0,266.0,206.0
8481,VP_020,tsst,Pause_1,9,253.0,651.0,272.0,254.0,278.0,,264.0,205.0,296.0,293.0,273.0,298.0,273.0,204.0
8482,VP_020,tsst,Pause_1,10,258.0,667.0,279.0,266.0,288.0,341.0,262.0,224.0,308.0,305.0,276.0,224.0,276.0,224.0
8483,VP_020,tsst,Pause_1,12,262.0,579.0,280.0,241.0,288.0,255.0,276.0,247.0,292.0,291.0,282.0,305.0,282.0,206.0
8484,VP_020,tsst,Pause_1,13,260.0,574.0,261.0,223.0,269.0,246.0,257.0,197.0,274.0,273.0,252.0,283.0,252.0,197.0
8485,VP_020,tsst,Pause_1,14,238.0,571.0,260.0,238.0,261.0,320.0,248.0,204.0,281.0,278.0,260.0,281.0,260.0,204.0
8486,VP_020,tsst,Pause_5,0,343.0,774.0,358.0,323.0,362.0,341.0,355.0,367.0,362.0,354.0,354.0,272.0,354.0,272.0
8487,VP_020,tsst,Pause_5,1,346.0,772.0,352.0,320.0,362.0,342.0,355.0,320.0,363.0,354.0,353.0,379.0,353.0,274.0
8488,VP_020,tsst,Pause_5,2,353.0,721.0,355.0,320.0,360.0,338.0,353.0,274.0,357.0,351.0,355.0,378.0,355.0,274.0
8489,VP_020,tsst,Pause_5,3,331.0,664.0,340.0,275.0,346.0,323.0,340.0,274.0,337.0,332.0,333.0,365.0,341.0,238.0
8490,VP_020,tsst,Pause_5,4,313.0,647.0,321.0,254.0,326.0,305.0,321.0,253.0,317.0,312.0,317.0,345.0,320.0,226.0
8491,VP_020,tsst,Pause_5,5,298.0,644.0,312.0,250.0,315.0,294.0,312.0,250.0,312.0,307.0,306.0,221.0,311.0,221.0
8492,VP_020,tsst,Pause_5,6,307.0,679.0,311.0,258.0,313.0,293.0,308.0,257.0,312.0,306.0,310.0,228.0,310.0,228.0
8493,VP_020,tsst,Pause_5,7,312.0,745.0,321.0,290.0,326.0,306.0,318.0,241.0,326.0,320.0,322.0,241.0,322.0,240.0
8494,VP_020,tsst,Pause_5,8,341.0,830.0,344.0,313.0,351.0,333.0,345.0,265.0,350.0,343.0,344.0,265.0,344.0,264.0
8495,VP_020,tsst,Pause_5,9,368.0,863.0,368.0,343.0,381.0,362.0,376.0,288.0,384.0,374.0,367.0,288.0,367.0,288.0
8496,VP_020,tsst,Pause_5,10,379.0,870.0,383.0,355.0,392.0,373.0,387.0,279.0,394.0,385.0,382.0,412.0,382.0,278.0
8497,VP_020,tsst,Pause_5,11,384.0,859.0,386.0,358.0,395.0,376.0,390.0,357.0,394.0,387.0,386.0,415.0,386.0,312.0
8498,VP_020,tsst,Prep,0,288.0,626.0,,0.0,-20.0,,-19.0,221.0,166.0,21.0,-225.0,0.0,,
8499,VP_020,tsst,Prep,1,222.0,629.0,266.0,246.0,298.0,,251.0,218.0,293.0,292.0,255.0,218.0,255.0,217.0
8500,VP_020,tsst,Prep,2,263.0,643.0,273.0,244.0,213.0,,262.0,213.0,293.0,292.0,275.0,213.0,275.0,212.0
8501,VP_020,tsst,Prep,3,232.0,655.0,282.0,251.0,303.0,,274.0,224.0,299.0,298.0,284.0,224.0,284.0,223.0
8502,VP_020,tsst,Prep,4,266.0,661.0,287.0,232.0,307.0,254.0,277.0,253.0,302.0,301.0,285.0,206.0,285.0,205.0
8503,VP_020,tsst,Prep,5,265.0,636.0,260.0,249.0,311.0,260.0,272.0,211.0,303.0,302.0,265.0,211.0,265.0,211.0
8504,VP_020,tsst,Prep,6,229.0,628.0,268.0,248.0,306.0,289.0,245.0,224.0,296.0,295.0,266.0,0.0,266.0,224.0
8505,VP_020,tsst,Prep,7,231.0,625.0,269.0,251.0,294.0,,273.0,220.0,297.0,295.0,265.0,220.0,265.0,219.0
8506,VP_020,tsst,Prep,8,242.0,622.0,283.0,243.0,293.0,,267.0,227.0,292.0,291.0,287.0,307.0,287.0,227.0
8507,VP_020,tsst,Prep,9,261.0,643.0,272.0,238.0,295.0,253.0,270.0,211.0,292.0,291.0,265.0,211.0,265.0,210.0
8508,VP_020,tsst,Prep,10,264.0,602.0,283.0,248.0,301.0,,277.0,218.0,297.0,297.0,287.0,313.0,287.0,217.0
8509,VP_020,tsst,Prep,11,250.0,583.0,260.0,236.0,292.0,,255.0,212.0,284.0,283.0,259.0,0.0,259.0,212.0
8510,VP_020,tsst,Prep,12,243.0,575.0,260.0,228.0,279.0,241.0,260.0,241.0,277.0,276.0,255.0,0.0,255.0,203.0
8511,VP_020,tsst,Prep,13,239.0,582.0,254.0,224.0,277.0,,242.0,205.0,273.0,273.0,256.0,0.0,256.0,204.0
8512,VP_020,tsst,Prep,14,272.0,594.0,253.0,233.0,213.0,265.0,223.0,211.0,279.0,278.0,256.0,0.0,256.0,210.0
8513,VP_020,tsst,Prep,15,250.0,596.0,262.0,245.0,284.0,240.0,257.0,205.0,288.0,285.0,255.0,0.0,255.0,205.0
8514,VP_020,tsst,Prep,16,254.0,581.0,265.0,233.0,286.0,240.0,262.0,239.0,282.0,281.0,271.0,10.0,271.0,212.0
8515,VP_020,tsst,Prep,17,271.0,579.0,251.0,229.0,283.0,,254.0,206.0,277.0,276.0,252.0,0.0,252.0,206.0
8516,VP_020,tsst,Prep,18,273.0,575.0,251.0,237.0,284.0,265.0,231.0,211.0,281.0,279.0,245.0,211.0,245.0,210.0
8517,VP_020,tsst,Prep,19,211.0,575.0,251.0,234.0,208.0,271.0,219.0,205.0,279.0,277.0,253.0,205.0,253.0,205.0
8518,VP_020,tsst,Prep,20,242.0,574.0,261.0,221.0,283.0,233.0,259.0,221.0,277.0,276.0,255.0,0.0,255.0,179.0
8519,VP_020,tsst,Prep,21,273.0,582.0,250.0,235.0,284.0,265.0,247.0,207.0,279.0,277.0,255.0,21.0,255.0,206.0
8520,VP_020,tsst,Prep,22,246.0,576.0,257.0,232.0,285.0,237.0,259.0,236.0,280.0,279.0,260.0,0.0,260.0,204.0
8521,VP_020,tsst,Prep,23,278.0,577.0,249.0,229.0,283.0,257.0,269.0,204.0,277.0,276.0,241.0,204.0,241.0,204.0
8522,VP_020,tsst,Prep,24,240.0,599.0,263.0,245.0,284.0,,247.0,211.0,285.0,281.0,266.0,0.0,266.0,211.0
8523,VP_020,tsst,Prep,25,283.0,643.0,264.0,256.0,293.0,280.0,246.0,215.0,295.0,290.0,265.0,8.0,265.0,214.0
8524,VP_020,tsst,Prep,26,258.0,640.0,277.0,255.0,270.0,,270.0,200.0,301.0,300.0,274.0,0.0,274.0,200.0
8525,VP_020,tsst,Prep,27,229.0,593.0,277.0,251.0,305.0,,257.0,226.0,298.0,297.0,282.0,226.0,282.0,226.0
8526,VP_020,tsst,Prep,28,249.0,577.0,253.0,235.0,290.0,244.0,263.0,209.0,282.0,281.0,247.0,0.0,247.0,208.0
8527,VP_020,tsst,Prep,29,244.0,569.0,255.0,228.0,280.0,250.0,267.0,203.0,277.0,276.0,253.0,0.0,253.0,203.0
8528,VP_020,tsst,Prep,30,272.0,579.0,249.0,235.0,279.0,260.0,235.0,205.0,278.0,276.0,252.0,0.0,252.0,204.0
8529,VP_020,tsst,Prep,31,240.0,581.0,256.0,248.0,213.0,269.0,242.0,212.0,287.0,283.0,253.0,7.0,253.0,211.0
8530,VP_020,tsst,Prep,32,242.0,576.0,256.0,237.0,284.0,,247.0,207.0,281.0,279.0,259.0,19.0,259.0,206.0
8531,VP_020,tsst,Prep,33,242.0,591.0,248.0,231.0,283.0,246.0,266.0,245.0,278.0,277.0,256.0,0.0,256.0,204.0
8532,VP_020,tsst,Prep,34,218.0,596.0,255.0,237.0,288.0,,238.0,211.0,283.0,282.0,248.0,0.0,248.0,210.0
8533,VP_020,tsst,Prep,35,243.0,657.0,260.0,245.0,288.0,,266.0,203.0,288.0,286.0,263.0,0.0,263.0,203.0
8534,VP_020,tsst,Prep,36,271.0,697.0,283.0,253.0,308.0,273.0,295.0,223.0,308.0,306.0,285.0,0.0,285.0,223.0
8535,VP_020,tsst,Prep,37,282.0,689.0,293.0,284.0,285.0,309.0,284.0,235.0,326.0,322.0,290.0,235.0,290.0,234.0
8536,VP_020,tsst,Prep,38,313.0,642.0,284.0,275.0,325.0,309.0,318.0,235.0,319.0,317.0,288.0,235.0,288.0,234.0
8537,VP_020,tsst,Prep,39,293.0,624.0,264.0,246.0,306.0,275.0,295.0,214.0,299.0,298.0,261.0,315.0,261.0,213.0
8538,VP_020,tsst,Prep,40,228.0,610.0,272.0,245.0,296.0,,257.0,222.0,292.0,291.0,269.0,222.0,269.0,221.0
8539,VP_020,tsst,Prep,41,225.0,609.0,266.0,246.0,224.0,,239.0,221.0,291.0,289.0,268.0,0.0,268.0,221.0
8540,VP_020,tsst,Prep,42,250.0,612.0,273.0,248.0,292.0,,260.0,211.0,292.0,289.0,273.0,0.0,273.0,210.0
8541,VP_020,tsst,Prep,43,252.0,607.0,264.0,250.0,295.0,246.0,277.0,211.0,293.0,291.0,262.0,0.0,262.0,211.0
8542,VP_020,tsst,Prep,44,282.0,590.0,251.0,238.0,289.0,,249.0,213.0,286.0,285.0,258.0,0.0,258.0,212.0
8543,VP_020,tsst,Prep,45,248.0,578.0,262.0,219.0,286.0,244.0,269.0,218.0,279.0,279.0,250.0,296.0,258.0,187.0
8544,VP_020,tsst,Prep,46,244.0,578.0,180.0,186.0,80.0,212.0,248.0,227.0,280.0,278.0,232.0,0.0,,227.0
8545,VP_020,tsst,Prep,47,280.0,581.0,253.0,237.0,225.0,279.0,226.0,218.0,281.0,278.0,257.0,19.0,257.0,217.0
8546,VP_020,tsst,Prep,48,275.0,,300.0,214.0,285.0,247.0,278.0,273.0,281.0,279.0,299.0,311.0,299.0,273.0
8547,VP_020,tsst,Talk,0,267.0,640.0,119.0,24.0,5.0,,109.0,,187.0,81.0,128.0,93.0,,93.0
8548,VP_020,tsst,Talk,1,338.0,676.0,276.0,279.0,257.0,330.0,254.0,,316.0,307.0,273.0,337.0,273.0,337.0
8549,VP_020,tsst,Talk,2,245.0,669.0,289.0,254.0,243.0,,263.0,241.0,306.0,306.0,292.0,315.0,292.0,241.0
8550,VP_020,tsst,Talk,3,248.0,631.0,295.0,278.0,83.0,,276.0,248.0,318.0,313.0,296.0,325.0,296.0,247.0
8551,VP_020,tsst,Talk,4,261.0,559.0,276.0,187.0,266.0,242.0,273.0,259.0,287.0,287.0,140.0,295.0,,259.0
8552,VP_020,tsst,Talk,5,244.0,528.0,270.0,175.0,272.0,227.0,262.0,243.0,271.0,270.0,254.0,295.0,279.0,243.0
8553,VP_020,tsst,Talk,6,223.0,513.0,256.0,206.0,257.0,214.0,241.0,214.0,256.0,256.0,257.0,275.0,257.0,185.0
8554,VP_020,tsst,Talk,7,245.0,505.0,248.0,205.0,249.0,224.0,238.0,224.0,253.0,252.0,237.0,266.0,237.0,186.0
8555,VP_020,tsst,Talk,8,193.0,509.0,240.0,220.0,246.0,,213.0,189.0,260.0,256.0,241.0,8.0,241.0,189.0
8556,VP_020,tsst,Talk,9,291.0,539.0,228.0,230.0,31.0,288.0,219.0,159.0,266.0,260.0,234.0,16.0,234.0,159.0
8557,VP_020,tsst,Talk,10,225.0,602.0,246.0,233.0,255.0,311.0,235.0,177.0,273.0,268.0,245.0,0.0,245.0,177.0
8558,VP_020,tsst,Talk,11,245.0,620.0,273.0,238.0,273.0,,260.0,212.0,285.0,284.0,276.0,293.0,276.0,211.0
8559,VP_020,tsst,Talk,13,262.0,672.0,284.0,277.0,200.0,342.0,272.0,202.0,317.0,312.0,286.0,202.0,286.0,202.0
8560,VP_020,tsst,Talk,14,269.0,674.0,289.0,283.0,300.0,348.0,287.0,212.0,321.0,316.0,290.0,212.0,290.0,211.0
8561,VP_020,tsst,Talk,15,243.0,671.0,295.0,286.0,301.0,352.0,279.0,240.0,323.0,317.0,291.0,240.0,291.0,239.0
8562,VP_020,tsst,Talk,16,270.0,633.0,299.0,287.0,302.0,352.0,279.0,253.0,323.0,317.0,303.0,253.0,303.0,252.0
8563,VP_020,tsst,Talk,17,231.0,582.0,290.0,280.0,235.0,346.0,246.0,227.0,313.0,305.0,288.0,311.0,288.0,227.0
8564,VP_020,tsst,Talk,18,275.0,560.0,249.0,238.0,214.0,322.0,221.0,216.0,289.0,284.0,246.0,0.0,246.0,216.0
8565,VP_020,tsst,Talk,19,205.0,548.0,260.0,217.0,267.0,,232.0,203.0,267.0,267.0,261.0,281.0,261.0,202.0
8566,VP_020,tsst,Talk,20,309.0,544.0,236.0,220.0,317.0,301.0,320.0,,283.0,275.0,238.0,191.0,238.0,308.0
8567,VP_020,tsst,Talk,21,234.0,535.0,241.0,247.0,153.0,308.0,243.0,232.0,281.0,273.0,238.0,0.0,,232.0
8568,VP_020,tsst,Talk,22,205.0,549.0,247.0,242.0,224.0,302.0,224.0,203.0,277.0,269.0,253.0,203.0,253.0,203.0
8569,VP_020,tsst,Talk,23,251.0,542.0,262.0,198.0,268.0,233.0,262.0,246.0,270.0,268.0,253.0,30.0,257.0,246.0
8570,VP_020,tsst,Talk,24,206.0,540.0,244.0,209.0,235.0,,222.0,200.0,260.0,260.0,236.0,29.0,236.0,200.0
8571,VP_020,tsst,Talk,25,253.0,527.0,87.0,179.0,164.0,217.0,252.0,233.0,268.0,266.0,163.0,40.0,260.0,233.0
8572,VP_020,tsst,Talk,26,259.0,519.0,157.0,177.0,264.0,242.0,263.0,259.0,261.0,259.0,267.0,282.0,,259.0
8573,VP_020,tsst,Talk,27,200.0,509.0,226.0,193.0,131.0,,212.0,200.0,248.0,248.0,213.0,8.0,213.0,199.0
8574,VP_020,tsst,Talk,28,246.0,521.0,187.0,190.0,165.0,234.0,246.0,238.0,248.0,248.0,248.0,238.0,259.0,238.0
8575,VP_020,tsst,Talk,29,212.0,541.0,242.0,239.0,218.0,194.0,224.0,210.0,273.0,265.0,232.0,0.0,232.0,210.0
8576,VP_020,tsst,Talk,30,214.0,577.0,269.0,218.0,257.0,,241.0,213.0,264.0,263.0,270.0,284.0,270.0,213.0
8577,VP_020,tsst,Talk,31,269.0,587.0,203.0,218.0,49.0,307.0,318.0,163.0,287.0,282.0,200.0,42.0,,163.0
8578,VP_020,tsst,Talk,32,220.0,576.0,245.0,239.0,135.0,,237.0,214.0,283.0,281.0,217.0,284.0,250.0,214.0
8579,VP_020,tsst,Talk,33,268.0,550.0,261.0,234.0,209.0,263.0,221.0,206.0,279.0,277.0,257.0,294.0,257.0,206.0
8580,VP_020,tsst,Talk,34,226.0,533.0,239.0,221.0,261.0,,244.0,185.0,268.0,267.0,191.0,275.0,238.0,185.0
8581,VP_020,tsst,Talk,35,197.0,546.0,250.0,219.0,262.0,,241.0,193.0,264.0,262.0,244.0,276.0,244.0,192.0
8582,VP_020,tsst,Talk,36,220.0,553.0,242.0,155.0,12.0,,223.0,210.0,254.0,255.0,251.0,0.0,251.0,210.0
8583,VP_020,tsst,Talk,37,200.0,537.0,232.0,215.0,267.0,238.0,254.0,182.0,265.0,265.0,188.0,277.0,229.0,118.0
8584,VP_020,tsst,Talk,38,234.0,531.0,259.0,176.0,255.0,222.0,247.0,228.0,261.0,260.0,236.0,275.0,257.0,228.0
8585,VP_020,tsst,Talk,39,199.0,538.0,226.0,150.0,198.0,,202.0,192.0,247.0,248.0,226.0,192.0,226.0,191.0
8586,VP_020,tsst,Talk,40,250.0,542.0,238.0,218.0,191.0,249.0,202.0,189.0,264.0,263.0,232.0,19.0,232.0,189.0
8587,VP_020,tsst,Talk,41,383.0,568.0,434.0,413.0,390.0,357.0,395.0,383.0,372.0,221.0,441.0,439.0,441.0,383.0
8588,VP_020,tsst,Talk,42,206.0,584.0,256.0,243.0,261.0,,242.0,215.0,283.0,278.0,246.0,193.0,246.0,193.0
8589,VP_020,tsst,Talk,43,234.0,576.0,256.0,220.0,268.0,,245.0,194.0,272.0,272.0,258.0,282.0,258.0,193.0
8590,VP_020,tsst,Talk,45,204.0,570.0,250.0,214.0,68.0,,216.0,197.0,267.0,267.0,242.0,197.0,242.0,197.0
8591,VP_020,tsst,Talk,46,231.0,574.0,260.0,215.0,263.0,,242.0,215.0,267.0,267.0,264.0,281.0,264.0,214.0
8592,VP_020,tsst,Talk,47,209.0,575.0,261.0,223.0,198.0,,228.0,205.0,273.0,272.0,260.0,0.0,260.0,205.0
8593,VP_020,tsst,Talk,48,207.0,559.0,249.0,234.0,209.0,259.0,221.0,199.0,279.0,277.0,252.0,199.0,252.0,199.0
8594,VP_020,tsst,Talk,49,237.0,570.0,261.0,223.0,266.0,,243.0,221.0,270.0,269.0,254.0,282.0,254.0,220.0
8595,VP_020,tsst,Talk,50,229.0,575.0,252.0,243.0,200.0,316.0,228.0,201.0,283.0,278.0,254.0,201.0,254.0,320.0
8596,VP_022,ftsst,Math,0,381.0,852.0,394.0,312.0,397.0,371.0,389.0,311.0,384.0,379.0,351.0,415.0,395.0,349.0
8597,VP_022,ftsst,Math,1,385.0,888.0,390.0,320.0,400.0,373.0,392.0,344.0,388.0,381.0,381.0,418.0,388.0,291.0
8598,VP_022,ftsst,Math,2,396.0,811.0,401.0,332.0,412.0,391.0,406.0,354.0,399.0,393.0,401.0,429.0,401.0,306.0
8599,VP_022,ftsst,Math,3,352.0,836.0,376.0,303.0,391.0,332.0,376.0,345.0,374.0,366.0,346.0,405.0,377.0,345.0
8600,VP_022,ftsst,Math,4,352.0,839.0,389.0,302.0,391.0,337.0,380.0,350.0,378.0,373.0,356.0,408.0,387.0,350.0
8601,VP_022,ftsst,Math,5,384.0,874.0,390.0,355.0,399.0,379.0,394.0,334.0,387.0,378.0,388.0,418.0,396.0,281.0
8602,VP_022,ftsst,Math,6,393.0,854.0,381.0,365.0,412.0,391.0,406.0,344.0,398.0,389.0,376.0,428.0,376.0,293.0
8603,VP_022,ftsst,Math,7,374.0,824.0,389.0,307.0,411.0,351.0,389.0,368.0,390.0,382.0,371.0,422.0,391.0,368.0
8604,VP_022,ftsst,Math,8,372.0,863.0,379.0,340.0,390.0,368.0,384.0,327.0,376.0,370.0,378.0,407.0,380.0,283.0
8605,VP_022,ftsst,Math,9,386.0,836.0,381.0,327.0,404.0,383.0,398.0,344.0,391.0,384.0,380.0,420.0,380.0,292.0
8606,VP_022,ftsst,Math,10,367.0,827.0,388.0,300.0,393.0,340.0,383.0,353.0,381.0,375.0,359.0,412.0,387.0,353.0
8607,VP_022,ftsst,Math,11,370.0,851.0,381.0,340.0,391.0,368.0,384.0,328.0,377.0,370.0,378.0,407.0,380.0,277.0
8608,VP_022,ftsst,Math,12,384.0,802.0,395.0,319.0,400.0,380.0,395.0,342.0,386.0,380.0,396.0,418.0,396.0,290.0
8609,VP_022,ftsst,Math,13,349.0,849.0,380.0,303.0,387.0,335.0,374.0,343.0,371.0,363.0,351.0,403.0,379.0,343.0
8610,VP_022,ftsst,Math,14,381.0,872.0,393.0,315.0,398.0,377.0,391.0,337.0,386.0,379.0,392.0,415.0,392.0,289.0
8611,VP_022,ftsst,Math,15,389.0,821.0,402.0,317.0,406.0,382.0,398.0,381.0,393.0,386.0,355.0,424.0,402.0,351.0
8612,VP_022,ftsst,Math,16,348.0,874.0,383.0,299.0,392.0,335.0,378.0,346.0,377.0,369.0,350.0,408.0,383.0,346.0
8613,VP_022,ftsst,Math,17,393.0,879.0,399.0,360.0,406.0,384.0,399.0,344.0,395.0,388.0,397.0,423.0,397.0,296.0
8614,VP_022,ftsst,Math,18,395.0,796.0,369.0,329.0,409.0,389.0,404.0,328.0,394.0,389.0,369.0,424.0,369.0,296.0
8615,VP_022,ftsst,Math,19,360.0,883.0,377.0,299.0,384.0,328.0,375.0,299.0,370.0,362.0,359.0,402.0,379.0,262.0
8616,VP_022,ftsst,Math,20,390.0,925.0,393.0,329.0,407.0,385.0,401.0,349.0,396.0,390.0,388.0,423.0,388.0,296.0
8617,VP_022,ftsst,Math,21,380.0,822.0,419.0,333.0,422.0,366.0,413.0,375.0,410.0,405.0,380.0,440.0,419.0,375.0
8618,VP_022,ftsst,Math,22,340.0,872.0,385.0,298.0,393.0,333.0,383.0,336.0,378.0,370.0,365.0,410.0,386.0,336.0
8619,VP_022,ftsst,Math,23,386.0,879.0,385.0,324.0,405.0,385.0,399.0,346.0,393.0,386.0,381.0,420.0,381.0,293.0
8620,VP_022,ftsst,Math,24,365.0,792.0,404.0,322.0,407.0,349.0,398.0,358.0,394.0,389.0,360.0,425.0,404.0,358.0
8621,VP_022,ftsst,Math,25,330.0,846.0,373.0,290.0,380.0,350.0,372.0,289.0,367.0,360.0,362.0,398.0,374.0,261.0
8622,VP_022,ftsst,Math,26,380.0,871.0,380.0,349.0,398.0,377.0,392.0,334.0,385.0,378.0,379.0,414.0,379.0,284.0
8623,VP_022,ftsst,Math,27,389.0,804.0,399.0,361.0,408.0,387.0,402.0,344.0,395.0,388.0,398.0,425.0,398.0,293.0
8624,VP_022,ftsst,Math,28,354.0,738.0,385.0,287.0,385.0,321.0,367.0,348.0,370.0,363.0,386.0,405.0,386.0,348.0
8625,VP_022,ftsst,Math,29,331.0,771.0,351.0,273.0,365.0,310.0,351.0,326.0,348.0,340.0,332.0,380.0,350.0,326.0
8626,VP_022,ftsst,Math,30,348.0,812.0,362.0,283.0,367.0,341.0,360.0,282.0,356.0,351.0,351.0,384.0,356.0,256.0
8627,VP_022,ftsst,Math,31,330.0,767.0,344.0,298.0,382.0,360.0,375.0,245.0,369.0,364.0,382.0,397.0,366.0,172.0
8628,VP_022,ftsst,Math,32,361.0,757.0,376.0,326.0,373.0,355.0,370.0,358.0,364.0,353.0,367.0,392.0,370.0,358.0
8629,VP_022,ftsst,Math,33,357.0,783.0,337.0,320.0,372.0,353.0,366.0,305.0,355.0,347.0,342.0,386.0,342.0,255.0
8630,VP_022,ftsst,Math,34,336.0,,363.0,287.0,374.0,320.0,360.0,331.0,360.0,355.0,339.0,389.0,362.0,331.0
8631,VP_022,ftsst,Pause_1,0,334.0,828.0,370.0,309.0,385.0,362.0,376.0,406.0,374.0,370.0,372.0,400.0,372.0,287.0
8632,VP_022,ftsst,Pause_1,1,376.0,800.0,379.0,312.0,391.0,370.0,383.0,369.0,378.0,371.0,371.0,407.0,371.0,343.0
8633,VP_022,ftsst,Pause_1,2,352.0,755.0,380.0,275.0,373.0,328.0,363.0,350.0,364.0,359.0,352.0,395.0,380.0,350.0
8634,VP_022,ftsst,Pause_1,3,276.0,770.0,349.0,312.0,361.0,334.0,351.0,300.0,350.0,345.0,348.0,377.0,348.0,269.0
8635,VP_022,ftsst,Pause_1,4,316.0,815.0,332.0,316.0,369.0,350.0,361.0,306.0,355.0,350.0,332.0,381.0,332.0,269.0
8636,VP_022,ftsst,Pause_1,5,369.0,846.0,353.0,333.0,383.0,363.0,376.0,322.0,371.0,366.0,352.0,397.0,352.0,277.0
8637,VP_022,ftsst,Pause_1,6,349.0,823.0,384.0,314.0,393.0,338.0,381.0,342.0,380.0,375.0,346.0,408.0,383.0,342.0
8638,VP_022,ftsst,Pause_1,7,334.0,846.0,370.0,310.0,385.0,359.0,375.0,326.0,372.0,368.0,372.0,400.0,372.0,282.0
8639,VP_022,ftsst,Pause_1,8,345.0,858.0,376.0,342.0,393.0,372.0,384.0,333.0,381.0,376.0,373.0,407.0,373.0,293.0
8640,VP_022,ftsst,Pause_1,9,353.0,810.0,389.0,322.0,399.0,377.0,389.0,340.0,384.0,380.0,390.0,413.0,390.0,301.0
8641,VP_022,ftsst,Pause_1,10,338.0,,362.0,304.0,383.0,332.0,370.0,258.0,368.0,364.0,345.0,397.0,364.0,220.0
8642,VP_022,ftsst,Pause_5,0,353.0,843.0,383.0,311.0,405.0,347.0,389.0,310.0,384.0,377.0,366.0,416.0,372.0,356.0
8643,VP_022,ftsst,Pause_5,1,351.0,892.0,385.0,316.0,396.0,339.0,384.0,338.0,382.0,376.0,342.0,412.0,387.0,291.0
8644,VP_022,ftsst,Pause_5,2,361.0,897.0,392.0,335.0,410.0,387.0,402.0,334.0,397.0,392.0,391.0,424.0,391.0,300.0
8645,VP_022,ftsst,Pause_5,3,367.0,897.0,388.0,340.0,416.0,396.0,408.0,357.0,400.0,395.0,389.0,429.0,389.0,308.0
8646,VP_022,ftsst,Pause_5,4,368.0,877.0,383.0,336.0,418.0,398.0,411.0,335.0,403.0,396.0,382.0,432.0,382.0,303.0
8647,VP_022,ftsst,Pause_5,5,391.0,793.0,403.0,319.0,410.0,351.0,401.0,359.0,395.0,389.0,367.0,428.0,402.0,359.0
8648,VP_022,ftsst,Pause_5,6,354.0,802.0,366.0,294.0,384.0,331.0,370.0,347.0,367.0,360.0,353.0,398.0,367.0,347.0
8649,VP_022,ftsst,Pause_5,7,361.0,806.0,368.0,299.0,382.0,358.0,375.0,299.0,367.0,362.0,368.0,398.0,368.0,264.0
8650,VP_022,ftsst,Pause_5,8,374.0,800.0,343.0,339.0,385.0,366.0,380.0,320.0,373.0,365.0,376.0,401.0,348.0,285.0
8651,VP_022,ftsst,Pause_5,9,373.0,774.0,388.0,336.0,386.0,367.0,381.0,370.0,370.0,363.0,377.0,404.0,385.0,370.0
8652,VP_022,ftsst,Pause_5,10,369.0,796.0,355.0,297.0,381.0,362.0,378.0,364.0,365.0,355.0,377.0,399.0,374.0,364.0
8653,VP_022,ftsst,Prep,0,365.0,802.0,382.0,292.0,378.0,354.0,373.0,325.0,369.0,362.0,368.0,401.0,386.0,362.0
8654,VP_022,ftsst,Prep,1,336.0,844.0,376.0,299.0,381.0,323.0,369.0,331.0,370.0,363.0,332.0,399.0,374.0,331.0
8655,VP_022,ftsst,Prep,2,375.0,834.0,348.0,310.0,393.0,369.0,388.0,309.0,384.0,377.0,384.0,410.0,343.0,275.0
8656,VP_022,ftsst,Prep,3,366.0,781.0,387.0,303.0,387.0,361.0,380.0,303.0,378.0,373.0,373.0,408.0,388.0,263.0
8657,VP_022,ftsst,Prep,4,356.0,802.0,373.0,287.0,372.0,347.0,367.0,353.0,364.0,356.0,359.0,393.0,370.0,353.0
8658,VP_022,ftsst,Prep,5,361.0,781.0,384.0,296.0,380.0,357.0,374.0,319.0,372.0,364.0,363.0,403.0,387.0,278.0
8659,VP_022,ftsst,Prep,6,354.0,814.0,367.0,282.0,375.0,336.0,367.0,355.0,364.0,356.0,362.0,355.0,,355.0
8660,VP_022,ftsst,Prep,7,361.0,864.0,377.0,298.0,382.0,359.0,376.0,321.0,373.0,367.0,370.0,401.0,374.0,271.0
8661,VP_022,ftsst,Prep,8,376.0,823.0,400.0,311.0,396.0,369.0,389.0,368.0,388.0,383.0,376.0,418.0,402.0,352.0
8662,VP_022,ftsst,Prep,9,370.0,855.0,385.0,303.0,387.0,363.0,383.0,368.0,380.0,371.0,377.0,409.0,381.0,368.0
8663,VP_022,ftsst,Prep,10,377.0,825.0,391.0,348.0,397.0,375.0,390.0,335.0,385.0,380.0,395.0,415.0,395.0,301.0
8664,VP_022,ftsst,Prep,11,360.0,839.0,383.0,300.0,390.0,338.0,379.0,360.0,378.0,371.0,365.0,406.0,380.0,360.0
8665,VP_022,ftsst,Prep,12,368.0,846.0,369.0,302.0,387.0,360.0,381.0,301.0,382.0,375.0,375.0,405.0,347.0,267.0
8666,VP_022,ftsst,Prep,13,369.0,789.0,391.0,312.0,388.0,363.0,381.0,333.0,381.0,376.0,368.0,410.0,393.0,293.0
8667,VP_022,ftsst,Prep,14,350.0,813.0,363.0,298.0,371.0,346.0,364.0,320.0,362.0,357.0,360.0,388.0,360.0,275.0
8668,VP_022,ftsst,Prep,15,368.0,779.0,385.0,295.0,382.0,359.0,377.0,365.0,374.0,367.0,367.0,405.0,388.0,365.0
8669,VP_022,ftsst,Prep,16,346.0,823.0,356.0,287.0,374.0,344.0,365.0,287.0,361.0,355.0,321.0,389.0,338.0,253.0
8670,VP_022,ftsst,Prep,17,363.0,847.0,352.0,336.0,383.0,361.0,376.0,319.0,374.0,369.0,348.0,279.0,348.0,278.0
8671,VP_022,ftsst,Prep,18,339.0,778.0,391.0,342.0,392.0,367.0,381.0,367.0,381.0,376.0,339.0,411.0,393.0,338.0
8672,VP_022,ftsst,Prep,19,359.0,832.0,373.0,286.0,370.0,347.0,366.0,356.0,363.0,355.0,360.0,393.0,372.0,356.0
8673,VP_022,ftsst,Prep,20,375.0,846.0,330.0,306.0,388.0,367.0,385.0,372.0,380.0,373.0,384.0,372.0,334.0,372.0
8674,VP_022,ftsst,Prep,21,370.0,816.0,391.0,344.0,390.0,363.0,381.0,325.0,382.0,377.0,390.0,411.0,390.0,294.0
8675,VP_022,ftsst,Prep,22,364.0,830.0,363.0,335.0,382.0,362.0,378.0,284.0,374.0,367.0,355.0,284.0,355.0,284.0
8676,VP_022,ftsst,Prep,23,337.0,771.0,387.0,341.0,386.0,363.0,377.0,322.0,378.0,371.0,325.0,408.0,391.0,292.0
8677,VP_022,ftsst,Prep,24,343.0,821.0,366.0,283.0,371.0,339.0,362.0,309.0,359.0,352.0,319.0,388.0,360.0,262.0
8678,VP_022,ftsst,Prep,25,366.0,842.0,372.0,304.0,383.0,359.0,377.0,328.0,376.0,369.0,370.0,402.0,374.0,281.0
8679,VP_022,ftsst,Prep,26,373.0,800.0,396.0,298.0,389.0,333.0,382.0,368.0,383.0,376.0,396.0,413.0,396.0,368.0
8680,VP_022,ftsst,Prep,27,359.0,848.0,362.0,298.0,378.0,355.0,373.0,297.0,370.0,362.0,368.0,268.0,342.0,267.0
8681,VP_022,ftsst,Prep,28,344.0,810.0,390.0,342.0,389.0,363.0,380.0,362.0,381.0,377.0,333.0,410.0,391.0,332.0
8682,VP_022,ftsst,Prep,29,362.0,855.0,380.0,302.0,380.0,355.0,375.0,302.0,374.0,366.0,366.0,401.0,376.0,277.0
8683,VP_022,ftsst,Prep,30,345.0,813.0,394.0,347.0,394.0,333.0,384.0,333.0,385.0,380.0,339.0,414.0,397.0,333.0
8684,VP_022,ftsst,Prep,31,356.0,847.0,380.0,306.0,382.0,344.0,374.0,306.0,373.0,367.0,360.0,402.0,379.0,284.0
8685,VP_022,ftsst,Prep,32,370.0,839.0,345.0,312.0,389.0,367.0,383.0,311.0,384.0,378.0,380.0,265.0,340.0,265.0
8686,VP_022,ftsst,Prep,33,366.0,780.0,391.0,307.0,387.0,338.0,378.0,364.0,377.0,373.0,392.0,408.0,392.0,364.0
8687,VP_022,ftsst,Prep,34,317.0,810.0,372.0,325.0,368.0,304.0,358.0,311.0,361.0,355.0,315.0,390.0,370.0,311.0
8688,VP_022,ftsst,Talk,0,321.0,787.0,358.0,298.0,377.0,357.0,370.0,392.0,363.0,356.0,360.0,392.0,360.0,271.0
8689,VP_022,ftsst,Talk,1,347.0,747.0,368.0,281.0,377.0,320.0,362.0,335.0,361.0,356.0,339.0,392.0,365.0,335.0
8690,VP_022,ftsst,Talk,2,343.0,796.0,353.0,280.0,362.0,334.0,354.0,304.0,347.0,342.0,343.0,379.0,356.0,256.0
8691,VP_022,ftsst,Talk,3,363.0,837.0,362.0,301.0,377.0,357.0,371.0,320.0,365.0,360.0,359.0,393.0,359.0,273.0
8692,VP_022,ftsst,Talk,4,377.0,870.0,361.0,343.0,392.0,372.0,385.0,329.0,380.0,374.0,360.0,406.0,360.0,282.0
8693,VP_022,ftsst,Talk,5,354.0,789.0,391.0,318.0,400.0,344.0,390.0,350.0,388.0,384.0,354.0,417.0,390.0,350.0
8694,VP_022,ftsst,Talk,6,346.0,828.0,368.0,289.0,377.0,321.0,367.0,289.0,363.0,357.0,353.0,394.0,370.0,258.0
8695,VP_022,ftsst,Talk,7,372.0,834.0,370.0,307.0,389.0,368.0,382.0,328.0,376.0,371.0,370.0,404.0,370.0,280.0
8696,VP_022,ftsst,Talk,8,380.0,803.0,384.0,347.0,395.0,375.0,389.0,331.0,382.0,374.0,385.0,412.0,385.0,287.0
8697,VP_022,ftsst,Talk,9,349.0,830.0,373.0,294.0,387.0,327.0,373.0,343.0,370.0,363.0,346.0,402.0,372.0,343.0
8698,VP_022,ftsst,Talk,10,374.0,871.0,363.0,341.0,390.0,370.0,384.0,327.0,378.0,371.0,365.0,406.0,365.0,284.0
8699,VP_022,ftsst,Talk,11,385.0,863.0,373.0,357.0,406.0,385.0,400.0,343.0,393.0,387.0,374.0,421.0,374.0,292.0
8700,VP_022,ftsst,Talk,12,364.0,852.0,391.0,313.0,400.0,343.0,389.0,356.0,388.0,383.0,358.0,417.0,391.0,356.0
8701,VP_022,ftsst,Talk,13,345.0,866.0,383.0,315.0,396.0,371.0,388.0,314.0,383.0,378.0,382.0,412.0,382.0,283.0
8702,VP_022,ftsst,Talk,14,347.0,858.0,380.0,354.0,402.0,380.0,395.0,341.0,391.0,384.0,380.0,418.0,380.0,291.0
8703,VP_022,ftsst,Talk,15,373.0,835.0,389.0,312.0,397.0,342.0,386.0,352.0,386.0,381.0,356.0,415.0,389.0,352.0
8704,VP_022,ftsst,Talk,16,372.0,853.0,378.0,306.0,390.0,367.0,384.0,328.0,378.0,373.0,379.0,407.0,379.0,276.0
8705,VP_022,ftsst,Talk,17,384.0,882.0,373.0,351.0,400.0,379.0,394.0,338.0,387.0,381.0,371.0,416.0,371.0,289.0
8706,VP_022,ftsst,Talk,18,359.0,780.0,400.0,324.0,406.0,350.0,396.0,357.0,394.0,389.0,361.0,423.0,398.0,357.0
8707,VP_022,ftsst,Talk,19,333.0,766.0,354.0,287.0,379.0,318.0,364.0,319.0,362.0,355.0,339.0,393.0,357.0,319.0
8708,VP_022,ftsst,Talk,20,325.0,836.0,364.0,281.0,369.0,312.0,359.0,321.0,356.0,350.0,328.0,387.0,365.0,321.0
8709,VP_022,ftsst,Talk,21,374.0,902.0,386.0,309.0,389.0,367.0,383.0,330.0,380.0,374.0,377.0,408.0,386.0,285.0
8710,VP_022,ftsst,Talk,22,394.0,920.0,401.0,333.0,414.0,391.0,407.0,356.0,403.0,397.0,402.0,430.0,402.0,303.0
8711,VP_022,ftsst,Talk,23,405.0,880.0,394.0,371.0,422.0,400.0,414.0,359.0,408.0,403.0,393.0,435.0,393.0,308.0
8712,VP_022,ftsst,Talk,24,382.0,864.0,393.0,319.0,409.0,356.0,395.0,370.0,394.0,389.0,375.0,424.0,391.0,370.0
8713,VP_022,ftsst,Talk,25,350.0,888.0,386.0,321.0,398.0,373.0,390.0,343.0,386.0,382.0,387.0,414.0,387.0,294.0
8714,VP_022,ftsst,Talk,26,359.0,851.0,392.0,334.0,408.0,383.0,399.0,351.0,396.0,391.0,389.0,422.0,389.0,303.0
8715,VP_022,ftsst,Talk,27,359.0,784.0,392.0,313.0,395.0,341.0,385.0,354.0,383.0,378.0,357.0,413.0,392.0,354.0
8716,VP_022,ftsst,Talk,28,327.0,776.0,369.0,291.0,375.0,318.0,366.0,318.0,366.0,357.0,326.0,394.0,367.0,264.0
8717,VP_022,ftsst,Talk,29,350.0,791.0,348.0,294.0,372.0,313.0,362.0,312.0,358.0,353.0,350.0,389.0,361.0,276.0
8718,VP_022,ftsst,Talk,30,331.0,819.0,381.0,340.0,327.0,359.0,338.0,329.0,371.0,361.0,331.0,397.0,375.0,329.0
8719,VP_022,ftsst,Talk,31,340.0,863.0,411.0,348.0,393.0,372.0,383.0,371.0,380.0,371.0,415.0,417.0,415.0,336.0
8720,VP_022,ftsst,Talk,32,393.0,882.0,404.0,308.0,407.0,389.0,401.0,350.0,390.0,384.0,352.0,422.0,385.0,350.0
8721,VP_022,ftsst,Talk,33,393.0,868.0,407.0,366.0,416.0,393.0,408.0,341.0,400.0,392.0,410.0,433.0,410.0,305.0
8722,VP_022,ftsst,Talk,34,396.0,,411.0,358.0,409.0,389.0,402.0,344.0,393.0,386.0,412.0,429.0,412.0,344.0
8723,VP_022,tsst,Math,0,333.0,766.0,123.0,44.0,-138.0,,42.0,388.0,205.0,37.0,120.0,35.0,,35.0
8724,VP_022,tsst,Math,1,346.0,754.0,365.0,293.0,367.0,330.0,360.0,346.0,359.0,351.0,352.0,388.0,365.0,346.0
8725,VP_022,tsst,Math,2,357.0,759.0,338.0,268.0,369.0,352.0,326.0,312.0,353.0,346.0,317.0,240.0,339.0,312.0
8726,VP_022,tsst,Math,3,359.0,752.0,324.0,309.0,368.0,347.0,359.0,283.0,349.0,345.0,327.0,379.0,327.0,249.0
8727,VP_022,tsst,Math,4,316.0,752.0,327.0,287.0,369.0,313.0,357.0,287.0,351.0,345.0,323.0,0.0,323.0,259.0
8728,VP_022,tsst,Math,5,352.0,745.0,309.0,286.0,367.0,347.0,360.0,302.0,347.0,343.0,312.0,21.0,312.0,258.0
8729,VP_022,tsst,Math,6,351.0,668.0,368.0,262.0,367.0,303.0,352.0,321.0,347.0,342.0,369.0,384.0,369.0,320.0
8730,VP_022,tsst,Math,7,310.0,705.0,334.0,244.0,345.0,292.0,329.0,306.0,323.0,316.0,309.0,357.0,328.0,306.0
8731,VP_022,tsst,Math,8,326.0,687.0,335.0,257.0,345.0,322.0,336.0,311.0,331.0,327.0,293.0,360.0,335.0,288.0
8732,VP_022,tsst,Math,9,331.0,768.0,312.0,252.0,342.0,322.0,337.0,276.0,327.0,321.0,328.0,358.0,328.0,221.0
8733,VP_022,tsst,Math,10,357.0,888.0,364.0,319.0,368.0,349.0,363.0,306.0,356.0,350.0,359.0,385.0,359.0,258.0
8734,VP_022,tsst,Math,11,396.0,774.0,412.0,320.0,407.0,384.0,400.0,383.0,396.0,391.0,361.0,429.0,414.0,359.0
8735,VP_022,tsst,Math,12,367.0,823.0,351.0,330.0,383.0,357.0,372.0,356.0,363.0,354.0,340.0,396.0,340.0,324.0
8736,VP_022,tsst,Math,13,375.0,835.0,356.0,279.0,384.0,369.0,332.0,319.0,370.0,366.0,325.0,246.0,359.0,319.0
8737,VP_022,tsst,Math,14,374.0,847.0,382.0,334.0,387.0,368.0,381.0,322.0,375.0,371.0,377.0,403.0,377.0,287.0
8738,VP_022,tsst,Math,15,386.0,859.0,382.0,344.0,393.0,375.0,386.0,354.0,382.0,377.0,339.0,410.0,390.0,336.0
8739,VP_022,tsst,Math,16,385.0,879.0,397.0,347.0,399.0,378.0,392.0,335.0,386.0,381.0,396.0,415.0,396.0,304.0
8740,VP_022,tsst,Math,17,359.0,861.0,404.0,356.0,406.0,382.0,396.0,342.0,394.0,389.0,405.0,424.0,405.0,314.0
8741,VP_022,tsst,Math,18,381.0,863.0,388.0,348.0,399.0,377.0,391.0,335.0,386.0,381.0,383.0,414.0,383.0,296.0
8742,VP_022,tsst,Math,19,384.0,776.0,397.0,317.0,398.0,372.0,389.0,317.0,386.0,382.0,349.0,416.0,398.0,286.0
8743,VP_022,tsst,Math,20,344.0,801.0,344.0,272.0,375.0,306.0,361.0,324.0,358.0,353.0,327.0,388.0,339.0,324.0
8744,VP_022,tsst,Math,21,354.0,803.0,368.0,323.0,373.0,350.0,365.0,267.0,363.0,359.0,270.0,390.0,367.0,239.0
8745,VP_022,tsst,Math,22,356.0,819.0,377.0,325.0,375.0,354.0,367.0,284.0,365.0,360.0,378.0,394.0,378.0,283.0
8746,VP_022,tsst,Math,23,376.0,832.0,372.0,334.0,385.0,364.0,376.0,347.0,372.0,367.0,326.0,400.0,372.0,317.0
8747,VP_022,tsst,Math,24,380.0,847.0,389.0,308.0,392.0,372.0,386.0,328.0,376.0,371.0,286.0,408.0,388.0,285.0
8748,VP_022,tsst,Math,25,350.0,763.0,399.0,348.0,399.0,374.0,389.0,373.0,384.0,378.0,344.0,418.0,400.0,343.0
8749,VP_022,tsst,Math,26,351.0,777.0,243.0,274.0,379.0,321.0,365.0,336.0,357.0,350.0,367.0,108.0,,336.0
8750,VP_022,tsst,Math,27,345.0,779.0,363.0,288.0,368.0,343.0,360.0,308.0,357.0,352.0,363.0,385.0,363.0,267.0
8751,VP_022,tsst,Math,28,352.0,807.0,362.0,292.0,370.0,349.0,364.0,309.0,359.0,354.0,363.0,387.0,363.0,266.0
8752,VP_022,tsst,Math,29,361.0,836.0,367.0,303.0,378.0,357.0,371.0,319.0,367.0,362.0,368.0,394.0,368.0,276.0
8753,VP_022,tsst,Math,30,377.0,837.0,381.0,341.0,390.0,368.0,382.0,329.0,379.0,374.0,379.0,406.0,379.0,290.0
8754,VP_022,tsst,Math,31,344.0,822.0,351.0,336.0,388.0,324.0,376.0,302.0,376.0,372.0,355.0,401.0,355.0,248.0
8755,VP_022,tsst,Math,32,372.0,841.0,382.0,302.0,384.0,361.0,376.0,324.0,372.0,368.0,327.0,400.0,379.0,282.0
8756,VP_022,tsst,Math,33,378.0,840.0,394.0,345.0,392.0,372.0,385.0,352.0,382.0,375.0,395.0,412.0,395.0,327.0
8757,VP_022,tsst,Math,34,381.0,833.0,393.0,319.0,395.0,373.0,390.0,375.0,381.0,375.0,385.0,413.0,395.0,375.0
8758,VP_022,tsst,Math,35,388.0,790.0,395.0,343.0,397.0,376.0,388.0,309.0,380.0,373.0,391.0,413.0,391.0,308.0
8759,VP_022,tsst,Pause_1,0,326.0,747.0,333.0,284.0,360.0,311.0,347.0,282.0,345.0,341.0,332.0,372.0,274.0,105.0
8760,VP_022,tsst,Pause_1,1,333.0,772.0,348.0,281.0,351.0,302.0,342.0,301.0,343.0,339.0,349.0,369.0,349.0,255.0
8761,VP_022,tsst,Pause_1,2,348.0,807.0,358.0,288.0,361.0,340.0,354.0,304.0,351.0,348.0,360.0,378.0,360.0,265.0
8762,VP_022,tsst,Pause_1,3,361.0,853.0,367.0,297.0,374.0,349.0,366.0,317.0,364.0,360.0,364.0,389.0,364.0,271.0
8763,VP_022,tsst,Pause_1,4,346.0,769.0,385.0,311.0,390.0,336.0,380.0,341.0,379.0,376.0,345.0,407.0,386.0,341.0
8764,VP_022,tsst,Pause_1,5,337.0,788.0,257.0,291.0,367.0,320.0,355.0,332.0,353.0,348.0,343.0,380.0,,332.0
8765,VP_022,tsst,Pause_1,6,340.0,812.0,358.0,291.0,364.0,337.0,356.0,312.0,357.0,354.0,359.0,381.0,359.0,269.0
8766,VP_022,tsst,Pause_1,7,336.0,845.0,370.0,305.0,375.0,317.0,365.0,316.0,364.0,361.0,372.0,391.0,372.0,282.0
8767,VP_022,tsst,Pause_1,8,345.0,857.0,381.0,312.0,386.0,334.0,375.0,334.0,376.0,373.0,380.0,402.0,380.0,291.0
8768,VP_022,tsst,Pause_1,9,352.0,790.0,389.0,316.0,393.0,339.0,380.0,338.0,381.0,378.0,345.0,408.0,389.0,297.0
8769,VP_022,tsst,Pause_1,10,337.0,765.0,360.0,290.0,371.0,322.0,360.0,336.0,360.0,356.0,343.0,387.0,360.0,336.0
8770,VP_022,tsst,Pause_1,11,315.0,770.0,356.0,279.0,359.0,305.0,347.0,308.0,350.0,346.0,313.0,376.0,356.0,308.0
8771,VP_022,tsst,Pause_5,0,353.0,874.0,392.0,324.0,402.0,380.0,394.0,439.0,390.0,386.0,382.0,417.0,382.0,299.0
8772,VP_022,tsst,Pause_5,1,361.0,785.0,405.0,316.0,405.0,346.0,395.0,359.0,391.0,386.0,363.0,423.0,406.0,359.0
8773,VP_022,tsst,Pause_5,2,333.0,833.0,372.0,293.0,382.0,323.0,368.0,337.0,364.0,357.0,338.0,397.0,373.0,337.0
8774,VP_022,tsst,Pause_5,3,368.0,846.0,386.0,339.0,389.0,367.0,382.0,326.0,377.0,372.0,386.0,406.0,386.0,289.0
8775,VP_022,tsst,Pause_5,4,386.0,855.0,396.0,318.0,398.0,377.0,392.0,337.0,384.0,378.0,385.0,416.0,398.0,295.0
8776,VP_022,tsst,Pause_5,5,372.0,886.0,386.0,304.0,406.0,340.0,391.0,357.0,388.0,381.0,363.0,419.0,381.0,357.0
8777,VP_022,tsst,Pause_5,6,395.0,915.0,405.0,328.0,408.0,385.0,402.0,349.0,399.0,392.0,394.0,428.0,405.0,301.0
8778,VP_022,tsst,Pause_5,7,399.0,842.0,417.0,331.0,418.0,394.0,411.0,393.0,408.0,401.0,368.0,438.0,417.0,364.0
8779,VP_022,tsst,Pause_5,8,368.0,927.0,396.0,309.0,398.0,336.0,388.0,350.0,385.0,378.0,351.0,418.0,396.0,350.0
8780,VP_022,tsst,Pause_5,9,405.0,952.0,417.0,374.0,420.0,399.0,415.0,357.0,411.0,405.0,409.0,439.0,415.0,317.0
8781,VP_022,tsst,Pause_5,10,414.0,,429.0,345.0,431.0,408.0,424.0,345.0,419.0,414.0,379.0,450.0,430.0,315.0
8782,VP_022,tsst,Prep,0,387.0,884.0,396.0,323.0,402.0,382.0,394.0,308.0,392.0,388.0,352.0,417.0,395.0,304.0
8783,VP_022,tsst,Prep,1,387.0,881.0,390.0,358.0,403.0,383.0,396.0,340.0,395.0,390.0,389.0,418.0,389.0,297.0
8784,VP_022,tsst,Prep,2,387.0,782.0,398.0,321.0,402.0,375.0,393.0,374.0,391.0,387.0,355.0,419.0,398.0,355.0
8785,VP_022,tsst,Prep,3,352.0,814.0,253.0,270.0,379.0,325.0,365.0,345.0,358.0,354.0,361.0,388.0,,345.0
8786,VP_022,tsst,Prep,4,369.0,853.0,382.0,334.0,379.0,354.0,369.0,353.0,371.0,366.0,383.0,398.0,383.0,320.0
8787,VP_022,tsst,Prep,5,384.0,871.0,353.0,340.0,393.0,373.0,386.0,219.0,381.0,377.0,343.0,405.0,349.0,193.0
8788,VP_022,tsst,Prep,6,395.0,816.0,407.0,353.0,399.0,380.0,396.0,388.0,395.0,387.0,392.0,423.0,408.0,388.0
8789,VP_022,tsst,Prep,7,376.0,837.0,384.0,296.0,384.0,365.0,378.0,265.0,376.0,369.0,379.0,209.0,385.0,209.0
8790,VP_022,tsst,Prep,8,347.0,843.0,388.0,308.0,393.0,370.0,384.0,369.0,381.0,374.0,341.0,409.0,390.0,340.0
8791,VP_022,tsst,Prep,9,350.0,856.0,362.0,314.0,392.0,338.0,379.0,341.0,378.0,374.0,351.0,403.0,350.0,341.0
8792,VP_022,tsst,Prep,10,347.0,884.0,384.0,316.0,392.0,338.0,382.0,337.0,384.0,380.0,385.0,408.0,385.0,295.0
8793,VP_022,tsst,Prep,11,352.0,881.0,394.0,325.0,403.0,345.0,392.0,344.0,392.0,388.0,393.0,417.0,393.0,305.0
8794,VP_022,tsst,Prep,12,381.0,832.0,389.0,320.0,401.0,348.0,391.0,354.0,389.0,386.0,359.0,415.0,392.0,354.0
8795,VP_022,tsst,Prep,13,352.0,831.0,369.0,301.0,387.0,326.0,375.0,335.0,374.0,370.0,340.0,400.0,359.0,335.0
8796,VP_022,tsst,Prep,14,369.0,862.0,380.0,307.0,385.0,362.0,376.0,325.0,375.0,370.0,382.0,401.0,382.0,272.0
8797,VP_022,tsst,Prep,15,390.0,894.0,389.0,354.0,399.0,379.0,390.0,340.0,390.0,384.0,384.0,413.0,384.0,306.0
8798,VP_022,tsst,Prep,16,394.0,831.0,408.0,330.0,409.0,385.0,400.0,352.0,397.0,393.0,411.0,427.0,411.0,312.0
8799,VP_022,tsst,Prep,17,350.0,879.0,386.0,301.0,392.0,334.0,381.0,345.0,379.0,372.0,348.0,408.0,385.0,345.0
8800,VP_022,tsst,Prep,18,391.0,909.0,399.0,359.0,405.0,385.0,397.0,345.0,396.0,389.0,395.0,420.0,395.0,298.0
8801,VP_022,tsst,Prep,19,400.0,832.0,415.0,330.0,413.0,389.0,405.0,329.0,403.0,398.0,358.0,432.0,417.0,281.0
8802,VP_022,tsst,Prep,20,347.0,882.0,380.0,303.0,389.0,330.0,379.0,329.0,377.0,372.0,379.0,406.0,379.0,286.0
8803,VP_022,tsst,Prep,21,387.0,893.0,399.0,326.0,403.0,382.0,395.0,347.0,395.0,390.0,400.0,420.0,400.0,299.0
8804,VP_022,tsst,Prep,22,391.0,865.0,399.0,332.0,409.0,389.0,403.0,351.0,400.0,394.0,400.0,426.0,400.0,304.0
8805,VP_022,tsst,Prep,23,353.0,858.0,392.0,354.0,400.0,344.0,390.0,292.0,391.0,384.0,390.0,418.0,390.0,255.0
8806,VP_022,tsst,Prep,24,384.0,886.0,395.0,352.0,398.0,377.0,391.0,336.0,388.0,382.0,396.0,415.0,396.0,294.0
8807,VP_022,tsst,Prep,25,398.0,875.0,398.0,364.0,407.0,389.0,402.0,348.0,399.0,392.0,397.0,425.0,397.0,297.0
8808,VP_022,tsst,Prep,26,353.0,853.0,401.0,322.0,402.0,344.0,393.0,349.0,392.0,387.0,354.0,421.0,400.0,349.0
8809,VP_022,tsst,Prep,27,383.0,903.0,391.0,313.0,395.0,373.0,388.0,337.0,387.0,381.0,339.0,413.0,393.0,286.0
8810,VP_022,tsst,Prep,28,393.0,917.0,408.0,332.0,411.0,389.0,404.0,354.0,403.0,397.0,404.0,427.0,404.0,306.0
8811,VP_022,tsst,Prep,29,400.0,854.0,415.0,334.0,415.0,393.0,407.0,356.0,405.0,401.0,362.0,432.0,418.0,317.0
8812,VP_022,tsst,Prep,30,349.0,875.0,389.0,349.0,395.0,335.0,385.0,335.0,386.0,380.0,388.0,412.0,388.0,298.0
8813,VP_022,tsst,Prep,31,388.0,894.0,392.0,354.0,400.0,377.0,392.0,342.0,392.0,387.0,389.0,415.0,389.0,300.0
8814,VP_022,tsst,Prep,32,390.0,833.0,409.0,360.0,407.0,387.0,399.0,347.0,398.0,393.0,352.0,426.0,410.0,310.0
8815,VP_022,tsst,Prep,33,375.0,866.0,382.0,308.0,389.0,363.0,381.0,331.0,378.0,373.0,378.0,405.0,378.0,288.0
8816,VP_022,tsst,Talk,0,371.0,792.0,390.0,303.0,380.0,357.0,377.0,416.0,365.0,359.0,372.0,401.0,389.0,371.0
8817,VP_022,tsst,Talk,1,371.0,753.0,391.0,298.0,378.0,351.0,375.0,369.0,364.0,358.0,371.0,404.0,392.0,369.0
8818,VP_022,tsst,Talk,2,359.0,722.0,377.0,334.0,372.0,349.0,365.0,348.0,364.0,350.0,376.0,396.0,376.0,311.0
8819,VP_022,tsst,Talk,3,359.0,666.0,371.0,273.0,362.0,339.0,362.0,362.0,344.0,336.0,376.0,387.0,376.0,359.0
8820,VP_022,tsst,Talk,4,310.0,670.0,347.0,263.0,347.0,292.0,324.0,308.0,323.0,316.0,338.0,360.0,338.0,307.0
8821,VP_022,tsst,Talk,5,286.0,654.0,74.0,229.0,339.0,322.0,297.0,282.0,318.0,314.0,286.0,59.0,291.0,282.0
8822,VP_022,tsst,Talk,6,325.0,685.0,348.0,253.0,336.0,318.0,333.0,326.0,322.0,312.0,330.0,354.0,293.0,326.0
8823,VP_022,tsst,Talk,7,339.0,746.0,353.0,281.0,346.0,328.0,344.0,338.0,327.0,321.0,346.0,367.0,359.0,338.0
8824,VP_022,tsst,Talk,8,354.0,781.0,360.0,317.0,368.0,351.0,364.0,301.0,351.0,344.0,338.0,381.0,338.0,264.0
8825,VP_022,tsst,Talk,9,350.0,781.0,345.0,305.0,284.0,350.0,290.0,281.0,362.0,355.0,351.0,385.0,351.0,280.0
8826,VP_022,tsst,Talk,10,461.0,789.0,347.0,395.0,381.0,439.0,470.0,462.0,413.0,350.0,346.0,462.0,346.0,462.0
8827,VP_022,tsst,Talk,11,369.0,808.0,391.0,333.0,382.0,361.0,375.0,366.0,367.0,359.0,368.0,405.0,390.0,366.0
8828,VP_022,tsst,Talk,12,328.0,709.0,382.0,334.0,386.0,360.0,370.0,321.0,371.0,364.0,386.0,404.0,386.0,321.0
8829,VP_022,tsst,Talk,13,339.0,717.0,278.0,269.0,359.0,332.0,351.0,232.0,338.0,330.0,354.0,174.0,265.0,173.0
8830,VP_022,tsst,Talk,14,327.0,714.0,350.0,265.0,347.0,295.0,339.0,321.0,337.0,332.0,325.0,368.0,352.0,321.0
8831,VP_022,tsst,Talk,15,334.0,741.0,349.0,269.0,346.0,326.0,342.0,332.0,335.0,330.0,337.0,365.0,347.0,332.0
8832,VP_022,tsst,Talk,16,348.0,758.0,280.0,267.0,358.0,339.0,357.0,346.0,345.0,340.0,219.0,369.0,279.0,346.0
8833,VP_022,tsst,Talk,17,323.0,732.0,212.0,263.0,360.0,300.0,349.0,323.0,350.0,345.0,346.0,376.0,,323.0
8834,VP_022,tsst,Talk,18,320.0,704.0,351.0,367.0,349.0,416.0,340.0,317.0,388.0,337.0,324.0,431.0,347.0,431.0
8835,VP_022,tsst,Talk,19,332.0,735.0,320.0,249.0,344.0,323.0,338.0,244.0,334.0,328.0,346.0,365.0,347.0,156.0
8836,VP_022,tsst,Talk,20,312.0,757.0,346.0,272.0,340.0,300.0,327.0,311.0,334.0,332.0,313.0,361.0,345.0,311.0
8837,VP_022,tsst,Talk,21,343.0,773.0,277.0,283.0,354.0,322.0,348.0,335.0,340.0,339.0,352.0,335.0,288.0,335.0
8838,VP_022,tsst,Talk,22,352.0,791.0,372.0,275.0,367.0,342.0,359.0,349.0,354.0,350.0,371.0,385.0,371.0,348.0
8839,VP_022,tsst,Talk,23,332.0,785.0,371.0,289.0,371.0,319.0,357.0,328.0,360.0,356.0,333.0,387.0,366.0,328.0
8840,VP_022,tsst,Talk,24,326.0,777.0,376.0,357.0,372.0,311.0,358.0,321.0,380.0,361.0,378.0,394.0,378.0,320.0
8841,VP_022,tsst,Talk,25,322.0,768.0,,293.0,375.0,355.0,365.0,313.0,358.0,353.0,278.0,201.0,,272.0
8842,VP_022,tsst,Talk,26,354.0,748.0,398.0,278.0,361.0,330.0,358.0,356.0,360.0,352.0,389.0,396.0,389.0,355.0
8843,VP_022,tsst,Talk,27,314.0,742.0,370.0,318.0,370.0,350.0,330.0,300.0,352.0,345.0,369.0,386.0,369.0,268.0
8844,VP_022,tsst,Talk,28,362.0,727.0,198.0,249.0,318.0,353.0,322.0,316.0,340.0,337.0,209.0,21.0,,316.0
8845,VP_022,tsst,Talk,29,349.0,719.0,376.0,354.0,360.0,424.0,356.0,348.0,369.0,340.0,376.0,389.0,376.0,347.0
8846,VP_022,tsst,Talk,30,351.0,716.0,293.0,275.0,222.0,339.0,355.0,342.0,337.0,332.0,283.0,342.0,283.0,342.0
8847,VP_022,tsst,Talk,31,351.0,707.0,381.0,311.0,360.0,339.0,360.0,349.0,362.0,338.0,350.0,397.0,378.0,349.0
8848,VP_022,tsst,Talk,33,307.0,670.0,368.0,313.0,361.0,335.0,346.0,335.0,344.0,334.0,365.0,382.0,365.0,308.0
8849,VP_022,tsst,Talk,34,334.0,682.0,338.0,298.0,348.0,327.0,340.0,307.0,329.0,318.0,337.0,364.0,330.0,288.0
8850,VP_022,tsst,Talk,35,331.0,680.0,349.0,299.0,291.0,324.0,300.0,293.0,332.0,322.0,346.0,361.0,346.0,292.0
8851,VP_022,tsst,Talk,36,292.0,700.0,346.0,291.0,339.0,244.0,304.0,290.0,327.0,320.0,351.0,363.0,351.0,289.0
8852,VP_022,tsst,Talk,37,340.0,739.0,357.0,311.0,349.0,332.0,344.0,337.0,342.0,330.0,339.0,366.0,,337.0
8853,VP_022,tsst,Talk,38,328.0,744.0,234.0,328.0,171.0,294.0,343.0,330.0,356.0,344.0,348.0,378.0,348.0,330.0
8854,VP_022,tsst,Talk,39,351.0,,366.0,271.0,362.0,342.0,356.0,324.0,345.0,340.0,311.0,381.0,368.0,307.0
8855,VP_023,ftsst,Math,0,305.0,689.0,112.0,25.0,-144.0,,34.0,304.0,183.0,26.0,111.0,34.0,,33.0
8856,VP_023,ftsst,Math,1,292.0,682.0,313.0,252.0,304.0,283.0,303.0,293.0,317.0,316.0,295.0,328.0,307.0,293.0
8857,VP_023,ftsst,Math,2,288.0,717.0,332.0,260.0,301.0,275.0,300.0,287.0,318.0,316.0,338.0,287.0,338.0,287.0
8858,VP_023,ftsst,Math,3,308.0,714.0,333.0,268.0,322.0,295.0,316.0,308.0,325.0,324.0,328.0,345.0,328.0,308.0
8859,VP_023,ftsst,Math,4,300.0,756.0,326.0,227.0,311.0,283.0,308.0,301.0,324.0,323.0,330.0,301.0,330.0,301.0
8860,VP_023,ftsst,Math,5,320.0,701.0,336.0,270.0,339.0,304.0,330.0,315.0,338.0,337.0,319.0,358.0,334.0,315.0
8861,VP_023,ftsst,Math,6,297.0,736.0,259.0,254.0,326.0,285.0,309.0,295.0,318.0,317.0,300.0,295.0,299.0,295.0
8862,VP_023,ftsst,Math,7,303.0,802.0,333.0,265.0,320.0,293.0,317.0,304.0,331.0,330.0,332.0,351.0,332.0,304.0
8863,VP_023,ftsst,Math,8,330.0,824.0,359.0,279.0,357.0,315.0,345.0,329.0,356.0,355.0,360.0,378.0,360.0,329.0
8864,VP_023,ftsst,Math,9,339.0,858.0,357.0,297.0,368.0,326.0,354.0,333.0,363.0,362.0,339.0,262.0,355.0,333.0
8865,VP_023,ftsst,Math,10,346.0,913.0,371.0,306.0,373.0,333.0,359.0,342.0,373.0,372.0,343.0,277.0,371.0,342.0
8866,VP_023,ftsst,Math,11,367.0,847.0,395.0,328.0,396.0,355.0,384.0,365.0,395.0,394.0,396.0,417.0,396.0,365.0
8867,VP_023,ftsst,Math,12,345.0,847.0,366.0,306.0,377.0,333.0,361.0,344.0,373.0,371.0,365.0,0.0,365.0,344.0
8868,VP_023,ftsst,Math,13,350.0,815.0,383.0,308.0,376.0,336.0,363.0,351.0,370.0,369.0,385.0,397.0,385.0,350.0
8869,VP_023,ftsst,Math,14,340.0,803.0,375.0,267.0,348.0,318.0,346.0,340.0,362.0,360.0,370.0,385.0,370.0,339.0
8870,VP_023,ftsst,Math,15,344.0,702.0,387.0,364.0,359.0,438.0,356.0,342.0,386.0,367.0,388.0,387.0,388.0,341.0
8871,VP_023,ftsst,Math,16,315.0,697.0,347.0,244.0,332.0,288.0,324.0,314.0,326.0,323.0,315.0,351.0,350.0,314.0
8872,VP_023,ftsst,Math,17,289.0,735.0,312.0,258.0,328.0,285.0,312.0,258.0,321.0,319.0,294.0,236.0,299.0,236.0
8873,VP_023,ftsst,Math,18,326.0,826.0,359.0,242.0,327.0,311.0,331.0,328.0,335.0,333.0,360.0,370.0,360.0,328.0
8874,VP_023,ftsst,Math,19,338.0,856.0,237.0,266.0,375.0,317.0,349.0,335.0,363.0,362.0,342.0,43.0,,335.0
8875,VP_023,ftsst,Math,20,355.0,823.0,373.0,304.0,383.0,339.0,369.0,352.0,378.0,376.0,356.0,191.0,372.0,352.0
8876,VP_023,ftsst,Math,21,310.0,800.0,367.0,328.0,371.0,,360.0,293.0,370.0,366.0,364.0,390.0,364.0,293.0
8877,VP_023,ftsst,Math,22,333.0,829.0,367.0,298.0,345.0,321.0,347.0,333.0,362.0,358.0,368.0,386.0,368.0,332.0
8878,VP_023,ftsst,Math,23,351.0,813.0,375.0,291.0,378.0,333.0,367.0,346.0,373.0,369.0,352.0,398.0,378.0,346.0
8879,VP_023,ftsst,Math,24,330.0,813.0,336.0,299.0,378.0,358.0,342.0,298.0,363.0,361.0,323.0,0.0,326.0,255.0
8880,VP_023,ftsst,Math,25,329.0,803.0,345.0,294.0,335.0,374.0,334.0,322.0,364.0,362.0,324.0,0.0,347.0,322.0
8881,VP_023,ftsst,Math,26,294.0,791.0,356.0,310.0,380.0,323.0,367.0,323.0,367.0,362.0,343.0,8.0,343.0,290.0
8882,VP_023,ftsst,Math,27,328.0,779.0,369.0,330.0,374.0,316.0,345.0,323.0,366.0,359.0,370.0,323.0,370.0,322.0
8883,VP_023,ftsst,Math,28,326.0,892.0,354.0,277.0,372.0,315.0,356.0,327.0,356.0,352.0,227.0,177.0,350.0,327.0
8884,VP_023,ftsst,Math,29,363.0,902.0,387.0,317.0,253.0,353.0,384.0,362.0,395.0,391.0,389.0,262.0,389.0,362.0
8885,VP_023,ftsst,Math,30,368.0,913.0,392.0,308.0,407.0,357.0,392.0,368.0,396.0,393.0,383.0,199.0,393.0,368.0
8886,VP_023,ftsst,Math,31,363.0,912.0,392.0,334.0,408.0,354.0,391.0,333.0,403.0,399.0,357.0,300.0,397.0,300.0
8887,VP_023,ftsst,Math,32,364.0,871.0,393.0,314.0,406.0,344.0,389.0,343.0,397.0,395.0,353.0,0.0,385.0,296.0
8888,VP_023,ftsst,Math,33,355.0,853.0,378.0,322.0,389.0,346.0,378.0,345.0,387.0,383.0,356.0,48.0,375.0,298.0
8889,VP_023,ftsst,Math,34,344.0,844.0,379.0,302.0,392.0,331.0,366.0,341.0,380.0,377.0,351.0,190.0,383.0,341.0
8890,VP_023,ftsst,Math,35,341.0,866.0,371.0,301.0,388.0,330.0,367.0,335.0,380.0,375.0,339.0,279.0,369.0,335.0
8891,VP_023,ftsst,Pause_1,0,298.0,700.0,326.0,251.0,309.0,283.0,310.0,239.0,324.0,322.0,325.0,0.0,325.0,296.0
8892,VP_023,ftsst,Pause_1,1,296.0,766.0,319.0,255.0,299.0,282.0,307.0,294.0,324.0,322.0,318.0,50.0,318.0,293.0
8893,VP_023,ftsst,Pause_1,2,310.0,981.0,337.0,279.0,347.0,302.0,327.0,306.0,345.0,343.0,310.0,256.0,340.0,306.0
8894,VP_023,ftsst,Pause_1,3,386.0,913.0,408.0,352.0,411.0,375.0,400.0,382.0,416.0,415.0,383.0,431.0,406.0,382.0
8895,VP_023,ftsst,Pause_1,4,370.0,877.0,394.0,330.0,380.0,359.0,384.0,368.0,398.0,396.0,371.0,301.0,395.0,368.0
8896,VP_023,ftsst,Pause_1,5,356.0,926.0,378.0,314.0,363.0,343.0,368.0,352.0,385.0,383.0,355.0,290.0,377.0,352.0
8897,VP_023,ftsst,Pause_1,6,371.0,966.0,397.0,330.0,398.0,358.0,385.0,364.0,398.0,397.0,369.0,417.0,397.0,364.0
8898,VP_023,ftsst,Pause_1,7,380.0,912.0,409.0,336.0,410.0,366.0,396.0,381.0,410.0,410.0,410.0,429.0,410.0,380.0
8899,VP_023,ftsst,Pause_1,8,363.0,900.0,389.0,326.0,389.0,352.0,379.0,360.0,394.0,393.0,361.0,413.0,390.0,360.0
8900,VP_023,ftsst,Pause_1,9,359.0,884.0,387.0,321.0,381.0,346.0,371.0,356.0,389.0,388.0,385.0,406.0,385.0,356.0
8901,VP_023,ftsst,Pause_5,0,414.0,1033.0,438.0,377.0,463.0,401.0,445.0,356.0,447.0,442.0,410.0,336.0,441.0,407.0
8902,VP_023,ftsst,Pause_5,1,416.0,1096.0,444.0,372.0,461.0,403.0,434.0,415.0,446.0,442.0,416.0,334.0,442.0,415.0
8903,VP_023,ftsst,Pause_5,2,435.0,1028.0,468.0,385.0,443.0,420.0,452.0,433.0,471.0,465.0,434.0,355.0,469.0,433.0
8904,VP_023,ftsst,Pause_5,3,411.0,969.0,435.0,376.0,459.0,402.0,441.0,408.0,446.0,441.0,412.0,344.0,435.0,408.0
8905,VP_023,ftsst,Pause_5,4,399.0,880.0,429.0,358.0,447.0,383.0,414.0,395.0,429.0,421.0,427.0,395.0,427.0,394.0
8906,VP_023,ftsst,Pause_5,5,375.0,887.0,410.0,322.0,412.0,357.0,395.0,373.0,395.0,389.0,374.0,0.0,413.0,373.0
8907,VP_023,ftsst,Pause_5,6,369.0,890.0,390.0,310.0,369.0,351.0,381.0,367.0,396.0,391.0,368.0,273.0,389.0,367.0
8908,VP_023,ftsst,Pause_5,7,367.0,798.0,388.0,318.0,372.0,399.0,378.0,362.0,400.0,393.0,365.0,0.0,383.0,362.0
8909,VP_023,ftsst,Pause_5,8,337.0,754.0,373.0,339.0,341.0,375.0,349.0,336.0,372.0,362.0,376.0,336.0,376.0,335.0
8910,VP_023,ftsst,Pause_5,9,325.0,,360.0,325.0,326.0,356.0,337.0,322.0,357.0,348.0,360.0,53.0,360.0,322.0
8911,VP_023,ftsst,Prep,0,290.0,680.0,311.0,244.0,323.0,274.0,308.0,300.0,316.0,314.0,288.0,222.0,310.0,280.0
8912,VP_023,ftsst,Prep,1,287.0,672.0,308.0,242.0,322.0,274.0,307.0,278.0,316.0,314.0,289.0,211.0,311.0,278.0
8913,VP_023,ftsst,Prep,2,269.0,749.0,298.0,237.0,314.0,262.0,289.0,261.0,308.0,307.0,265.0,214.0,297.0,213.0
8914,VP_023,ftsst,Prep,3,302.0,779.0,331.0,263.0,337.0,295.0,323.0,262.0,334.0,334.0,310.0,235.0,331.0,234.0
8915,VP_023,ftsst,Prep,4,312.0,707.0,349.0,265.0,318.0,299.0,328.0,313.0,351.0,349.0,349.0,313.0,349.0,312.0
8916,VP_023,ftsst,Prep,5,293.0,786.0,270.0,251.0,336.0,288.0,329.0,220.0,327.0,324.0,328.0,74.0,270.0,220.0
8917,VP_023,ftsst,Prep,6,309.0,914.0,341.0,273.0,352.0,303.0,332.0,272.0,349.0,348.0,312.0,252.0,341.0,251.0
8918,VP_023,ftsst,Prep,7,366.0,811.0,391.0,312.0,395.0,346.0,378.0,361.0,394.0,393.0,362.0,288.0,392.0,361.0
8919,VP_023,ftsst,Prep,8,329.0,821.0,367.0,324.0,326.0,363.0,331.0,327.0,366.0,362.0,367.0,327.0,367.0,326.0
8920,VP_023,ftsst,Prep,9,328.0,796.0,356.0,292.0,336.0,316.0,341.0,326.0,360.0,359.0,354.0,111.0,354.0,326.0
8921,VP_023,ftsst,Prep,10,318.0,725.0,352.0,289.0,357.0,307.0,335.0,306.0,353.0,352.0,352.0,269.0,352.0,268.0
8922,VP_023,ftsst,Prep,11,290.0,725.0,308.0,267.0,340.0,290.0,325.0,266.0,332.0,330.0,307.0,53.0,307.0,237.0
8923,VP_023,ftsst,Prep,12,302.0,753.0,321.0,254.0,332.0,289.0,320.0,293.0,329.0,328.0,306.0,227.0,322.0,293.0
8924,VP_023,ftsst,Prep,13,299.0,749.0,327.0,266.0,342.0,290.0,316.0,289.0,336.0,335.0,327.0,242.0,327.0,242.0
8925,VP_023,ftsst,Prep,14,301.0,711.0,322.0,273.0,335.0,295.0,318.0,273.0,334.0,333.0,314.0,19.0,314.0,248.0
8926,VP_023,ftsst,Prep,16,269.0,686.0,300.0,246.0,319.0,272.0,304.0,221.0,315.0,314.0,296.0,221.0,296.0,220.0
8927,VP_023,ftsst,Prep,17,281.0,1046.0,303.0,238.0,312.0,269.0,295.0,213.0,313.0,312.0,280.0,213.0,304.0,213.0
8928,VP_023,ftsst,Prep,18,407.0,818.0,432.0,357.0,429.0,394.0,420.0,410.0,433.0,433.0,411.0,449.0,432.0,410.0
8929,VP_023,ftsst,Prep,19,331.0,814.0,358.0,294.0,369.0,321.0,348.0,326.0,363.0,361.0,330.0,0.0,358.0,326.0
8930,VP_023,ftsst,Prep,20,300.0,805.0,351.0,307.0,287.0,,328.0,292.0,357.0,356.0,351.0,292.0,351.0,291.0
8931,VP_023,ftsst,Prep,21,322.0,735.0,349.0,292.0,356.0,310.0,334.0,310.0,353.0,353.0,348.0,269.0,348.0,269.0
8932,VP_023,ftsst,Prep,22,305.0,702.0,308.0,268.0,342.0,296.0,326.0,267.0,335.0,333.0,307.0,42.0,307.0,235.0
8933,VP_023,ftsst,Prep,23,295.0,711.0,314.0,249.0,326.0,283.0,315.0,289.0,323.0,321.0,303.0,223.0,315.0,289.0
8934,VP_023,ftsst,Prep,24,290.0,738.0,300.0,255.0,324.0,288.0,314.0,227.0,323.0,322.0,307.0,227.0,298.0,226.0
8935,VP_023,ftsst,Prep,25,299.0,722.0,319.0,261.0,336.0,291.0,326.0,260.0,333.0,332.0,305.0,36.0,319.0,214.0
8936,VP_023,ftsst,Prep,26,297.0,821.0,308.0,250.0,334.0,289.0,321.0,221.0,328.0,327.0,309.0,221.0,312.0,221.0
8937,VP_023,ftsst,Prep,27,321.0,778.0,350.0,286.0,346.0,312.0,337.0,317.0,357.0,357.0,321.0,268.0,347.0,317.0
8938,VP_023,ftsst,Prep,28,296.0,691.0,337.0,280.0,313.0,293.0,314.0,292.0,345.0,344.0,340.0,258.0,340.0,257.0
8939,VP_023,ftsst,Prep,29,282.0,742.0,312.0,243.0,319.0,275.0,302.0,278.0,317.0,316.0,288.0,216.0,309.0,278.0
8940,VP_023,ftsst,Prep,30,293.0,777.0,320.0,259.0,237.0,288.0,311.0,235.0,329.0,329.0,294.0,235.0,324.0,234.0
8941,VP_023,ftsst,Prep,31,310.0,781.0,283.0,272.0,256.0,303.0,328.0,310.0,340.0,340.0,321.0,310.0,281.0,310.0
8942,VP_023,ftsst,Prep,32,320.0,703.0,348.0,280.0,353.0,307.0,336.0,315.0,350.0,348.0,318.0,259.0,342.0,315.0
8943,VP_023,ftsst,Prep,33,305.0,717.0,326.0,254.0,332.0,286.0,320.0,294.0,324.0,322.0,304.0,223.0,332.0,294.0
8944,VP_023,ftsst,Prep,34,283.0,748.0,308.0,256.0,325.0,285.0,310.0,227.0,322.0,321.0,295.0,227.0,304.0,227.0
8945,VP_023,ftsst,Prep,35,298.0,779.0,321.0,264.0,336.0,292.0,319.0,238.0,331.0,331.0,299.0,238.0,324.0,237.0
8946,VP_023,ftsst,Prep,36,317.0,755.0,339.0,276.0,351.0,306.0,336.0,310.0,347.0,346.0,318.0,8.0,338.0,310.0
8947,VP_023,ftsst,Prep,37,311.0,818.0,327.0,261.0,346.0,299.0,333.0,308.0,339.0,338.0,318.0,230.0,323.0,308.0
8948,VP_023,ftsst,Talk,0,306.0,761.0,315.0,238.0,312.0,296.0,312.0,226.0,334.0,334.0,311.0,214.0,322.0,214.0
8949,VP_023,ftsst,Talk,1,310.0,785.0,340.0,291.0,331.0,303.0,325.0,290.0,339.0,338.0,339.0,359.0,339.0,244.0
8950,VP_023,ftsst,Talk,2,342.0,747.0,372.0,290.0,355.0,325.0,349.0,339.0,353.0,351.0,373.0,382.0,373.0,339.0
8951,VP_023,ftsst,Talk,3,313.0,745.0,347.0,276.0,318.0,299.0,322.0,312.0,340.0,337.0,344.0,4.0,344.0,311.0
8952,VP_023,ftsst,Talk,4,322.0,702.0,358.0,316.0,334.0,293.0,329.0,319.0,351.0,343.0,356.0,319.0,356.0,318.0
8953,VP_023,ftsst,Talk,5,297.0,681.0,310.0,266.0,343.0,329.0,308.0,229.0,324.0,322.0,230.0,205.0,317.0,229.0
8954,VP_023,ftsst,Talk,6,319.0,684.0,343.0,315.0,329.0,391.0,320.0,292.0,340.0,324.0,294.0,354.0,341.0,398.0
8955,VP_023,ftsst,Talk,7,291.0,756.0,324.0,256.0,297.0,280.0,298.0,292.0,316.0,314.0,324.0,292.0,324.0,292.0
8956,VP_023,ftsst,Talk,8,316.0,838.0,342.0,283.0,337.0,308.0,327.0,316.0,337.0,337.0,319.0,316.0,345.0,316.0
8957,VP_023,ftsst,Talk,9,352.0,840.0,363.0,301.0,369.0,337.0,363.0,342.0,371.0,369.0,353.0,390.0,363.0,342.0
8958,VP_023,ftsst,Talk,10,342.0,799.0,373.0,305.0,347.0,330.0,351.0,344.0,371.0,369.0,374.0,393.0,374.0,343.0
8959,VP_023,ftsst,Talk,11,421.0,823.0,347.0,348.0,330.0,419.0,348.0,288.0,404.0,365.0,347.0,263.0,347.0,262.0
8960,VP_023,ftsst,Talk,12,368.0,796.0,309.0,278.0,380.0,366.0,378.0,248.0,360.0,360.0,309.0,248.0,309.0,247.0
8961,VP_023,ftsst,Talk,13,333.0,751.0,359.0,278.0,336.0,315.0,343.0,333.0,358.0,356.0,355.0,379.0,355.0,333.0
8962,VP_023,ftsst,Talk,14,330.0,667.0,363.0,278.0,353.0,310.0,342.0,326.0,342.0,340.0,328.0,376.0,363.0,326.0
8963,VP_023,ftsst,Talk,15,336.0,645.0,260.0,249.0,84.0,330.0,344.0,178.0,319.0,314.0,265.0,89.0,265.0,145.0
8964,VP_023,ftsst,Talk,16,291.0,631.0,314.0,233.0,288.0,265.0,290.0,288.0,300.0,299.0,318.0,288.0,318.0,288.0
8965,VP_023,ftsst,Talk,18,297.0,722.0,331.0,256.0,310.0,272.0,301.0,295.0,313.0,309.0,331.0,295.0,331.0,295.0
8966,VP_023,ftsst,Talk,19,297.0,713.0,265.0,268.0,337.0,291.0,322.0,290.0,325.0,324.0,330.0,111.0,259.0,251.0
8967,VP_023,ftsst,Talk,20,339.0,744.0,294.0,305.0,154.0,393.0,279.0,,350.0,336.0,263.0,147.0,297.0,342.0
8968,VP_023,ftsst,Talk,21,265.0,735.0,131.0,273.0,261.0,336.0,266.0,261.0,327.0,327.0,263.0,7.0,,261.0
8969,VP_023,ftsst,Talk,22,386.0,706.0,308.0,323.0,234.0,380.0,303.0,241.0,353.0,342.0,320.0,133.0,320.0,382.0
8970,VP_023,ftsst,Talk,23,296.0,683.0,236.0,251.0,230.0,324.0,306.0,291.0,324.0,322.0,228.0,63.0,,291.0
8971,VP_023,ftsst,Talk,24,299.0,629.0,330.0,243.0,308.0,283.0,310.0,298.0,323.0,319.0,303.0,351.0,337.0,298.0
8972,VP_023,ftsst,Talk,25,229.0,621.0,269.0,252.0,246.0,310.0,242.0,229.0,297.0,295.0,265.0,283.0,265.0,228.0
8973,VP_023,ftsst,Talk,26,273.0,645.0,295.0,220.0,78.0,258.0,285.0,272.0,292.0,291.0,281.0,272.0,302.0,272.0
8974,VP_023,ftsst,Talk,27,277.0,624.0,307.0,233.0,280.0,262.0,285.0,278.0,308.0,304.0,304.0,278.0,304.0,277.0
8975,VP_023,ftsst,Talk,28,297.0,635.0,320.0,226.0,298.0,268.0,301.0,295.0,308.0,301.0,300.0,336.0,320.0,295.0
8976,VP_023,ftsst,Talk,29,277.0,673.0,319.0,265.0,288.0,,282.0,276.0,305.0,301.0,318.0,332.0,318.0,276.0
8977,VP_023,ftsst,Talk,30,295.0,701.0,313.0,254.0,307.0,285.0,304.0,293.0,311.0,310.0,300.0,332.0,316.0,293.0
8978,VP_023,ftsst,Talk,31,302.0,704.0,116.0,253.0,320.0,283.0,307.0,302.0,313.0,313.0,313.0,302.0,,302.0
8979,VP_023,ftsst,Talk,32,291.0,679.0,323.0,232.0,316.0,264.0,305.0,283.0,324.0,322.0,321.0,341.0,321.0,282.0
8980,VP_023,ftsst,Talk,33,287.0,668.0,201.0,218.0,291.0,261.0,295.0,285.0,309.0,309.0,301.0,285.0,,285.0
8981,VP_023,ftsst,Talk,34,303.0,666.0,326.0,247.0,318.0,279.0,312.0,301.0,319.0,314.0,329.0,350.0,329.0,301.0
8982,VP_023,ftsst,Talk,35,284.0,671.0,303.0,248.0,290.0,272.0,289.0,284.0,307.0,306.0,299.0,284.0,299.0,284.0
8983,VP_023,ftsst,Talk,36,282.0,708.0,289.0,257.0,295.0,270.0,291.0,269.0,310.0,309.0,285.0,38.0,301.0,248.0
8984,VP_023,ftsst,Talk,37,292.0,693.0,333.0,297.0,300.0,,304.0,284.0,334.0,329.0,329.0,355.0,329.0,284.0
8985,VP_023,ftsst,Talk,38,292.0,783.0,303.0,262.0,299.0,280.0,301.0,289.0,322.0,319.0,293.0,60.0,307.0,289.0
8986,VP_023,ftsst,Talk,39,313.0,774.0,338.0,291.0,357.0,316.0,344.0,265.0,351.0,349.0,331.0,0.0,331.0,265.0
8987,VP_023,ftsst,Talk,40,319.0,800.0,345.0,282.0,327.0,309.0,336.0,312.0,353.0,349.0,318.0,4.0,345.0,312.0
8988,VP_023,tsst,Math,0,290.0,692.0,313.0,207.0,305.0,276.0,298.0,262.0,309.0,309.0,291.0,328.0,313.0,289.0
8989,VP_023,tsst,Math,1,284.0,709.0,298.0,248.0,306.0,280.0,299.0,285.0,305.0,306.0,295.0,321.0,300.0,285.0
8990,VP_023,tsst,Math,2,296.0,749.0,317.0,256.0,312.0,286.0,305.0,297.0,315.0,315.0,317.0,333.0,317.0,296.0
8991,VP_023,tsst,Math,3,311.0,759.0,333.0,267.0,324.0,298.0,319.0,310.0,330.0,330.0,312.0,347.0,332.0,310.0
8992,VP_023,tsst,Math,4,312.0,767.0,335.0,276.0,328.0,302.0,321.0,275.0,336.0,336.0,311.0,352.0,336.0,256.0
8993,VP_023,tsst,Math,5,311.0,764.0,339.0,280.0,331.0,301.0,321.0,309.0,336.0,336.0,337.0,353.0,337.0,309.0
8994,VP_023,tsst,Math,6,313.0,676.0,340.0,230.0,331.0,299.0,321.0,313.0,333.0,333.0,341.0,353.0,341.0,312.0
8995,VP_023,tsst,Math,7,290.0,621.0,309.0,247.0,303.0,277.0,297.0,290.0,305.0,305.0,309.0,325.0,309.0,290.0
8996,VP_023,tsst,Math,8,268.0,625.0,291.0,226.0,276.0,255.0,274.0,269.0,288.0,287.0,293.0,307.0,293.0,269.0
8997,VP_023,tsst,Math,9,268.0,639.0,288.0,223.0,282.0,257.0,277.0,268.0,289.0,289.0,270.0,305.0,287.0,268.0
8998,VP_023,tsst,Math,10,264.0,659.0,289.0,236.0,283.0,261.0,276.0,218.0,290.0,290.0,288.0,306.0,288.0,218.0
8999,VP_023,tsst,Math,11,274.0,643.0,288.0,238.0,289.0,267.0,282.0,273.0,294.0,295.0,276.0,308.0,292.0,273.0
9000,VP_023,tsst,Math,12,269.0,617.0,294.0,241.0,291.0,264.0,283.0,268.0,296.0,295.0,272.0,311.0,290.0,268.0
9001,VP_023,tsst,Math,13,270.0,601.0,287.0,188.0,285.0,259.0,279.0,271.0,284.0,284.0,275.0,304.0,288.0,271.0
9002,VP_023,tsst,Math,14,255.0,603.0,271.0,218.0,273.0,249.0,266.0,254.0,274.0,274.0,261.0,291.0,273.0,254.0
9003,VP_023,tsst,Math,15,255.0,612.0,283.0,217.0,273.0,244.0,265.0,255.0,279.0,279.0,280.0,296.0,280.0,255.0
9004,VP_023,tsst,Math,16,267.0,618.0,288.0,178.0,277.0,253.0,273.0,268.0,281.0,281.0,289.0,301.0,289.0,268.0
9005,VP_023,tsst,Math,17,267.0,636.0,292.0,224.0,282.0,254.0,274.0,265.0,283.0,283.0,292.0,303.0,292.0,265.0
9006,VP_023,tsst,Math,18,269.0,644.0,299.0,236.0,286.0,257.0,278.0,270.0,292.0,292.0,299.0,311.0,299.0,270.0
9007,VP_023,tsst,Math,19,277.0,634.0,292.0,238.0,291.0,268.0,285.0,276.0,292.0,292.0,278.0,309.0,292.0,276.0
9008,VP_023,tsst,Math,20,268.0,579.0,293.0,235.0,285.0,257.0,277.0,267.0,289.0,289.0,268.0,307.0,291.0,267.0
9009,VP_023,tsst,Math,21,249.0,639.0,283.0,220.0,268.0,234.0,257.0,249.0,272.0,272.0,285.0,295.0,285.0,248.0
9010,VP_023,tsst,Math,22,271.0,633.0,291.0,226.0,286.0,260.0,280.0,273.0,290.0,290.0,289.0,306.0,289.0,272.0
9011,VP_023,tsst,Math,23,265.0,649.0,296.0,236.0,287.0,251.0,275.0,262.0,289.0,289.0,297.0,309.0,297.0,262.0
9012,VP_023,tsst,Math,24,276.0,665.0,303.0,187.0,292.0,,281.0,276.0,291.0,292.0,303.0,312.0,303.0,276.0
9013,VP_023,tsst,Math,25,272.0,643.0,299.0,216.0,293.0,262.0,284.0,271.0,296.0,296.0,274.0,313.0,299.0,271.0
9014,VP_023,tsst,Math,26,277.0,639.0,301.0,223.0,291.0,263.0,284.0,279.0,292.0,292.0,302.0,314.0,302.0,278.0
9015,VP_023,tsst,Math,27,274.0,606.0,294.0,223.0,289.0,261.0,282.0,273.0,291.0,291.0,274.0,308.0,291.0,273.0
9016,VP_023,tsst,Math,28,251.0,601.0,273.0,223.0,278.0,245.0,264.0,245.0,278.0,278.0,276.0,294.0,276.0,218.0
9017,VP_023,tsst,Math,29,253.0,558.0,277.0,217.0,275.0,246.0,263.0,247.0,273.0,274.0,254.0,291.0,276.0,247.0
9018,VP_023,tsst,Math,30,247.0,600.0,263.0,200.0,261.0,235.0,255.0,248.0,261.0,261.0,251.0,280.0,263.0,248.0
9019,VP_023,tsst,Math,31,254.0,587.0,274.0,217.0,269.0,243.0,262.0,252.0,275.0,275.0,254.0,290.0,272.0,252.0
9020,VP_023,tsst,Math,32,250.0,601.0,270.0,216.0,269.0,242.0,260.0,249.0,271.0,271.0,261.0,288.0,273.0,249.0
9021,VP_023,tsst,Math,33,259.0,535.0,280.0,213.0,274.0,246.0,267.0,260.0,276.0,276.0,279.0,294.0,279.0,260.0
9022,VP_023,tsst,Math,34,241.0,540.0,263.0,196.0,252.0,227.0,247.0,241.0,257.0,257.0,241.0,276.0,263.0,240.0
9023,VP_023,tsst,Math,35,234.0,557.0,256.0,190.0,253.0,224.0,245.0,233.0,254.0,254.0,237.0,271.0,256.0,233.0
9024,VP_023,tsst,Math,36,246.0,576.0,267.0,203.0,259.0,234.0,253.0,247.0,262.0,262.0,248.0,281.0,269.0,247.0
9025,VP_023,tsst,Math,37,247.0,600.0,269.0,166.0,262.0,228.0,253.0,247.0,266.0,266.0,248.0,283.0,267.0,246.0
9026,VP_023,tsst,Math,38,249.0,711.0,271.0,218.0,272.0,243.0,262.0,247.0,274.0,274.0,252.0,290.0,272.0,247.0
9027,VP_023,tsst,Math,39,292.0,765.0,307.0,253.0,304.0,281.0,295.0,259.0,311.0,311.0,307.0,323.0,307.0,226.0
9028,VP_023,tsst,Math,40,311.0,707.0,336.0,266.0,326.0,300.0,320.0,312.0,331.0,331.0,337.0,349.0,337.0,312.0
9029,VP_023,tsst,Math,41,290.0,701.0,306.0,246.0,308.0,276.0,298.0,287.0,310.0,310.0,287.0,325.0,304.0,287.0
9030,VP_023,tsst,Math,42,283.0,676.0,307.0,251.0,304.0,276.0,294.0,251.0,310.0,310.0,307.0,323.0,307.0,230.0
9031,VP_023,tsst,Math,43,291.0,635.0,287.0,252.0,304.0,277.0,287.0,235.0,305.0,305.0,285.0,317.0,285.0,234.0
9032,VP_023,tsst,Math,44,260.0,573.0,293.0,232.0,286.0,253.0,273.0,252.0,287.0,287.0,256.0,308.0,296.0,216.0
9033,VP_023,tsst,Math,45,253.0,552.0,285.0,212.0,265.0,240.0,258.0,253.0,267.0,267.0,281.0,291.0,281.0,252.0
9034,VP_023,tsst,Pause_1,1,351.0,873.0,378.0,320.0,384.0,342.0,368.0,309.0,381.0,380.0,349.0,301.0,380.0,346.0
9035,VP_023,tsst,Pause_1,2,351.0,920.0,376.0,311.0,377.0,341.0,367.0,351.0,380.0,379.0,352.0,398.0,375.0,351.0
9036,VP_023,tsst,Pause_1,3,367.0,1062.0,396.0,333.0,401.0,357.0,384.0,362.0,398.0,397.0,365.0,419.0,397.0,362.0
9037,VP_023,tsst,Pause_1,4,423.0,971.0,446.0,386.0,452.0,410.0,440.0,412.0,449.0,447.0,417.0,469.0,445.0,412.0
9038,VP_023,tsst,Pause_1,5,391.0,923.0,421.0,350.0,401.0,375.0,405.0,387.0,420.0,417.0,421.0,444.0,421.0,386.0
9039,VP_023,tsst,Pause_1,6,376.0,962.0,402.0,336.0,406.0,358.0,389.0,360.0,401.0,399.0,365.0,424.0,402.0,360.0
9040,VP_023,tsst,Pause_1,7,384.0,897.0,415.0,325.0,416.0,368.0,402.0,384.0,415.0,413.0,416.0,435.0,416.0,384.0
9041,VP_023,tsst,Pause_1,8,355.0,950.0,390.0,322.0,396.0,343.0,376.0,352.0,391.0,389.0,390.0,412.0,390.0,351.0
9042,VP_023,tsst,Pause_1,9,374.0,963.0,403.0,353.0,406.0,367.0,393.0,366.0,407.0,406.0,334.0,425.0,401.0,334.0
9043,VP_023,tsst,Pause_5,0,397.0,970.0,421.0,347.0,429.0,384.0,414.0,262.0,422.0,418.0,399.0,447.0,422.0,396.0
9044,VP_023,tsst,Pause_5,1,362.0,1016.0,416.0,379.0,431.0,402.0,421.0,348.0,421.0,418.0,414.0,446.0,414.0,347.0
9045,VP_023,tsst,Pause_5,2,407.0,991.0,435.0,357.0,442.0,392.0,428.0,404.0,435.0,432.0,406.0,459.0,435.0,404.0
9046,VP_023,tsst,Pause_5,3,399.0,966.0,435.0,361.0,441.0,388.0,423.0,399.0,431.0,426.0,400.0,458.0,434.0,399.0
9047,VP_023,tsst,Pause_5,4,414.0,956.0,421.0,347.0,427.0,385.0,418.0,407.0,422.0,418.0,430.0,407.0,430.0,407.0
9048,VP_023,tsst,Pause_5,5,384.0,902.0,344.0,330.0,310.0,373.0,405.0,383.0,415.0,412.0,394.0,311.0,,383.0
9049,VP_023,tsst,Pause_5,6,370.0,813.0,406.0,321.0,400.0,365.0,393.0,321.0,401.0,396.0,383.0,425.0,408.0,294.0
9050,VP_023,tsst,Pause_5,7,342.0,814.0,372.0,285.0,381.0,325.0,356.0,341.0,369.0,364.0,371.0,17.0,371.0,340.0
9051,VP_023,tsst,Pause_5,8,339.0,783.0,367.0,299.0,347.0,326.0,352.0,340.0,365.0,362.0,366.0,1.0,366.0,339.0
9052,VP_023,tsst,Pause_5,9,331.0,,367.0,293.0,368.0,323.0,357.0,335.0,359.0,354.0,339.0,15.0,368.0,335.0
9053,VP_023,tsst,Prep,0,420.0,1059.0,451.0,382.0,426.0,406.0,433.0,424.0,453.0,449.0,452.0,418.0,452.0,417.0
9054,VP_023,tsst,Prep,1,422.0,1058.0,449.0,368.0,452.0,406.0,436.0,421.0,449.0,447.0,450.0,421.0,450.0,420.0
9055,VP_023,tsst,Prep,2,422.0,990.0,448.0,376.0,461.0,406.0,437.0,418.0,451.0,448.0,448.0,418.0,448.0,418.0
9056,VP_023,tsst,Prep,3,401.0,1029.0,428.0,351.0,431.0,382.0,413.0,394.0,427.0,424.0,427.0,394.0,427.0,394.0
9057,VP_023,tsst,Prep,4,415.0,877.0,445.0,371.0,441.0,403.0,432.0,412.0,443.0,439.0,416.0,466.0,445.0,412.0
9058,VP_023,tsst,Prep,5,357.0,743.0,390.0,322.0,405.0,349.0,387.0,355.0,391.0,386.0,359.0,303.0,390.0,355.0
9059,VP_023,tsst,Prep,6,297.0,758.0,336.0,304.0,350.0,293.0,329.0,292.0,344.0,339.0,336.0,246.0,336.0,246.0
9060,VP_023,tsst,Prep,7,311.0,801.0,344.0,277.0,350.0,300.0,332.0,299.0,344.0,341.0,305.0,261.0,345.0,260.0
9061,VP_023,tsst,Prep,8,318.0,922.0,351.0,289.0,367.0,312.0,339.0,311.0,357.0,355.0,351.0,270.0,351.0,269.0
9062,VP_023,tsst,Prep,9,363.0,833.0,399.0,324.0,406.0,354.0,390.0,362.0,402.0,399.0,367.0,299.0,399.0,362.0
9063,VP_023,tsst,Prep,10,344.0,931.0,372.0,302.0,346.0,328.0,356.0,334.0,375.0,371.0,336.0,287.0,373.0,334.0
9064,VP_023,tsst,Prep,11,372.0,908.0,408.0,334.0,408.0,361.0,391.0,371.0,405.0,403.0,372.0,314.0,408.0,371.0
9065,VP_023,tsst,Prep,12,371.0,875.0,399.0,327.0,373.0,353.0,383.0,364.0,400.0,396.0,399.0,364.0,399.0,364.0
9066,VP_023,tsst,Prep,13,355.0,936.0,385.0,315.0,393.0,340.0,368.0,349.0,385.0,382.0,350.0,298.0,384.0,349.0
9067,VP_023,tsst,Prep,14,370.0,854.0,409.0,333.0,406.0,362.0,394.0,369.0,407.0,404.0,372.0,429.0,409.0,369.0
9068,VP_023,tsst,Prep,15,347.0,907.0,381.0,308.0,357.0,335.0,365.0,346.0,381.0,377.0,382.0,346.0,382.0,346.0
9069,VP_023,tsst,Prep,16,363.0,983.0,395.0,322.0,397.0,351.0,382.0,360.0,396.0,393.0,362.0,306.0,395.0,360.0
9070,VP_023,tsst,Prep,17,392.0,968.0,423.0,346.0,424.0,378.0,409.0,392.0,424.0,421.0,423.0,445.0,423.0,391.0
9071,VP_023,tsst,Prep,18,387.0,990.0,418.0,344.0,393.0,374.0,402.0,387.0,418.0,416.0,418.0,387.0,418.0,387.0
9072,VP_023,tsst,Prep,19,395.0,949.0,425.0,352.0,426.0,381.0,411.0,394.0,426.0,423.0,426.0,394.0,426.0,394.0
9073,VP_023,tsst,Prep,20,382.0,958.0,412.0,342.0,418.0,368.0,400.0,379.0,413.0,410.0,412.0,379.0,412.0,379.0
9074,VP_023,tsst,Prep,21,383.0,977.0,416.0,342.0,410.0,371.0,400.0,383.0,413.0,411.0,384.0,325.0,415.0,383.0
9075,VP_023,tsst,Prep,22,388.0,920.0,421.0,345.0,419.0,374.0,405.0,385.0,420.0,418.0,386.0,441.0,422.0,385.0
9076,VP_023,tsst,Prep,23,371.0,877.0,399.0,334.0,383.0,359.0,387.0,365.0,402.0,399.0,367.0,316.0,399.0,365.0
9077,VP_023,tsst,Prep,24,353.0,887.0,383.0,320.0,369.0,345.0,370.0,345.0,386.0,383.0,352.0,299.0,383.0,299.0
9078,VP_023,tsst,Prep,25,354.0,860.0,387.0,321.0,391.0,343.0,369.0,347.0,386.0,385.0,350.0,304.0,387.0,347.0
9079,VP_023,tsst,Prep,26,351.0,825.0,379.0,310.0,356.0,338.0,365.0,348.0,382.0,379.0,349.0,290.0,378.0,348.0
9080,VP_023,tsst,Prep,27,337.0,938.0,365.0,297.0,344.0,325.0,353.0,333.0,369.0,366.0,336.0,274.0,367.0,333.0
9081,VP_023,tsst,Prep,28,372.0,971.0,404.0,327.0,405.0,360.0,389.0,371.0,404.0,403.0,372.0,308.0,405.0,371.0
9082,VP_023,tsst,Prep,29,387.0,982.0,415.0,342.0,392.0,371.0,400.0,383.0,419.0,417.0,415.0,383.0,415.0,383.0
9083,VP_023,tsst,Prep,30,391.0,1059.0,424.0,347.0,403.0,378.0,405.0,390.0,423.0,420.0,423.0,390.0,423.0,389.0
9084,VP_023,tsst,Talk,0,283.0,658.0,308.0,227.0,295.0,266.0,290.0,314.0,302.0,302.0,309.0,323.0,309.0,281.0
9085,VP_023,tsst,Talk,1,283.0,629.0,308.0,233.0,303.0,267.0,293.0,283.0,304.0,303.0,285.0,326.0,308.0,283.0
9086,VP_023,tsst,Talk,2,270.0,667.0,297.0,230.0,286.0,258.0,281.0,271.0,292.0,292.0,272.0,314.0,297.0,271.0
9087,VP_023,tsst,Talk,3,277.0,839.0,304.0,248.0,306.0,270.0,291.0,274.0,303.0,303.0,278.0,274.0,304.0,274.0
9088,VP_023,tsst,Talk,4,334.0,796.0,365.0,296.0,363.0,319.0,349.0,330.0,361.0,361.0,365.0,381.0,365.0,329.0
9089,VP_023,tsst,Talk,5,329.0,793.0,353.0,289.0,346.0,318.0,339.0,330.0,351.0,350.0,353.0,371.0,353.0,329.0
9090,VP_023,tsst,Talk,6,324.0,844.0,350.0,285.0,351.0,313.0,336.0,322.0,348.0,348.0,323.0,369.0,351.0,322.0
9091,VP_023,tsst,Talk,7,336.0,840.0,362.0,308.0,362.0,328.0,351.0,328.0,365.0,365.0,360.0,381.0,360.0,287.0
9092,VP_023,tsst,Talk,8,339.0,749.0,368.0,297.0,365.0,329.0,354.0,338.0,365.0,365.0,342.0,386.0,368.0,338.0
9093,VP_023,tsst,Talk,9,311.0,677.0,339.0,265.0,337.0,297.0,326.0,311.0,337.0,336.0,338.0,358.0,338.0,311.0
9094,VP_023,tsst,Talk,10,287.0,640.0,314.0,229.0,315.0,272.0,301.0,285.0,311.0,310.0,315.0,285.0,315.0,285.0
9095,VP_023,tsst,Talk,11,281.0,680.0,299.0,237.0,303.0,265.0,289.0,274.0,299.0,298.0,278.0,274.0,300.0,274.0
9096,VP_023,tsst,Talk,12,283.0,698.0,304.0,250.0,314.0,271.0,298.0,274.0,309.0,308.0,278.0,49.0,303.0,274.0
9097,VP_023,tsst,Talk,13,302.0,650.0,323.0,249.0,317.0,284.0,309.0,300.0,317.0,316.0,324.0,339.0,324.0,300.0
9098,VP_023,tsst,Talk,14,281.0,641.0,306.0,240.0,302.0,267.0,292.0,281.0,302.0,301.0,305.0,323.0,305.0,280.0
9099,VP_023,tsst,Talk,15,277.0,654.0,300.0,219.0,288.0,261.0,284.0,275.0,296.0,295.0,301.0,275.0,301.0,275.0
9100,VP_023,tsst,Talk,16,281.0,668.0,303.0,240.0,300.0,270.0,290.0,279.0,299.0,299.0,281.0,279.0,302.0,279.0
9101,VP_023,tsst,Talk,17,287.0,633.0,312.0,233.0,298.0,271.0,295.0,286.0,308.0,307.0,310.0,328.0,310.0,286.0
9102,VP_023,tsst,Talk,18,268.0,608.0,303.0,207.0,297.0,256.0,284.0,265.0,299.0,297.0,271.0,321.0,306.0,265.0
9103,VP_023,tsst,Talk,19,272.0,553.0,299.0,225.0,288.0,252.0,278.0,262.0,288.0,287.0,264.0,311.0,294.0,262.0
9104,VP_023,tsst,Talk,20,250.0,534.0,291.0,178.0,249.0,229.0,257.0,250.0,272.0,270.0,295.0,306.0,295.0,250.0
9105,VP_023,tsst,Talk,21,367.0,531.0,381.0,308.0,372.0,348.0,368.0,363.0,317.0,269.0,367.0,391.0,379.0,363.0
9106,VP_023,tsst,Talk,22,251.0,578.0,286.0,293.0,274.0,388.0,268.0,243.0,315.0,269.0,246.0,173.0,286.0,243.0
9107,VP_023,tsst,Talk,23,251.0,745.0,287.0,202.0,274.0,236.0,263.0,255.0,273.0,273.0,288.0,298.0,288.0,255.0
9108,VP_023,tsst,Talk,24,488.0,771.0,339.0,273.0,326.0,303.0,320.0,305.0,328.0,328.0,314.0,346.0,328.0,305.0
9109,VP_023,tsst,Talk,25,320.0,759.0,348.0,278.0,338.0,310.0,332.0,317.0,343.0,342.0,322.0,368.0,357.0,317.0
9110,VP_023,tsst,Talk,26,309.0,745.0,334.0,275.0,337.0,300.0,325.0,307.0,335.0,335.0,309.0,354.0,333.0,307.0
9111,VP_023,tsst,Talk,27,312.0,725.0,347.0,271.0,328.0,298.0,320.0,313.0,332.0,332.0,348.0,356.0,348.0,313.0
9112,VP_023,tsst,Talk,28,301.0,657.0,336.0,262.0,313.0,287.0,307.0,301.0,325.0,324.0,335.0,346.0,335.0,300.0
9113,VP_023,tsst,Talk,29,271.0,602.0,311.0,235.0,300.0,258.0,283.0,265.0,301.0,301.0,266.0,325.0,312.0,265.0
9114,VP_023,tsst,Talk,30,280.0,550.0,309.0,188.0,286.0,259.0,282.0,280.0,285.0,284.0,306.0,315.0,306.0,279.0
9115,VP_023,tsst,Talk,32,239.0,538.0,263.0,183.0,252.0,222.0,246.0,239.0,257.0,257.0,240.0,275.0,261.0,239.0
9116,VP_023,tsst,Talk,33,238.0,549.0,256.0,157.0,255.0,224.0,246.0,238.0,253.0,253.0,242.0,270.0,249.0,238.0
9117,VP_023,tsst,Talk,34,236.0,550.0,270.0,242.0,253.0,311.0,246.0,236.0,279.0,273.0,273.0,285.0,273.0,235.0
9118,VP_023,tsst,Talk,35,245.0,556.0,269.0,158.0,256.0,228.0,249.0,245.0,260.0,260.0,268.0,280.0,268.0,244.0
9119,VP_023,tsst,Talk,36,239.0,564.0,205.0,175.0,260.0,239.0,255.0,141.0,255.0,255.0,210.0,141.0,210.0,140.0
9120,VP_023,tsst,Talk,37,253.0,552.0,270.0,195.0,260.0,233.0,255.0,251.0,261.0,262.0,269.0,282.0,269.0,250.0
9121,VP_023,tsst,Talk,38,247.0,550.0,265.0,191.0,257.0,231.0,252.0,246.0,258.0,258.0,250.0,277.0,264.0,246.0
9122,VP_023,tsst,Talk,39,241.0,570.0,273.0,155.0,257.0,228.0,247.0,241.0,259.0,259.0,273.0,282.0,273.0,240.0
9123,VP_023,tsst,Talk,40,243.0,590.0,271.0,167.0,257.0,228.0,251.0,245.0,268.0,268.0,271.0,285.0,271.0,244.0
9124,VP_023,tsst,Talk,41,262.0,587.0,274.0,162.0,269.0,247.0,266.0,261.0,268.0,268.0,264.0,287.0,275.0,261.0
9125,VP_023,tsst,Talk,42,252.0,559.0,273.0,184.0,266.0,242.0,261.0,253.0,271.0,271.0,253.0,286.0,270.0,253.0
9126,VP_023,tsst,Talk,43,247.0,573.0,267.0,153.0,259.0,228.0,251.0,247.0,259.0,259.0,249.0,281.0,272.0,247.0
9127,VP_023,tsst,Talk,44,236.0,546.0,243.0,204.0,259.0,234.0,250.0,207.0,262.0,263.0,245.0,273.0,211.0,184.0
9128,VP_026,ftsst,Math,0,212.0,439.0,226.0,163.0,223.0,198.0,221.0,222.0,229.0,228.0,214.0,210.0,225.0,210.0
9129,VP_026,ftsst,Math,1,212.0,439.0,234.0,164.0,215.0,196.0,217.0,209.0,231.0,229.0,212.0,209.0,238.0,209.0
9130,VP_026,ftsst,Math,2,204.0,439.0,237.0,179.0,-12.0,197.0,214.0,196.0,231.0,229.0,235.0,164.0,235.0,164.0
9131,VP_026,ftsst,Math,3,208.0,442.0,232.0,175.0,218.0,200.0,220.0,207.0,233.0,231.0,209.0,0.0,227.0,207.0
9132,VP_026,ftsst,Math,4,207.0,438.0,230.0,176.0,160.0,202.0,222.0,155.0,233.0,231.0,213.0,155.0,236.0,154.0
9133,VP_026,ftsst,Math,5,204.0,442.0,231.0,171.0,221.0,196.0,216.0,204.0,230.0,228.0,206.0,247.0,229.0,204.0
9134,VP_026,ftsst,Math,6,200.0,443.0,224.0,168.0,-31.0,192.0,204.0,191.0,222.0,222.0,224.0,239.0,224.0,161.0
9135,VP_026,ftsst,Math,7,208.0,452.0,230.0,174.0,152.0,203.0,220.0,150.0,232.0,230.0,217.0,150.0,229.0,149.0
9136,VP_026,ftsst,Math,8,211.0,461.0,238.0,146.0,2.0,193.0,218.0,206.0,236.0,234.0,207.0,0.0,241.0,206.0
9137,VP_026,ftsst,Math,9,214.0,476.0,237.0,183.0,230.0,208.0,225.0,215.0,239.0,237.0,217.0,160.0,236.0,215.0
9138,VP_026,ftsst,Math,10,227.0,481.0,254.0,183.0,234.0,213.0,234.0,228.0,247.0,244.0,228.0,227.0,250.0,227.0
9139,VP_026,ftsst,Math,11,227.0,468.0,254.0,182.0,237.0,215.0,235.0,228.0,243.0,242.0,229.0,263.0,260.0,228.0
9140,VP_026,ftsst,Math,12,226.0,454.0,234.0,172.0,234.0,211.0,234.0,225.0,243.0,240.0,236.0,225.0,171.0,225.0
9141,VP_026,ftsst,Math,13,210.0,453.0,242.0,183.0,217.0,194.0,215.0,209.0,237.0,235.0,242.0,209.0,242.0,208.0
9142,VP_026,ftsst,Math,14,208.0,453.0,239.0,183.0,165.0,203.0,217.0,202.0,245.0,240.0,239.0,166.0,239.0,165.0
9143,VP_026,ftsst,Math,15,217.0,456.0,236.0,176.0,236.0,206.0,228.0,213.0,238.0,235.0,220.0,0.0,240.0,213.0
9144,VP_026,ftsst,Math,16,216.0,452.0,233.0,171.0,240.0,206.0,231.0,219.0,234.0,233.0,226.0,219.0,174.0,219.0
9145,VP_026,ftsst,Math,17,212.0,448.0,233.0,170.0,232.0,202.0,223.0,213.0,227.0,227.0,216.0,213.0,239.0,213.0
9146,VP_026,ftsst,Math,18,229.0,442.0,249.0,177.0,238.0,210.0,232.0,229.0,235.0,233.0,245.0,228.0,245.0,228.0
9147,VP_026,ftsst,Math,19,210.0,439.0,227.0,137.0,216.0,197.0,218.0,208.0,229.0,228.0,214.0,208.0,231.0,208.0
9148,VP_026,ftsst,Math,20,213.0,439.0,230.0,178.0,-15.0,202.0,220.0,205.0,230.0,229.0,212.0,205.0,224.0,205.0
9149,VP_026,ftsst,Math,21,214.0,437.0,233.0,176.0,230.0,203.0,223.0,211.0,233.0,231.0,215.0,211.0,231.0,211.0
9150,VP_026,ftsst,Math,22,209.0,433.0,229.0,170.0,223.0,200.0,219.0,210.0,230.0,228.0,212.0,210.0,232.0,210.0
9151,VP_026,ftsst,Math,23,213.0,429.0,164.0,166.0,222.0,203.0,224.0,217.0,231.0,228.0,227.0,217.0,162.0,217.0
9152,VP_026,ftsst,Math,24,174.0,436.0,199.0,128.0,17.0,162.0,196.0,172.0,224.0,223.0,93.0,16.0,192.0,172.0
9153,VP_026,ftsst,Math,25,210.0,459.0,231.0,174.0,231.0,203.0,227.0,212.0,237.0,232.0,223.0,0.0,233.0,212.0
9154,VP_026,ftsst,Math,26,216.0,517.0,240.0,178.0,230.0,204.0,223.0,215.0,236.0,235.0,217.0,215.0,244.0,215.0
9155,VP_026,ftsst,Math,27,239.0,593.0,262.0,191.0,246.0,224.0,244.0,238.0,253.0,253.0,261.0,274.0,261.0,238.0
9156,VP_026,ftsst,Math,28,260.0,548.0,279.0,172.0,268.0,246.0,263.0,257.0,275.0,275.0,279.0,293.0,279.0,257.0
9157,VP_026,ftsst,Math,29,233.0,496.0,260.0,202.0,254.0,228.0,249.0,201.0,266.0,265.0,233.0,283.0,261.0,165.0
9158,VP_026,ftsst,Math,30,234.0,470.0,265.0,185.0,233.0,288.0,237.0,235.0,267.0,257.0,262.0,235.0,262.0,234.0
9159,VP_026,ftsst,Math,31,225.0,473.0,247.0,178.0,230.0,209.0,229.0,224.0,241.0,239.0,247.0,223.0,247.0,223.0
9160,VP_026,ftsst,Math,32,227.0,487.0,250.0,181.0,231.0,278.0,233.0,224.0,251.0,246.0,225.0,163.0,253.0,224.0
9161,VP_026,ftsst,Math,33,225.0,506.0,246.0,180.0,231.0,212.0,233.0,225.0,248.0,246.0,226.0,225.0,244.0,225.0
9162,VP_026,ftsst,Math,34,227.0,498.0,252.0,185.0,241.0,217.0,237.0,228.0,249.0,248.0,229.0,266.0,254.0,228.0
9163,VP_026,ftsst,Math,35,227.0,472.0,259.0,187.0,235.0,214.0,233.0,230.0,247.0,246.0,256.0,267.0,256.0,229.0
9164,VP_026,ftsst,Math,36,222.0,472.0,242.0,180.0,232.0,210.0,229.0,220.0,240.0,239.0,223.0,220.0,244.0,220.0
9165,VP_026,ftsst,Math,37,214.0,477.0,230.0,183.0,238.0,213.0,230.0,158.0,236.0,235.0,229.0,254.0,229.0,157.0
9166,VP_026,ftsst,Math,38,226.0,474.0,247.0,172.0,235.0,209.0,230.0,226.0,234.0,234.0,226.0,259.0,249.0,225.0
9167,VP_026,ftsst,Math,39,224.0,465.0,172.0,175.0,232.0,213.0,234.0,226.0,233.0,233.0,238.0,226.0,169.0,226.0
9168,VP_026,ftsst,Math,40,227.0,456.0,258.0,183.0,248.0,305.0,237.0,230.0,260.0,248.0,233.0,268.0,254.0,229.0
9169,VP_026,ftsst,Math,41,230.0,450.0,173.0,167.0,233.0,216.0,231.0,233.0,223.0,224.0,231.0,229.0,246.0,229.0
9170,VP_026,ftsst,Math,42,211.0,443.0,238.0,165.0,220.0,198.0,220.0,212.0,230.0,230.0,213.0,252.0,239.0,212.0
9171,VP_026,ftsst,Math,43,213.0,438.0,234.0,168.0,219.0,199.0,218.0,211.0,225.0,225.0,213.0,211.0,228.0,211.0
9172,VP_026,ftsst,Math,44,211.0,436.0,232.0,168.0,220.0,198.0,217.0,209.0,225.0,225.0,211.0,209.0,232.0,209.0
9173,VP_026,ftsst,Math,45,204.0,437.0,231.0,170.0,-18.0,198.0,218.0,208.0,228.0,227.0,211.0,208.0,234.0,208.0
9174,VP_026,ftsst,Math,46,206.0,444.0,229.0,174.0,-12.0,201.0,222.0,155.0,231.0,229.0,212.0,0.0,228.0,154.0
9175,VP_026,ftsst,Math,47,209.0,456.0,238.0,173.0,215.0,195.0,216.0,211.0,232.0,230.0,237.0,210.0,237.0,210.0
9176,VP_026,ftsst,Math,48,215.0,474.0,240.0,175.0,222.0,202.0,222.0,212.0,238.0,236.0,214.0,83.0,240.0,212.0
9177,VP_026,ftsst,Math,49,222.0,481.0,245.0,178.0,232.0,210.0,230.0,223.0,239.0,238.0,224.0,223.0,246.0,223.0
9178,VP_026,ftsst,Math,50,228.0,473.0,249.0,178.0,232.0,211.0,231.0,224.0,243.0,242.0,247.0,259.0,247.0,224.0
9179,VP_026,ftsst,Math,51,224.0,461.0,247.0,185.0,236.0,215.0,234.0,228.0,241.0,240.0,230.0,228.0,247.0,228.0
9180,VP_026,ftsst,Math,52,215.0,455.0,246.0,183.0,228.0,203.0,222.0,211.0,237.0,236.0,246.0,257.0,246.0,211.0
9181,VP_026,ftsst,Math,53,222.0,450.0,242.0,181.0,237.0,212.0,233.0,220.0,238.0,236.0,227.0,220.0,242.0,220.0
9182,VP_026,ftsst,Math,54,230.0,445.0,242.0,178.0,234.0,212.0,233.0,225.0,232.0,231.0,231.0,225.0,239.0,225.0
9183,VP_026,ftsst,Math,55,219.0,438.0,185.0,181.0,-11.0,212.0,233.0,139.0,233.0,231.0,188.0,95.0,188.0,95.0
9184,VP_026,ftsst,Math,56,212.0,436.0,228.0,173.0,-10.0,205.0,231.0,212.0,232.0,230.0,228.0,212.0,233.0,212.0
9185,VP_026,ftsst,Math,57,237.0,434.0,134.0,159.0,243.0,210.0,241.0,234.0,227.0,226.0,135.0,234.0,,234.0
9186,VP_026,ftsst,Math,58,206.0,430.0,231.0,177.0,162.0,202.0,218.0,207.0,236.0,231.0,211.0,0.0,228.0,207.0
9187,VP_026,ftsst,Math,59,204.0,443.0,234.0,163.0,239.0,193.0,217.0,202.0,229.0,227.0,206.0,136.0,233.0,202.0
9188,VP_026,ftsst,Math,60,212.0,479.0,231.0,171.0,212.0,199.0,222.0,209.0,239.0,235.0,212.0,0.0,229.0,209.0
9189,VP_026,ftsst,Math,61,227.0,550.0,239.0,182.0,238.0,214.0,235.0,227.0,242.0,241.0,231.0,227.0,243.0,227.0
9190,VP_026,ftsst,Math,62,251.0,574.0,272.0,197.0,260.0,236.0,259.0,253.0,266.0,265.0,254.0,252.0,274.0,252.0
9191,VP_026,ftsst,Math,63,255.0,,226.0,211.0,267.0,247.0,260.0,200.0,266.0,266.0,203.0,38.0,214.0,200.0
9192,VP_026,ftsst,Pause_1,1,214.0,466.0,230.0,170.0,218.0,201.0,216.0,211.0,226.0,227.0,213.0,240.0,228.0,212.0
9193,VP_026,ftsst,Pause_1,2,213.0,464.0,229.0,173.0,219.0,201.0,216.0,212.0,229.0,229.0,227.0,241.0,227.0,212.0
9194,VP_026,ftsst,Pause_1,3,213.0,452.0,233.0,169.0,218.0,201.0,218.0,214.0,234.0,233.0,236.0,248.0,236.0,213.0
9195,VP_026,ftsst,Pause_1,4,208.0,443.0,230.0,164.0,214.0,195.0,214.0,207.0,230.0,229.0,208.0,245.0,230.0,207.0
9196,VP_026,ftsst,Pause_1,5,207.0,438.0,227.0,161.0,210.0,192.0,210.0,205.0,226.0,226.0,205.0,234.0,226.0,205.0
9197,VP_026,ftsst,Pause_1,6,205.0,441.0,222.0,163.0,209.0,191.0,207.0,202.0,221.0,221.0,203.0,202.0,222.0,202.0
9198,VP_026,ftsst,Pause_1,7,207.0,453.0,221.0,163.0,210.0,192.0,208.0,203.0,220.0,220.0,204.0,203.0,222.0,203.0
9199,VP_026,ftsst,Pause_1,8,211.0,460.0,225.0,169.0,216.0,198.0,213.0,208.0,227.0,227.0,210.0,208.0,224.0,208.0
9200,VP_026,ftsst,Pause_1,9,214.0,465.0,230.0,170.0,219.0,200.0,216.0,212.0,227.0,227.0,212.0,242.0,229.0,212.0
9201,VP_026,ftsst,Pause_1,10,215.0,456.0,234.0,171.0,221.0,202.0,220.0,215.0,232.0,232.0,237.0,250.0,237.0,215.0
9202,VP_026,ftsst,Pause_1,11,208.0,454.0,230.0,167.0,218.0,199.0,217.0,210.0,230.0,230.0,212.0,247.0,229.0,210.0
9203,VP_026,ftsst,Pause_1,12,214.0,450.0,230.0,163.0,217.0,198.0,217.0,211.0,227.0,227.0,213.0,244.0,230.0,211.0
9204,VP_026,ftsst,Pause_1,13,209.0,446.0,226.0,167.0,215.0,197.0,213.0,208.0,225.0,225.0,210.0,238.0,226.0,208.0
9205,VP_026,ftsst,Pause_1,14,205.0,456.0,223.0,165.0,212.0,195.0,210.0,204.0,224.0,224.0,206.0,204.0,223.0,204.0
9206,VP_026,ftsst,Pause_1,15,210.0,468.0,228.0,169.0,216.0,198.0,214.0,209.0,231.0,231.0,211.0,237.0,227.0,209.0
9207,VP_026,ftsst,Pause_1,16,217.0,483.0,234.0,172.0,221.0,203.0,220.0,216.0,234.0,234.0,234.0,247.0,234.0,215.0
9208,VP_026,ftsst,Pause_1,17,220.0,490.0,241.0,176.0,225.0,207.0,225.0,220.0,240.0,239.0,243.0,256.0,243.0,220.0
9209,VP_026,ftsst,Pause_1,18,220.0,486.0,240.0,173.0,225.0,206.0,226.0,219.0,242.0,241.0,220.0,256.0,237.0,219.0
9210,VP_026,ftsst,Pause_1,19,220.0,496.0,241.0,176.0,226.0,208.0,225.0,220.0,240.0,240.0,242.0,249.0,242.0,220.0
9211,VP_026,ftsst,Pause_1,20,222.0,,241.0,183.0,231.0,212.0,228.0,221.0,242.0,242.0,223.0,255.0,241.0,221.0
9212,VP_026,ftsst,Pause_5,1,279.0,652.0,296.0,245.0,319.0,269.0,300.0,310.0,305.0,303.0,277.0,53.0,298.0,271.0
9213,VP_026,ftsst,Pause_5,2,280.0,607.0,300.0,240.0,319.0,268.0,294.0,274.0,307.0,305.0,278.0,40.0,298.0,274.0
9214,VP_026,ftsst,Pause_5,3,266.0,561.0,303.0,227.0,307.0,256.0,286.0,267.0,295.0,291.0,268.0,323.0,304.0,267.0
9215,VP_026,ftsst,Pause_5,4,257.0,540.0,296.0,214.0,294.0,242.0,283.0,255.0,282.0,277.0,256.0,313.0,296.0,255.0
9216,VP_026,ftsst,Pause_5,5,246.0,527.0,281.0,201.0,284.0,233.0,270.0,247.0,271.0,267.0,248.0,173.0,279.0,247.0
9217,VP_026,ftsst,Pause_5,6,240.0,512.0,271.0,195.0,280.0,227.0,263.0,240.0,266.0,262.0,241.0,165.0,274.0,240.0
9218,VP_026,ftsst,Pause_5,7,236.0,501.0,267.0,189.0,276.0,223.0,262.0,237.0,262.0,258.0,242.0,116.0,265.0,237.0
9219,VP_026,ftsst,Pause_5,8,233.0,497.0,267.0,188.0,269.0,219.0,257.0,233.0,257.0,253.0,238.0,137.0,266.0,233.0
9220,VP_026,ftsst,Pause_5,9,229.0,511.0,266.0,189.0,267.0,220.0,258.0,233.0,257.0,253.0,242.0,160.0,267.0,233.0
9221,VP_026,ftsst,Pause_5,10,236.0,552.0,266.0,189.0,268.0,223.0,255.0,238.0,262.0,258.0,242.0,157.0,265.0,238.0
9222,VP_026,ftsst,Pause_5,11,245.0,670.0,267.0,205.0,284.0,232.0,258.0,240.0,273.0,270.0,243.0,164.0,269.0,240.0
9223,VP_026,ftsst,Pause_5,12,286.0,713.0,305.0,250.0,290.0,272.0,293.0,278.0,312.0,310.0,279.0,12.0,305.0,278.0
9224,VP_026,ftsst,Pause_5,13,303.0,662.0,324.0,269.0,306.0,290.0,312.0,295.0,328.0,326.0,297.0,8.0,323.0,295.0
9225,VP_026,ftsst,Pause_5,14,309.0,612.0,320.0,238.0,329.0,271.0,318.0,278.0,315.0,311.0,282.0,345.0,320.0,278.0
9226,VP_026,ftsst,Pause_5,15,262.0,561.0,290.0,225.0,316.0,296.0,305.0,257.0,298.0,294.0,259.0,199.0,287.0,257.0
9227,VP_026,ftsst,Pause_5,16,280.0,,290.0,214.0,297.0,274.0,286.0,273.0,281.0,276.0,244.0,313.0,294.0,241.0
9228,VP_026,ftsst,Prep,1,213.0,470.0,248.0,182.0,243.0,202.0,229.0,114.0,245.0,242.0,210.0,264.0,242.0,208.0
9229,VP_026,ftsst,Prep,2,214.0,460.0,238.0,181.0,165.0,210.0,241.0,161.0,242.0,240.0,246.0,161.0,244.0,161.0
9230,VP_026,ftsst,Prep,3,215.0,459.0,241.0,176.0,233.0,207.0,230.0,215.0,239.0,237.0,228.0,99.0,244.0,215.0
9231,VP_026,ftsst,Prep,4,219.0,464.0,246.0,173.0,223.0,205.0,226.0,220.0,238.0,236.0,243.0,219.0,243.0,219.0
9232,VP_026,ftsst,Prep,5,211.0,461.0,227.0,175.0,221.0,204.0,219.0,210.0,229.0,229.0,214.0,210.0,227.0,210.0
9233,VP_026,ftsst,Prep,6,224.0,454.0,254.0,170.0,244.0,205.0,230.0,226.0,230.0,230.0,259.0,226.0,259.0,226.0
9234,VP_026,ftsst,Prep,7,220.0,446.0,254.0,168.0,218.0,201.0,229.0,221.0,240.0,237.0,251.0,220.0,251.0,220.0
9235,VP_026,ftsst,Prep,8,213.0,438.0,243.0,169.0,215.0,200.0,224.0,214.0,238.0,234.0,215.0,133.0,239.0,214.0
9236,VP_026,ftsst,Prep,9,213.0,435.0,245.0,168.0,93.0,198.0,222.0,214.0,236.0,232.0,248.0,214.0,248.0,214.0
9237,VP_026,ftsst,Prep,10,214.0,435.0,243.0,150.0,214.0,264.0,221.0,213.0,237.0,232.0,214.0,110.0,242.0,212.0
9238,VP_026,ftsst,Prep,11,200.0,444.0,221.0,209.0,279.0,266.0,204.0,191.0,243.0,235.0,197.0,102.0,215.0,278.0
9239,VP_026,ftsst,Prep,12,211.0,458.0,229.0,164.0,216.0,267.0,216.0,,243.0,237.0,214.0,124.0,232.0,268.0
9240,VP_026,ftsst,Prep,13,214.0,471.0,240.0,170.0,217.0,276.0,225.0,216.0,243.0,239.0,219.0,142.0,244.0,216.0
9241,VP_026,ftsst,Prep,14,226.0,478.0,253.0,171.0,226.0,207.0,234.0,226.0,246.0,243.0,248.0,226.0,248.0,226.0
9242,VP_026,ftsst,Prep,15,221.0,481.0,245.0,170.0,223.0,205.0,225.0,220.0,246.0,243.0,246.0,220.0,246.0,219.0
9243,VP_026,ftsst,Prep,16,221.0,510.0,241.0,173.0,224.0,284.0,223.0,217.0,253.0,248.0,219.0,151.0,240.0,217.0
9244,VP_026,ftsst,Prep,17,228.0,539.0,245.0,186.0,235.0,286.0,232.0,224.0,266.0,259.0,226.0,60.0,245.0,289.0
9245,VP_026,ftsst,Prep,18,244.0,520.0,218.0,208.0,193.0,296.0,192.0,244.0,267.0,265.0,220.0,244.0,220.0,244.0
9246,VP_026,ftsst,Prep,19,230.0,502.0,250.0,187.0,233.0,218.0,238.0,228.0,261.0,259.0,230.0,153.0,253.0,228.0
9247,VP_026,ftsst,Prep,20,233.0,496.0,254.0,182.0,233.0,218.0,243.0,233.0,253.0,251.0,237.0,233.0,249.0,233.0
9248,VP_026,ftsst,Prep,21,225.0,483.0,253.0,183.0,228.0,211.0,231.0,225.0,251.0,249.0,254.0,225.0,254.0,224.0
9249,VP_026,ftsst,Prep,22,218.0,485.0,238.0,175.0,225.0,206.0,222.0,218.0,232.0,232.0,219.0,217.0,237.0,217.0
9250,VP_026,ftsst,Prep,23,218.0,482.0,236.0,171.0,225.0,206.0,222.0,217.0,230.0,230.0,220.0,217.0,236.0,217.0
9251,VP_026,ftsst,Prep,24,216.0,468.0,238.0,173.0,226.0,207.0,221.0,217.0,231.0,231.0,238.0,246.0,238.0,217.0
9252,VP_026,ftsst,Prep,25,218.0,460.0,239.0,172.0,222.0,280.0,221.0,217.0,239.0,238.0,241.0,217.0,241.0,217.0
9253,VP_026,ftsst,Prep,26,221.0,453.0,240.0,170.0,226.0,204.0,227.0,219.0,239.0,237.0,220.0,219.0,239.0,219.0
9254,VP_026,ftsst,Prep,27,211.0,446.0,236.0,170.0,218.0,199.0,219.0,213.0,235.0,234.0,213.0,213.0,236.0,213.0
9255,VP_026,ftsst,Prep,28,209.0,444.0,230.0,164.0,215.0,196.0,214.0,208.0,229.0,228.0,209.0,208.0,231.0,208.0
9256,VP_026,ftsst,Prep,29,209.0,447.0,223.0,156.0,215.0,196.0,211.0,205.0,215.0,215.0,208.0,233.0,221.0,205.0
9257,VP_026,ftsst,Prep,30,205.0,445.0,224.0,135.0,215.0,194.0,210.0,201.0,226.0,226.0,203.0,236.0,224.0,201.0
9258,VP_026,ftsst,Prep,31,208.0,442.0,224.0,172.0,216.0,198.0,213.0,206.0,233.0,231.0,209.0,151.0,229.0,206.0
9259,VP_026,ftsst,Prep,32,210.0,436.0,232.0,159.0,209.0,192.0,214.0,209.0,230.0,229.0,232.0,208.0,232.0,208.0
9260,VP_026,ftsst,Prep,33,205.0,431.0,230.0,158.0,208.0,191.0,213.0,206.0,230.0,228.0,207.0,205.0,227.0,205.0
9261,VP_026,ftsst,Prep,34,204.0,431.0,231.0,164.0,207.0,192.0,212.0,205.0,228.0,226.0,232.0,205.0,232.0,205.0
9262,VP_026,ftsst,Prep,35,206.0,433.0,234.0,160.0,205.0,189.0,209.0,204.0,232.0,229.0,236.0,204.0,236.0,203.0
9263,VP_026,ftsst,Prep,36,207.0,451.0,227.0,159.0,209.0,261.0,211.0,206.0,231.0,229.0,206.0,111.0,227.0,205.0
9264,VP_026,ftsst,Prep,37,209.0,496.0,226.0,168.0,214.0,266.0,214.0,208.0,237.0,235.0,211.0,142.0,225.0,208.0
9265,VP_026,ftsst,Prep,38,222.0,540.0,236.0,173.0,228.0,209.0,225.0,220.0,233.0,233.0,222.0,220.0,235.0,220.0
9266,VP_026,ftsst,Prep,39,236.0,530.0,253.0,199.0,242.0,226.0,241.0,234.0,265.0,264.0,237.0,179.0,256.0,234.0
9267,VP_026,ftsst,Prep,40,237.0,503.0,260.0,194.0,240.0,224.0,245.0,235.0,262.0,261.0,238.0,173.0,258.0,235.0
9268,VP_026,ftsst,Prep,41,224.0,485.0,254.0,181.0,234.0,213.0,234.0,226.0,253.0,251.0,253.0,226.0,253.0,226.0
9269,VP_026,ftsst,Prep,42,222.0,484.0,244.0,174.0,226.0,207.0,226.0,221.0,247.0,245.0,221.0,72.0,246.0,220.0
9270,VP_026,ftsst,Prep,43,222.0,487.0,240.0,170.0,224.0,204.0,222.0,218.0,232.0,232.0,219.0,217.0,239.0,217.0
9271,VP_026,ftsst,Prep,44,216.0,489.0,236.0,177.0,225.0,277.0,222.0,217.0,249.0,247.0,218.0,80.0,235.0,286.0
9272,VP_026,ftsst,Prep,45,222.0,480.0,242.0,173.0,227.0,277.0,225.0,222.0,250.0,248.0,243.0,222.0,243.0,221.0
9273,VP_026,ftsst,Prep,46,217.0,468.0,238.0,173.0,222.0,277.0,223.0,217.0,246.0,244.0,218.0,152.0,240.0,217.0
9274,VP_026,ftsst,Prep,47,215.0,462.0,236.0,169.0,221.0,202.0,224.0,216.0,240.0,239.0,218.0,216.0,233.0,216.0
9275,VP_026,ftsst,Prep,48,211.0,452.0,236.0,166.0,218.0,198.0,218.0,213.0,239.0,237.0,236.0,213.0,236.0,213.0
9276,VP_026,ftsst,Prep,49,210.0,447.0,230.0,162.0,215.0,268.0,216.0,211.0,235.0,233.0,211.0,86.0,232.0,210.0
9277,VP_026,ftsst,Prep,50,208.0,445.0,229.0,164.0,214.0,267.0,213.0,208.0,232.0,231.0,209.0,233.0,228.0,208.0
9278,VP_026,ftsst,Prep,51,208.0,443.0,225.0,153.0,215.0,197.0,212.0,216.0,214.0,214.0,210.0,233.0,223.0,208.0
9279,VP_026,ftsst,Prep,52,207.0,445.0,217.0,167.0,214.0,261.0,211.0,207.0,235.0,232.0,210.0,80.0,218.0,271.0
9280,VP_026,ftsst,Prep,53,205.0,440.0,226.0,167.0,212.0,262.0,211.0,206.0,234.0,232.0,229.0,206.0,229.0,206.0
9281,VP_026,ftsst,Prep,54,205.0,441.0,231.0,163.0,211.0,193.0,212.0,205.0,233.0,231.0,206.0,135.0,229.0,205.0
9282,VP_026,ftsst,Prep,55,207.0,439.0,235.0,164.0,212.0,193.0,212.0,209.0,230.0,229.0,235.0,208.0,235.0,208.0
9283,VP_026,ftsst,Prep,56,204.0,441.0,226.0,163.0,209.0,193.0,210.0,204.0,232.0,230.0,205.0,140.0,228.0,204.0
9284,VP_026,ftsst,Prep,57,205.0,440.0,228.0,157.0,211.0,264.0,210.0,206.0,235.0,232.0,206.0,124.0,225.0,205.0
9285,VP_026,ftsst,Prep,58,208.0,445.0,224.0,166.0,212.0,196.0,211.0,207.0,227.0,226.0,209.0,207.0,222.0,207.0
9286,VP_026,ftsst,Prep,59,256.0,446.0,227.0,166.0,212.0,259.0,214.0,209.0,239.0,235.0,210.0,143.0,229.0,209.0
9287,VP_026,ftsst,Prep,60,203.0,442.0,232.0,168.0,210.0,194.0,211.0,204.0,236.0,233.0,205.0,151.0,236.0,204.0
9288,VP_026,ftsst,Prep,61,212.0,444.0,239.0,158.0,211.0,195.0,220.0,211.0,233.0,231.0,214.0,211.0,232.0,211.0
9289,VP_026,ftsst,Prep,62,207.0,442.0,236.0,163.0,208.0,194.0,216.0,209.0,236.0,233.0,210.0,131.0,241.0,209.0
9290,VP_026,ftsst,Prep,63,206.0,447.0,227.0,162.0,210.0,194.0,212.0,207.0,234.0,231.0,209.0,105.0,226.0,207.0
9291,VP_026,ftsst,Talk,1,214.0,461.0,232.0,157.0,224.0,200.0,221.0,220.0,231.0,231.0,215.0,249.0,234.0,212.0
9292,VP_026,ftsst,Talk,2,214.0,453.0,232.0,172.0,222.0,203.0,221.0,214.0,231.0,231.0,216.0,248.0,230.0,214.0
9293,VP_026,ftsst,Talk,3,214.0,448.0,233.0,169.0,221.0,201.0,219.0,214.0,228.0,228.0,233.0,246.0,233.0,213.0
9294,VP_026,ftsst,Talk,4,209.0,446.0,228.0,168.0,221.0,199.0,217.0,210.0,224.0,224.0,212.0,243.0,228.0,210.0
9295,VP_026,ftsst,Talk,5,206.0,447.0,222.0,166.0,218.0,197.0,214.0,206.0,222.0,222.0,210.0,239.0,221.0,206.0
9296,VP_026,ftsst,Talk,6,206.0,449.0,219.0,164.0,216.0,197.0,213.0,206.0,220.0,220.0,209.0,236.0,217.0,206.0
9297,VP_026,ftsst,Talk,7,210.0,447.0,213.0,163.0,218.0,199.0,215.0,206.0,220.0,220.0,215.0,236.0,217.0,206.0
9298,VP_026,ftsst,Talk,8,207.0,448.0,219.0,164.0,215.0,196.0,212.0,205.0,220.0,220.0,210.0,235.0,217.0,205.0
9299,VP_026,ftsst,Talk,9,208.0,444.0,226.0,167.0,218.0,198.0,215.0,208.0,224.0,224.0,211.0,241.0,225.0,208.0
9300,VP_026,ftsst,Talk,10,209.0,438.0,228.0,158.0,218.0,196.0,217.0,210.0,226.0,225.0,212.0,245.0,231.0,210.0
9301,VP_026,ftsst,Talk,11,206.0,434.0,223.0,163.0,215.0,194.0,214.0,205.0,224.0,223.0,209.0,240.0,221.0,205.0
9302,VP_026,ftsst,Talk,12,204.0,428.0,221.0,162.0,212.0,192.0,210.0,203.0,221.0,221.0,206.0,237.0,220.0,203.0
9303,VP_026,ftsst,Talk,13,204.0,427.0,214.0,157.0,211.0,193.0,212.0,205.0,216.0,216.0,211.0,205.0,214.0,205.0
9304,VP_026,ftsst,Talk,14,198.0,430.0,213.0,155.0,207.0,190.0,205.0,198.0,212.0,212.0,205.0,198.0,214.0,198.0
9305,VP_026,ftsst,Talk,15,198.0,446.0,167.0,154.0,214.0,194.0,211.0,199.0,212.0,213.0,113.0,199.0,162.0,199.0
9306,VP_026,ftsst,Talk,16,209.0,480.0,178.0,160.0,216.0,200.0,148.0,206.0,218.0,218.0,184.0,206.0,184.0,206.0
9307,VP_026,ftsst,Talk,17,224.0,508.0,233.0,175.0,229.0,210.0,228.0,223.0,231.0,232.0,225.0,223.0,230.0,223.0
9308,VP_026,ftsst,Talk,18,225.0,513.0,243.0,184.0,238.0,214.0,233.0,226.0,244.0,244.0,243.0,260.0,243.0,225.0
9309,VP_026,ftsst,Talk,19,227.0,485.0,247.0,191.0,242.0,217.0,236.0,226.0,248.0,248.0,228.0,264.0,249.0,226.0
9310,VP_026,ftsst,Talk,20,215.0,473.0,238.0,175.0,228.0,206.0,224.0,218.0,236.0,236.0,236.0,251.0,236.0,217.0
9311,VP_026,ftsst,Talk,21,218.0,477.0,231.0,171.0,222.0,203.0,221.0,215.0,231.0,231.0,217.0,215.0,229.0,215.0
9312,VP_026,ftsst,Talk,22,218.0,475.0,235.0,176.0,225.0,205.0,222.0,215.0,234.0,234.0,216.0,250.0,236.0,215.0
9313,VP_026,ftsst,Talk,23,217.0,472.0,233.0,174.0,226.0,206.0,224.0,218.0,232.0,232.0,219.0,249.0,234.0,218.0
9314,VP_026,ftsst,Talk,24,215.0,464.0,238.0,174.0,223.0,204.0,222.0,215.0,235.0,235.0,216.0,253.0,240.0,215.0
9315,VP_026,ftsst,Talk,25,212.0,452.0,224.0,164.0,221.0,202.0,218.0,212.0,223.0,223.0,218.0,212.0,170.0,212.0
9316,VP_026,ftsst,Talk,26,208.0,445.0,234.0,167.0,213.0,194.0,211.0,209.0,224.0,224.0,241.0,244.0,241.0,208.0
9317,VP_026,ftsst,Talk,27,212.0,438.0,231.0,154.0,214.0,194.0,214.0,214.0,235.0,233.0,224.0,238.0,224.0,211.0
9318,VP_026,ftsst,Talk,28,204.0,436.0,219.0,160.0,210.0,193.0,208.0,203.0,216.0,217.0,205.0,230.0,217.0,203.0
9319,VP_026,ftsst,Talk,29,197.0,440.0,209.0,152.0,206.0,187.0,205.0,195.0,220.0,220.0,205.0,230.0,215.0,195.0
9320,VP_026,ftsst,Talk,30,200.0,442.0,165.0,137.0,-29.0,192.0,208.0,200.0,217.0,217.0,210.0,200.0,,200.0
9321,VP_026,ftsst,Talk,31,197.0,443.0,233.0,125.0,212.0,,206.0,199.0,225.0,225.0,232.0,245.0,232.0,199.0
9322,VP_026,ftsst,Talk,32,203.0,439.0,209.0,120.0,211.0,191.0,207.0,200.0,222.0,222.0,211.0,233.0,211.0,199.0
9323,VP_026,ftsst,Talk,33,208.0,432.0,225.0,167.0,212.0,193.0,211.0,205.0,223.0,223.0,228.0,242.0,228.0,205.0
9324,VP_026,ftsst,Talk,34,201.0,425.0,228.0,164.0,215.0,191.0,211.0,198.0,225.0,224.0,201.0,245.0,227.0,198.0
9325,VP_026,ftsst,Talk,35,200.0,419.0,215.0,108.0,207.0,187.0,204.0,197.0,213.0,213.0,202.0,229.0,215.0,197.0
9326,VP_026,ftsst,Talk,36,198.0,415.0,223.0,126.0,204.0,185.0,203.0,198.0,222.0,221.0,225.0,234.0,225.0,198.0
9327,VP_026,ftsst,Talk,37,199.0,413.0,211.0,153.0,201.0,183.0,200.0,194.0,212.0,212.0,199.0,221.0,204.0,194.0
9328,VP_026,ftsst,Talk,38,196.0,413.0,215.0,158.0,202.0,186.0,203.0,196.0,228.0,224.0,197.0,135.0,222.0,196.0
9329,VP_026,ftsst,Talk,39,195.0,415.0,215.0,157.0,-6.0,184.0,201.0,195.0,216.0,216.0,202.0,194.0,216.0,194.0
9330,VP_026,ftsst,Talk,40,194.0,417.0,196.0,157.0,202.0,186.0,203.0,190.0,217.0,216.0,201.0,190.0,164.0,190.0
9331,VP_026,ftsst,Talk,41,203.0,417.0,210.0,153.0,-33.0,195.0,143.0,201.0,209.0,210.0,220.0,201.0,220.0,201.0
9332,VP_026,ftsst,Talk,42,200.0,418.0,224.0,113.0,203.0,181.0,202.0,200.0,214.0,214.0,222.0,233.0,222.0,199.0
9333,VP_026,ftsst,Talk,43,191.0,423.0,172.0,125.0,106.0,191.0,154.0,144.0,202.0,202.0,169.0,104.0,169.0,104.0
9334,VP_026,ftsst,Talk,44,203.0,420.0,216.0,146.0,205.0,189.0,212.0,203.0,220.0,220.0,212.0,203.0,224.0,203.0
9335,VP_026,ftsst,Talk,45,201.0,412.0,221.0,159.0,204.0,187.0,203.0,199.0,218.0,218.0,218.0,199.0,218.0,199.0
9336,VP_026,ftsst,Talk,46,188.0,410.0,204.0,216.0,198.0,263.0,315.0,187.0,262.0,230.0,193.0,303.0,192.0,303.0
9337,VP_026,ftsst,Talk,47,197.0,420.0,213.0,159.0,-7.0,267.0,201.0,196.0,225.0,222.0,199.0,96.0,219.0,196.0
9338,VP_026,ftsst,Talk,48,197.0,425.0,236.0,151.0,198.0,180.0,201.0,197.0,231.0,226.0,236.0,197.0,236.0,197.0
9339,VP_026,ftsst,Talk,49,195.0,434.0,222.0,127.0,200.0,179.0,197.0,192.0,222.0,221.0,221.0,0.0,221.0,191.0
9340,VP_026,ftsst,Talk,50,202.0,437.0,229.0,164.0,211.0,192.0,211.0,205.0,229.0,227.0,228.0,242.0,228.0,205.0
9341,VP_026,ftsst,Talk,51,201.0,434.0,220.0,157.0,207.0,189.0,207.0,202.0,228.0,227.0,205.0,235.0,216.0,202.0
9342,VP_026,ftsst,Talk,52,203.0,426.0,222.0,156.0,209.0,190.0,208.0,203.0,219.0,219.0,205.0,232.0,225.0,203.0
9343,VP_026,ftsst,Talk,53,210.0,423.0,126.0,114.0,208.0,191.0,213.0,208.0,216.0,216.0,130.0,208.0,,208.0
9344,VP_026,ftsst,Talk,54,195.0,412.0,219.0,153.0,207.0,186.0,206.0,198.0,219.0,219.0,200.0,237.0,221.0,198.0
9345,VP_026,ftsst,Talk,55,202.0,408.0,215.0,148.0,207.0,187.0,207.0,200.0,216.0,215.0,202.0,200.0,203.0,200.0
9346,VP_026,ftsst,Talk,56,191.0,405.0,210.0,150.0,198.0,179.0,195.0,189.0,207.0,207.0,190.0,223.0,211.0,189.0
9347,VP_026,ftsst,Talk,57,185.0,403.0,204.0,148.0,194.0,177.0,193.0,186.0,206.0,206.0,190.0,186.0,205.0,186.0
9348,VP_026,ftsst,Talk,58,190.0,399.0,210.0,190.0,194.0,251.0,191.0,184.0,227.0,222.0,209.0,219.0,209.0,183.0
9349,VP_026,ftsst,Talk,59,187.0,399.0,202.0,150.0,195.0,179.0,194.0,187.0,205.0,205.0,193.0,187.0,201.0,187.0
9350,VP_026,ftsst,Talk,60,186.0,399.0,214.0,115.0,192.0,172.0,191.0,186.0,213.0,212.0,214.0,228.0,214.0,185.0
9351,VP_026,ftsst,Talk,61,185.0,399.0,199.0,134.0,-25.0,175.0,193.0,184.0,204.0,205.0,195.0,184.0,200.0,184.0
9352,VP_026,ftsst,Talk,62,181.0,399.0,204.0,149.0,194.0,176.0,191.0,181.0,204.0,205.0,186.0,181.0,201.0,181.0
9353,VP_026,ftsst,Talk,63,207.0,403.0,221.0,133.0,207.0,181.0,210.0,204.0,212.0,212.0,209.0,203.0,220.0,203.0
9354,VP_026,ftsst,Talk,64,184.0,403.0,194.0,151.0,194.0,177.0,193.0,181.0,206.0,206.0,189.0,181.0,197.0,181.0
9355,VP_026,ftsst,Talk,65,190.0,399.0,209.0,149.0,197.0,179.0,194.0,187.0,209.0,209.0,188.0,187.0,213.0,187.0
9356,VP_026,ftsst,Talk,66,190.0,398.0,207.0,108.0,195.0,174.0,193.0,187.0,205.0,205.0,190.0,221.0,209.0,187.0
9357,VP_026,ftsst,Talk,67,143.0,396.0,196.0,142.0,193.0,,177.0,125.0,200.0,201.0,184.0,209.0,184.0,124.0
9358,VP_026,tsst,Math,0,243.0,572.0,267.0,215.0,250.0,228.0,251.0,117.0,271.0,270.0,198.0,90.0,273.0,194.0
9359,VP_026,tsst,Math,1,245.0,679.0,261.0,214.0,276.0,230.0,251.0,229.0,268.0,268.0,257.0,194.0,257.0,194.0
9360,VP_026,tsst,Math,2,278.0,652.0,305.0,252.0,305.0,272.0,292.0,272.0,305.0,305.0,305.0,323.0,305.0,240.0
9361,VP_026,tsst,Math,3,274.0,644.0,297.0,247.0,305.0,262.0,286.0,262.0,298.0,298.0,296.0,318.0,296.0,227.0
9362,VP_026,tsst,Math,4,272.0,618.0,300.0,243.0,304.0,260.0,283.0,260.0,297.0,297.0,301.0,319.0,301.0,224.0
9363,VP_026,tsst,Math,5,264.0,586.0,290.0,237.0,298.0,252.0,280.0,252.0,289.0,288.0,289.0,311.0,289.0,216.0
9364,VP_026,tsst,Math,6,253.0,558.0,282.0,230.0,292.0,242.0,268.0,241.0,279.0,278.0,283.0,304.0,283.0,211.0
9365,VP_026,tsst,Math,7,248.0,510.0,277.0,207.0,282.0,235.0,264.0,244.0,271.0,270.0,247.0,296.0,277.0,244.0
9366,VP_026,tsst,Math,8,232.0,496.0,261.0,189.0,267.0,220.0,246.0,232.0,254.0,253.0,233.0,280.0,261.0,232.0
9367,VP_026,tsst,Math,9,236.0,483.0,258.0,180.0,259.0,215.0,245.0,231.0,249.0,248.0,234.0,276.0,258.0,231.0
9368,VP_026,tsst,Math,10,229.0,476.0,254.0,182.0,256.0,212.0,240.0,225.0,246.0,244.0,227.0,272.0,254.0,225.0
9369,VP_026,tsst,Math,11,225.0,470.0,252.0,178.0,254.0,211.0,238.0,224.0,243.0,242.0,226.0,269.0,251.0,224.0
9370,VP_026,tsst,Math,12,213.0,466.0,237.0,182.0,250.0,209.0,232.0,142.0,239.0,238.0,221.0,142.0,239.0,142.0
9371,VP_026,tsst,Math,13,236.0,456.0,262.0,184.0,251.0,213.0,241.0,233.0,243.0,240.0,260.0,273.0,260.0,233.0
9372,VP_026,tsst,Math,14,218.0,452.0,248.0,178.0,253.0,206.0,237.0,217.0,238.0,236.0,221.0,217.0,252.0,217.0
9373,VP_026,tsst,Math,15,234.0,449.0,247.0,180.0,250.0,212.0,241.0,231.0,236.0,234.0,236.0,231.0,247.0,231.0
9374,VP_026,tsst,Math,16,220.0,451.0,231.0,169.0,249.0,206.0,240.0,216.0,234.0,232.0,240.0,216.0,233.0,216.0
9375,VP_026,tsst,Math,17,214.0,453.0,232.0,179.0,254.0,203.0,227.0,178.0,237.0,234.0,211.0,149.0,219.0,149.0
9376,VP_026,tsst,Math,18,216.0,460.0,241.0,177.0,240.0,206.0,229.0,216.0,235.0,234.0,219.0,216.0,246.0,216.0
9377,VP_026,tsst,Math,19,218.0,460.0,241.0,172.0,245.0,205.0,233.0,219.0,236.0,235.0,224.0,263.0,248.0,219.0
9378,VP_026,tsst,Math,20,247.0,467.0,171.0,176.0,116.0,207.0,253.0,228.0,247.0,242.0,140.0,107.0,,228.0
9379,VP_026,tsst,Math,21,216.0,511.0,248.0,164.0,238.0,199.0,227.0,216.0,241.0,239.0,252.0,263.0,252.0,215.0
9380,VP_026,tsst,Math,22,227.0,585.0,239.0,178.0,242.0,216.0,238.0,225.0,247.0,247.0,232.0,225.0,229.0,225.0
9381,VP_026,tsst,Math,23,250.0,567.0,281.0,225.0,282.0,245.0,271.0,229.0,276.0,275.0,267.0,298.0,284.0,184.0
9382,VP_026,tsst,Math,24,244.0,539.0,279.0,206.0,192.0,235.0,265.0,245.0,271.0,270.0,254.0,245.0,274.0,245.0
9383,VP_026,tsst,Math,25,259.0,543.0,275.0,187.0,278.0,250.0,269.0,212.0,266.0,264.0,265.0,82.0,277.0,174.0
9384,VP_026,tsst,Math,26,240.0,538.0,261.0,207.0,246.0,231.0,251.0,234.0,265.0,264.0,240.0,287.0,263.0,234.0
9385,VP_026,tsst,Math,27,241.0,532.0,268.0,196.0,247.0,229.0,253.0,244.0,263.0,262.0,244.0,287.0,267.0,243.0
9386,VP_026,tsst,Math,28,239.0,526.0,273.0,203.0,242.0,225.0,245.0,236.0,260.0,259.0,273.0,235.0,273.0,235.0
9387,VP_026,tsst,Math,29,239.0,516.0,266.0,193.0,268.0,224.0,251.0,237.0,259.0,258.0,238.0,237.0,265.0,237.0
9388,VP_026,tsst,Math,30,230.0,498.0,247.0,195.0,263.0,222.0,245.0,224.0,252.0,251.0,233.0,274.0,251.0,224.0
9389,VP_026,tsst,Math,31,219.0,484.0,255.0,176.0,255.0,202.0,235.0,214.0,248.0,247.0,253.0,272.0,253.0,214.0
9390,VP_026,tsst,Math,32,223.0,474.0,248.0,184.0,249.0,214.0,238.0,227.0,244.0,243.0,230.0,227.0,250.0,227.0
9391,VP_026,tsst,Math,33,230.0,463.0,258.0,181.0,249.0,212.0,237.0,231.0,241.0,240.0,255.0,231.0,255.0,231.0
9392,VP_026,tsst,Math,34,216.0,455.0,234.0,179.0,243.0,207.0,230.0,215.0,235.0,234.0,223.0,215.0,238.0,215.0
9393,VP_026,tsst,Math,35,218.0,451.0,238.0,177.0,231.0,207.0,228.0,218.0,237.0,235.0,221.0,218.0,238.0,218.0
9394,VP_026,tsst,Math,36,214.0,451.0,231.0,174.0,238.0,203.0,225.0,212.0,231.0,230.0,216.0,212.0,230.0,212.0
9395,VP_026,tsst,Math,37,213.0,449.0,233.0,184.0,236.0,206.0,225.0,184.0,237.0,234.0,211.0,0.0,230.0,161.0
9396,VP_026,tsst,Math,38,213.0,449.0,239.0,173.0,242.0,204.0,229.0,214.0,236.0,233.0,219.0,260.0,242.0,214.0
9397,VP_026,tsst,Math,39,207.0,450.0,205.0,171.0,-24.0,199.0,222.0,132.0,226.0,226.0,191.0,105.0,191.0,105.0
9398,VP_026,tsst,Math,40,206.0,469.0,232.0,174.0,-12.0,198.0,222.0,199.0,233.0,232.0,206.0,0.0,226.0,199.0
9399,VP_026,tsst,Math,41,219.0,501.0,235.0,178.0,226.0,208.0,228.0,216.0,238.0,237.0,222.0,216.0,240.0,216.0
9400,VP_026,tsst,Math,42,235.0,510.0,241.0,188.0,247.0,222.0,243.0,234.0,244.0,244.0,242.0,234.0,188.0,234.0
9401,VP_026,tsst,Math,43,235.0,511.0,254.0,191.0,244.0,223.0,243.0,234.0,252.0,251.0,237.0,234.0,254.0,234.0
9402,VP_026,tsst,Math,44,247.0,500.0,184.0,189.0,258.0,230.0,253.0,245.0,252.0,251.0,256.0,245.0,186.0,245.0
9403,VP_026,tsst,Math,45,229.0,500.0,253.0,157.0,245.0,214.0,239.0,229.0,250.0,249.0,232.0,271.0,254.0,229.0
9404,VP_026,tsst,Math,46,229.0,502.0,251.0,184.0,250.0,218.0,243.0,234.0,248.0,247.0,236.0,234.0,249.0,234.0
9405,VP_026,tsst,Math,47,235.0,512.0,254.0,191.0,244.0,221.0,241.0,233.0,250.0,249.0,234.0,233.0,254.0,233.0
9406,VP_026,tsst,Math,48,230.0,522.0,253.0,188.0,247.0,219.0,241.0,229.0,252.0,251.0,231.0,229.0,253.0,229.0
9407,VP_026,tsst,Math,49,241.0,519.0,257.0,191.0,249.0,224.0,247.0,238.0,256.0,255.0,240.0,238.0,257.0,238.0
9408,VP_026,tsst,Math,50,239.0,509.0,259.0,152.0,244.0,222.0,243.0,238.0,252.0,252.0,239.0,237.0,259.0,237.0
9409,VP_026,tsst,Math,51,240.0,499.0,259.0,184.0,252.0,222.0,247.0,239.0,252.0,251.0,239.0,239.0,256.0,239.0
9410,VP_026,tsst,Math,52,233.0,478.0,255.0,182.0,252.0,220.0,245.0,233.0,249.0,248.0,236.0,274.0,258.0,233.0
9411,VP_026,tsst,Math,53,224.0,463.0,254.0,187.0,248.0,214.0,238.0,228.0,242.0,241.0,255.0,268.0,255.0,227.0
9412,VP_026,tsst,Math,54,216.0,454.0,250.0,172.0,246.0,203.0,235.0,218.0,236.0,235.0,221.0,261.0,245.0,218.0
9413,VP_026,tsst,Math,55,215.0,451.0,248.0,166.0,243.0,202.0,234.0,217.0,233.0,232.0,227.0,261.0,251.0,217.0
9414,VP_026,tsst,Math,56,211.0,454.0,245.0,164.0,245.0,197.0,234.0,202.0,234.0,233.0,212.0,138.0,244.0,202.0
9415,VP_026,tsst,Math,57,215.0,467.0,242.0,173.0,247.0,201.0,228.0,211.0,236.0,234.0,215.0,211.0,239.0,211.0
9416,VP_026,tsst,Math,58,219.0,,241.0,174.0,221.0,206.0,229.0,217.0,238.0,237.0,221.0,217.0,244.0,217.0
9417,VP_026,tsst,Pause_1,0,230.0,527.0,246.0,188.0,250.0,218.0,239.0,256.0,250.0,250.0,232.0,266.0,248.0,222.0
9418,VP_026,tsst,Pause_1,1,232.0,507.0,251.0,196.0,245.0,223.0,240.0,229.0,252.0,252.0,233.0,267.0,249.0,229.0
9419,VP_026,tsst,Pause_1,2,224.0,522.0,244.0,191.0,232.0,211.0,227.0,215.0,246.0,246.0,217.0,178.0,243.0,215.0
9420,VP_026,tsst,Pause_1,3,227.0,561.0,244.0,191.0,240.0,220.0,234.0,225.0,247.0,247.0,229.0,260.0,244.0,225.0
9421,VP_026,tsst,Pause_1,4,240.0,570.0,259.0,206.0,252.0,231.0,247.0,231.0,261.0,261.0,239.0,276.0,260.0,231.0
9422,VP_026,tsst,Pause_1,5,247.0,540.0,274.0,204.0,265.0,236.0,257.0,248.0,268.0,268.0,249.0,288.0,274.0,248.0
9423,VP_026,tsst,Pause_1,6,232.0,511.0,257.0,194.0,254.0,226.0,246.0,237.0,254.0,254.0,239.0,272.0,256.0,237.0
9424,VP_026,tsst,Pause_1,7,226.0,507.0,247.0,188.0,236.0,214.0,232.0,222.0,245.0,245.0,224.0,263.0,249.0,222.0
9425,VP_026,tsst,Pause_1,8,222.0,510.0,242.0,187.0,234.0,211.0,228.0,218.0,242.0,242.0,221.0,256.0,241.0,218.0
9426,VP_026,tsst,Pause_1,9,228.0,505.0,243.0,186.0,235.0,214.0,230.0,223.0,242.0,243.0,224.0,256.0,242.0,223.0
9427,VP_026,tsst,Pause_1,10,223.0,499.0,246.0,188.0,236.0,213.0,230.0,223.0,243.0,243.0,247.0,259.0,247.0,223.0
9428,VP_026,tsst,Pause_1,11,226.0,482.0,251.0,187.0,238.0,215.0,233.0,229.0,243.0,243.0,251.0,261.0,251.0,228.0
9429,VP_026,tsst,Pause_1,12,221.0,470.0,241.0,176.0,233.0,208.0,227.0,218.0,238.0,238.0,220.0,256.0,242.0,218.0
9430,VP_026,tsst,Pause_1,13,213.0,458.0,233.0,167.0,225.0,201.0,220.0,211.0,230.0,230.0,213.0,247.0,233.0,211.0
9431,VP_026,tsst,Pause_1,14,210.0,461.0,227.0,164.0,216.0,196.0,214.0,207.0,227.0,227.0,209.0,241.0,226.0,207.0
9432,VP_026,tsst,Pause_1,15,213.0,466.0,228.0,120.0,218.0,197.0,217.0,213.0,225.0,225.0,215.0,213.0,225.0,213.0
9433,VP_026,tsst,Pause_1,16,214.0,473.0,229.0,170.0,221.0,200.0,217.0,211.0,227.0,228.0,212.0,245.0,234.0,211.0
9434,VP_026,tsst,Pause_1,17,212.0,468.0,230.0,172.0,225.0,203.0,220.0,213.0,229.0,230.0,216.0,246.0,233.0,213.0
9435,VP_026,tsst,Pause_1,18,212.0,459.0,233.0,170.0,225.0,201.0,221.0,213.0,232.0,232.0,215.0,244.0,,213.0
9436,VP_026,tsst,Pause_5,0,232.0,507.0,256.0,185.0,247.0,219.0,241.0,219.0,248.0,248.0,256.0,270.0,256.0,234.0
9437,VP_026,tsst,Pause_5,1,233.0,522.0,254.0,182.0,245.0,216.0,238.0,230.0,248.0,248.0,255.0,270.0,255.0,229.0
9438,VP_026,tsst,Pause_5,2,231.0,530.0,256.0,194.0,248.0,221.0,241.0,232.0,252.0,252.0,233.0,272.0,256.0,231.0
9439,VP_026,tsst,Pause_5,3,233.0,555.0,257.0,197.0,249.0,222.0,243.0,233.0,255.0,255.0,233.0,274.0,257.0,232.0
9440,VP_026,tsst,Pause_5,4,242.0,594.0,265.0,206.0,260.0,233.0,253.0,241.0,263.0,263.0,243.0,282.0,264.0,241.0
9441,VP_026,tsst,Pause_5,5,257.0,588.0,280.0,220.0,277.0,248.0,268.0,257.0,276.0,276.0,259.0,296.0,281.0,257.0
9442,VP_026,tsst,Pause_5,6,252.0,541.0,281.0,216.0,284.0,243.0,268.0,252.0,277.0,277.0,254.0,299.0,282.0,252.0
9443,VP_026,tsst,Pause_5,7,240.0,520.0,266.0,194.0,265.0,228.0,253.0,243.0,261.0,261.0,243.0,283.0,265.0,242.0
9444,VP_026,tsst,Pause_5,8,231.0,511.0,258.0,193.0,257.0,219.0,244.0,231.0,254.0,253.0,231.0,276.0,258.0,230.0
9445,VP_026,tsst,Pause_5,9,234.0,518.0,256.0,185.0,256.0,216.0,241.0,230.0,251.0,251.0,230.0,274.0,257.0,229.0
9446,VP_026,tsst,Pause_5,10,235.0,548.0,259.0,191.0,258.0,218.0,242.0,230.0,253.0,252.0,258.0,275.0,258.0,230.0
9447,VP_026,tsst,Pause_5,11,239.0,582.0,264.0,205.0,264.0,229.0,251.0,237.0,263.0,262.0,238.0,237.0,264.0,237.0
9448,VP_026,tsst,Pause_5,12,251.0,635.0,276.0,221.0,279.0,243.0,264.0,245.0,276.0,275.0,250.0,296.0,276.0,245.0
9449,VP_026,tsst,Pause_5,13,269.0,606.0,295.0,232.0,296.0,259.0,282.0,265.0,293.0,293.0,268.0,314.0,295.0,265.0
9450,VP_026,tsst,Pause_5,14,258.0,591.0,287.0,219.0,292.0,247.0,275.0,254.0,285.0,284.0,257.0,307.0,286.0,254.0
9451,VP_026,tsst,Pause_5,15,252.0,610.0,282.0,224.0,288.0,243.0,268.0,242.0,280.0,279.0,283.0,302.0,283.0,206.0
9452,VP_026,tsst,Pause_5,16,256.0,,287.0,230.0,293.0,251.0,275.0,250.0,286.0,286.0,288.0,308.0,288.0,210.0
9453,VP_026,tsst,Prep,0,213.0,464.0,230.0,171.0,223.0,201.0,218.0,196.0,226.0,227.0,213.0,244.0,229.0,211.0
9454,VP_026,tsst,Prep,1,210.0,473.0,229.0,170.0,221.0,200.0,217.0,210.0,227.0,227.0,212.0,244.0,229.0,210.0
9455,VP_026,tsst,Prep,2,216.0,467.0,241.0,174.0,227.0,206.0,225.0,219.0,234.0,234.0,242.0,255.0,242.0,219.0
9456,VP_026,tsst,Prep,3,222.0,463.0,244.0,173.0,231.0,207.0,227.0,222.0,232.0,232.0,245.0,257.0,245.0,221.0
9457,VP_026,tsst,Prep,4,217.0,456.0,239.0,168.0,234.0,205.0,227.0,218.0,232.0,232.0,221.0,254.0,238.0,218.0
9458,VP_026,tsst,Prep,5,215.0,455.0,239.0,167.0,231.0,201.0,223.0,214.0,229.0,229.0,216.0,252.0,239.0,214.0
9459,VP_026,tsst,Prep,6,213.0,464.0,236.0,166.0,224.0,201.0,221.0,213.0,228.0,228.0,216.0,249.0,237.0,213.0
9460,VP_026,tsst,Prep,7,215.0,481.0,236.0,171.0,221.0,202.0,220.0,213.0,230.0,230.0,215.0,213.0,236.0,213.0
9461,VP_026,tsst,Prep,8,217.0,508.0,239.0,178.0,226.0,207.0,224.0,217.0,234.0,234.0,219.0,217.0,238.0,217.0
9462,VP_026,tsst,Prep,9,227.0,531.0,248.0,188.0,238.0,217.0,234.0,226.0,244.0,244.0,228.0,261.0,247.0,226.0
9463,VP_026,tsst,Prep,10,239.0,528.0,260.0,195.0,246.0,226.0,244.0,237.0,255.0,255.0,261.0,275.0,261.0,237.0
9464,VP_026,tsst,Prep,11,239.0,504.0,264.0,195.0,252.0,227.0,248.0,240.0,255.0,255.0,241.0,279.0,265.0,240.0
9465,VP_026,tsst,Prep,12,234.0,491.0,257.0,184.0,251.0,219.0,243.0,234.0,249.0,248.0,235.0,271.0,254.0,234.0
9466,VP_026,tsst,Prep,13,227.0,486.0,252.0,182.0,246.0,213.0,235.0,225.0,245.0,244.0,227.0,267.0,253.0,225.0
9467,VP_026,tsst,Prep,14,221.0,495.0,247.0,179.0,232.0,209.0,231.0,221.0,241.0,240.0,223.0,262.0,248.0,221.0
9468,VP_026,tsst,Prep,15,219.0,502.0,245.0,185.0,231.0,212.0,230.0,222.0,242.0,242.0,223.0,222.0,244.0,222.0
9469,VP_026,tsst,Prep,16,230.0,500.0,249.0,181.0,236.0,215.0,235.0,228.0,245.0,245.0,230.0,228.0,249.0,228.0
9470,VP_026,tsst,Prep,17,229.0,495.0,252.0,182.0,237.0,215.0,235.0,229.0,246.0,245.0,253.0,266.0,253.0,229.0
9471,VP_026,tsst,Prep,18,233.0,482.0,255.0,181.0,242.0,214.0,237.0,230.0,246.0,245.0,256.0,269.0,256.0,230.0
9472,VP_026,tsst,Prep,19,226.0,468.0,251.0,178.0,244.0,211.0,235.0,227.0,242.0,241.0,250.0,265.0,250.0,227.0
9473,VP_026,tsst,Prep,20,217.0,464.0,245.0,175.0,238.0,206.0,228.0,219.0,236.0,235.0,219.0,259.0,246.0,219.0
9474,VP_026,tsst,Prep,21,216.0,460.0,243.0,172.0,233.0,204.0,226.0,218.0,233.0,233.0,219.0,257.0,244.0,218.0
9475,VP_026,tsst,Prep,22,215.0,463.0,238.0,170.0,225.0,202.0,223.0,214.0,230.0,230.0,217.0,214.0,237.0,214.0
9476,VP_026,tsst,Prep,23,217.0,471.0,241.0,174.0,230.0,206.0,226.0,218.0,234.0,233.0,219.0,218.0,241.0,218.0
9477,VP_026,tsst,Prep,24,221.0,481.0,245.0,175.0,228.0,207.0,228.0,220.0,239.0,238.0,221.0,220.0,245.0,220.0
9478,VP_026,tsst,Prep,25,226.0,486.0,254.0,177.0,232.0,210.0,233.0,226.0,243.0,242.0,255.0,267.0,255.0,226.0
9479,VP_026,tsst,Prep,26,232.0,485.0,260.0,178.0,247.0,214.0,239.0,233.0,246.0,245.0,261.0,273.0,261.0,232.0
9480,VP_026,tsst,Prep,27,230.0,486.0,254.0,175.0,251.0,213.0,240.0,229.0,244.0,243.0,232.0,268.0,252.0,229.0
9481,VP_026,tsst,Prep,28,221.0,494.0,254.0,178.0,251.0,211.0,237.0,224.0,244.0,243.0,226.0,269.0,254.0,224.0
9482,VP_026,tsst,Prep,29,225.0,515.0,254.0,182.0,255.0,213.0,238.0,225.0,247.0,246.0,228.0,225.0,255.0,225.0
9483,VP_026,tsst,Prep,30,230.0,553.0,258.0,193.0,260.0,220.0,242.0,229.0,252.0,251.0,232.0,275.0,258.0,229.0
9484,VP_026,tsst,Prep,31,242.0,641.0,262.0,205.0,250.0,232.0,249.0,238.0,263.0,263.0,242.0,238.0,263.0,238.0
9485,VP_026,tsst,Prep,32,271.0,658.0,290.0,235.0,281.0,259.0,277.0,264.0,290.0,290.0,268.0,264.0,290.0,264.0
9486,VP_026,tsst,Prep,33,278.0,628.0,304.0,246.0,298.0,270.0,289.0,275.0,300.0,300.0,278.0,320.0,303.0,275.0
9487,VP_026,tsst,Prep,34,273.0,588.0,301.0,229.0,302.0,262.0,288.0,274.0,294.0,293.0,275.0,318.0,300.0,274.0
9488,VP_026,tsst,Prep,35,263.0,532.0,289.0,218.0,288.0,250.0,276.0,263.0,280.0,279.0,264.0,305.0,289.0,263.0
9489,VP_026,tsst,Prep,36,242.0,509.0,273.0,198.0,273.0,229.0,259.0,241.0,263.0,261.0,243.0,289.0,274.0,241.0
9490,VP_026,tsst,Prep,37,228.0,501.0,262.0,189.0,261.0,217.0,241.0,229.0,252.0,251.0,231.0,277.0,262.0,229.0
9491,VP_026,tsst,Prep,38,225.0,494.0,256.0,188.0,237.0,216.0,238.0,228.0,249.0,248.0,229.0,228.0,255.0,228.0
9492,VP_026,tsst,Prep,39,228.0,481.0,256.0,181.0,236.0,215.0,239.0,229.0,248.0,247.0,256.0,229.0,256.0,229.0
9493,VP_026,tsst,Prep,40,227.0,470.0,254.0,181.0,253.0,212.0,238.0,227.0,245.0,243.0,228.0,226.0,256.0,226.0
9494,VP_026,tsst,Prep,41,226.0,461.0,260.0,180.0,254.0,210.0,238.0,227.0,244.0,241.0,259.0,273.0,259.0,227.0
9495,VP_026,tsst,Prep,42,225.0,454.0,258.0,171.0,252.0,206.0,240.0,224.0,242.0,239.0,258.0,272.0,258.0,224.0
9496,VP_026,tsst,Prep,43,215.0,460.0,255.0,171.0,251.0,203.0,239.0,219.0,239.0,236.0,222.0,268.0,253.0,219.0
9497,VP_026,tsst,Prep,44,214.0,479.0,251.0,172.0,247.0,202.0,232.0,216.0,239.0,237.0,218.0,216.0,251.0,216.0
9498,VP_026,tsst,Prep,45,221.0,553.0,254.0,178.0,225.0,210.0,234.0,222.0,245.0,243.0,224.0,222.0,254.0,222.0
9499,VP_026,tsst,Prep,46,243.0,659.0,263.0,208.0,249.0,233.0,251.0,237.0,266.0,266.0,242.0,185.0,264.0,237.0
9500,VP_026,tsst,Prep,47,275.0,652.0,298.0,248.0,286.0,266.0,282.0,266.0,300.0,300.0,296.0,233.0,296.0,233.0
9501,VP_026,tsst,Prep,48,276.0,611.0,300.0,245.0,312.0,267.0,287.0,266.0,301.0,300.0,274.0,225.0,301.0,225.0
9502,VP_026,tsst,Prep,49,268.0,586.0,296.0,226.0,302.0,254.0,286.0,264.0,291.0,289.0,266.0,316.0,297.0,264.0
9503,VP_026,tsst,Prep,50,259.0,551.0,291.0,216.0,292.0,246.0,279.0,260.0,283.0,281.0,289.0,308.0,289.0,260.0
9504,VP_026,tsst,Prep,51,243.0,528.0,279.0,204.0,281.0,233.0,269.0,242.0,270.0,268.0,248.0,296.0,279.0,242.0
9505,VP_026,tsst,Prep,52,233.0,533.0,269.0,199.0,274.0,225.0,253.0,231.0,262.0,260.0,234.0,177.0,270.0,231.0
9506,VP_026,tsst,Prep,53,237.0,551.0,262.0,201.0,241.0,225.0,245.0,231.0,260.0,259.0,234.0,185.0,264.0,231.0
9507,VP_026,tsst,Prep,54,246.0,570.0,271.0,207.0,250.0,232.0,253.0,240.0,266.0,265.0,242.0,240.0,271.0,240.0
9508,VP_026,tsst,Prep,55,252.0,554.0,276.0,212.0,256.0,239.0,262.0,249.0,273.0,272.0,251.0,249.0,271.0,249.0
9509,VP_026,tsst,Prep,56,251.0,519.0,279.0,206.0,276.0,238.0,264.0,252.0,269.0,268.0,252.0,296.0,281.0,252.0
9510,VP_026,tsst,Talk,0,206.0,437.0,226.0,159.0,211.0,191.0,211.0,285.0,219.0,219.0,221.0,237.0,221.0,207.0
9511,VP_026,tsst,Talk,1,210.0,436.0,240.0,163.0,228.0,193.0,217.0,212.0,225.0,225.0,243.0,252.0,243.0,211.0
9512,VP_026,tsst,Talk,2,200.0,430.0,196.0,159.0,-40.0,202.0,216.0,140.0,216.0,216.0,189.0,140.0,189.0,139.0
9513,VP_026,tsst,Talk,3,204.0,428.0,233.0,161.0,212.0,191.0,213.0,206.0,223.0,222.0,232.0,245.0,232.0,205.0
9514,VP_026,tsst,Talk,4,204.0,424.0,227.0,163.0,214.0,193.0,212.0,206.0,218.0,218.0,207.0,241.0,228.0,206.0
9515,VP_026,tsst,Talk,5,218.0,422.0,241.0,161.0,225.0,197.0,222.0,216.0,227.0,224.0,242.0,253.0,242.0,215.0
9516,VP_026,tsst,Talk,6,194.0,419.0,217.0,116.0,-36.0,185.0,206.0,190.0,216.0,216.0,200.0,190.0,206.0,190.0
9517,VP_026,tsst,Talk,7,196.0,417.0,220.0,154.0,209.0,187.0,206.0,153.0,217.0,217.0,196.0,240.0,225.0,128.0
9518,VP_026,tsst,Talk,8,205.0,418.0,223.0,157.0,210.0,191.0,212.0,205.0,219.0,218.0,207.0,240.0,219.0,205.0
9519,VP_026,tsst,Talk,9,199.0,414.0,205.0,160.0,215.0,193.0,213.0,203.0,213.0,213.0,211.0,203.0,211.0,203.0
9520,VP_026,tsst,Talk,10,203.0,415.0,219.0,155.0,207.0,190.0,206.0,202.0,210.0,210.0,206.0,202.0,217.0,202.0
9521,VP_026,tsst,Talk,11,197.0,420.0,223.0,139.0,200.0,180.0,202.0,197.0,219.0,218.0,224.0,196.0,224.0,196.0
9522,VP_026,tsst,Talk,12,203.0,423.0,225.0,163.0,219.0,194.0,215.0,206.0,219.0,218.0,211.0,206.0,224.0,206.0
9523,VP_026,tsst,Talk,13,202.0,435.0,221.0,155.0,207.0,189.0,209.0,199.0,224.0,223.0,204.0,199.0,221.0,199.0
9524,VP_026,tsst,Talk,14,215.0,452.0,236.0,113.0,222.0,199.0,215.0,213.0,217.0,217.0,236.0,213.0,236.0,213.0
9525,VP_026,tsst,Talk,15,208.0,467.0,192.0,175.0,158.0,261.0,221.0,208.0,238.0,235.0,217.0,154.0,185.0,208.0
9526,VP_026,tsst,Talk,16,213.0,442.0,241.0,129.0,229.0,198.0,220.0,214.0,231.0,231.0,244.0,254.0,244.0,214.0
9527,VP_026,tsst,Talk,17,212.0,450.0,239.0,220.0,209.0,292.0,215.0,212.0,250.0,239.0,213.0,80.0,232.0,212.0
9528,VP_026,tsst,Talk,18,204.0,447.0,192.0,174.0,92.0,196.0,213.0,195.0,238.0,235.0,190.0,86.0,190.0,86.0
9529,VP_026,tsst,Talk,19,200.0,469.0,232.0,166.0,203.0,185.0,202.0,196.0,227.0,226.0,237.0,196.0,237.0,195.0
9530,VP_026,tsst,Talk,20,216.0,495.0,253.0,181.0,248.0,208.0,235.0,216.0,239.0,238.0,223.0,266.0,253.0,216.0
9531,VP_026,tsst,Talk,21,223.0,500.0,251.0,180.0,238.0,210.0,230.0,225.0,239.0,239.0,251.0,262.0,251.0,225.0
9532,VP_026,tsst,Talk,22,226.0,497.0,253.0,183.0,238.0,213.0,235.0,229.0,244.0,244.0,252.0,267.0,252.0,228.0
9533,VP_026,tsst,Talk,23,223.0,489.0,247.0,191.0,234.0,217.0,232.0,221.0,243.0,243.0,228.0,221.0,248.0,221.0
9534,VP_026,tsst,Talk,24,223.0,476.0,207.0,139.0,238.0,214.0,233.0,172.0,237.0,237.0,171.0,103.0,,103.0
9535,VP_026,tsst,Talk,25,213.0,466.0,246.0,171.0,223.0,201.0,224.0,212.0,236.0,236.0,214.0,262.0,251.0,212.0
9536,VP_026,tsst,Talk,26,215.0,455.0,238.0,171.0,238.0,203.0,226.0,215.0,232.0,232.0,221.0,254.0,236.0,215.0
9537,VP_026,tsst,Talk,27,216.0,442.0,239.0,163.0,218.0,200.0,219.0,215.0,230.0,230.0,216.0,249.0,237.0,215.0
9538,VP_026,tsst,Talk,28,215.0,428.0,239.0,167.0,231.0,199.0,222.0,215.0,227.0,226.0,216.0,253.0,242.0,215.0
9539,VP_026,tsst,Talk,29,204.0,422.0,230.0,160.0,225.0,196.0,216.0,205.0,218.0,218.0,209.0,242.0,228.0,205.0
9540,VP_026,tsst,Talk,30,201.0,417.0,229.0,118.0,95.0,187.0,213.0,201.0,218.0,218.0,208.0,242.0,229.0,201.0
9541,VP_026,tsst,Talk,31,195.0,417.0,223.0,161.0,222.0,189.0,209.0,167.0,214.0,214.0,198.0,239.0,224.0,145.0
9542,VP_026,tsst,Talk,32,193.0,418.0,223.0,166.0,204.0,189.0,205.0,133.0,221.0,220.0,223.0,243.0,223.0,133.0
9543,VP_026,tsst,Talk,33,197.0,424.0,221.0,156.0,-34.0,187.0,205.0,126.0,213.0,213.0,220.0,117.0,220.0,117.0
9544,VP_026,tsst,Talk,34,195.0,427.0,218.0,169.0,213.0,193.0,210.0,129.0,221.0,220.0,218.0,240.0,218.0,118.0
9545,VP_026,tsst,Talk,35,198.0,430.0,226.0,170.0,211.0,190.0,205.0,190.0,220.0,220.0,228.0,243.0,228.0,157.0
9546,VP_026,tsst,Talk,36,206.0,435.0,230.0,167.0,219.0,195.0,215.0,207.0,221.0,221.0,207.0,245.0,230.0,207.0
9547,VP_026,tsst,Talk,37,205.0,436.0,228.0,161.0,-28.0,195.0,214.0,201.0,222.0,222.0,208.0,201.0,228.0,201.0
9548,VP_026,tsst,Talk,38,200.0,435.0,222.0,165.0,214.0,194.0,209.0,199.0,219.0,219.0,201.0,237.0,223.0,199.0
9549,VP_026,tsst,Talk,39,202.0,438.0,231.0,171.0,213.0,190.0,208.0,197.0,224.0,223.0,229.0,244.0,229.0,197.0
9550,VP_026,tsst,Talk,40,207.0,437.0,161.0,158.0,212.0,196.0,217.0,209.0,219.0,219.0,163.0,209.0,163.0,209.0
9551,VP_026,tsst,Talk,41,206.0,433.0,226.0,163.0,216.0,196.0,214.0,206.0,220.0,220.0,211.0,241.0,228.0,206.0
9552,VP_026,tsst,Talk,42,205.0,434.0,221.0,166.0,213.0,195.0,212.0,202.0,223.0,223.0,207.0,202.0,216.0,202.0
9553,VP_026,tsst,Talk,43,205.0,440.0,227.0,160.0,212.0,193.0,212.0,205.0,223.0,222.0,206.0,205.0,229.0,205.0
9554,VP_026,tsst,Talk,44,205.0,451.0,223.0,165.0,214.0,195.0,212.0,205.0,222.0,222.0,208.0,205.0,223.0,205.0
9555,VP_026,tsst,Talk,45,207.0,470.0,225.0,167.0,218.0,197.0,215.0,207.0,225.0,225.0,210.0,207.0,223.0,207.0
9556,VP_026,tsst,Talk,46,215.0,503.0,232.0,170.0,225.0,203.0,221.0,213.0,231.0,231.0,216.0,247.0,231.0,213.0
9557,VP_026,tsst,Talk,47,225.0,521.0,247.0,184.0,237.0,214.0,232.0,225.0,243.0,243.0,226.0,261.0,249.0,225.0
9558,VP_026,tsst,Talk,48,226.0,538.0,246.0,188.0,242.0,219.0,234.0,225.0,245.0,245.0,228.0,260.0,245.0,225.0
9559,VP_026,tsst,Talk,49,227.0,598.0,249.0,194.0,246.0,225.0,239.0,228.0,251.0,251.0,234.0,265.0,249.0,228.0
9560,VP_026,tsst,Talk,50,249.0,620.0,269.0,215.0,267.0,240.0,257.0,218.0,272.0,272.0,245.0,286.0,271.0,196.0
9561,VP_026,tsst,Talk,51,258.0,574.0,281.0,212.0,269.0,241.0,262.0,258.0,277.0,277.0,279.0,293.0,279.0,257.0
9562,VP_026,tsst,Talk,52,242.0,540.0,250.0,207.0,260.0,238.0,252.0,179.0,264.0,264.0,187.0,127.0,253.0,127.0
9563,VP_026,tsst,Talk,53,236.0,528.0,258.0,198.0,246.0,224.0,243.0,236.0,258.0,258.0,257.0,236.0,257.0,236.0
9564,VP_026,tsst,Talk,54,236.0,511.0,257.0,197.0,248.0,225.0,243.0,237.0,252.0,252.0,259.0,272.0,259.0,237.0
9565,VP_026,tsst,Talk,55,233.0,470.0,254.0,188.0,248.0,222.0,242.0,234.0,249.0,249.0,236.0,269.0,254.0,234.0
9566,VP_026,tsst,Talk,56,220.0,462.0,241.0,148.0,237.0,202.0,228.0,219.0,233.0,233.0,238.0,254.0,238.0,219.0
9567,VP_026,tsst,Talk,57,209.0,451.0,234.0,158.0,230.0,196.0,220.0,208.0,230.0,230.0,212.0,251.0,236.0,208.0
9568,VP_026,tsst,Talk,58,208.0,457.0,233.0,170.0,-21.0,198.0,217.0,208.0,229.0,228.0,210.0,208.0,236.0,208.0
9569,VP_026,tsst,Talk,59,207.0,459.0,231.0,172.0,217.0,198.0,215.0,205.0,228.0,228.0,207.0,205.0,229.0,205.0
9570,VP_026,tsst,Talk,60,211.0,464.0,232.0,158.0,221.0,199.0,219.0,211.0,227.0,227.0,214.0,211.0,230.0,211.0
9571,VP_026,tsst,Talk,61,215.0,451.0,233.0,167.0,224.0,201.0,221.0,215.0,229.0,229.0,216.0,215.0,236.0,215.0
9572,VP_026,tsst,Talk,62,215.0,448.0,233.0,130.0,226.0,202.0,222.0,215.0,225.0,225.0,218.0,244.0,226.0,215.0
9573,VP_026,tsst,Talk,63,210.0,442.0,235.0,156.0,213.0,194.0,217.0,213.0,224.0,224.0,215.0,213.0,240.0,213.0
9574,VP_027,ftsst,Math,0,331.0,731.0,351.0,252.0,344.0,318.0,336.0,327.0,340.0,336.0,327.0,367.0,352.0,326.0
9575,VP_027,ftsst,Math,1,335.0,731.0,336.0,262.0,344.0,325.0,340.0,332.0,336.0,333.0,336.0,332.0,342.0,332.0
9576,VP_027,ftsst,Math,2,340.0,728.0,301.0,305.0,347.0,331.0,345.0,337.0,344.0,338.0,343.0,337.0,298.0,337.0
9577,VP_027,ftsst,Math,3,341.0,736.0,350.0,308.0,347.0,392.0,344.0,335.0,359.0,341.0,339.0,231.0,349.0,335.0
9578,VP_027,ftsst,Math,4,339.0,716.0,354.0,317.0,350.0,330.0,344.0,331.0,354.0,343.0,337.0,35.0,356.0,331.0
9579,VP_027,ftsst,Math,5,303.0,691.0,346.0,259.0,347.0,287.0,332.0,304.0,342.0,334.0,341.0,304.0,341.0,303.0
9580,VP_027,ftsst,Math,6,326.0,622.0,340.0,288.0,334.0,315.0,331.0,322.0,327.0,322.0,324.0,359.0,345.0,322.0
9581,VP_027,ftsst,Math,7,294.0,616.0,322.0,221.0,319.0,262.0,307.0,293.0,304.0,299.0,319.0,337.0,319.0,293.0
9582,VP_027,ftsst,Math,8,289.0,595.0,309.0,220.0,304.0,279.0,296.0,278.0,299.0,295.0,286.0,325.0,310.0,264.0
9583,VP_027,ftsst,Math,9,289.0,620.0,291.0,195.0,299.0,281.0,292.0,260.0,287.0,285.0,254.0,142.0,265.0,242.0
9584,VP_027,ftsst,Math,10,312.0,710.0,335.0,227.0,310.0,293.0,313.0,311.0,309.0,300.0,314.0,311.0,338.0,311.0
9585,VP_027,ftsst,Math,11,326.0,780.0,349.0,256.0,335.0,313.0,330.0,328.0,339.0,332.0,347.0,327.0,347.0,327.0
9586,VP_027,ftsst,Math,12,350.0,823.0,359.0,320.0,361.0,342.0,357.0,346.0,361.0,355.0,352.0,346.0,360.0,346.0
9587,VP_027,ftsst,Math,13,367.0,852.0,378.0,339.0,381.0,361.0,375.0,316.0,376.0,369.0,377.0,262.0,377.0,261.0
9588,VP_027,ftsst,Math,14,374.0,771.0,402.0,292.0,394.0,365.0,384.0,374.0,381.0,377.0,401.0,415.0,401.0,374.0
9589,VP_027,ftsst,Math,15,353.0,749.0,384.0,279.0,376.0,308.0,360.0,349.0,361.0,353.0,387.0,349.0,387.0,348.0
9590,VP_027,ftsst,Math,16,309.0,685.0,357.0,318.0,354.0,287.0,348.0,308.0,352.0,345.0,354.0,383.0,354.0,308.0
9591,VP_027,ftsst,Math,17,273.0,670.0,306.0,300.0,281.0,361.0,277.0,,344.0,326.0,312.0,371.0,312.0,371.0
9592,VP_027,ftsst,Math,18,337.0,662.0,394.0,386.0,332.0,442.0,351.0,337.0,385.0,304.0,395.0,453.0,395.0,453.0
9593,VP_027,ftsst,Math,19,314.0,668.0,315.0,226.0,326.0,304.0,319.0,303.0,315.0,311.0,325.0,341.0,291.0,274.0
9594,VP_027,ftsst,Math,20,304.0,685.0,264.0,238.0,315.0,297.0,312.0,303.0,312.0,310.0,309.0,331.0,275.0,303.0
9595,VP_027,ftsst,Math,21,314.0,713.0,324.0,246.0,323.0,303.0,318.0,311.0,330.0,322.0,317.0,343.0,318.0,311.0
9596,VP_027,ftsst,Math,22,322.0,753.0,325.0,282.0,336.0,323.0,286.0,271.0,327.0,325.0,272.0,189.0,339.0,271.0
9597,VP_027,ftsst,Math,23,314.0,705.0,365.0,256.0,138.0,295.0,318.0,313.0,333.0,333.0,365.0,313.0,365.0,313.0
9598,VP_027,ftsst,Math,25,313.0,640.0,261.0,258.0,325.0,300.0,319.0,311.0,312.0,310.0,314.0,343.0,323.0,311.0
9599,VP_027,ftsst,Math,26,299.0,616.0,303.0,230.0,307.0,288.0,301.0,307.0,296.0,296.0,300.0,298.0,,298.0
9600,VP_027,ftsst,Math,27,290.0,636.0,297.0,192.0,299.0,281.0,293.0,285.0,289.0,288.0,296.0,285.0,,285.0
9601,VP_027,ftsst,Math,28,293.0,705.0,307.0,223.0,308.0,286.0,302.0,285.0,303.0,300.0,296.0,329.0,314.0,268.0
9602,VP_027,ftsst,Math,29,311.0,774.0,321.0,224.0,327.0,300.0,320.0,309.0,316.0,316.0,316.0,339.0,,309.0
9603,VP_027,ftsst,Math,30,349.0,829.0,355.0,296.0,355.0,338.0,351.0,345.0,344.0,343.0,358.0,372.0,358.0,345.0
9604,VP_027,ftsst,Math,31,357.0,864.0,376.0,289.0,375.0,353.0,367.0,353.0,365.0,364.0,328.0,390.0,374.0,325.0
9605,VP_027,ftsst,Math,32,377.0,863.0,398.0,310.0,390.0,368.0,385.0,378.0,379.0,377.0,381.0,411.0,400.0,378.0
9606,VP_027,ftsst,Math,33,382.0,785.0,393.0,284.0,390.0,369.0,384.0,379.0,379.0,377.0,392.0,378.0,392.0,378.0
9607,VP_027,ftsst,Math,34,339.0,745.0,388.0,276.0,379.0,313.0,362.0,339.0,362.0,356.0,388.0,399.0,388.0,338.0
9608,VP_027,ftsst,Math,35,330.0,720.0,352.0,262.0,347.0,294.0,337.0,327.0,339.0,337.0,330.0,365.0,350.0,327.0
9609,VP_027,ftsst,Math,36,328.0,738.0,344.0,301.0,340.0,321.0,334.0,328.0,341.0,334.0,330.0,328.0,346.0,328.0
9610,VP_027,ftsst,Math,37,330.0,811.0,285.0,265.0,345.0,325.0,340.0,236.0,338.0,335.0,343.0,360.0,302.0,177.0
9611,VP_027,ftsst,Math,38,370.0,889.0,390.0,282.0,376.0,352.0,371.0,368.0,369.0,364.0,389.0,367.0,389.0,367.0
9612,VP_027,ftsst,Math,39,392.0,944.0,400.0,323.0,400.0,381.0,398.0,391.0,395.0,390.0,394.0,391.0,397.0,391.0
9613,VP_027,ftsst,Pause_1,0,346.0,795.0,355.0,277.0,358.0,337.0,347.0,341.0,353.0,352.0,357.0,374.0,357.0,309.0
9614,VP_027,ftsst,Pause_1,1,349.0,788.0,350.0,281.0,358.0,338.0,348.0,338.0,354.0,353.0,347.0,5.0,347.0,312.0
9615,VP_027,ftsst,Pause_1,2,344.0,704.0,362.0,261.0,360.0,340.0,351.0,340.0,354.0,352.0,362.0,378.0,362.0,314.0
9616,VP_027,ftsst,Pause_1,3,304.0,710.0,322.0,247.0,331.0,275.0,321.0,288.0,320.0,319.0,315.0,344.0,320.0,288.0
9617,VP_027,ftsst,Pause_1,4,320.0,724.0,315.0,255.0,331.0,313.0,324.0,231.0,324.0,323.0,322.0,63.0,322.0,188.0
9618,VP_027,ftsst,Pause_1,5,322.0,780.0,301.0,288.0,335.0,318.0,330.0,275.0,332.0,329.0,281.0,183.0,298.0,236.0
9619,VP_027,ftsst,Pause_1,6,345.0,753.0,359.0,262.0,356.0,336.0,348.0,335.0,352.0,349.0,359.0,375.0,359.0,312.0
9620,VP_027,ftsst,Pause_1,7,331.0,801.0,338.0,263.0,349.0,328.0,338.0,328.0,338.0,337.0,339.0,362.0,339.0,302.0
9621,VP_027,ftsst,Pause_1,8,349.0,856.0,357.0,314.0,359.0,341.0,351.0,340.0,358.0,356.0,307.0,8.0,357.0,307.0
9622,VP_027,ftsst,Pause_1,9,368.0,833.0,377.0,301.0,380.0,360.0,370.0,360.0,379.0,376.0,377.0,395.0,377.0,333.0
9623,VP_027,ftsst,Pause_1,10,361.0,808.0,381.0,276.0,379.0,318.0,367.0,342.0,370.0,368.0,380.0,395.0,380.0,341.0
9624,VP_027,ftsst,Pause_1,11,323.0,,362.0,284.0,364.0,307.0,352.0,319.0,356.0,355.0,362.0,379.0,362.0,319.0
9625,VP_027,ftsst,Pause_5,0,366.0,825.0,375.0,326.0,376.0,358.0,371.0,303.0,369.0,366.0,317.0,362.0,377.0,362.0
9626,VP_027,ftsst,Pause_5,1,366.0,889.0,378.0,338.0,377.0,359.0,373.0,364.0,376.0,370.0,367.0,364.0,378.0,364.0
9627,VP_027,ftsst,Pause_5,2,385.0,846.0,409.0,302.0,403.0,376.0,393.0,383.0,393.0,389.0,408.0,423.0,408.0,382.0
9628,VP_027,ftsst,Pause_5,3,377.0,873.0,397.0,288.0,388.0,365.0,381.0,375.0,378.0,374.0,396.0,409.0,396.0,374.0
9629,VP_027,ftsst,Pause_5,4,373.0,946.0,391.0,308.0,392.0,372.0,383.0,372.0,383.0,381.0,393.0,341.0,393.0,340.0
9630,VP_027,ftsst,Pause_5,5,403.0,964.0,415.0,369.0,416.0,397.0,408.0,380.0,411.0,408.0,363.0,432.0,412.0,362.0
9631,VP_027,ftsst,Pause_5,6,413.0,885.0,430.0,383.0,424.0,405.0,419.0,409.0,422.0,417.0,412.0,446.0,431.0,409.0
9632,VP_027,ftsst,Pause_5,7,394.0,860.0,410.0,311.0,405.0,383.0,398.0,390.0,395.0,390.0,409.0,424.0,409.0,389.0
9633,VP_027,ftsst,Pause_5,8,378.0,874.0,390.0,306.0,389.0,369.0,382.0,351.0,380.0,378.0,392.0,3.0,392.0,335.0
9634,VP_027,ftsst,Pause_5,9,383.0,898.0,391.0,347.0,395.0,377.0,389.0,337.0,388.0,384.0,338.0,4.0,371.0,337.0
9635,VP_027,ftsst,Prep,0,304.0,637.0,324.0,218.0,316.0,293.0,309.0,301.0,306.0,302.0,303.0,338.0,325.0,302.0
9636,VP_027,ftsst,Prep,1,300.0,648.0,323.0,224.0,312.0,292.0,307.0,303.0,299.0,298.0,323.0,332.0,323.0,303.0
9637,VP_027,ftsst,Prep,2,302.0,638.0,227.0,225.0,314.0,293.0,308.0,298.0,301.0,300.0,311.0,298.0,,298.0
9638,VP_027,ftsst,Prep,3,299.0,675.0,284.0,231.0,310.0,258.0,301.0,267.0,300.0,298.0,305.0,87.0,293.0,267.0
9639,VP_027,ftsst,Prep,4,302.0,680.0,307.0,239.0,324.0,303.0,315.0,302.0,311.0,310.0,278.0,53.0,314.0,272.0
9640,VP_027,ftsst,Prep,5,314.0,621.0,316.0,247.0,328.0,308.0,321.0,308.0,316.0,314.0,111.0,64.0,,288.0
9641,VP_027,ftsst,Prep,6,289.0,576.0,307.0,215.0,310.0,252.0,300.0,269.0,300.0,296.0,276.0,329.0,313.0,269.0
9642,VP_027,ftsst,Prep,7,265.0,562.0,298.0,197.0,295.0,236.0,282.0,257.0,285.0,281.0,259.0,313.0,296.0,256.0
9643,VP_027,ftsst,Prep,8,246.0,556.0,286.0,195.0,286.0,264.0,275.0,264.0,275.0,273.0,244.0,121.0,287.0,242.0
9644,VP_027,ftsst,Prep,9,275.0,577.0,266.0,196.0,287.0,269.0,278.0,232.0,273.0,271.0,237.0,144.0,256.0,232.0
9645,VP_027,ftsst,Prep,10,280.0,596.0,289.0,207.0,293.0,271.0,285.0,271.0,284.0,280.0,252.0,148.0,292.0,245.0
9646,VP_027,ftsst,Prep,11,267.0,641.0,302.0,208.0,303.0,245.0,293.0,263.0,289.0,286.0,290.0,318.0,300.0,263.0
9647,VP_027,ftsst,Prep,12,297.0,715.0,309.0,225.0,310.0,257.0,301.0,282.0,300.0,299.0,292.0,326.0,310.0,282.0
9648,VP_027,ftsst,Prep,13,323.0,815.0,333.0,256.0,336.0,317.0,330.0,320.0,327.0,325.0,286.0,320.0,330.0,320.0
9649,VP_027,ftsst,Prep,14,355.0,772.0,375.0,285.0,370.0,349.0,362.0,349.0,365.0,362.0,376.0,390.0,376.0,326.0
9650,VP_027,ftsst,Prep,15,353.0,815.0,368.0,271.0,364.0,340.0,353.0,339.0,354.0,350.0,368.0,382.0,368.0,322.0
9651,VP_027,ftsst,Prep,16,360.0,835.0,371.0,288.0,370.0,351.0,363.0,333.0,361.0,360.0,372.0,387.0,372.0,316.0
9652,VP_027,ftsst,Prep,17,365.0,814.0,382.0,294.0,378.0,359.0,369.0,359.0,370.0,368.0,382.0,396.0,382.0,330.0
9653,VP_027,ftsst,Prep,18,367.0,801.0,381.0,280.0,378.0,355.0,367.0,355.0,365.0,362.0,380.0,395.0,380.0,335.0
9654,VP_027,ftsst,Prep,19,346.0,793.0,369.0,278.0,364.0,305.0,353.0,326.0,355.0,354.0,370.0,382.0,370.0,326.0
9655,VP_027,ftsst,Prep,20,349.0,741.0,361.0,282.0,363.0,344.0,355.0,343.0,356.0,354.0,314.0,16.0,358.0,313.0
9656,VP_027,ftsst,Prep,21,337.0,678.0,358.0,261.0,349.0,327.0,342.0,334.0,341.0,337.0,359.0,372.0,359.0,333.0
9657,VP_027,ftsst,Prep,22,307.0,681.0,333.0,227.0,328.0,270.0,317.0,303.0,318.0,315.0,304.0,347.0,332.0,303.0
9658,VP_027,ftsst,Prep,23,311.0,734.0,327.0,223.0,324.0,302.0,317.0,307.0,316.0,314.0,311.0,307.0,329.0,307.0
9659,VP_027,ftsst,Prep,24,330.0,788.0,338.0,261.0,343.0,323.0,336.0,323.0,333.0,332.0,301.0,36.0,338.0,299.0
9660,VP_027,ftsst,Prep,25,354.0,788.0,373.0,276.0,362.0,338.0,355.0,345.0,358.0,354.0,373.0,385.0,373.0,345.0
9661,VP_027,ftsst,Prep,26,349.0,826.0,368.0,275.0,363.0,338.0,352.0,338.0,354.0,352.0,369.0,381.0,369.0,322.0
9662,VP_027,ftsst,Prep,27,362.0,865.0,373.0,320.0,373.0,354.0,364.0,339.0,366.0,364.0,373.0,389.0,373.0,319.0
9663,VP_027,ftsst,Prep,28,374.0,829.0,395.0,302.0,387.0,330.0,377.0,348.0,386.0,382.0,396.0,408.0,396.0,347.0
9664,VP_027,ftsst,Prep,29,371.0,819.0,382.0,298.0,381.0,357.0,373.0,360.0,367.0,365.0,364.0,396.0,380.0,360.0
9665,VP_027,ftsst,Prep,30,356.0,829.0,378.0,279.0,372.0,311.0,361.0,331.0,364.0,362.0,379.0,391.0,379.0,331.0
9666,VP_027,ftsst,Prep,31,363.0,794.0,371.0,297.0,373.0,317.0,362.0,331.0,364.0,363.0,370.0,387.0,370.0,330.0
9667,VP_027,ftsst,Prep,32,340.0,729.0,374.0,276.0,366.0,309.0,354.0,335.0,357.0,354.0,373.0,386.0,373.0,334.0
9668,VP_027,ftsst,Prep,33,324.0,717.0,348.0,239.0,341.0,282.0,330.0,323.0,333.0,331.0,349.0,361.0,349.0,323.0
9669,VP_027,ftsst,Prep,34,325.0,700.0,339.0,232.0,335.0,311.0,327.0,317.0,327.0,326.0,321.0,353.0,338.0,317.0
9670,VP_027,ftsst,Prep,35,322.0,678.0,341.0,250.0,334.0,312.0,326.0,319.0,324.0,321.0,342.0,353.0,342.0,319.0
9671,VP_027,ftsst,Prep,36,309.0,701.0,339.0,231.0,329.0,266.0,317.0,306.0,320.0,316.0,338.0,351.0,338.0,305.0
9672,VP_027,ftsst,Prep,37,312.0,783.0,336.0,230.0,332.0,271.0,320.0,299.0,323.0,321.0,337.0,351.0,337.0,298.0
9673,VP_027,ftsst,Prep,38,344.0,852.0,359.0,273.0,358.0,339.0,351.0,338.0,351.0,349.0,308.0,0.0,359.0,307.0
9674,VP_027,ftsst,Prep,39,369.0,846.0,387.0,300.0,383.0,363.0,375.0,363.0,378.0,375.0,388.0,402.0,388.0,337.0
9675,VP_027,ftsst,Talk,0,275.0,513.0,18.0,-26.0,-35.0,,-16.0,267.0,127.0,-16.0,-252.0,32.0,,
9676,VP_027,ftsst,Talk,1,249.0,537.0,259.0,176.0,263.0,232.0,262.0,244.0,261.0,258.0,291.0,297.0,291.0,244.0
9677,VP_027,ftsst,Talk,2,255.0,407.0,274.0,167.0,271.0,255.0,267.0,205.0,263.0,262.0,209.0,287.0,267.0,205.0
9678,VP_027,ftsst,Talk,5,278.0,562.0,329.0,245.0,232.0,321.0,230.0,274.0,283.0,276.0,295.0,274.0,295.0,274.0
9679,VP_027,ftsst,Talk,6,260.0,623.0,243.0,225.0,275.0,258.0,224.0,209.0,272.0,271.0,209.0,288.0,243.0,208.0
9680,VP_027,ftsst,Talk,7,295.0,729.0,256.0,226.0,298.0,283.0,299.0,290.0,290.0,289.0,260.0,290.0,260.0,290.0
9681,VP_027,ftsst,Talk,8,321.0,777.0,321.0,297.0,284.0,376.0,282.0,255.0,341.0,336.0,322.0,255.0,322.0,254.0
9682,VP_027,ftsst,Talk,9,344.0,786.0,270.0,266.0,245.0,332.0,349.0,338.0,343.0,342.0,287.0,338.0,287.0,338.0
9683,VP_027,ftsst,Talk,10,342.0,749.0,359.0,258.0,154.0,301.0,340.0,331.0,349.0,348.0,20.0,331.0,,331.0
9684,VP_027,ftsst,Talk,11,341.0,708.0,361.0,271.0,351.0,327.0,344.0,340.0,340.0,338.0,363.0,373.0,363.0,340.0
9685,VP_027,ftsst,Talk,12,320.0,664.0,86.0,249.0,326.0,305.0,320.0,316.0,317.0,317.0,-88.0,316.0,,316.0
9686,VP_027,ftsst,Talk,13,300.0,734.0,224.0,234.0,57.0,281.0,306.0,300.0,305.0,304.0,312.0,328.0,313.0,300.0
9687,VP_027,ftsst,Talk,14,327.0,760.0,335.0,271.0,333.0,312.0,326.0,323.0,324.0,324.0,8.0,323.0,,323.0
9688,VP_027,ftsst,Talk,15,334.0,802.0,344.0,270.0,340.0,320.0,332.0,320.0,333.0,333.0,293.0,357.0,347.0,292.0
9689,VP_027,ftsst,Talk,16,294.0,787.0,331.0,307.0,357.0,337.0,311.0,295.0,355.0,354.0,328.0,369.0,328.0,294.0
9690,VP_027,ftsst,Talk,17,314.0,751.0,347.0,320.0,349.0,405.0,332.0,312.0,359.0,355.0,317.0,365.0,346.0,312.0
9691,VP_027,ftsst,Talk,18,334.0,700.0,218.0,238.0,342.0,323.0,337.0,333.0,336.0,335.0,340.0,333.0,,333.0
9692,VP_027,ftsst,Talk,19,313.0,661.0,217.0,255.0,322.0,299.0,320.0,315.0,319.0,318.0,321.0,315.0,,315.0
9693,VP_027,ftsst,Talk,20,303.0,615.0,213.0,231.0,313.0,294.0,305.0,173.0,304.0,303.0,314.0,31.0,,113.0
9694,VP_027,ftsst,Talk,21,286.0,596.0,316.0,200.0,299.0,268.0,292.0,288.0,293.0,291.0,311.0,322.0,311.0,287.0
9695,VP_027,ftsst,Talk,22,224.0,565.0,181.0,176.0,233.0,213.0,234.0,222.0,269.0,269.0,234.0,259.0,228.0,222.0
9696,VP_027,ftsst,Talk,23,262.0,548.0,294.0,370.0,434.0,414.0,428.0,422.0,352.0,264.0,430.0,443.0,285.0,422.0
9697,VP_027,ftsst,Talk,24,264.0,544.0,288.0,194.0,35.0,224.0,265.0,258.0,266.0,265.0,294.0,298.0,294.0,257.0
9698,VP_027,ftsst,Talk,25,259.0,542.0,173.0,184.0,269.0,221.0,259.0,239.0,255.0,255.0,161.0,239.0,262.0,239.0
9699,VP_027,ftsst,Talk,26,259.0,537.0,246.0,218.0,273.0,256.0,268.0,208.0,265.0,264.0,209.0,186.0,231.0,208.0
9700,VP_027,ftsst,Talk,27,256.0,548.0,281.0,179.0,265.0,213.0,255.0,241.0,257.0,257.0,281.0,284.0,281.0,240.0
9701,VP_027,ftsst,Talk,28,263.0,628.0,145.0,183.0,271.0,256.0,267.0,131.0,260.0,260.0,177.0,131.0,,131.0
9702,VP_027,ftsst,Talk,29,289.0,781.0,154.0,172.0,136.0,285.0,244.0,126.0,280.0,280.0,151.0,0.0,,240.0
9703,VP_027,ftsst,Talk,30,311.0,784.0,338.0,275.0,343.0,299.0,330.0,302.0,336.0,337.0,312.0,356.0,340.0,302.0
9704,VP_027,ftsst,Talk,31,333.0,787.0,346.0,283.0,349.0,331.0,340.0,292.0,346.0,345.0,345.0,364.0,345.0,261.0
9705,VP_027,ftsst,Talk,32,344.0,754.0,225.0,265.0,352.0,329.0,348.0,343.0,341.0,341.0,224.0,343.0,,343.0
9706,VP_027,ftsst,Talk,33,336.0,738.0,303.0,287.0,347.0,328.0,344.0,336.0,340.0,339.0,347.0,362.0,301.0,336.0
9707,VP_027,ftsst,Talk,34,323.0,671.0,353.0,289.0,337.0,311.0,328.0,315.0,335.0,333.0,316.0,363.0,353.0,315.0
9708,VP_027,ftsst,Talk,35,320.0,651.0,107.0,263.0,323.0,307.0,320.0,316.0,310.0,309.0,322.0,316.0,,316.0
9709,VP_027,ftsst,Talk,36,301.0,633.0,316.0,336.0,315.0,400.0,311.0,206.0,356.0,311.0,307.0,416.0,309.0,416.0
9710,VP_027,ftsst,Talk,37,305.0,614.0,274.0,262.0,132.0,295.0,248.0,301.0,304.0,300.0,247.0,301.0,310.0,301.0
9711,VP_027,ftsst,Talk,38,302.0,608.0,235.0,234.0,304.0,286.0,306.0,197.0,287.0,287.0,236.0,300.0,236.0,300.0
9712,VP_027,ftsst,Talk,39,290.0,612.0,235.0,227.0,296.0,280.0,297.0,284.0,290.0,288.0,193.0,284.0,234.0,284.0
9713,VP_027,ftsst,Talk,40,301.0,615.0,172.0,200.0,303.0,285.0,302.0,299.0,293.0,290.0,177.0,318.0,,299.0
9714,VP_027,ftsst,Talk,41,305.0,618.0,246.0,256.0,220.0,293.0,228.0,212.0,309.0,299.0,230.0,306.0,230.0,306.0
9715,VP_027,ftsst,Talk,42,291.0,597.0,193.0,257.0,62.0,285.0,293.0,243.0,298.0,294.0,249.0,54.0,264.0,243.0
9716,VP_027,ftsst,Talk,43,279.0,567.0,295.0,216.0,293.0,267.0,285.0,275.0,284.0,283.0,276.0,312.0,302.0,275.0
9717,VP_027,ftsst,Talk,44,245.0,550.0,280.0,182.0,278.0,228.0,267.0,243.0,276.0,274.0,262.0,292.0,,243.0
9718,VP_027,tsst,Math,1,321.0,699.0,329.0,245.0,330.0,311.0,324.0,324.0,322.0,320.0,321.0,314.0,329.0,314.0
9719,VP_027,tsst,Math,2,320.0,685.0,325.0,273.0,329.0,312.0,325.0,316.0,320.0,319.0,322.0,316.0,322.0,316.0
9720,VP_027,tsst,Math,3,320.0,662.0,330.0,287.0,327.0,310.0,324.0,317.0,326.0,321.0,321.0,317.0,332.0,317.0
9721,VP_027,tsst,Math,4,316.0,682.0,314.0,232.0,323.0,304.0,318.0,308.0,311.0,308.0,314.0,308.0,288.0,308.0
9722,VP_027,tsst,Math,5,321.0,679.0,327.0,284.0,326.0,309.0,322.0,315.0,323.0,319.0,320.0,315.0,327.0,315.0
9723,VP_027,tsst,Math,6,322.0,741.0,324.0,284.0,326.0,310.0,324.0,318.0,329.0,321.0,321.0,318.0,324.0,318.0
9724,VP_027,tsst,Math,7,331.0,724.0,355.0,304.0,343.0,325.0,340.0,331.0,345.0,340.0,333.0,331.0,356.0,331.0
9725,VP_027,tsst,Math,8,334.0,769.0,348.0,286.0,341.0,321.0,335.0,331.0,331.0,329.0,349.0,330.0,349.0,330.0
9726,VP_027,tsst,Math,9,343.0,787.0,311.0,301.0,352.0,335.0,349.0,338.0,346.0,344.0,258.0,366.0,304.0,338.0
9727,VP_027,tsst,Math,10,351.0,820.0,362.0,301.0,360.0,343.0,354.0,344.0,349.0,348.0,363.0,344.0,363.0,344.0
9728,VP_027,tsst,Math,11,362.0,830.0,367.0,322.0,371.0,355.0,367.0,358.0,366.0,363.0,371.0,358.0,371.0,358.0
9729,VP_027,tsst,Math,12,364.0,837.0,362.0,318.0,374.0,356.0,369.0,360.0,365.0,364.0,288.0,360.0,338.0,360.0
9730,VP_027,tsst,Math,13,364.0,778.0,384.0,330.0,379.0,358.0,371.0,358.0,373.0,370.0,384.0,398.0,384.0,328.0
9731,VP_027,tsst,Math,14,348.0,748.0,361.0,271.0,361.0,341.0,353.0,343.0,354.0,350.0,361.0,343.0,361.0,343.0
9732,VP_027,tsst,Math,15,331.0,719.0,345.0,267.0,345.0,324.0,335.0,323.0,336.0,335.0,298.0,45.0,345.0,297.0
9733,VP_027,tsst,Math,16,324.0,678.0,327.0,258.0,335.0,317.0,329.0,232.0,326.0,325.0,321.0,191.0,321.0,191.0
9734,VP_027,tsst,Math,17,309.0,629.0,320.0,276.0,321.0,302.0,317.0,305.0,318.0,315.0,311.0,305.0,324.0,305.0
9735,VP_027,tsst,Math,18,298.0,620.0,227.0,220.0,310.0,292.0,305.0,298.0,296.0,295.0,308.0,298.0,221.0,298.0
9736,VP_027,tsst,Math,19,289.0,610.0,307.0,251.0,299.0,283.0,296.0,288.0,295.0,293.0,307.0,288.0,307.0,288.0
9737,VP_027,tsst,Math,20,250.0,678.0,295.0,265.0,249.0,341.0,254.0,247.0,306.0,297.0,296.0,247.0,296.0,247.0
9738,VP_027,tsst,Math,21,311.0,763.0,285.0,264.0,318.0,302.0,315.0,306.0,311.0,310.0,284.0,332.0,284.0,306.0
9739,VP_027,tsst,Math,22,332.0,819.0,348.0,271.0,344.0,323.0,337.0,328.0,338.0,337.0,331.0,362.0,349.0,328.0
9740,VP_027,tsst,Math,23,356.0,846.0,367.0,289.0,366.0,348.0,360.0,351.0,359.0,358.0,311.0,351.0,367.0,351.0
9741,VP_027,tsst,Math,24,365.0,832.0,368.0,298.0,378.0,360.0,371.0,319.0,368.0,367.0,324.0,237.0,369.0,319.0
9742,VP_027,tsst,Math,25,364.0,809.0,344.0,264.0,376.0,361.0,369.0,316.0,363.0,362.0,322.0,225.0,343.0,316.0
9743,VP_027,tsst,Math,26,363.0,756.0,372.0,294.0,370.0,352.0,366.0,360.0,358.0,357.0,364.0,360.0,373.0,360.0
9744,VP_027,tsst,Math,27,346.0,689.0,350.0,269.0,356.0,339.0,350.0,303.0,347.0,343.0,304.0,64.0,350.0,303.0
9745,VP_027,tsst,Math,28,324.0,647.0,239.0,246.0,335.0,315.0,329.0,320.0,321.0,318.0,327.0,320.0,,320.0
9746,VP_027,tsst,Math,29,297.0,596.0,264.0,206.0,296.0,284.0,254.0,242.0,283.0,283.0,167.0,301.0,265.0,242.0
9747,VP_027,tsst,Math,30,251.0,572.0,288.0,213.0,294.0,274.0,284.0,273.0,284.0,283.0,255.0,121.0,288.0,244.0
9748,VP_027,tsst,Math,31,280.0,569.0,294.0,188.0,289.0,272.0,284.0,277.0,280.0,277.0,284.0,277.0,294.0,277.0
9749,VP_027,tsst,Math,32,284.0,603.0,289.0,238.0,289.0,273.0,288.0,283.0,280.0,277.0,288.0,283.0,293.0,283.0
9750,VP_027,tsst,Math,33,292.0,725.0,241.0,208.0,301.0,286.0,299.0,290.0,288.0,286.0,223.0,290.0,223.0,290.0
9751,VP_027,tsst,Math,34,328.0,723.0,341.0,259.0,338.0,320.0,333.0,327.0,327.0,326.0,329.0,355.0,343.0,327.0
9752,VP_027,tsst,Math,35,330.0,761.0,354.0,291.0,348.0,328.0,340.0,328.0,333.0,330.0,352.0,328.0,352.0,328.0
9753,VP_027,tsst,Math,36,302.0,740.0,341.0,293.0,349.0,331.0,339.0,297.0,340.0,339.0,340.0,14.0,340.0,297.0
9754,VP_027,tsst,Math,37,336.0,713.0,352.0,256.0,346.0,328.0,341.0,334.0,336.0,334.0,336.0,334.0,354.0,334.0
9755,VP_027,tsst,Math,38,333.0,683.0,338.0,240.0,346.0,323.0,337.0,329.0,331.0,328.0,334.0,329.0,334.0,329.0
9756,VP_027,tsst,Math,39,314.0,640.0,328.0,241.0,324.0,304.0,320.0,314.0,316.0,314.0,319.0,314.0,327.0,314.0
9757,VP_027,tsst,Math,40,305.0,677.0,245.0,239.0,310.0,293.0,308.0,303.0,299.0,298.0,312.0,303.0,247.0,303.0
9758,VP_027,tsst,Math,41,316.0,,326.0,251.0,321.0,304.0,319.0,314.0,311.0,310.0,318.0,314.0,327.0,314.0
9759,VP_027,tsst,Pause_1,1,359.0,822.0,349.0,289.0,369.0,351.0,361.0,389.0,360.0,360.0,313.0,59.0,346.0,310.0
9760,VP_027,tsst,Pause_1,2,326.0,774.0,370.0,317.0,367.0,345.0,358.0,345.0,363.0,362.0,370.0,385.0,370.0,317.0
9761,VP_027,tsst,Pause_1,3,334.0,726.0,373.0,257.0,361.0,295.0,346.0,332.0,350.0,347.0,373.0,383.0,373.0,331.0
9762,VP_027,tsst,Pause_1,4,316.0,764.0,346.0,238.0,342.0,276.0,328.0,313.0,332.0,330.0,346.0,360.0,346.0,313.0
9763,VP_027,tsst,Pause_1,5,303.0,821.0,335.0,266.0,347.0,289.0,334.0,299.0,340.0,339.0,336.0,360.0,336.0,299.0
9764,VP_027,tsst,Pause_1,6,342.0,892.0,365.0,313.0,362.0,340.0,354.0,340.0,361.0,360.0,365.0,380.0,365.0,311.0
9765,VP_027,tsst,Pause_1,7,350.0,849.0,392.0,317.0,388.0,336.0,379.0,348.0,389.0,387.0,392.0,406.0,392.0,347.0
9766,VP_027,tsst,Pause_1,8,359.0,792.0,389.0,283.0,380.0,325.0,369.0,358.0,373.0,372.0,389.0,401.0,389.0,358.0
9767,VP_027,tsst,Pause_1,9,341.0,776.0,362.0,279.0,359.0,306.0,349.0,337.0,351.0,350.0,360.0,376.0,360.0,337.0
9768,VP_027,tsst,Pause_1,10,328.0,803.0,348.0,296.0,349.0,323.0,340.0,323.0,345.0,344.0,352.0,367.0,352.0,304.0
9769,VP_027,tsst,Pause_1,11,316.0,847.0,362.0,309.0,360.0,300.0,348.0,303.0,356.0,355.0,303.0,376.0,359.0,303.0
9770,VP_027,tsst,Pause_5,0,336.0,753.0,359.0,306.0,353.0,332.0,346.0,356.0,347.0,343.0,338.0,375.0,358.0,332.0
9771,VP_027,tsst,Pause_5,1,336.0,724.0,364.0,255.0,360.0,289.0,344.0,334.0,346.0,342.0,365.0,379.0,365.0,334.0
9772,VP_027,tsst,Pause_5,2,329.0,760.0,347.0,258.0,345.0,292.0,337.0,330.0,333.0,330.0,333.0,330.0,347.0,330.0
9773,VP_027,tsst,Pause_5,3,336.0,810.0,351.0,300.0,352.0,332.0,345.0,313.0,344.0,342.0,352.0,298.0,352.0,297.0
9774,VP_027,tsst,Pause_5,4,356.0,849.0,373.0,320.0,368.0,349.0,363.0,354.0,363.0,360.0,356.0,354.0,373.0,354.0
9775,VP_027,tsst,Pause_5,5,374.0,853.0,390.0,338.0,382.0,363.0,378.0,370.0,379.0,375.0,371.0,401.0,390.0,370.0
9776,VP_027,tsst,Pause_5,6,376.0,852.0,390.0,336.0,388.0,367.0,381.0,322.0,379.0,376.0,390.0,292.0,390.0,292.0
9777,VP_027,tsst,Pause_5,7,372.0,819.0,391.0,340.0,385.0,367.0,380.0,371.0,381.0,377.0,374.0,403.0,391.0,371.0
9778,VP_027,tsst,Pause_5,8,356.0,741.0,381.0,287.0,378.0,318.0,367.0,347.0,368.0,365.0,380.0,397.0,380.0,347.0
9779,VP_027,tsst,Pause_5,9,331.0,677.0,357.0,251.0,355.0,291.0,338.0,327.0,341.0,337.0,360.0,326.0,360.0,326.0
9780,VP_027,tsst,Pause_5,10,314.0,675.0,286.0,271.0,327.0,306.0,322.0,313.0,315.0,313.0,323.0,313.0,280.0,313.0
9781,VP_027,tsst,Prep,0,325.0,686.0,335.0,243.0,332.0,315.0,328.0,281.0,319.0,317.0,324.0,322.0,336.0,322.0
9782,VP_027,tsst,Prep,1,328.0,737.0,343.0,239.0,338.0,316.0,332.0,326.0,324.0,320.0,327.0,326.0,342.0,326.0
9783,VP_027,tsst,Prep,2,339.0,756.0,348.0,260.0,349.0,331.0,344.0,338.0,336.0,334.0,342.0,338.0,349.0,338.0
9784,VP_027,tsst,Prep,3,348.0,699.0,361.0,302.0,356.0,339.0,351.0,344.0,345.0,342.0,362.0,344.0,362.0,344.0
9785,VP_027,tsst,Prep,4,336.0,719.0,351.0,243.0,346.0,322.0,338.0,334.0,330.0,325.0,343.0,334.0,343.0,334.0
9786,VP_027,tsst,Prep,5,336.0,747.0,345.0,257.0,345.0,325.0,339.0,335.0,331.0,329.0,360.0,334.0,360.0,334.0
9787,VP_027,tsst,Prep,6,344.0,700.0,94.0,253.0,351.0,328.0,341.0,,340.0,338.0,85.0,340.0,,340.0
9788,VP_027,tsst,Prep,8,360.0,692.0,398.0,321.0,366.0,346.0,362.0,357.0,361.0,349.0,385.0,357.0,385.0,357.0
9789,VP_027,tsst,Prep,9,335.0,727.0,352.0,293.0,341.0,322.0,339.0,333.0,344.0,328.0,337.0,226.0,345.0,333.0
9790,VP_027,tsst,Prep,10,340.0,715.0,258.0,308.0,201.0,403.0,346.0,192.0,358.0,340.0,274.0,190.0,274.0,189.0
9791,VP_027,tsst,Prep,11,338.0,676.0,355.0,252.0,349.0,326.0,345.0,340.0,335.0,330.0,347.0,340.0,347.0,340.0
9792,VP_027,tsst,Prep,12,323.0,700.0,336.0,280.0,334.0,313.0,329.0,323.0,320.0,316.0,328.0,323.0,341.0,323.0
9793,VP_027,tsst,Prep,13,397.0,689.0,301.0,343.0,397.0,379.0,401.0,,363.0,331.0,268.0,392.0,268.0,392.0
9794,VP_027,tsst,Prep,14,318.0,657.0,296.0,506.0,548.0,528.0,544.0,536.0,449.0,227.0,537.0,536.0,330.0,536.0
9795,VP_027,tsst,Prep,15,278.0,665.0,,213.0,318.0,254.0,286.0,277.0,299.0,299.0,312.0,276.0,312.0,276.0
9796,VP_027,tsst,Prep,16,314.0,689.0,348.0,348.0,320.0,454.0,474.0,315.0,383.0,303.0,337.0,464.0,337.0,464.0
9797,VP_027,tsst,Prep,17,315.0,681.0,308.0,243.0,325.0,309.0,319.0,264.0,312.0,312.0,325.0,222.0,325.0,221.0
9798,VP_027,tsst,Prep,18,314.0,658.0,321.0,241.0,325.0,306.0,318.0,291.0,313.0,312.0,318.0,208.0,324.0,276.0
9799,VP_027,tsst,Prep,19,291.0,649.0,313.0,212.0,319.0,265.0,308.0,293.0,307.0,305.0,302.0,293.0,305.0,293.0
9800,VP_027,tsst,Prep,20,264.0,657.0,206.0,214.0,311.0,297.0,269.0,254.0,295.0,295.0,218.0,147.0,,254.0
9801,VP_027,tsst,Prep,21,306.0,690.0,271.0,243.0,316.0,302.0,312.0,304.0,299.0,299.0,229.0,304.0,243.0,304.0
9802,VP_027,tsst,Prep,22,321.0,669.0,283.0,248.0,329.0,314.0,326.0,319.0,312.0,312.0,300.0,319.0,300.0,319.0
9803,VP_027,tsst,Prep,23,320.0,706.0,226.0,244.0,211.0,308.0,354.0,200.0,326.0,317.0,201.0,323.0,,323.0
9804,VP_027,tsst,Prep,24,327.0,745.0,280.0,254.0,333.0,318.0,330.0,323.0,318.0,317.0,293.0,323.0,293.0,323.0
9805,VP_027,tsst,Prep,25,337.0,816.0,310.0,260.0,347.0,332.0,342.0,292.0,333.0,333.0,299.0,24.0,299.0,292.0
9806,VP_027,tsst,Prep,26,364.0,811.0,376.0,268.0,373.0,355.0,368.0,362.0,363.0,361.0,363.0,362.0,377.0,362.0
9807,VP_027,tsst,Prep,27,365.0,847.0,374.0,264.0,374.0,353.0,365.0,358.0,359.0,358.0,375.0,358.0,375.0,358.0
9808,VP_027,tsst,Prep,28,369.0,893.0,375.0,302.0,381.0,363.0,374.0,320.0,367.0,367.0,372.0,287.0,372.0,287.0
9809,VP_027,tsst,Prep,29,388.0,879.0,387.0,337.0,398.0,381.0,391.0,330.0,386.0,385.0,393.0,330.0,393.0,330.0
9810,VP_027,tsst,Prep,30,388.0,779.0,403.0,311.0,400.0,376.0,390.0,375.0,386.0,384.0,400.0,416.0,400.0,360.0
9811,VP_027,tsst,Prep,31,350.0,736.0,371.0,257.0,364.0,338.0,356.0,353.0,351.0,349.0,373.0,383.0,373.0,353.0
9812,VP_027,tsst,Prep,32,338.0,770.0,345.0,263.0,348.0,330.0,344.0,339.0,333.0,332.0,346.0,339.0,343.0,339.0
9813,VP_027,tsst,Prep,33,348.0,781.0,352.0,272.0,358.0,341.0,353.0,346.0,343.0,342.0,302.0,346.0,325.0,346.0
9814,VP_027,tsst,Prep,34,359.0,733.0,372.0,315.0,366.0,347.0,363.0,358.0,356.0,352.0,360.0,358.0,373.0,358.0
9815,VP_027,tsst,Prep,35,349.0,801.0,358.0,250.0,355.0,334.0,351.0,347.0,340.0,336.0,349.0,347.0,358.0,347.0
9816,VP_027,tsst,Prep,36,363.0,853.0,373.0,312.0,371.0,354.0,367.0,362.0,357.0,355.0,373.0,362.0,373.0,362.0
9817,VP_027,tsst,Prep,37,381.0,874.0,386.0,334.0,391.0,375.0,387.0,381.0,378.0,375.0,388.0,381.0,388.0,381.0
9818,VP_027,tsst,Prep,38,388.0,830.0,410.0,349.0,404.0,382.0,396.0,388.0,389.0,385.0,390.0,388.0,409.0,388.0
9819,VP_027,tsst,Prep,39,375.0,,391.0,289.0,385.0,366.0,381.0,377.0,369.0,367.0,391.0,376.0,391.0,376.0
9820,VP_027,tsst,Talk,0,263.0,555.0,284.0,222.0,278.0,262.0,270.0,284.0,269.0,268.0,285.0,295.0,285.0,201.0
9821,VP_027,tsst,Talk,1,274.0,551.0,298.0,194.0,280.0,263.0,278.0,273.0,272.0,270.0,274.0,273.0,301.0,273.0
9822,VP_027,tsst,Talk,2,269.0,569.0,290.0,234.0,281.0,261.0,275.0,265.0,275.0,271.0,267.0,300.0,280.0,265.0
9823,VP_027,tsst,Talk,3,237.0,602.0,176.0,156.0,115.0,258.0,153.0,126.0,260.0,261.0,184.0,111.0,,110.0
9824,VP_027,tsst,Talk,4,293.0,677.0,38.0,174.0,298.0,286.0,241.0,227.0,277.0,277.0,233.0,3.0,,291.0
9825,VP_027,tsst,Talk,5,280.0,723.0,334.0,298.0,275.0,362.0,283.0,278.0,332.0,321.0,336.0,278.0,336.0,278.0
9826,VP_027,tsst,Talk,6,335.0,750.0,251.0,265.0,340.0,323.0,338.0,334.0,346.0,337.0,341.0,0.0,,334.0
9827,VP_027,tsst,Talk,7,345.0,762.0,324.0,313.0,353.0,339.0,350.0,277.0,358.0,347.0,277.0,13.0,321.0,277.0
9828,VP_027,tsst,Talk,8,356.0,752.0,224.0,302.0,358.0,342.0,361.0,159.0,346.0,343.0,270.0,357.0,,357.0
9829,VP_027,tsst,Talk,9,341.0,730.0,354.0,292.0,351.0,332.0,346.0,339.0,338.0,337.0,345.0,339.0,348.0,339.0
9830,VP_027,tsst,Talk,10,348.0,662.0,202.0,281.0,347.0,332.0,350.0,192.0,329.0,328.0,261.0,346.0,261.0,346.0
9831,VP_027,tsst,Talk,11,314.0,620.0,342.0,285.0,332.0,305.0,328.0,318.0,326.0,316.0,334.0,360.0,334.0,317.0
9832,VP_027,tsst,Talk,12,305.0,568.0,314.0,220.0,309.0,292.0,307.0,303.0,297.0,294.0,308.0,303.0,317.0,303.0
9833,VP_027,tsst,Talk,13,277.0,562.0,292.0,205.0,292.0,274.0,287.0,254.0,289.0,281.0,289.0,164.0,297.0,234.0
9834,VP_027,tsst,Talk,14,205.0,596.0,244.0,214.0,235.0,277.0,221.0,199.0,266.0,266.0,240.0,263.0,240.0,198.0
9835,VP_027,tsst,Talk,15,254.0,668.0,293.0,208.0,127.0,236.0,256.0,253.0,278.0,278.0,296.0,253.0,296.0,253.0
9836,VP_027,tsst,Talk,16,317.0,744.0,267.0,253.0,323.0,310.0,237.0,,307.0,306.0,268.0,229.0,268.0,318.0
9837,VP_027,tsst,Talk,17,339.0,775.0,312.0,233.0,347.0,331.0,342.0,332.0,332.0,331.0,259.0,332.0,309.0,332.0
9838,VP_027,tsst,Talk,18,346.0,686.0,361.0,257.0,360.0,339.0,352.0,321.0,350.0,347.0,307.0,378.0,360.0,305.0
9839,VP_027,tsst,Talk,19,318.0,634.0,336.0,280.0,334.0,313.0,327.0,316.0,322.0,318.0,329.0,316.0,337.0,316.0
9840,VP_027,tsst,Talk,20,294.0,614.0,304.0,259.0,310.0,292.0,304.0,252.0,302.0,299.0,255.0,327.0,302.0,252.0
9841,VP_027,tsst,Talk,21,303.0,610.0,159.0,260.0,305.0,351.0,305.0,302.0,317.0,301.0,305.0,86.0,,352.0
9842,VP_027,tsst,Talk,22,247.0,650.0,278.0,295.0,252.0,393.0,366.0,,345.0,296.0,277.0,247.0,277.0,356.0
9843,VP_027,tsst,Talk,23,311.0,640.0,318.0,235.0,318.0,296.0,315.0,309.0,307.0,305.0,315.0,337.0,322.0,309.0
9845,VP_027,tsst,Talk,26,320.0,635.0,,243.0,323.0,304.0,323.0,219.0,305.0,304.0,219.0,320.0,,320.0
9846,VP_027,tsst,Talk,27,292.0,617.0,197.0,206.0,317.0,252.0,304.0,283.0,300.0,298.0,302.0,326.0,,283.0
9847,VP_027,tsst,Talk,28,291.0,584.0,170.0,212.0,300.0,282.0,296.0,290.0,290.0,289.0,295.0,290.0,,290.0
9848,VP_027,tsst,Talk,29,283.0,593.0,303.0,207.0,291.0,270.0,287.0,281.0,281.0,279.0,282.0,312.0,302.0,281.0
9849,VP_027,tsst,Talk,30,245.0,600.0,292.0,278.0,290.0,341.0,282.0,186.0,306.0,293.0,295.0,186.0,295.0,343.0
9850,VP_027,tsst,Talk,31,286.0,625.0,304.0,240.0,294.0,278.0,290.0,284.0,286.0,285.0,301.0,284.0,301.0,284.0
9851,VP_027,tsst,Talk,32,295.0,679.0,,220.0,303.0,286.0,297.0,293.0,292.0,291.0,-138.0,293.0,,293.0
9852,VP_027,tsst,Talk,33,312.0,672.0,252.0,248.0,321.0,307.0,319.0,,308.0,308.0,38.0,0.0,,309.0
9853,VP_027,tsst,Talk,34,313.0,734.0,319.0,219.0,321.0,305.0,317.0,311.0,313.0,311.0,268.0,311.0,327.0,311.0
9854,VP_027,tsst,Talk,35,332.0,718.0,345.0,299.0,341.0,324.0,337.0,330.0,340.0,336.0,331.0,361.0,345.0,330.0
9855,VP_027,tsst,Talk,36,277.0,694.0,417.0,299.0,276.0,346.0,389.0,276.0,356.0,337.0,417.0,412.0,417.0,386.0
9856,VP_027,tsst,Talk,37,387.0,674.0,343.0,331.0,328.0,376.0,325.0,387.0,351.0,330.0,344.0,387.0,344.0,387.0
9857,VP_027,tsst,Talk,38,321.0,681.0,328.0,237.0,326.0,308.0,323.0,326.0,312.0,311.0,320.0,319.0,321.0,319.0
9858,VP_027,tsst,Talk,39,313.0,618.0,340.0,239.0,322.0,305.0,316.0,307.0,321.0,317.0,345.0,307.0,345.0,307.0
9859,VP_027,tsst,Talk,40,292.0,627.0,316.0,202.0,305.0,247.0,296.0,292.0,295.0,292.0,310.0,324.0,310.0,291.0
9860,VP_027,tsst,Talk,41,294.0,616.0,310.0,222.0,306.0,288.0,302.0,294.0,299.0,296.0,297.0,294.0,316.0,294.0
9861,VP_027,tsst,Talk,42,292.0,608.0,274.0,265.0,308.0,359.0,304.0,224.0,315.0,301.0,230.0,0.0,256.0,163.0
9862,VP_027,tsst,Talk,43,291.0,572.0,312.0,203.0,301.0,278.0,295.0,290.0,292.0,289.0,316.0,325.0,316.0,290.0
9863,VP_027,tsst,Talk,44,281.0,560.0,299.0,185.0,291.0,272.0,284.0,276.0,278.0,276.0,298.0,309.0,298.0,276.0
9864,VP_028,ftsst,Math,1,215.0,415.0,204.0,178.0,154.0,282.0,166.0,61.0,243.0,230.0,214.0,144.0,214.0,143.0
9865,VP_028,ftsst,Math,2,151.0,413.0,179.0,144.0,61.0,,158.0,131.0,204.0,204.0,182.0,200.0,182.0,112.0
9866,VP_028,ftsst,Math,3,205.0,415.0,219.0,114.0,213.0,186.0,209.0,203.0,210.0,210.0,207.0,230.0,,203.0
9867,VP_028,ftsst,Math,4,220.0,415.0,79.0,67.0,-110.0,,63.0,59.0,162.0,141.0,91.0,129.0,,43.0
9868,VP_028,ftsst,Math,5,157.0,414.0,29.0,8.0,-21.0,,-17.0,,137.0,82.0,-137.0,78.0,,78.0
9869,VP_028,ftsst,Math,6,208.0,416.0,150.0,145.0,217.0,193.0,217.0,207.0,218.0,217.0,132.0,230.0,,207.0
9870,VP_028,ftsst,Math,7,215.0,416.0,,7.0,-73.0,,92.0,,156.0,128.0,-283.0,91.0,,91.0
9871,VP_028,ftsst,Math,8,212.0,418.0,127.0,143.0,111.0,198.0,112.0,102.0,204.0,204.0,107.0,213.0,159.0,213.0
9872,VP_028,ftsst,Math,9,197.0,418.0,216.0,124.0,217.0,186.0,206.0,191.0,210.0,211.0,118.0,233.0,219.0,191.0
9873,VP_028,ftsst,Math,11,203.0,420.0,235.0,123.0,102.0,182.0,209.0,,213.0,213.0,207.0,240.0,231.0,202.0
9874,VP_028,ftsst,Math,13,171.0,425.0,202.0,108.0,206.0,,189.0,167.0,212.0,212.0,191.0,230.0,212.0,167.0
9875,VP_028,ftsst,Math,14,202.0,420.0,174.0,146.0,219.0,197.0,215.0,116.0,212.0,212.0,149.0,222.0,,98.0
9876,VP_028,ftsst,Math,15,226.0,422.0,,18.0,-123.0,,102.0,,156.0,128.0,-273.0,105.0,,105.0
9877,VP_028,ftsst,Math,16,159.0,427.0,195.0,155.0,164.0,,161.0,153.0,211.0,212.0,242.0,198.0,242.0,152.0
9878,VP_028,ftsst,Math,17,176.0,432.0,214.0,111.0,166.0,,185.0,172.0,215.0,215.0,80.0,227.0,186.0,172.0
9879,VP_028,ftsst,Math,18,205.0,433.0,174.0,146.0,95.0,206.0,132.0,110.0,208.0,208.0,166.0,180.0,166.0,110.0
9880,VP_028,ftsst,Math,19,223.0,433.0,243.0,183.0,225.0,207.0,221.0,219.0,229.0,227.0,252.0,218.0,252.0,218.0
9881,VP_028,ftsst,Math,20,190.0,432.0,195.0,125.0,210.0,158.0,199.0,157.0,216.0,217.0,173.0,225.0,186.0,94.0
9882,VP_028,ftsst,Math,21,225.0,429.0,157.0,169.0,227.0,206.0,228.0,221.0,220.0,220.0,167.0,221.0,167.0,221.0
9883,VP_028,ftsst,Math,22,204.0,429.0,182.0,110.0,217.0,193.0,205.0,161.0,214.0,215.0,163.0,230.0,195.0,160.0
9884,VP_028,ftsst,Math,23,214.0,430.0,190.0,163.0,226.0,203.0,216.0,129.0,217.0,217.0,161.0,232.0,176.0,105.0
9885,VP_028,ftsst,Math,24,183.0,427.0,192.0,106.0,-21.0,,182.0,169.0,212.0,213.0,-254.0,169.0,,168.0
9886,VP_028,ftsst,Math,25,213.0,427.0,159.0,158.0,217.0,200.0,217.0,211.0,213.0,214.0,219.0,211.0,225.0,211.0
9887,VP_028,ftsst,Math,26,215.0,429.0,166.0,155.0,-22.0,211.0,148.0,115.0,212.0,212.0,114.0,0.0,166.0,111.0
9888,VP_028,ftsst,Math,27,222.0,432.0,155.0,149.0,227.0,208.0,227.0,219.0,218.0,218.0,145.0,219.0,,219.0
9889,VP_028,ftsst,Math,28,215.0,437.0,181.0,158.0,227.0,206.0,172.0,140.0,214.0,215.0,145.0,105.0,189.0,105.0
9890,VP_028,ftsst,Math,29,224.0,445.0,162.0,147.0,230.0,211.0,225.0,117.0,217.0,218.0,169.0,112.0,169.0,111.0
9891,VP_028,ftsst,Math,30,221.0,446.0,176.0,158.0,231.0,213.0,223.0,158.0,220.0,221.0,115.0,0.0,,112.0
9892,VP_028,ftsst,Math,31,215.0,452.0,158.0,134.0,226.0,206.0,218.0,114.0,218.0,218.0,182.0,109.0,182.0,109.0
9893,VP_028,ftsst,Math,32,227.0,453.0,185.0,166.0,231.0,208.0,221.0,146.0,222.0,222.0,189.0,89.0,189.0,89.0
9894,VP_028,ftsst,Math,33,203.0,457.0,133.0,139.0,230.0,167.0,217.0,138.0,222.0,222.0,218.0,0.0,,68.0
9895,VP_028,ftsst,Math,34,222.0,455.0,176.0,164.0,-24.0,217.0,162.0,136.0,222.0,222.0,224.0,136.0,224.0,136.0
9896,VP_028,ftsst,Math,35,186.0,458.0,218.0,128.0,185.0,165.0,193.0,178.0,222.0,222.0,185.0,241.0,224.0,178.0
9897,VP_028,ftsst,Math,36,218.0,455.0,223.0,115.0,221.0,195.0,221.0,222.0,222.0,222.0,83.0,234.0,,219.0
9898,VP_028,ftsst,Math,37,232.0,458.0,239.0,156.0,233.0,210.0,235.0,129.0,228.0,228.0,255.0,261.0,255.0,231.0
9899,VP_028,ftsst,Math,38,204.0,457.0,171.0,161.0,41.0,202.0,149.0,148.0,220.0,220.0,162.0,0.0,162.0,147.0
9900,VP_028,ftsst,Math,39,208.0,457.0,180.0,175.0,86.0,209.0,229.0,119.0,228.0,228.0,183.0,98.0,183.0,97.0
9901,VP_028,ftsst,Math,40,212.0,457.0,175.0,163.0,138.0,210.0,150.0,132.0,221.0,222.0,167.0,132.0,167.0,132.0
9902,VP_028,ftsst,Math,41,215.0,453.0,110.0,124.0,230.0,194.0,223.0,212.0,227.0,227.0,227.0,239.0,,212.0
9903,VP_028,ftsst,Math,42,204.0,452.0,95.0,138.0,-42.0,198.0,180.0,161.0,217.0,218.0,172.0,70.0,,161.0
9904,VP_028,ftsst,Math,43,207.0,449.0,245.0,183.0,227.0,,211.0,202.0,231.0,230.0,253.0,261.0,253.0,201.0
9905,VP_028,ftsst,Math,44,200.0,443.0,174.0,166.0,228.0,196.0,216.0,148.0,221.0,222.0,137.0,231.0,,114.0
9906,VP_028,ftsst,Math,45,209.0,441.0,144.0,138.0,228.0,195.0,223.0,209.0,223.0,223.0,104.0,235.0,,209.0
9907,VP_028,ftsst,Math,46,189.0,435.0,212.0,125.0,105.0,240.0,189.0,186.0,222.0,222.0,199.0,0.0,199.0,185.0
9908,VP_028,ftsst,Math,47,196.0,433.0,200.0,167.0,149.0,203.0,154.0,131.0,220.0,220.0,221.0,237.0,221.0,131.0
9909,VP_028,ftsst,Math,48,225.0,435.0,51.0,159.0,229.0,213.0,227.0,133.0,215.0,216.0,160.0,223.0,,223.0
9910,VP_028,ftsst,Math,49,212.0,433.0,154.0,135.0,108.0,203.0,226.0,209.0,218.0,218.0,160.0,209.0,160.0,209.0
9911,VP_028,ftsst,Math,50,221.0,434.0,203.0,164.0,233.0,220.0,169.0,155.0,218.0,218.0,195.0,155.0,195.0,155.0
9912,VP_028,ftsst,Math,51,209.0,437.0,238.0,180.0,222.0,204.0,217.0,153.0,237.0,232.0,235.0,243.0,235.0,153.0
9913,VP_028,ftsst,Math,52,207.0,446.0,126.0,122.0,215.0,193.0,217.0,207.0,220.0,220.0,134.0,207.0,,207.0
9914,VP_028,ftsst,Math,53,239.0,461.0,262.0,164.0,242.0,288.0,238.0,243.0,247.0,239.0,276.0,237.0,276.0,237.0
9915,VP_028,ftsst,Math,54,241.0,465.0,173.0,169.0,150.0,219.0,248.0,238.0,239.0,237.0,173.0,260.0,173.0,238.0
9916,VP_028,ftsst,Math,55,225.0,456.0,99.0,129.0,95.0,216.0,183.0,223.0,231.0,231.0,241.0,223.0,,223.0
9917,VP_028,ftsst,Math,56,227.0,456.0,254.0,151.0,233.0,209.0,233.0,227.0,234.0,233.0,230.0,265.0,257.0,227.0
9918,VP_028,ftsst,Math,57,235.0,452.0,156.0,243.0,308.0,292.0,307.0,,265.0,246.0,236.0,302.0,,302.0
9919,VP_028,ftsst,Math,58,198.0,447.0,202.0,156.0,-30.0,183.0,202.0,193.0,224.0,224.0,195.0,193.0,227.0,193.0
9920,VP_028,ftsst,Math,59,216.0,445.0,234.0,131.0,102.0,211.0,227.0,155.0,226.0,226.0,249.0,112.0,249.0,112.0
9921,VP_028,ftsst,Math,60,203.0,442.0,223.0,122.0,234.0,,220.0,175.0,224.0,224.0,182.0,239.0,,175.0
9922,VP_028,ftsst,Math,61,224.0,439.0,169.0,165.0,230.0,212.0,226.0,220.0,220.0,220.0,168.0,220.0,168.0,220.0
9923,VP_028,ftsst,Math,62,226.0,441.0,181.0,155.0,237.0,217.0,233.0,124.0,223.0,223.0,228.0,116.0,228.0,115.0
9924,VP_028,ftsst,Math,63,220.0,447.0,185.0,172.0,232.0,214.0,228.0,131.0,223.0,223.0,179.0,0.0,179.0,131.0
9925,VP_028,ftsst,Math,64,190.0,456.0,202.0,136.0,114.0,176.0,225.0,190.0,225.0,225.0,207.0,110.0,207.0,190.0
9926,VP_028,ftsst,Math,65,228.0,460.0,198.0,174.0,240.0,224.0,234.0,144.0,227.0,227.0,183.0,0.0,183.0,143.0
9927,VP_028,ftsst,Math,66,211.0,463.0,229.0,129.0,237.0,182.0,219.0,201.0,230.0,230.0,202.0,251.0,229.0,201.0
9928,VP_028,ftsst,Math,67,234.0,,192.0,178.0,243.0,226.0,242.0,229.0,230.0,230.0,199.0,229.0,199.0,229.0
9929,VP_028,ftsst,Pause_1,0,293.0,463.0,194.0,213.0,290.0,276.0,292.0,111.0,250.0,243.0,190.0,287.0,190.0,287.0
9930,VP_028,ftsst,Pause_1,1,184.0,461.0,191.0,159.0,-37.0,,180.0,127.0,220.0,220.0,192.0,127.0,192.0,126.0
9931,VP_028,ftsst,Pause_1,2,209.0,451.0,177.0,153.0,169.0,211.0,162.0,144.0,216.0,216.0,177.0,124.0,177.0,124.0
9932,VP_028,ftsst,Pause_1,4,175.0,444.0,182.0,161.0,215.0,,194.0,129.0,219.0,220.0,182.0,0.0,182.0,128.0
9933,VP_028,ftsst,Pause_1,5,200.0,438.0,177.0,157.0,220.0,192.0,204.0,116.0,216.0,216.0,175.0,116.0,175.0,115.0
9934,VP_028,ftsst,Pause_1,6,201.0,434.0,177.0,133.0,215.0,191.0,204.0,150.0,214.0,215.0,178.0,225.0,178.0,104.0
9935,VP_028,ftsst,Pause_1,7,205.0,431.0,172.0,153.0,215.0,195.0,204.0,117.0,212.0,212.0,173.0,117.0,173.0,116.0
9936,VP_028,ftsst,Pause_1,8,202.0,430.0,174.0,156.0,-37.0,196.0,165.0,112.0,213.0,214.0,172.0,0.0,172.0,109.0
9937,VP_028,ftsst,Pause_1,9,202.0,429.0,173.0,156.0,214.0,190.0,169.0,120.0,213.0,214.0,122.0,0.0,171.0,120.0
9938,VP_028,ftsst,Pause_1,10,167.0,427.0,179.0,155.0,-30.0,,167.0,117.0,212.0,213.0,118.0,0.0,183.0,117.0
9939,VP_028,ftsst,Pause_1,11,196.0,423.0,171.0,153.0,-32.0,192.0,158.0,119.0,211.0,211.0,129.0,0.0,172.0,119.0
9940,VP_028,ftsst,Pause_1,12,163.0,423.0,173.0,157.0,-40.0,,192.0,116.0,212.0,213.0,113.0,0.0,172.0,109.0
9941,VP_028,ftsst,Pause_1,13,192.0,420.0,172.0,131.0,214.0,184.0,202.0,154.0,212.0,212.0,166.0,107.0,166.0,106.0
9942,VP_028,ftsst,Pause_1,14,198.0,419.0,168.0,137.0,211.0,189.0,202.0,151.0,209.0,210.0,173.0,103.0,173.0,103.0
9943,VP_028,ftsst,Pause_1,15,200.0,420.0,156.0,144.0,209.0,190.0,205.0,114.0,209.0,210.0,161.0,97.0,161.0,97.0
9944,VP_028,ftsst,Pause_1,16,195.0,420.0,182.0,157.0,216.0,199.0,169.0,117.0,212.0,212.0,177.0,91.0,177.0,91.0
9945,VP_028,ftsst,Pause_1,17,152.0,421.0,171.0,157.0,216.0,200.0,159.0,122.0,212.0,212.0,166.0,0.0,166.0,122.0
9946,VP_028,ftsst,Pause_1,18,157.0,423.0,176.0,159.0,163.0,206.0,160.0,135.0,213.0,213.0,138.0,0.0,179.0,134.0
9947,VP_028,ftsst,Pause_1,19,164.0,425.0,179.0,153.0,166.0,,162.0,140.0,210.0,211.0,147.0,0.0,180.0,140.0
9948,VP_028,ftsst,Pause_1,21,197.0,,183.0,157.0,-35.0,201.0,166.0,139.0,213.0,213.0,142.0,0.0,181.0,139.0
9949,VP_028,ftsst,Pause_5,0,279.0,524.0,221.0,220.0,268.0,251.0,272.0,225.0,269.0,264.0,239.0,0.0,239.0,133.0
9950,VP_028,ftsst,Pause_5,1,256.0,526.0,214.0,219.0,264.0,249.0,268.0,192.0,270.0,264.0,205.0,160.0,205.0,159.0
9951,VP_028,ftsst,Pause_5,2,263.0,523.0,216.0,220.0,282.0,257.0,279.0,158.0,268.0,264.0,213.0,158.0,213.0,157.0
9952,VP_028,ftsst,Pause_5,3,258.0,518.0,212.0,219.0,285.0,250.0,274.0,161.0,266.0,262.0,213.0,0.0,213.0,160.0
9953,VP_028,ftsst,Pause_5,4,259.0,518.0,202.0,215.0,266.0,250.0,271.0,256.0,265.0,260.0,158.0,256.0,221.0,256.0
9954,VP_028,ftsst,Pause_5,5,251.0,515.0,197.0,196.0,258.0,239.0,257.0,243.0,263.0,259.0,253.0,243.0,,243.0
9955,VP_028,ftsst,Pause_5,6,250.0,509.0,203.0,214.0,43.0,246.0,284.0,155.0,266.0,261.0,209.0,91.0,209.0,91.0
9956,VP_028,ftsst,Pause_5,7,244.0,504.0,227.0,177.0,123.0,241.0,256.0,209.0,264.0,259.0,241.0,134.0,241.0,134.0
9957,VP_028,ftsst,Pause_5,8,245.0,501.0,168.0,169.0,126.0,243.0,255.0,153.0,259.0,255.0,153.0,24.0,,119.0
9958,VP_028,ftsst,Pause_5,9,251.0,500.0,213.0,217.0,262.0,247.0,267.0,186.0,263.0,256.0,223.0,0.0,223.0,146.0
9959,VP_028,ftsst,Pause_5,10,249.0,502.0,214.0,214.0,257.0,242.0,260.0,188.0,262.0,256.0,206.0,0.0,206.0,121.0
9960,VP_028,ftsst,Pause_5,11,252.0,518.0,209.0,216.0,198.0,251.0,196.0,178.0,264.0,258.0,212.0,0.0,212.0,142.0
9961,VP_028,ftsst,Pause_5,12,249.0,522.0,221.0,223.0,208.0,255.0,279.0,186.0,270.0,263.0,219.0,0.0,219.0,141.0
9962,VP_028,ftsst,Pause_5,13,252.0,522.0,218.0,226.0,214.0,298.0,203.0,162.0,270.0,264.0,220.0,155.0,220.0,155.0
9963,VP_028,ftsst,Pause_5,14,256.0,525.0,216.0,222.0,207.0,255.0,282.0,158.0,268.0,263.0,214.0,0.0,214.0,147.0
9964,VP_028,ftsst,Pause_5,15,272.0,532.0,208.0,215.0,203.0,248.0,273.0,257.0,266.0,262.0,215.0,257.0,215.0,257.0
9965,VP_028,ftsst,Pause_5,16,189.0,547.0,233.0,228.0,187.0,276.0,198.0,181.0,274.0,268.0,225.0,181.0,225.0,181.0
9966,VP_028,ftsst,Pause_5,17,264.0,554.0,217.0,222.0,282.0,262.0,285.0,268.0,275.0,270.0,224.0,268.0,224.0,268.0
9967,VP_028,ftsst,Prep,0,213.0,575.0,226.0,229.0,214.0,297.0,220.0,106.0,276.0,275.0,241.0,0.0,241.0,207.0
9968,VP_028,ftsst,Prep,2,222.0,571.0,252.0,226.0,86.0,,238.0,220.0,275.0,275.0,224.0,92.0,262.0,220.0
9969,VP_028,ftsst,Prep,3,215.0,559.0,227.0,226.0,219.0,280.0,223.0,195.0,274.0,273.0,197.0,0.0,232.0,174.0
9970,VP_028,ftsst,Prep,4,219.0,570.0,224.0,224.0,236.0,,228.0,178.0,271.0,270.0,210.0,0.0,210.0,178.0
9971,VP_028,ftsst,Prep,5,217.0,565.0,234.0,228.0,245.0,294.0,221.0,190.0,275.0,274.0,237.0,0.0,237.0,190.0
9972,VP_028,ftsst,Prep,6,217.0,558.0,228.0,229.0,187.0,292.0,217.0,188.0,275.0,273.0,233.0,0.0,233.0,188.0
9973,VP_028,ftsst,Prep,7,290.0,543.0,133.0,181.0,292.0,276.0,292.0,140.0,270.0,269.0,113.0,287.0,,287.0
9974,VP_028,ftsst,Prep,8,221.0,540.0,171.0,171.0,149.0,273.0,232.0,148.0,264.0,263.0,230.0,0.0,224.0,147.0
9975,VP_028,ftsst,Prep,9,228.0,540.0,220.0,216.0,238.0,201.0,236.0,200.0,263.0,262.0,158.0,0.0,193.0,157.0
9976,VP_028,ftsst,Prep,10,215.0,538.0,233.0,218.0,233.0,204.0,228.0,210.0,264.0,263.0,211.0,0.0,232.0,210.0
9977,VP_028,ftsst,Prep,11,227.0,531.0,236.0,204.0,239.0,285.0,234.0,218.0,267.0,265.0,236.0,0.0,236.0,171.0
9978,VP_028,ftsst,Prep,12,202.0,526.0,199.0,213.0,14.0,277.0,223.0,193.0,260.0,259.0,195.0,0.0,195.0,155.0
9979,VP_028,ftsst,Prep,13,229.0,520.0,157.0,167.0,236.0,218.0,239.0,222.0,257.0,256.0,230.0,0.0,,222.0
9980,VP_028,ftsst,Prep,14,224.0,531.0,179.0,172.0,144.0,213.0,234.0,143.0,252.0,252.0,185.0,0.0,185.0,143.0
9981,VP_028,ftsst,Prep,15,221.0,542.0,206.0,210.0,153.0,191.0,225.0,191.0,259.0,258.0,196.0,0.0,196.0,158.0
9982,VP_028,ftsst,Prep,16,285.0,556.0,229.0,234.0,296.0,282.0,216.0,176.0,274.0,269.0,236.0,176.0,236.0,175.0
9983,VP_028,ftsst,Prep,17,212.0,556.0,214.0,224.0,237.0,290.0,225.0,186.0,270.0,269.0,206.0,0.0,206.0,186.0
9984,VP_028,ftsst,Prep,18,199.0,544.0,224.0,217.0,208.0,286.0,208.0,162.0,267.0,266.0,207.0,0.0,207.0,162.0
9985,VP_028,ftsst,Prep,19,226.0,533.0,247.0,172.0,148.0,197.0,229.0,221.0,267.0,265.0,261.0,221.0,261.0,220.0
9986,VP_028,ftsst,Prep,20,213.0,535.0,217.0,218.0,229.0,285.0,220.0,207.0,264.0,262.0,211.0,0.0,,206.0
9987,VP_028,ftsst,Prep,21,235.0,528.0,223.0,214.0,246.0,289.0,238.0,223.0,262.0,261.0,241.0,0.0,241.0,178.0
9988,VP_028,ftsst,Prep,22,200.0,524.0,238.0,219.0,182.0,279.0,219.0,194.0,263.0,261.0,231.0,0.0,231.0,194.0
9989,VP_028,ftsst,Prep,23,230.0,516.0,186.0,194.0,235.0,271.0,233.0,161.0,257.0,256.0,161.0,0.0,,160.0
9990,VP_028,ftsst,Prep,24,221.0,516.0,182.0,172.0,231.0,208.0,228.0,172.0,254.0,253.0,224.0,0.0,183.0,139.0
9991,VP_028,ftsst,Prep,25,200.0,519.0,191.0,199.0,59.0,,209.0,176.0,250.0,250.0,219.0,28.0,187.0,157.0
9992,VP_028,ftsst,Prep,27,197.0,524.0,206.0,203.0,233.0,,212.0,172.0,253.0,253.0,184.0,0.0,184.0,171.0
9993,VP_028,ftsst,Prep,28,194.0,515.0,213.0,213.0,148.0,,218.0,153.0,259.0,258.0,209.0,0.0,209.0,153.0
9994,VP_028,ftsst,Prep,29,218.0,509.0,177.0,165.0,225.0,199.0,223.0,165.0,248.0,248.0,218.0,0.0,214.0,147.0
9995,VP_028,ftsst,Prep,30,216.0,513.0,170.0,174.0,140.0,204.0,217.0,147.0,239.0,240.0,154.0,8.0,,146.0
9996,VP_028,ftsst,Prep,31,206.0,511.0,178.0,183.0,228.0,276.0,218.0,157.0,258.0,256.0,195.0,0.0,195.0,283.0
9997,VP_028,ftsst,Prep,32,220.0,503.0,210.0,207.0,146.0,,205.0,163.0,254.0,253.0,195.0,0.0,195.0,163.0
9998,VP_028,ftsst,Prep,33,223.0,503.0,185.0,166.0,229.0,207.0,226.0,165.0,247.0,247.0,226.0,6.0,,147.0
9999,VP_028,ftsst,Prep,34,216.0,510.0,166.0,163.0,0.0,258.0,224.0,193.0,248.0,248.0,229.0,5.0,178.0,141.0
10000,VP_028,ftsst,Prep,35,196.0,534.0,69.0,204.0,229.0,180.0,214.0,186.0,252.0,251.0,195.0,0.0,195.0,186.0
10001,VP_028,ftsst,Prep,37,214.0,584.0,235.0,218.0,247.0,,229.0,190.0,271.0,271.0,229.0,190.0,229.0,190.0
10002,VP_028,ftsst,Prep,38,283.0,568.0,237.0,231.0,217.0,278.0,222.0,213.0,278.0,277.0,235.0,0.0,235.0,212.0
10003,VP_028,ftsst,Prep,39,231.0,598.0,230.0,220.0,239.0,299.0,224.0,206.0,270.0,270.0,232.0,0.0,232.0,205.0
10004,VP_028,ftsst,Prep,42,290.0,567.0,237.0,225.0,218.0,291.0,219.0,199.0,275.0,275.0,226.0,199.0,226.0,198.0
10005,VP_028,ftsst,Prep,43,213.0,558.0,246.0,219.0,213.0,285.0,217.0,209.0,269.0,269.0,253.0,209.0,253.0,209.0
10006,VP_028,ftsst,Prep,44,212.0,594.0,216.0,209.0,235.0,,218.0,171.0,262.0,262.0,213.0,0.0,213.0,171.0
10007,VP_028,ftsst,Prep,46,231.0,545.0,222.0,215.0,242.0,,230.0,182.0,266.0,266.0,215.0,0.0,215.0,181.0
10008,VP_028,ftsst,Prep,47,224.0,543.0,227.0,157.0,235.0,,227.0,209.0,259.0,259.0,234.0,0.0,234.0,208.0
10009,VP_028,ftsst,Prep,48,210.0,549.0,232.0,209.0,234.0,,220.0,203.0,260.0,260.0,228.0,0.0,228.0,202.0
10010,VP_028,ftsst,Prep,49,226.0,569.0,229.0,218.0,241.0,288.0,223.0,188.0,266.0,265.0,237.0,0.0,237.0,187.0
10011,VP_028,ftsst,Prep,50,210.0,546.0,248.0,213.0,245.0,,233.0,205.0,266.0,266.0,247.0,205.0,247.0,204.0
10012,VP_028,ftsst,Prep,51,213.0,538.0,228.0,215.0,198.0,,222.0,207.0,264.0,263.0,208.0,0.0,215.0,206.0
10013,VP_028,ftsst,Prep,52,204.0,541.0,229.0,203.0,211.0,263.0,217.0,200.0,256.0,256.0,200.0,0.0,233.0,199.0
10014,VP_028,ftsst,Prep,53,217.0,546.0,181.0,212.0,236.0,,226.0,185.0,261.0,261.0,41.0,0.0,,153.0
10015,VP_028,ftsst,Talk,0,164.0,441.0,,-73.0,-92.0,,-87.0,,91.0,-79.0,-63.0,-14.0,,
10016,VP_028,ftsst,Talk,1,184.0,442.0,90.0,1.0,-122.0,,54.0,,142.0,82.0,-48.0,53.0,,53.0
10017,VP_028,ftsst,Talk,2,214.0,444.0,,-50.0,-19.0,,-26.0,,103.0,-39.0,-138.0,-1.0,,
10018,VP_028,ftsst,Talk,3,221.0,442.0,169.0,163.0,234.0,211.0,228.0,221.0,223.0,223.0,226.0,240.0,,221.0
10019,VP_028,ftsst,Talk,4,233.0,437.0,4.0,-87.0,-208.0,,-19.0,-22.0,102.0,-41.0,1.0,-23.0,,
10020,VP_028,ftsst,Talk,5,215.0,441.0,223.0,168.0,227.0,201.0,222.0,212.0,224.0,223.0,221.0,245.0,217.0,212.0
10021,VP_028,ftsst,Talk,6,215.0,439.0,135.0,119.0,224.0,188.0,212.0,,221.0,221.0,119.0,256.0,,214.0
10022,VP_028,ftsst,Talk,7,216.0,443.0,113.0,-21.0,-35.0,,67.0,68.0,145.0,90.0,105.0,111.0,,68.0
10023,VP_028,ftsst,Talk,8,216.0,441.0,257.0,200.0,1.0,245.0,201.0,204.0,239.0,235.0,264.0,0.0,264.0,204.0
10024,VP_028,ftsst,Talk,9,170.0,442.0,190.0,137.0,188.0,164.0,184.0,163.0,214.0,214.0,185.0,212.0,171.0,109.0
10025,VP_028,ftsst,Talk,12,221.0,439.0,194.0,179.0,228.0,212.0,229.0,217.0,233.0,230.0,239.0,217.0,239.0,217.0
10026,VP_028,ftsst,Talk,13,213.0,439.0,176.0,170.0,227.0,208.0,220.0,131.0,222.0,222.0,157.0,0.0,,115.0
10027,VP_028,ftsst,Talk,14,212.0,438.0,220.0,178.0,227.0,206.0,221.0,137.0,227.0,226.0,217.0,137.0,217.0,136.0
10028,VP_028,ftsst,Talk,15,212.0,438.0,172.0,170.0,226.0,209.0,168.0,131.0,222.0,222.0,207.0,0.0,207.0,130.0
10029,VP_028,ftsst,Talk,16,206.0,439.0,173.0,172.0,228.0,204.0,218.0,127.0,223.0,223.0,117.0,0.0,176.0,113.0
10030,VP_028,ftsst,Talk,17,222.0,439.0,175.0,169.0,232.0,214.0,229.0,125.0,222.0,222.0,120.0,0.0,162.0,119.0
10031,VP_028,ftsst,Talk,18,214.0,434.0,213.0,121.0,229.0,204.0,222.0,211.0,220.0,220.0,227.0,233.0,,211.0
10032,VP_028,ftsst,Talk,19,207.0,432.0,212.0,161.0,225.0,203.0,218.0,127.0,220.0,220.0,235.0,246.0,235.0,126.0
10033,VP_028,ftsst,Talk,20,215.0,434.0,130.0,129.0,106.0,198.0,241.0,124.0,219.0,219.0,97.0,211.0,,211.0
10034,VP_028,ftsst,Talk,21,196.0,434.0,225.0,131.0,83.0,192.0,214.0,133.0,227.0,226.0,227.0,245.0,227.0,91.0
10035,VP_028,ftsst,Talk,22,161.0,433.0,106.0,100.0,-8.0,,92.0,83.0,183.0,173.0,120.0,19.0,,18.0
10036,VP_028,ftsst,Talk,23,209.0,435.0,112.0,119.0,225.0,177.0,217.0,209.0,220.0,220.0,227.0,243.0,227.0,209.0
10037,VP_028,ftsst,Talk,24,221.0,436.0,125.0,128.0,82.0,187.0,225.0,213.0,225.0,224.0,111.0,213.0,,213.0
10038,VP_028,ftsst,Talk,25,226.0,435.0,255.0,154.0,229.0,200.0,227.0,225.0,235.0,231.0,257.0,255.0,257.0,224.0
10039,VP_028,ftsst,Talk,26,162.0,436.0,168.0,176.0,158.0,216.0,159.0,160.0,225.0,224.0,250.0,234.0,250.0,234.0
10040,VP_028,ftsst,Talk,27,189.0,439.0,131.0,139.0,122.0,221.0,122.0,188.0,222.0,222.0,126.0,6.0,,188.0
10041,VP_028,ftsst,Talk,28,220.0,436.0,234.0,154.0,229.0,207.0,222.0,213.0,222.0,222.0,218.0,244.0,226.0,213.0
10042,VP_028,ftsst,Talk,29,220.0,433.0,225.0,126.0,222.0,183.0,216.0,223.0,215.0,215.0,-211.0,218.0,,218.0
10043,VP_028,ftsst,Talk,30,213.0,432.0,171.0,133.0,229.0,204.0,223.0,121.0,220.0,220.0,226.0,245.0,226.0,109.0
10044,VP_028,ftsst,Talk,31,230.0,432.0,238.0,175.0,234.0,214.0,233.0,230.0,224.0,223.0,231.0,254.0,237.0,230.0
10045,VP_028,ftsst,Talk,32,220.0,427.0,247.0,123.0,218.0,185.0,215.0,,213.0,214.0,182.0,246.0,182.0,217.0
10046,VP_028,ftsst,Talk,33,190.0,426.0,221.0,118.0,191.0,165.0,197.0,187.0,218.0,218.0,219.0,237.0,219.0,187.0
10047,VP_028,ftsst,Talk,34,208.0,424.0,112.0,120.0,100.0,206.0,102.0,116.0,210.0,210.0,85.0,0.0,,78.0
10048,VP_028,ftsst,Talk,37,223.0,422.0,248.0,119.0,230.0,199.0,218.0,,219.0,218.0,-175.0,245.0,,221.0
10049,VP_028,ftsst,Talk,38,233.0,424.0,152.0,165.0,5.0,223.0,133.0,127.0,217.0,217.0,122.0,13.0,167.0,228.0
10050,VP_028,ftsst,Talk,39,226.0,423.0,108.0,161.0,226.0,209.0,232.0,122.0,215.0,215.0,145.0,225.0,,225.0
10051,VP_028,ftsst,Talk,40,180.0,425.0,147.0,142.0,123.0,172.0,201.0,123.0,213.0,213.0,130.0,211.0,,122.0
10052,VP_028,ftsst,Talk,41,195.0,428.0,224.0,109.0,211.0,,195.0,177.0,212.0,212.0,180.0,236.0,231.0,177.0
10053,VP_028,ftsst,Talk,42,217.0,430.0,142.0,146.0,221.0,196.0,222.0,215.0,217.0,217.0,140.0,235.0,,215.0
10054,VP_028,ftsst,Talk,43,234.0,429.0,168.0,168.0,109.0,222.0,129.0,124.0,219.0,219.0,168.0,111.0,168.0,227.0
10055,VP_028,ftsst,Talk,44,208.0,428.0,184.0,179.0,-20.0,212.0,169.0,158.0,225.0,224.0,160.0,0.0,169.0,158.0
10056,VP_028,ftsst,Talk,45,210.0,425.0,228.0,166.0,225.0,205.0,224.0,143.0,230.0,227.0,243.0,258.0,243.0,127.0
10057,VP_028,ftsst,Talk,46,213.0,424.0,183.0,130.0,225.0,202.0,218.0,164.0,220.0,220.0,223.0,233.0,,82.0
10058,VP_028,ftsst,Talk,47,214.0,419.0,241.0,136.0,228.0,202.0,220.0,214.0,220.0,220.0,247.0,254.0,247.0,214.0
10059,VP_028,ftsst,Talk,48,210.0,418.0,,155.0,-37.0,197.0,216.0,204.0,214.0,214.0,131.0,204.0,,204.0
10060,VP_028,ftsst,Talk,49,220.0,417.0,113.0,128.0,-38.0,200.0,98.0,113.0,206.0,206.0,99.0,217.0,,217.0
10061,VP_028,ftsst,Talk,51,179.0,414.0,188.0,115.0,-15.0,213.0,98.0,177.0,206.0,206.0,135.0,177.0,,177.0
10062,VP_028,ftsst,Talk,52,159.0,415.0,179.0,109.0,88.0,200.0,167.0,146.0,212.0,212.0,162.0,211.0,162.0,59.0
10063,VP_028,ftsst,Talk,53,194.0,411.0,241.0,132.0,54.0,167.0,200.0,193.0,216.0,215.0,252.0,253.0,252.0,193.0
10064,VP_028,ftsst,Talk,54,221.0,414.0,194.0,179.0,-3.0,220.0,165.0,153.0,223.0,220.0,197.0,246.0,197.0,152.0
10065,VP_028,ftsst,Talk,55,166.0,414.0,177.0,125.0,-11.0,161.0,178.0,116.0,201.0,201.0,147.0,198.0,147.0,94.0
10066,VP_028,ftsst,Talk,56,224.0,414.0,185.0,169.0,162.0,219.0,158.0,223.0,218.0,217.0,188.0,223.0,188.0,223.0
10067,VP_028,ftsst,Talk,59,207.0,415.0,158.0,166.0,-23.0,206.0,220.0,126.0,217.0,216.0,140.0,187.0,,65.0
10068,VP_028,ftsst,Talk,60,228.0,414.0,179.0,171.0,118.0,226.0,147.0,136.0,222.0,220.0,191.0,203.0,191.0,123.0
10069,VP_028,ftsst,Talk,61,274.0,416.0,101.0,176.0,39.0,259.0,273.0,,244.0,230.0,82.0,274.0,,274.0
10070,VP_028,ftsst,Talk,62,290.0,409.0,147.0,106.0,69.0,220.0,96.0,132.0,205.0,205.0,179.0,71.0,179.0,228.0
10071,VP_028,ftsst,Talk,63,216.0,408.0,141.0,129.0,220.0,198.0,224.0,214.0,216.0,215.0,136.0,232.0,,214.0
10072,VP_028,ftsst,Talk,65,216.0,410.0,86.0,101.0,33.0,204.0,223.0,81.0,206.0,207.0,79.0,219.0,,219.0
10073,VP_028,ftsst,Talk,66,216.0,413.0,178.0,167.0,100.0,272.0,167.0,159.0,243.0,229.0,174.0,287.0,174.0,287.0
10074,VP_028,ftsst,Talk,67,220.0,416.0,244.0,190.0,161.0,214.0,226.0,179.0,242.0,230.0,243.0,259.0,243.0,171.0
10075,VP_028,ftsst,Talk,68,210.0,,99.0,104.0,84.0,171.0,217.0,,209.0,209.0,73.0,209.0,,209.0
10076,VP_028,tsst,Math,0,216.0,407.0,163.0,164.0,225.0,208.0,224.0,132.0,214.0,213.0,102.0,0.0,173.0,99.0
10077,VP_028,tsst,Math,1,216.0,406.0,166.0,164.0,224.0,206.0,221.0,130.0,214.0,213.0,114.0,0.0,165.0,112.0
10078,VP_028,tsst,Math,2,211.0,407.0,169.0,162.0,223.0,203.0,218.0,129.0,213.0,212.0,109.0,0.0,165.0,109.0
10079,VP_028,tsst,Math,3,220.0,407.0,166.0,167.0,227.0,211.0,144.0,131.0,215.0,214.0,165.0,0.0,165.0,121.0
10080,VP_028,tsst,Math,4,212.0,408.0,164.0,122.0,226.0,208.0,222.0,147.0,214.0,214.0,168.0,0.0,168.0,93.0
10081,VP_028,tsst,Math,5,202.0,411.0,165.0,165.0,-8.0,204.0,222.0,131.0,215.0,214.0,116.0,0.0,169.0,115.0
10082,VP_028,tsst,Math,6,220.0,412.0,168.0,137.0,228.0,211.0,225.0,132.0,217.0,216.0,164.0,0.0,164.0,106.0
10083,VP_028,tsst,Math,7,222.0,413.0,171.0,168.0,229.0,213.0,227.0,132.0,217.0,216.0,169.0,0.0,169.0,115.0
10084,VP_028,tsst,Math,8,221.0,414.0,173.0,169.0,229.0,213.0,226.0,133.0,218.0,217.0,174.0,0.0,174.0,113.0
10085,VP_028,tsst,Math,9,221.0,415.0,157.0,142.0,229.0,213.0,228.0,133.0,218.0,217.0,112.0,0.0,163.0,111.0
10086,VP_028,tsst,Math,10,225.0,415.0,173.0,166.0,229.0,213.0,161.0,130.0,216.0,216.0,170.0,0.0,170.0,112.0
10087,VP_028,tsst,Math,11,221.0,416.0,170.0,136.0,231.0,215.0,228.0,130.0,217.0,217.0,165.0,0.0,165.0,108.0
10088,VP_028,tsst,Math,12,225.0,416.0,182.0,170.0,233.0,218.0,172.0,153.0,219.0,218.0,172.0,0.0,172.0,112.0
10089,VP_028,tsst,Math,13,222.0,416.0,215.0,181.0,234.0,219.0,175.0,154.0,225.0,222.0,233.0,154.0,233.0,153.0
10090,VP_028,tsst,Math,14,227.0,415.0,179.0,170.0,233.0,217.0,231.0,136.0,219.0,218.0,178.0,114.0,178.0,114.0
10091,VP_028,tsst,Math,15,216.0,417.0,178.0,165.0,227.0,209.0,220.0,129.0,216.0,215.0,98.0,0.0,158.0,95.0
10092,VP_028,tsst,Math,16,225.0,411.0,147.0,152.0,232.0,215.0,233.0,225.0,215.0,215.0,157.0,225.0,157.0,225.0
10093,VP_028,tsst,Math,17,217.0,412.0,170.0,132.0,230.0,203.0,224.0,178.0,222.0,220.0,175.0,0.0,175.0,83.0
10094,VP_028,tsst,Math,18,170.0,409.0,208.0,171.0,170.0,146.0,184.0,165.0,218.0,217.0,209.0,3.0,209.0,164.0
10095,VP_028,tsst,Math,19,192.0,408.0,211.0,167.0,213.0,191.0,208.0,166.0,216.0,215.0,203.0,234.0,203.0,112.0
10096,VP_028,tsst,Math,20,217.0,406.0,179.0,169.0,231.0,214.0,225.0,134.0,217.0,216.0,184.0,0.0,184.0,121.0
10097,VP_028,tsst,Math,21,215.0,406.0,177.0,169.0,232.0,216.0,166.0,148.0,216.0,215.0,178.0,0.0,178.0,112.0
10098,VP_028,tsst,Math,22,214.0,405.0,160.0,135.0,226.0,201.0,220.0,179.0,218.0,217.0,219.0,0.0,175.0,107.0
10099,VP_028,tsst,Math,23,190.0,404.0,152.0,123.0,-12.0,179.0,218.0,132.0,213.0,212.0,97.0,0.0,151.0,90.0
10100,VP_028,tsst,Math,24,225.0,405.0,165.0,171.0,235.0,218.0,234.0,134.0,217.0,216.0,125.0,8.0,160.0,120.0
10101,VP_028,tsst,Math,25,220.0,403.0,167.0,167.0,-18.0,213.0,230.0,135.0,215.0,214.0,171.0,0.0,171.0,110.0
10102,VP_028,tsst,Math,26,222.0,404.0,155.0,163.0,229.0,212.0,228.0,213.0,213.0,212.0,111.0,213.0,150.0,213.0
10103,VP_028,tsst,Math,27,232.0,404.0,247.0,146.0,234.0,209.0,233.0,234.0,220.0,218.0,231.0,258.0,249.0,230.0
10104,VP_028,tsst,Math,28,221.0,402.0,185.0,172.0,231.0,213.0,225.0,159.0,218.0,216.0,104.0,0.0,181.0,102.0
10105,VP_028,tsst,Math,29,226.0,405.0,161.0,167.0,233.0,218.0,234.0,,215.0,214.0,161.0,100.0,161.0,221.0
10106,VP_028,tsst,Math,30,223.0,405.0,170.0,135.0,230.0,214.0,226.0,159.0,214.0,213.0,164.0,0.0,164.0,105.0
10107,VP_028,tsst,Math,31,200.0,406.0,175.0,162.0,223.0,198.0,212.0,129.0,213.0,212.0,179.0,106.0,179.0,105.0
10108,VP_028,tsst,Math,32,189.0,405.0,174.0,160.0,-2.0,194.0,214.0,129.0,213.0,213.0,109.0,0.0,181.0,108.0
10109,VP_028,tsst,Math,33,218.0,409.0,169.0,162.0,226.0,207.0,221.0,129.0,213.0,212.0,116.0,0.0,159.0,114.0
10110,VP_028,tsst,Math,34,221.0,415.0,131.0,147.0,228.0,204.0,222.0,131.0,216.0,215.0,121.0,0.0,,116.0
10111,VP_028,tsst,Math,35,229.0,425.0,135.0,133.0,233.0,218.0,237.0,,219.0,218.0,140.0,0.0,,227.0
10112,VP_028,tsst,Math,36,231.0,436.0,167.0,179.0,242.0,222.0,239.0,229.0,225.0,224.0,146.0,229.0,,229.0
10113,VP_028,tsst,Math,37,227.0,437.0,180.0,178.0,-12.0,226.0,164.0,136.0,226.0,225.0,192.0,110.0,192.0,109.0
10114,VP_028,tsst,Math,38,225.0,435.0,237.0,173.0,235.0,212.0,230.0,225.0,228.0,227.0,229.0,225.0,239.0,225.0
10115,VP_028,tsst,Math,39,200.0,427.0,38.0,117.0,233.0,,208.0,179.0,219.0,219.0,74.0,0.0,,178.0
10116,VP_028,tsst,Math,40,236.0,424.0,157.0,167.0,236.0,219.0,244.0,132.0,224.0,223.0,134.0,237.0,159.0,237.0
10117,VP_028,tsst,Math,41,270.0,421.0,230.0,155.0,274.0,261.0,213.0,274.0,238.0,231.0,212.0,288.0,280.0,271.0
10118,VP_028,tsst,Math,42,177.0,420.0,202.0,115.0,74.0,153.0,191.0,176.0,216.0,216.0,189.0,227.0,191.0,175.0
10119,VP_028,tsst,Math,43,198.0,417.0,191.0,165.0,160.0,197.0,164.0,137.0,216.0,216.0,183.0,137.0,183.0,136.0
10120,VP_028,tsst,Math,44,196.0,415.0,171.0,164.0,226.0,204.0,217.0,151.0,215.0,215.0,111.0,0.0,173.0,109.0
10121,VP_028,tsst,Math,45,214.0,416.0,176.0,166.0,-14.0,208.0,220.0,128.0,216.0,216.0,181.0,0.0,181.0,112.0
10122,VP_028,tsst,Math,46,209.0,416.0,170.0,160.0,225.0,205.0,152.0,125.0,213.0,213.0,124.0,0.0,170.0,120.0
10123,VP_028,tsst,Math,47,219.0,418.0,177.0,165.0,-10.0,207.0,166.0,126.0,216.0,216.0,95.0,0.0,173.0,90.0
10124,VP_028,tsst,Math,48,202.0,419.0,165.0,138.0,-14.0,158.0,200.0,124.0,213.0,213.0,169.0,109.0,169.0,108.0
10125,VP_028,tsst,Math,49,171.0,418.0,205.0,137.0,176.0,160.0,183.0,170.0,217.0,217.0,172.0,0.0,202.0,170.0
10126,VP_028,tsst,Math,50,220.0,421.0,153.0,164.0,-24.0,207.0,129.0,126.0,215.0,215.0,37.0,0.0,154.0,35.0
10127,VP_028,tsst,Math,51,225.0,421.0,168.0,168.0,231.0,210.0,222.0,128.0,218.0,218.0,162.0,0.0,162.0,101.0
10128,VP_028,tsst,Math,52,189.0,419.0,146.0,125.0,-18.0,201.0,222.0,149.0,218.0,218.0,187.0,0.0,187.0,103.0
10129,VP_028,tsst,Math,53,207.0,420.0,162.0,161.0,229.0,203.0,224.0,129.0,218.0,217.0,132.0,0.0,149.0,128.0
10130,VP_028,tsst,Math,54,205.0,415.0,176.0,150.0,225.0,199.0,217.0,128.0,217.0,217.0,159.0,0.0,159.0,111.0
10131,VP_028,tsst,Math,55,215.0,413.0,222.0,120.0,-6.0,195.0,215.0,208.0,213.0,213.0,244.0,208.0,244.0,208.0
10132,VP_028,tsst,Math,56,224.0,412.0,41.0,140.0,227.0,193.0,224.0,217.0,220.0,219.0,227.0,217.0,,217.0
10133,VP_028,tsst,Math,57,223.0,410.0,161.0,165.0,230.0,204.0,227.0,218.0,218.0,217.0,229.0,218.0,165.0,218.0
10134,VP_028,tsst,Math,58,223.0,409.0,129.0,158.0,237.0,207.0,231.0,221.0,222.0,220.0,96.0,221.0,,221.0
10135,VP_028,tsst,Math,59,156.0,412.0,160.0,130.0,-2.0,213.0,119.0,126.0,209.0,209.0,101.0,193.0,155.0,100.0
10136,VP_028,tsst,Math,60,218.0,412.0,192.0,177.0,15.0,224.0,187.0,144.0,222.0,220.0,167.0,14.0,206.0,97.0
10137,VP_028,tsst,Math,61,223.0,415.0,177.0,174.0,232.0,213.0,230.0,140.0,221.0,219.0,123.0,0.0,175.0,122.0
10138,VP_028,tsst,Math,62,224.0,418.0,183.0,176.0,241.0,219.0,235.0,139.0,222.0,220.0,184.0,0.0,184.0,128.0
10139,VP_028,tsst,Math,63,223.0,421.0,186.0,177.0,240.0,222.0,235.0,139.0,223.0,221.0,185.0,0.0,185.0,124.0
10140,VP_028,tsst,Math,64,224.0,424.0,179.0,177.0,240.0,222.0,237.0,138.0,223.0,222.0,180.0,112.0,180.0,112.0
10141,VP_028,tsst,Math,65,216.0,424.0,193.0,176.0,235.0,213.0,229.0,153.0,223.0,222.0,179.0,0.0,179.0,116.0
10142,VP_028,tsst,Math,66,247.0,423.0,269.0,166.0,254.0,233.0,245.0,232.0,244.0,233.0,289.0,215.0,289.0,215.0
10143,VP_028,tsst,Math,67,223.0,425.0,207.0,178.0,106.0,217.0,231.0,159.0,224.0,223.0,192.0,119.0,192.0,118.0
10144,VP_028,tsst,Math,68,167.0,423.0,189.0,172.0,172.0,219.0,177.0,152.0,221.0,221.0,180.0,0.0,180.0,105.0
10145,VP_028,tsst,Math,69,224.0,425.0,176.0,169.0,-12.0,210.0,161.0,130.0,219.0,219.0,172.0,0.0,172.0,121.0
10146,VP_028,tsst,Math,70,200.0,425.0,171.0,168.0,235.0,203.0,224.0,141.0,219.0,219.0,191.0,108.0,191.0,107.0
10147,VP_028,tsst,Pause_1,0,218.0,400.0,165.0,161.0,-17.0,214.0,150.0,201.0,211.0,211.0,117.0,0.0,163.0,111.0
10148,VP_028,tsst,Pause_1,1,172.0,402.0,173.0,126.0,5.0,207.0,183.0,163.0,209.0,209.0,103.0,0.0,142.0,163.0
10149,VP_028,tsst,Pause_1,2,217.0,403.0,176.0,155.0,-17.0,217.0,163.0,124.0,208.0,208.0,119.0,0.0,180.0,113.0
10150,VP_028,tsst,Pause_1,3,221.0,409.0,174.0,159.0,-22.0,220.0,158.0,125.0,210.0,210.0,116.0,0.0,174.0,115.0
10151,VP_028,tsst,Pause_1,4,161.0,416.0,173.0,157.0,-22.0,227.0,166.0,147.0,210.0,210.0,172.0,0.0,172.0,103.0
10152,VP_028,tsst,Pause_1,5,164.0,429.0,175.0,159.0,-19.0,227.0,167.0,122.0,213.0,213.0,175.0,0.0,175.0,109.0
10153,VP_028,tsst,Pause_1,6,178.0,442.0,177.0,161.0,-33.0,226.0,170.0,120.0,216.0,216.0,178.0,107.0,178.0,106.0
10154,VP_028,tsst,Pause_1,7,172.0,448.0,185.0,162.0,-30.0,,180.0,143.0,218.0,219.0,184.0,107.0,184.0,106.0
10155,VP_028,tsst,Pause_1,9,183.0,452.0,186.0,168.0,194.0,,185.0,118.0,223.0,223.0,188.0,110.0,188.0,109.0
10156,VP_028,tsst,Pause_1,10,231.0,450.0,179.0,166.0,-33.0,230.0,177.0,117.0,222.0,222.0,177.0,117.0,177.0,117.0
10157,VP_028,tsst,Pause_1,11,177.0,451.0,183.0,164.0,-35.0,,188.0,116.0,220.0,221.0,184.0,112.0,184.0,111.0
10158,VP_028,tsst,Pause_1,12,197.0,442.0,184.0,164.0,-35.0,232.0,186.0,115.0,221.0,221.0,185.0,105.0,185.0,105.0
10159,VP_028,tsst,Pause_1,13,171.0,445.0,183.0,162.0,-34.0,,173.0,116.0,218.0,219.0,182.0,109.0,182.0,108.0
10160,VP_028,tsst,Pause_1,14,171.0,437.0,184.0,163.0,194.0,,177.0,116.0,219.0,220.0,185.0,0.0,185.0,115.0
10161,VP_028,tsst,Pause_1,16,173.0,429.0,183.0,161.0,-36.0,,174.0,121.0,216.0,217.0,179.0,0.0,179.0,121.0
10162,VP_028,tsst,Pause_1,17,167.0,424.0,181.0,158.0,-39.0,,174.0,117.0,214.0,214.0,180.0,116.0,180.0,115.0
10163,VP_028,tsst,Pause_1,18,161.0,423.0,176.0,156.0,-34.0,,169.0,116.0,212.0,212.0,177.0,114.0,177.0,114.0
10164,VP_028,tsst,Pause_1,19,170.0,419.0,176.0,158.0,-34.0,,178.0,118.0,213.0,213.0,181.0,0.0,181.0,111.0
10165,VP_028,tsst,Pause_1,21,162.0,414.0,175.0,160.0,-33.0,,156.0,132.0,213.0,213.0,149.0,0.0,149.0,131.0
10166,VP_028,tsst,Pause_5,0,244.0,452.0,193.0,196.0,250.0,227.0,243.0,183.0,238.0,235.0,196.0,0.0,196.0,104.0
10167,VP_028,tsst,Pause_5,1,246.0,451.0,194.0,192.0,251.0,226.0,243.0,162.0,236.0,234.0,195.0,0.0,195.0,99.0
10168,VP_028,tsst,Pause_5,2,243.0,451.0,181.0,190.0,249.0,226.0,245.0,142.0,236.0,234.0,178.0,0.0,178.0,117.0
10169,VP_028,tsst,Pause_5,3,237.0,451.0,193.0,152.0,248.0,224.0,243.0,173.0,237.0,235.0,197.0,116.0,197.0,116.0
10170,VP_028,tsst,Pause_5,4,245.0,455.0,187.0,191.0,249.0,230.0,247.0,145.0,237.0,235.0,186.0,0.0,186.0,124.0
10171,VP_028,tsst,Pause_5,5,241.0,463.0,191.0,196.0,250.0,232.0,248.0,233.0,239.0,236.0,187.0,233.0,187.0,233.0
10172,VP_028,tsst,Pause_5,6,252.0,475.0,197.0,199.0,257.0,240.0,254.0,146.0,242.0,239.0,203.0,0.0,203.0,117.0
10173,VP_028,tsst,Pause_5,7,246.0,482.0,197.0,201.0,258.0,240.0,256.0,245.0,245.0,242.0,138.0,245.0,204.0,245.0
10174,VP_028,tsst,Pause_5,8,251.0,479.0,200.0,202.0,260.0,237.0,256.0,245.0,252.0,248.0,260.0,275.0,186.0,245.0
10175,VP_028,tsst,Pause_5,9,232.0,469.0,211.0,199.0,253.0,228.0,245.0,166.0,245.0,243.0,208.0,137.0,208.0,137.0
10176,VP_028,tsst,Pause_5,10,231.0,468.0,171.0,170.0,234.0,214.0,237.0,228.0,235.0,235.0,174.0,228.0,174.0,228.0
10177,VP_028,tsst,Pause_5,11,257.0,471.0,111.0,209.0,258.0,240.0,254.0,253.0,248.0,244.0,265.0,252.0,265.0,252.0
10178,VP_028,tsst,Pause_5,12,235.0,474.0,185.0,152.0,13.0,228.0,246.0,236.0,244.0,242.0,256.0,236.0,,236.0
10179,VP_028,tsst,Pause_5,13,234.0,476.0,200.0,196.0,251.0,231.0,246.0,172.0,242.0,241.0,208.0,0.0,208.0,125.0
10180,VP_028,tsst,Pause_5,14,237.0,477.0,204.0,175.0,252.0,231.0,248.0,142.0,245.0,243.0,252.0,125.0,211.0,125.0
10181,VP_028,tsst,Pause_5,15,246.0,479.0,190.0,183.0,256.0,236.0,253.0,142.0,245.0,243.0,192.0,121.0,192.0,121.0
10182,VP_028,tsst,Pause_5,16,242.0,477.0,204.0,201.0,254.0,233.0,248.0,143.0,246.0,244.0,204.0,0.0,204.0,141.0
10183,VP_028,tsst,Pause_5,17,219.0,476.0,204.0,202.0,254.0,226.0,244.0,163.0,246.0,243.0,199.0,0.0,199.0,100.0
10184,VP_028,tsst,Pause_5,18,233.0,475.0,201.0,197.0,257.0,230.0,249.0,158.0,246.0,244.0,193.0,0.0,193.0,108.0
10185,VP_028,tsst,Pause_5,19,223.0,472.0,195.0,195.0,253.0,225.0,246.0,159.0,244.0,242.0,200.0,0.0,200.0,113.0
10186,VP_028,tsst,Prep,0,214.0,533.0,193.0,185.0,226.0,286.0,222.0,264.0,260.0,259.0,213.0,0.0,212.0,138.0
10187,VP_028,tsst,Prep,1,206.0,530.0,200.0,216.0,231.0,280.0,222.0,199.0,262.0,261.0,192.0,0.0,192.0,146.0
10188,VP_028,tsst,Prep,2,226.0,518.0,151.0,172.0,229.0,273.0,230.0,136.0,259.0,258.0,228.0,0.0,,110.0
10189,VP_028,tsst,Prep,3,207.0,518.0,184.0,170.0,222.0,269.0,219.0,169.0,254.0,253.0,210.0,0.0,202.0,134.0
10190,VP_028,tsst,Prep,4,205.0,516.0,172.0,162.0,225.0,274.0,221.0,162.0,253.0,252.0,212.0,0.0,,131.0
10191,VP_028,tsst,Prep,5,210.0,519.0,186.0,166.0,143.0,278.0,215.0,195.0,254.0,253.0,186.0,0.0,186.0,143.0
10192,VP_028,tsst,Prep,6,209.0,515.0,201.0,178.0,223.0,276.0,219.0,140.0,256.0,255.0,211.0,0.0,211.0,140.0
10193,VP_028,tsst,Prep,7,218.0,515.0,180.0,161.0,133.0,273.0,224.0,135.0,253.0,252.0,216.0,0.0,,133.0
10194,VP_028,tsst,Prep,8,208.0,515.0,180.0,166.0,221.0,203.0,224.0,137.0,252.0,251.0,212.0,0.0,183.0,137.0
10195,VP_028,tsst,Prep,9,206.0,516.0,191.0,170.0,217.0,273.0,215.0,135.0,253.0,252.0,186.0,0.0,186.0,135.0
10196,VP_028,tsst,Prep,10,215.0,515.0,178.0,177.0,222.0,268.0,223.0,135.0,253.0,252.0,181.0,0.0,,135.0
10197,VP_028,tsst,Prep,11,193.0,513.0,206.0,181.0,224.0,274.0,216.0,181.0,251.0,250.0,223.0,0.0,223.0,133.0
10198,VP_028,tsst,Prep,12,213.0,509.0,233.0,172.0,221.0,194.0,219.0,210.0,251.0,250.0,219.0,0.0,219.0,209.0
10199,VP_028,tsst,Prep,13,209.0,503.0,169.0,167.0,223.0,202.0,223.0,210.0,250.0,249.0,214.0,0.0,220.0,210.0
10200,VP_028,tsst,Prep,14,215.0,502.0,182.0,176.0,223.0,270.0,217.0,136.0,251.0,250.0,215.0,0.0,193.0,129.0
10201,VP_028,tsst,Prep,15,215.0,492.0,185.0,177.0,225.0,208.0,225.0,135.0,248.0,248.0,178.0,0.0,178.0,135.0
10202,VP_028,tsst,Prep,17,260.0,479.0,182.0,179.0,269.0,256.0,217.0,138.0,244.0,243.0,188.0,7.0,188.0,135.0
10203,VP_028,tsst,Prep,20,205.0,480.0,183.0,171.0,154.0,199.0,215.0,140.0,241.0,240.0,140.0,7.0,181.0,140.0
10204,VP_028,tsst,Prep,21,200.0,479.0,177.0,174.0,5.0,259.0,212.0,134.0,241.0,240.0,129.0,6.0,183.0,125.0
10205,VP_028,tsst,Prep,23,263.0,493.0,181.0,174.0,4.0,264.0,166.0,140.0,245.0,244.0,142.0,10.0,181.0,139.0
10206,VP_028,tsst,Prep,24,209.0,499.0,208.0,172.0,219.0,268.0,213.0,143.0,249.0,248.0,218.0,0.0,218.0,270.0
10207,VP_028,tsst,Prep,25,219.0,500.0,171.0,168.0,224.0,265.0,223.0,137.0,248.0,247.0,164.0,0.0,,134.0
10208,VP_028,tsst,Prep,26,209.0,495.0,172.0,170.0,2.0,265.0,223.0,135.0,249.0,248.0,216.0,0.0,,125.0
10209,VP_028,tsst,Prep,27,214.0,506.0,177.0,156.0,131.0,265.0,218.0,137.0,248.0,247.0,126.0,0.0,179.0,125.0
10210,VP_028,tsst,Prep,28,211.0,511.0,184.0,182.0,132.0,266.0,218.0,135.0,250.0,249.0,182.0,0.0,182.0,134.0
10211,VP_028,tsst,Prep,29,214.0,511.0,178.0,179.0,225.0,271.0,219.0,138.0,248.0,248.0,138.0,0.0,187.0,137.0
10212,VP_028,tsst,Prep,30,182.0,510.0,199.0,201.0,130.0,277.0,203.0,147.0,251.0,250.0,190.0,0.0,190.0,147.0
10213,VP_028,tsst,Prep,31,212.0,504.0,177.0,167.0,225.0,274.0,224.0,141.0,253.0,252.0,217.0,2.0,,141.0
10214,VP_028,tsst,Prep,32,206.0,500.0,212.0,161.0,218.0,196.0,216.0,201.0,248.0,248.0,209.0,0.0,218.0,201.0
10215,VP_028,tsst,Prep,33,216.0,495.0,189.0,187.0,7.0,272.0,213.0,136.0,249.0,248.0,137.0,0.0,182.0,136.0
10216,VP_028,tsst,Prep,34,208.0,496.0,176.0,168.0,133.0,201.0,213.0,135.0,243.0,243.0,135.0,0.0,177.0,134.0
10217,VP_028,tsst,Prep,35,206.0,495.0,185.0,175.0,222.0,270.0,216.0,135.0,246.0,245.0,194.0,0.0,194.0,135.0
10218,VP_028,tsst,Prep,36,207.0,494.0,177.0,170.0,126.0,197.0,213.0,134.0,244.0,243.0,170.0,0.0,,134.0
10219,VP_028,tsst,Prep,37,195.0,489.0,176.0,168.0,-4.0,196.0,215.0,138.0,245.0,244.0,139.0,0.0,174.0,137.0
10220,VP_028,tsst,Prep,38,206.0,491.0,179.0,177.0,218.0,199.0,211.0,127.0,239.0,239.0,123.0,0.0,181.0,116.0
10221,VP_028,tsst,Prep,39,204.0,492.0,179.0,172.0,12.0,268.0,214.0,138.0,245.0,244.0,141.0,6.0,179.0,137.0
10222,VP_028,tsst,Prep,40,211.0,491.0,177.0,154.0,131.0,267.0,211.0,133.0,244.0,244.0,133.0,3.0,182.0,132.0
10223,VP_028,tsst,Prep,41,208.0,488.0,193.0,179.0,141.0,264.0,222.0,143.0,245.0,244.0,192.0,0.0,192.0,143.0
10224,VP_028,tsst,Prep,42,202.0,484.0,174.0,170.0,221.0,266.0,219.0,136.0,245.0,244.0,171.0,0.0,,136.0
10225,VP_028,tsst,Prep,45,211.0,488.0,181.0,172.0,218.0,265.0,161.0,139.0,242.0,241.0,140.0,3.0,186.0,138.0
10226,VP_028,tsst,Prep,46,209.0,492.0,178.0,169.0,140.0,266.0,212.0,137.0,245.0,244.0,138.0,0.0,176.0,136.0
10227,VP_028,tsst,Prep,47,209.0,496.0,182.0,175.0,220.0,271.0,216.0,137.0,247.0,246.0,180.0,0.0,180.0,136.0
10228,VP_028,tsst,Prep,48,208.0,493.0,173.0,164.0,222.0,267.0,218.0,136.0,247.0,246.0,133.0,0.0,179.0,133.0
10229,VP_028,tsst,Prep,49,211.0,498.0,175.0,185.0,-1.0,265.0,175.0,140.0,246.0,245.0,151.0,0.0,,139.0
10230,VP_028,tsst,Prep,50,207.0,496.0,180.0,175.0,132.0,269.0,153.0,137.0,243.0,243.0,183.0,0.0,183.0,136.0
10231,VP_028,tsst,Prep,51,215.0,492.0,177.0,167.0,224.0,268.0,219.0,134.0,247.0,246.0,170.0,0.0,,134.0
10232,VP_028,tsst,Prep,52,213.0,489.0,177.0,173.0,223.0,270.0,217.0,136.0,246.0,245.0,178.0,0.0,178.0,135.0
10233,VP_028,tsst,Prep,53,201.0,488.0,178.0,164.0,-3.0,269.0,208.0,135.0,244.0,243.0,134.0,0.0,178.0,132.0
10234,VP_028,tsst,Prep,54,204.0,489.0,181.0,172.0,216.0,266.0,207.0,135.0,244.0,243.0,134.0,0.0,177.0,269.0
10235,VP_028,tsst,Prep,55,207.0,486.0,181.0,170.0,138.0,267.0,156.0,138.0,243.0,243.0,138.0,6.0,185.0,271.0
10236,VP_028,tsst,Prep,56,208.0,485.0,169.0,167.0,139.0,265.0,153.0,139.0,243.0,242.0,140.0,3.0,,138.0
10237,VP_028,tsst,Prep,57,208.0,482.0,183.0,176.0,-2.0,265.0,216.0,138.0,244.0,243.0,138.0,0.0,189.0,138.0
10238,VP_028,tsst,Prep,58,208.0,484.0,181.0,173.0,-1.0,267.0,208.0,137.0,243.0,242.0,133.0,0.0,,128.0
10239,VP_028,tsst,Talk,0,157.0,389.0,87.0,12.0,74.0,,30.0,,128.0,75.0,83.0,89.0,,10.0
10240,VP_028,tsst,Talk,1,154.0,389.0,,2.0,-105.0,,-5.0,,123.0,61.0,-55.0,69.0,,69.0
10241,VP_028,tsst,Talk,2,184.0,386.0,14.0,-77.0,-231.0,,-23.0,-22.0,85.0,-52.0,18.0,-22.0,,
10242,VP_028,tsst,Talk,3,211.0,384.0,180.0,167.0,-18.0,213.0,162.0,150.0,212.0,210.0,151.0,0.0,181.0,150.0
10243,VP_028,tsst,Talk,4,210.0,384.0,151.0,149.0,-37.0,197.0,134.0,128.0,202.0,202.0,117.0,0.0,148.0,113.0
10244,VP_028,tsst,Talk,5,147.0,384.0,164.0,150.0,-20.0,204.0,157.0,123.0,202.0,202.0,147.0,0.0,148.0,98.0
10245,VP_028,tsst,Talk,6,164.0,383.0,225.0,173.0,156.0,137.0,170.0,163.0,215.0,212.0,231.0,244.0,231.0,162.0
10246,VP_028,tsst,Talk,9,199.0,381.0,204.0,128.0,207.0,177.0,199.0,190.0,198.0,199.0,203.0,215.0,,190.0
10247,VP_028,tsst,Talk,10,178.0,380.0,182.0,100.0,78.0,,168.0,132.0,198.0,198.0,205.0,83.0,205.0,83.0
10248,VP_028,tsst,Talk,11,176.0,382.0,185.0,114.0,214.0,193.0,169.0,141.0,200.0,200.0,147.0,91.0,195.0,141.0
10249,VP_028,tsst,Talk,12,157.0,385.0,172.0,146.0,-4.0,,169.0,121.0,200.0,200.0,148.0,0.0,148.0,120.0
10250,VP_028,tsst,Talk,13,174.0,392.0,171.0,145.0,-13.0,198.0,168.0,125.0,200.0,200.0,149.0,0.0,149.0,124.0
10251,VP_028,tsst,Talk,15,186.0,409.0,53.0,102.0,-19.0,156.0,193.0,185.0,204.0,204.0,78.0,185.0,,185.0
10252,VP_028,tsst,Talk,16,181.0,411.0,163.0,149.0,-21.0,165.0,179.0,154.0,206.0,206.0,178.0,0.0,148.0,109.0
10253,VP_028,tsst,Talk,17,161.0,414.0,191.0,104.0,82.0,,166.0,156.0,208.0,209.0,193.0,0.0,193.0,155.0
10254,VP_028,tsst,Talk,18,189.0,416.0,186.0,101.0,-21.0,,185.0,169.0,206.0,207.0,195.0,0.0,,168.0
10255,VP_028,tsst,Talk,20,157.0,415.0,217.0,160.0,198.0,,189.0,152.0,213.0,213.0,217.0,231.0,217.0,152.0
10256,VP_028,tsst,Talk,21,158.0,415.0,171.0,142.0,-19.0,159.0,180.0,115.0,206.0,207.0,171.0,103.0,171.0,103.0
10257,VP_028,tsst,Talk,22,192.0,413.0,199.0,146.0,203.0,173.0,196.0,146.0,211.0,211.0,190.0,0.0,200.0,111.0
10258,VP_028,tsst,Talk,23,215.0,409.0,178.0,157.0,-34.0,203.0,157.0,120.0,211.0,211.0,180.0,96.0,180.0,95.0
10259,VP_028,tsst,Talk,24,152.0,407.0,170.0,114.0,157.0,,156.0,138.0,206.0,206.0,144.0,90.0,164.0,90.0
10260,VP_028,tsst,Talk,25,147.0,404.0,187.0,149.0,151.0,181.0,156.0,129.0,205.0,206.0,191.0,105.0,191.0,105.0
10261,VP_028,tsst,Talk,26,163.0,403.0,192.0,100.0,155.0,,167.0,158.0,205.0,205.0,160.0,216.0,195.0,158.0
10262,VP_028,tsst,Talk,27,184.0,401.0,175.0,115.0,-30.0,,188.0,139.0,204.0,204.0,98.0,97.0,170.0,97.0
10263,VP_028,tsst,Talk,28,188.0,397.0,207.0,148.0,191.0,175.0,191.0,185.0,204.0,205.0,187.0,185.0,202.0,185.0
10264,VP_028,tsst,Talk,29,188.0,394.0,164.0,118.0,9.0,181.0,196.0,145.0,206.0,206.0,103.0,21.0,176.0,21.0
10265,VP_028,tsst,Talk,30,184.0,394.0,183.0,111.0,200.0,141.0,190.0,140.0,202.0,202.0,155.0,0.0,189.0,91.0
10266,VP_028,tsst,Talk,31,182.0,390.0,163.0,147.0,-34.0,176.0,145.0,117.0,202.0,203.0,119.0,0.0,160.0,116.0
10267,VP_028,tsst,Talk,32,186.0,392.0,168.0,143.0,-24.0,189.0,152.0,133.0,199.0,200.0,138.0,0.0,175.0,132.0
10268,VP_028,tsst,Talk,33,181.0,387.0,152.0,125.0,-19.0,177.0,190.0,113.0,199.0,199.0,103.0,0.0,,97.0
10269,VP_028,tsst,Talk,34,178.0,386.0,155.0,138.0,-21.0,175.0,192.0,113.0,198.0,199.0,102.0,0.0,142.0,90.0
10270,VP_028,tsst,Talk,35,179.0,383.0,151.0,130.0,-25.0,175.0,191.0,117.0,201.0,201.0,173.0,84.0,173.0,83.0
10271,VP_028,tsst,Talk,36,177.0,388.0,170.0,152.0,-19.0,,166.0,123.0,203.0,203.0,111.0,0.0,169.0,109.0
10272,VP_028,tsst,Talk,37,154.0,389.0,164.0,136.0,-13.0,206.0,162.0,144.0,201.0,201.0,116.0,0.0,154.0,111.0
10273,VP_028,tsst,Talk,38,179.0,390.0,197.0,153.0,128.0,178.0,143.0,133.0,205.0,205.0,134.0,0.0,194.0,133.0
10274,VP_028,tsst,Talk,39,173.0,397.0,183.0,116.0,173.0,215.0,178.0,173.0,203.0,203.0,176.0,172.0,190.0,172.0
10275,VP_028,tsst,Talk,40,210.0,399.0,131.0,136.0,213.0,188.0,216.0,208.0,209.0,209.0,133.0,232.0,,208.0
10276,VP_028,tsst,Talk,41,215.0,403.0,162.0,156.0,-16.0,208.0,221.0,125.0,208.0,208.0,104.0,0.0,152.0,103.0
10277,VP_028,tsst,Talk,43,156.0,405.0,162.0,108.0,-28.0,199.0,168.0,140.0,205.0,205.0,155.0,0.0,150.0,83.0
10278,VP_028,tsst,Talk,44,156.0,408.0,161.0,130.0,-26.0,201.0,172.0,117.0,206.0,207.0,164.0,100.0,164.0,99.0
10279,VP_028,tsst,Talk,47,185.0,409.0,171.0,126.0,208.0,149.0,194.0,149.0,206.0,206.0,98.0,0.0,169.0,97.0
10280,VP_028,tsst,Talk,48,182.0,410.0,174.0,115.0,-29.0,,183.0,137.0,204.0,205.0,160.0,0.0,,94.0
10281,VP_028,tsst,Talk,49,193.0,414.0,201.0,160.0,221.0,186.0,207.0,122.0,213.0,213.0,213.0,92.0,213.0,92.0
10282,VP_028,tsst,Talk,50,212.0,418.0,158.0,157.0,56.0,197.0,135.0,124.0,213.0,213.0,120.0,62.0,160.0,115.0
10283,VP_028,tsst,Talk,51,183.0,416.0,140.0,127.0,-29.0,157.0,186.0,162.0,209.0,210.0,177.0,105.0,,162.0
10284,VP_028,tsst,Talk,52,185.0,416.0,154.0,144.0,-12.0,172.0,193.0,144.0,212.0,212.0,192.0,220.0,151.0,103.0
10285,VP_028,tsst,Talk,53,194.0,414.0,163.0,160.0,-34.0,188.0,207.0,122.0,213.0,213.0,101.0,0.0,162.0,95.0
10286,VP_028,tsst,Talk,54,187.0,412.0,168.0,157.0,-40.0,181.0,194.0,137.0,211.0,211.0,169.0,93.0,169.0,92.0
10287,VP_028,tsst,Talk,55,187.0,411.0,165.0,152.0,-42.0,183.0,197.0,117.0,208.0,208.0,162.0,114.0,162.0,114.0
10288,VP_028,tsst,Talk,56,187.0,407.0,186.0,153.0,-35.0,184.0,158.0,131.0,208.0,209.0,191.0,131.0,191.0,130.0
10289,VP_028,tsst,Talk,57,183.0,406.0,108.0,105.0,88.0,,189.0,151.0,205.0,205.0,82.0,0.0,,151.0
10290,VP_028,tsst,Talk,58,184.0,404.0,212.0,164.0,146.0,179.0,185.0,179.0,214.0,213.0,216.0,148.0,216.0,147.0
10291,VP_028,tsst,Talk,59,209.0,400.0,214.0,113.0,50.0,183.0,202.0,194.0,210.0,210.0,195.0,194.0,210.0,194.0
10293,VP_028,tsst,Talk,61,208.0,397.0,117.0,114.0,87.0,191.0,211.0,,212.0,211.0,117.0,83.0,,166.0
10294,VP_028,tsst,Talk,62,156.0,397.0,170.0,106.0,170.0,143.0,165.0,157.0,189.0,187.0,168.0,188.0,163.0,157.0
10295,VP_028,tsst,Talk,63,187.0,394.0,195.0,155.0,-31.0,184.0,197.0,118.0,207.0,207.0,213.0,118.0,213.0,118.0
10296,VP_028,tsst,Talk,64,186.0,396.0,184.0,107.0,88.0,174.0,197.0,174.0,204.0,204.0,192.0,90.0,,144.0
10297,VP_028,tsst,Talk,65,185.0,390.0,170.0,110.0,205.0,180.0,195.0,141.0,201.0,202.0,204.0,0.0,,89.0
10298,VP_028,tsst,Talk,66,182.0,388.0,199.0,99.0,199.0,177.0,194.0,184.0,202.0,202.0,189.0,184.0,205.0,184.0
10299,VP_028,tsst,Talk,67,184.0,389.0,190.0,149.0,-30.0,176.0,193.0,180.0,204.0,204.0,191.0,180.0,200.0,180.0
10300,VP_028,tsst,Talk,68,182.0,392.0,173.0,118.0,-35.0,153.0,186.0,152.0,203.0,203.0,183.0,0.0,168.0,84.0
10301,VP_028,tsst,Talk,69,181.0,395.0,188.0,150.0,-28.0,,183.0,137.0,204.0,204.0,141.0,0.0,178.0,137.0
10302,VP_028,tsst,Talk,70,185.0,398.0,212.0,129.0,221.0,164.0,203.0,172.0,209.0,209.0,175.0,0.0,211.0,172.0
10303,VP_028,tsst,Talk,71,180.0,395.0,183.0,152.0,-3.0,186.0,157.0,123.0,206.0,206.0,186.0,116.0,186.0,115.0
10304,VP_028,tsst,Talk,72,207.0,395.0,169.0,124.0,-16.0,193.0,168.0,146.0,205.0,205.0,114.0,0.0,173.0,109.0
10305,VP_028,tsst,Talk,73,211.0,,161.0,153.0,-17.0,206.0,141.0,122.0,206.0,206.0,102.0,0.0,159.0,98.0
10306,VP_029,ftsst,Math,0,348.0,848.0,375.0,318.0,287.0,386.0,397.0,135.0,387.0,379.0,372.0,294.0,372.0,294.0
10307,VP_029,ftsst,Math,1,388.0,873.0,382.0,363.0,408.0,390.0,403.0,281.0,393.0,382.0,377.0,281.0,377.0,281.0
10308,VP_029,ftsst,Math,2,414.0,866.0,303.0,369.0,419.0,403.0,419.0,411.0,400.0,390.0,343.0,411.0,349.0,411.0
10309,VP_029,ftsst,Math,3,369.0,858.0,416.0,370.0,420.0,354.0,408.0,325.0,399.0,388.0,359.0,281.0,411.0,280.0
10310,VP_029,ftsst,Math,4,362.0,828.0,389.0,369.0,417.0,346.0,391.0,360.0,397.0,385.0,366.0,221.0,396.0,360.0
10311,VP_029,ftsst,Math,5,352.0,801.0,394.0,362.0,410.0,334.0,392.0,338.0,389.0,375.0,345.0,0.0,389.0,338.0
10312,VP_029,ftsst,Math,6,380.0,762.0,361.0,350.0,393.0,378.0,394.0,301.0,381.0,366.0,361.0,301.0,361.0,301.0
10313,VP_029,ftsst,Math,7,334.0,711.0,370.0,343.0,392.0,365.0,380.0,349.0,368.0,353.0,326.0,159.0,375.0,325.0
10314,VP_029,ftsst,Math,8,365.0,680.0,293.0,276.0,259.0,362.0,374.0,250.0,348.0,334.0,292.0,250.0,292.0,249.0
10315,VP_029,ftsst,Math,9,343.0,674.0,312.0,306.0,358.0,336.0,354.0,342.0,338.0,324.0,351.0,342.0,307.0,342.0
10316,VP_029,ftsst,Math,10,339.0,683.0,327.0,312.0,358.0,335.0,350.0,317.0,337.0,322.0,299.0,218.0,338.0,296.0
10317,VP_029,ftsst,Math,11,300.0,709.0,348.0,321.0,361.0,341.0,354.0,292.0,344.0,325.0,295.0,381.0,349.0,292.0
10318,VP_029,ftsst,Math,12,262.0,702.0,269.0,233.0,276.0,,261.0,240.0,299.0,298.0,271.0,292.0,271.0,239.0
10319,VP_029,ftsst,Math,13,364.0,685.0,366.0,317.0,366.0,350.0,370.0,361.0,356.0,333.0,372.0,361.0,325.0,361.0
10320,VP_029,ftsst,Math,14,294.0,675.0,323.0,302.0,318.0,365.0,313.0,292.0,334.0,324.0,313.0,246.0,313.0,245.0
10321,VP_029,ftsst,Math,15,336.0,682.0,247.0,255.0,236.0,317.0,242.0,177.0,326.0,318.0,252.0,336.0,252.0,336.0
10322,VP_029,ftsst,Math,16,320.0,686.0,87.0,274.0,344.0,319.0,336.0,324.0,324.0,319.0,336.0,324.0,,324.0
10323,VP_029,ftsst,Math,17,281.0,677.0,312.0,301.0,345.0,274.0,327.0,274.0,333.0,324.0,310.0,216.0,310.0,216.0
10324,VP_029,ftsst,Math,18,334.0,674.0,297.0,285.0,287.0,334.0,285.0,276.0,323.0,318.0,281.0,108.0,300.0,276.0
10325,VP_029,ftsst,Math,19,248.0,693.0,287.0,280.0,149.0,332.0,279.0,223.0,320.0,315.0,226.0,147.0,274.0,223.0
10326,VP_029,ftsst,Math,20,339.0,694.0,384.0,339.0,349.0,291.0,346.0,339.0,355.0,330.0,391.0,339.0,391.0,339.0
10327,VP_029,ftsst,Math,21,292.0,700.0,300.0,304.0,349.0,325.0,339.0,282.0,336.0,327.0,258.0,22.0,258.0,229.0
10328,VP_029,ftsst,Math,22,326.0,704.0,314.0,274.0,346.0,298.0,334.0,298.0,334.0,327.0,328.0,140.0,319.0,253.0
10329,VP_029,ftsst,Math,23,308.0,719.0,329.0,309.0,358.0,289.0,322.0,288.0,340.0,330.0,295.0,39.0,332.0,232.0
10330,VP_029,ftsst,Math,24,313.0,731.0,338.0,265.0,364.0,299.0,330.0,309.0,345.0,336.0,311.0,35.0,334.0,309.0
10331,VP_029,ftsst,Math,25,328.0,729.0,354.0,279.0,368.0,315.0,353.0,319.0,352.0,341.0,328.0,242.0,359.0,319.0
10332,VP_029,ftsst,Math,26,316.0,723.0,346.0,291.0,372.0,310.0,356.0,290.0,351.0,340.0,320.0,238.0,342.0,237.0
10333,VP_029,ftsst,Math,27,357.0,709.0,271.0,273.0,367.0,304.0,358.0,315.0,350.0,338.0,357.0,155.0,276.0,315.0
10334,VP_029,ftsst,Math,28,306.0,685.0,325.0,277.0,362.0,297.0,328.0,297.0,340.0,331.0,321.0,0.0,321.0,259.0
10335,VP_029,ftsst,Math,29,318.0,656.0,322.0,259.0,325.0,298.0,333.0,315.0,336.0,325.0,322.0,55.0,255.0,315.0
10336,VP_029,ftsst,Math,30,306.0,636.0,324.0,301.0,344.0,282.0,326.0,305.0,329.0,315.0,309.0,40.0,331.0,305.0
10337,VP_029,ftsst,Math,31,322.0,630.0,321.0,289.0,346.0,320.0,326.0,283.0,319.0,308.0,312.0,61.0,312.0,283.0
10338,VP_029,ftsst,Math,32,325.0,650.0,327.0,287.0,340.0,314.0,332.0,286.0,319.0,305.0,327.0,52.0,334.0,259.0
10339,VP_029,ftsst,Math,33,330.0,729.0,304.0,297.0,347.0,328.0,342.0,253.0,325.0,313.0,202.0,140.0,303.0,200.0
10340,VP_029,ftsst,Math,34,358.0,833.0,330.0,317.0,373.0,354.0,363.0,311.0,349.0,339.0,341.0,13.0,341.0,310.0
10341,VP_029,ftsst,Math,35,390.0,889.0,342.0,321.0,410.0,391.0,402.0,321.0,385.0,376.0,332.0,0.0,332.0,275.0
10342,VP_029,ftsst,Math,36,407.0,907.0,386.0,375.0,428.0,406.0,421.0,358.0,406.0,395.0,385.0,312.0,385.0,312.0
10343,VP_029,ftsst,Math,37,370.0,900.0,381.0,382.0,436.0,417.0,425.0,328.0,412.0,401.0,378.0,76.0,378.0,300.0
10344,VP_029,ftsst,Math,38,386.0,881.0,340.0,384.0,435.0,413.0,425.0,330.0,412.0,400.0,357.0,39.0,357.0,289.0
10345,VP_029,ftsst,Math,39,358.0,,386.0,381.0,422.0,469.0,411.0,380.0,413.0,394.0,349.0,127.0,379.0,346.0
10346,VP_029,ftsst,Pause_1,0,353.0,836.0,364.0,320.0,360.0,391.0,363.0,369.0,382.0,375.0,363.0,12.0,363.0,280.0
10347,VP_029,ftsst,Pause_1,1,356.0,829.0,369.0,316.0,361.0,390.0,365.0,340.0,383.0,376.0,344.0,0.0,369.0,295.0
10348,VP_029,ftsst,Pause_1,2,345.0,798.0,376.0,315.0,403.0,338.0,374.0,315.0,383.0,373.0,344.0,276.0,373.0,275.0
10349,VP_029,ftsst,Pause_1,3,347.0,763.0,373.0,297.0,389.0,329.0,371.0,341.0,370.0,362.0,344.0,0.0,374.0,341.0
10350,VP_029,ftsst,Pause_1,4,334.0,763.0,349.0,282.0,378.0,313.0,356.0,281.0,358.0,350.0,324.0,15.0,348.0,251.0
10351,VP_029,ftsst,Pause_1,5,323.0,776.0,352.0,290.0,338.0,314.0,342.0,319.0,357.0,349.0,322.0,19.0,351.0,319.0
10352,VP_029,ftsst,Pause_1,6,331.0,787.0,320.0,330.0,345.0,318.0,347.0,318.0,363.0,355.0,352.0,29.0,352.0,289.0
10354,VP_029,ftsst,Pause_1,8,325.0,727.0,357.0,329.0,384.0,312.0,343.0,,362.0,352.0,313.0,27.0,313.0,280.0
10355,VP_029,ftsst,Pause_1,9,347.0,700.0,318.0,301.0,209.0,346.0,364.0,251.0,340.0,335.0,347.0,211.0,347.0,210.0
10357,VP_029,ftsst,Pause_1,11,350.0,642.0,310.0,255.0,215.0,341.0,255.0,,335.0,324.0,317.0,219.0,317.0,218.0
10358,VP_029,ftsst,Pause_1,12,307.0,495.0,331.0,240.0,321.0,273.0,317.0,293.0,320.0,309.0,298.0,206.0,325.0,293.0
10359,VP_029,ftsst,Pause_5,0,398.0,845.0,385.0,376.0,422.0,399.0,415.0,327.0,400.0,382.0,355.0,297.0,378.0,297.0
10360,VP_029,ftsst,Pause_5,1,400.0,834.0,384.0,374.0,422.0,398.0,414.0,347.0,398.0,382.0,291.0,0.0,385.0,290.0
10361,VP_029,ftsst,Pause_5,2,397.0,823.0,380.0,374.0,417.0,395.0,412.0,374.0,397.0,378.0,403.0,0.0,378.0,353.0
10362,VP_029,ftsst,Pause_5,3,363.0,834.0,386.0,368.0,413.0,384.0,404.0,383.0,392.0,374.0,352.0,15.0,388.0,345.0
10363,VP_029,ftsst,Pause_5,4,390.0,851.0,378.0,365.0,415.0,389.0,406.0,317.0,392.0,378.0,343.0,0.0,379.0,277.0
10364,VP_029,ftsst,Pause_5,5,362.0,853.0,389.0,373.0,423.0,399.0,412.0,384.0,399.0,384.0,358.0,0.0,390.0,354.0
10365,VP_029,ftsst,Pause_5,6,408.0,847.0,386.0,378.0,425.0,402.0,416.0,383.0,402.0,385.0,362.0,0.0,385.0,358.0
10366,VP_029,ftsst,Pause_5,7,399.0,825.0,393.0,377.0,424.0,396.0,415.0,377.0,400.0,382.0,358.0,0.0,390.0,353.0
10367,VP_029,ftsst,Pause_5,8,401.0,802.0,398.0,372.0,415.0,389.0,408.0,389.0,394.0,375.0,356.0,0.0,401.0,351.0
10368,VP_029,ftsst,Pause_5,9,386.0,796.0,381.0,360.0,409.0,380.0,399.0,307.0,384.0,367.0,387.0,21.0,380.0,264.0
10369,VP_029,ftsst,Pause_5,10,382.0,801.0,364.0,358.0,407.0,383.0,399.0,363.0,382.0,365.0,341.0,7.0,359.0,335.0
10370,VP_029,ftsst,Prep,0,345.0,853.0,343.0,345.0,397.0,384.0,348.0,298.0,384.0,379.0,338.0,260.0,338.0,260.0
10371,VP_029,ftsst,Prep,1,395.0,801.0,329.0,352.0,400.0,385.0,398.0,316.0,388.0,381.0,338.0,257.0,338.0,257.0
10372,VP_029,ftsst,Prep,2,373.0,824.0,289.0,285.0,381.0,366.0,379.0,367.0,369.0,362.0,287.0,367.0,287.0,367.0
10373,VP_029,ftsst,Prep,3,372.0,880.0,327.0,342.0,383.0,370.0,335.0,250.0,377.0,370.0,325.0,250.0,325.0,249.0
10374,VP_029,ftsst,Prep,4,318.0,878.0,357.0,330.0,404.0,390.0,363.0,330.0,391.0,387.0,357.0,273.0,357.0,272.0
10375,VP_029,ftsst,Prep,5,395.0,860.0,352.0,357.0,410.0,393.0,404.0,322.0,394.0,388.0,354.0,265.0,354.0,265.0
10376,VP_029,ftsst,Prep,6,390.0,881.0,345.0,361.0,398.0,382.0,393.0,296.0,397.0,386.0,343.0,266.0,343.0,266.0
10377,VP_029,ftsst,Prep,7,328.0,870.0,354.0,351.0,270.0,315.0,361.0,315.0,391.0,387.0,354.0,270.0,354.0,270.0
10378,VP_029,ftsst,Prep,8,395.0,797.0,344.0,355.0,405.0,389.0,400.0,323.0,392.0,385.0,348.0,267.0,348.0,266.0
10379,VP_029,ftsst,Prep,9,374.0,780.0,283.0,281.0,380.0,362.0,375.0,233.0,367.0,360.0,280.0,233.0,280.0,232.0
10380,VP_029,ftsst,Prep,10,369.0,797.0,310.0,287.0,369.0,352.0,362.0,232.0,361.0,355.0,309.0,232.0,309.0,231.0
10381,VP_029,ftsst,Prep,11,323.0,796.0,334.0,317.0,330.0,363.0,328.0,297.0,359.0,356.0,334.0,239.0,334.0,239.0
10382,VP_029,ftsst,Prep,12,372.0,771.0,303.0,278.0,380.0,365.0,376.0,237.0,365.0,360.0,312.0,237.0,312.0,236.0
10383,VP_029,ftsst,Prep,13,365.0,772.0,275.0,270.0,372.0,353.0,366.0,224.0,356.0,351.0,276.0,224.0,276.0,223.0
10384,VP_029,ftsst,Prep,14,356.0,793.0,296.0,278.0,367.0,351.0,360.0,229.0,356.0,351.0,293.0,229.0,293.0,229.0
10385,VP_029,ftsst,Prep,15,368.0,835.0,324.0,300.0,376.0,364.0,328.0,243.0,360.0,356.0,324.0,243.0,324.0,243.0
10386,VP_029,ftsst,Prep,16,335.0,833.0,337.0,338.0,255.0,377.0,343.0,289.0,377.0,372.0,336.0,257.0,336.0,256.0
10387,VP_029,ftsst,Prep,17,386.0,818.0,315.0,349.0,393.0,379.0,389.0,307.0,383.0,375.0,318.0,251.0,318.0,251.0
10388,VP_029,ftsst,Prep,18,370.0,855.0,322.0,346.0,383.0,367.0,377.0,294.0,379.0,369.0,319.0,243.0,319.0,243.0
10389,VP_029,ftsst,Prep,19,331.0,838.0,354.0,344.0,352.0,384.0,350.0,317.0,383.0,379.0,354.0,266.0,354.0,266.0
10390,VP_029,ftsst,Prep,20,383.0,793.0,327.0,344.0,395.0,379.0,390.0,258.0,381.0,374.0,333.0,258.0,333.0,257.0
10391,VP_029,ftsst,Prep,21,366.0,821.0,305.0,293.0,376.0,361.0,371.0,292.0,366.0,360.0,302.0,237.0,302.0,236.0
10392,VP_029,ftsst,Prep,22,307.0,835.0,342.0,333.0,382.0,370.0,334.0,296.0,372.0,367.0,342.0,259.0,342.0,258.0
10393,VP_029,ftsst,Prep,23,336.0,794.0,346.0,334.0,347.0,380.0,345.0,292.0,375.0,371.0,347.0,259.0,347.0,259.0
10394,VP_029,ftsst,Prep,24,374.0,788.0,292.0,278.0,381.0,365.0,377.0,237.0,364.0,359.0,293.0,237.0,293.0,237.0
10395,VP_029,ftsst,Prep,25,359.0,821.0,316.0,282.0,371.0,357.0,330.0,240.0,360.0,355.0,313.0,240.0,313.0,239.0
10396,VP_029,ftsst,Prep,26,301.0,806.0,336.0,328.0,381.0,365.0,337.0,302.0,369.0,365.0,336.0,254.0,336.0,254.0
10397,VP_029,ftsst,Prep,27,374.0,785.0,307.0,333.0,383.0,369.0,380.0,303.0,370.0,363.0,314.0,245.0,314.0,245.0
10398,VP_029,ftsst,Prep,28,360.0,821.0,300.0,280.0,374.0,357.0,366.0,239.0,364.0,357.0,295.0,239.0,295.0,239.0
10399,VP_029,ftsst,Prep,29,328.0,861.0,333.0,310.0,382.0,369.0,340.0,284.0,367.0,364.0,334.0,255.0,334.0,254.0
10400,VP_029,ftsst,Prep,30,351.0,870.0,352.0,289.0,357.0,385.0,353.0,312.0,376.0,375.0,352.0,268.0,352.0,268.0
10401,VP_029,ftsst,Prep,31,399.0,814.0,336.0,351.0,405.0,390.0,400.0,320.0,389.0,384.0,344.0,264.0,344.0,264.0
10402,VP_029,ftsst,Prep,32,375.0,813.0,293.0,285.0,385.0,368.0,379.0,270.0,371.0,366.0,289.0,244.0,289.0,243.0
10403,VP_029,ftsst,Prep,33,374.0,824.0,331.0,334.0,383.0,368.0,376.0,294.0,371.0,366.0,334.0,248.0,334.0,247.0
10404,VP_029,ftsst,Prep,34,311.0,836.0,353.0,323.0,308.0,377.0,316.0,310.0,367.0,364.0,352.0,310.0,352.0,309.0
10405,VP_029,ftsst,Prep,35,384.0,,341.0,346.0,346.0,383.0,342.0,257.0,382.0,375.0,342.0,257.0,342.0,257.0
10406,VP_029,ftsst,Talk,1,353.0,703.0,176.0,269.0,255.0,339.0,357.0,250.0,342.0,331.0,158.0,343.0,,343.0
10407,VP_029,ftsst,Talk,2,351.0,700.0,318.0,267.0,365.0,342.0,356.0,266.0,344.0,331.0,305.0,0.0,315.0,227.0
10408,VP_029,ftsst,Talk,3,346.0,720.0,322.0,318.0,360.0,340.0,353.0,284.0,345.0,331.0,320.0,220.0,320.0,219.0
10409,VP_029,ftsst,Talk,4,348.0,762.0,321.0,322.0,367.0,344.0,361.0,296.0,350.0,337.0,322.0,236.0,322.0,235.0
10410,VP_029,ftsst,Talk,5,374.0,786.0,338.0,337.0,244.0,367.0,383.0,303.0,366.0,352.0,340.0,244.0,340.0,244.0
10411,VP_029,ftsst,Talk,6,382.0,783.0,395.0,345.0,397.0,379.0,390.0,323.0,373.0,360.0,280.0,245.0,393.0,279.0
10412,VP_029,ftsst,Talk,7,367.0,792.0,326.0,326.0,305.0,352.0,374.0,352.0,371.0,359.0,363.0,42.0,338.0,311.0
10413,VP_029,ftsst,Talk,8,392.0,794.0,331.0,287.0,395.0,380.0,339.0,237.0,369.0,360.0,311.0,237.0,311.0,236.0
10414,VP_029,ftsst,Talk,9,343.0,752.0,260.0,307.0,391.0,368.0,380.0,287.0,371.0,361.0,280.0,117.0,280.0,228.0
10415,VP_029,ftsst,Talk,10,280.0,721.0,356.0,329.0,371.0,318.0,359.0,266.0,359.0,348.0,341.0,0.0,341.0,234.0
10416,VP_029,ftsst,Talk,11,346.0,705.0,251.0,273.0,357.0,334.0,354.0,342.0,343.0,335.0,360.0,342.0,270.0,342.0
10417,VP_029,ftsst,Talk,12,286.0,730.0,305.0,261.0,350.0,322.0,342.0,285.0,341.0,331.0,303.0,224.0,303.0,223.0
10418,VP_029,ftsst,Talk,13,305.0,720.0,302.0,279.0,358.0,337.0,348.0,278.0,344.0,338.0,293.0,231.0,293.0,230.0
10419,VP_029,ftsst,Talk,14,299.0,739.0,316.0,271.0,353.0,331.0,345.0,270.0,341.0,334.0,316.0,220.0,316.0,219.0
10420,VP_029,ftsst,Talk,15,308.0,742.0,323.0,273.0,365.0,345.0,356.0,272.0,349.0,341.0,325.0,229.0,325.0,228.0
10421,VP_029,ftsst,Talk,16,309.0,753.0,325.0,314.0,364.0,342.0,354.0,285.0,349.0,342.0,326.0,224.0,326.0,223.0
10422,VP_029,ftsst,Talk,17,362.0,772.0,301.0,293.0,376.0,356.0,370.0,292.0,354.0,346.0,298.0,46.0,298.0,240.0
10423,VP_029,ftsst,Talk,18,323.0,767.0,345.0,328.0,378.0,314.0,347.0,290.0,361.0,353.0,319.0,27.0,346.0,248.0
10424,VP_029,ftsst,Talk,19,315.0,773.0,342.0,331.0,377.0,357.0,368.0,282.0,362.0,352.0,342.0,219.0,342.0,218.0
10425,VP_029,ftsst,Talk,20,321.0,786.0,351.0,331.0,382.0,309.0,369.0,271.0,364.0,354.0,316.0,13.0,350.0,246.0
10426,VP_029,ftsst,Talk,21,327.0,777.0,348.0,340.0,387.0,367.0,377.0,319.0,370.0,359.0,323.0,20.0,352.0,319.0
10427,VP_029,ftsst,Talk,22,335.0,744.0,385.0,342.0,390.0,317.0,372.0,331.0,370.0,357.0,333.0,233.0,381.0,331.0
10428,VP_029,ftsst,Talk,23,311.0,779.0,339.0,329.0,373.0,347.0,364.0,223.0,357.0,345.0,349.0,44.0,349.0,186.0
10429,VP_029,ftsst,Talk,24,376.0,805.0,357.0,344.0,385.0,365.0,381.0,313.0,373.0,359.0,352.0,16.0,352.0,273.0
10430,VP_029,ftsst,Talk,25,334.0,812.0,361.0,343.0,391.0,370.0,382.0,354.0,375.0,366.0,340.0,186.0,366.0,326.0
10431,VP_029,ftsst,Talk,26,388.0,827.0,369.0,355.0,403.0,383.0,395.0,309.0,383.0,369.0,371.0,254.0,371.0,254.0
10432,VP_029,ftsst,Talk,27,351.0,855.0,366.0,362.0,403.0,382.0,396.0,311.0,389.0,375.0,347.0,0.0,364.0,261.0
10433,VP_029,ftsst,Talk,28,402.0,890.0,374.0,367.0,413.0,392.0,404.0,344.0,396.0,384.0,349.0,287.0,376.0,286.0
10434,VP_029,ftsst,Talk,29,400.0,904.0,386.0,376.0,424.0,399.0,414.0,360.0,406.0,395.0,386.0,304.0,386.0,303.0
10435,VP_029,ftsst,Talk,30,417.0,910.0,390.0,383.0,431.0,412.0,422.0,336.0,412.0,401.0,369.0,0.0,390.0,292.0
10436,VP_029,ftsst,Talk,31,375.0,915.0,393.0,387.0,434.0,411.0,425.0,341.0,416.0,404.0,393.0,304.0,393.0,303.0
10437,VP_029,ftsst,Talk,32,380.0,913.0,398.0,388.0,434.0,414.0,426.0,343.0,417.0,405.0,369.0,297.0,396.0,297.0
10438,VP_029,ftsst,Talk,33,415.0,882.0,399.0,392.0,437.0,415.0,430.0,258.0,419.0,405.0,377.0,258.0,398.0,257.0
10439,VP_029,ftsst,Talk,34,409.0,893.0,391.0,382.0,424.0,402.0,419.0,382.0,409.0,395.0,411.0,281.0,392.0,362.0
10440,VP_029,ftsst,Talk,35,410.0,915.0,394.0,386.0,429.0,407.0,423.0,356.0,413.0,399.0,401.0,0.0,401.0,299.0
10441,VP_029,ftsst,Talk,36,415.0,934.0,384.0,390.0,436.0,414.0,430.0,347.0,418.0,405.0,368.0,0.0,368.0,300.0
10442,VP_029,tsst,Math,0,390.0,820.0,331.0,315.0,401.0,379.0,394.0,489.0,378.0,370.0,336.0,240.0,336.0,240.0
10443,VP_029,tsst,Math,1,396.0,854.0,332.0,331.0,400.0,378.0,401.0,390.0,379.0,370.0,301.0,390.0,330.0,390.0
10444,VP_029,tsst,Math,2,356.0,865.0,335.0,356.0,413.0,395.0,368.0,269.0,390.0,382.0,324.0,0.0,324.0,222.0
10445,VP_029,tsst,Math,3,350.0,785.0,389.0,364.0,356.0,391.0,366.0,346.0,396.0,387.0,390.0,4.0,390.0,346.0
10446,VP_029,tsst,Math,4,364.0,758.0,362.0,343.0,388.0,315.0,376.0,326.0,372.0,360.0,336.0,24.0,361.0,326.0
10447,VP_029,tsst,Math,5,344.0,735.0,352.0,278.0,373.0,310.0,364.0,319.0,359.0,349.0,325.0,47.0,350.0,319.0
10448,VP_029,tsst,Math,6,351.0,729.0,302.0,318.0,368.0,349.0,361.0,260.0,350.0,341.0,314.0,186.0,314.0,186.0
10449,VP_029,tsst,Math,7,314.0,747.0,350.0,328.0,362.0,299.0,352.0,269.0,355.0,341.0,308.0,234.0,343.0,234.0
10450,VP_029,tsst,Math,8,288.0,763.0,326.0,315.0,290.0,358.0,303.0,283.0,350.0,343.0,330.0,108.0,330.0,283.0
10451,VP_029,tsst,Math,9,330.0,778.0,322.0,271.0,376.0,292.0,353.0,292.0,356.0,349.0,317.0,0.0,317.0,245.0
10452,VP_029,tsst,Math,10,325.0,788.0,354.0,333.0,386.0,365.0,371.0,318.0,365.0,356.0,352.0,45.0,352.0,275.0
10453,VP_029,tsst,Math,11,345.0,789.0,327.0,301.0,382.0,330.0,358.0,300.0,365.0,358.0,343.0,41.0,347.0,237.0
10454,VP_029,tsst,Math,12,343.0,770.0,361.0,341.0,393.0,327.0,356.0,332.0,371.0,360.0,334.0,10.0,357.0,332.0
10455,VP_029,tsst,Math,13,339.0,724.0,364.0,290.0,392.0,323.0,360.0,334.0,367.0,355.0,336.0,9.0,366.0,334.0
10456,VP_029,tsst,Math,14,320.0,701.0,349.0,271.0,373.0,303.0,342.0,316.0,349.0,338.0,318.0,199.0,348.0,316.0
10457,VP_029,tsst,Math,15,307.0,685.0,336.0,258.0,358.0,292.0,344.0,299.0,339.0,329.0,306.0,72.0,335.0,299.0
10458,VP_029,tsst,Math,16,293.0,689.0,305.0,267.0,358.0,289.0,342.0,238.0,333.0,323.0,252.0,140.0,313.0,139.0
10459,VP_029,tsst,Math,17,296.0,706.0,319.0,253.0,357.0,285.0,325.0,294.0,332.0,324.0,298.0,85.0,315.0,294.0
10460,VP_029,tsst,Math,18,305.0,755.0,319.0,308.0,367.0,347.0,355.0,292.0,340.0,331.0,325.0,93.0,325.0,251.0
10461,VP_029,tsst,Math,19,317.0,789.0,328.0,326.0,202.0,376.0,335.0,310.0,358.0,348.0,318.0,103.0,326.0,310.0
10462,VP_029,tsst,Math,20,384.0,803.0,369.0,305.0,351.0,382.0,355.0,343.0,370.0,360.0,344.0,49.0,368.0,343.0
10463,VP_029,tsst,Math,21,342.0,794.0,360.0,300.0,401.0,331.0,381.0,300.0,377.0,366.0,340.0,28.0,362.0,267.0
10464,VP_029,tsst,Math,22,367.0,790.0,230.0,292.0,391.0,331.0,371.0,359.0,372.0,362.0,370.0,47.0,,359.0
10465,VP_029,tsst,Math,23,340.0,789.0,354.0,337.0,389.0,287.0,360.0,287.0,369.0,360.0,356.0,0.0,356.0,247.0
10466,VP_029,tsst,Math,24,345.0,772.0,349.0,336.0,387.0,323.0,365.0,267.0,369.0,359.0,330.0,243.0,347.0,243.0
10467,VP_029,tsst,Math,25,331.0,767.0,360.0,336.0,381.0,318.0,365.0,328.0,366.0,355.0,330.0,31.0,360.0,328.0
10468,VP_029,tsst,Math,26,328.0,771.0,345.0,289.0,380.0,318.0,364.0,289.0,362.0,352.0,329.0,224.0,341.0,223.0
10469,VP_029,tsst,Math,27,339.0,770.0,298.0,281.0,382.0,326.0,371.0,328.0,363.0,353.0,302.0,229.0,302.0,328.0
10470,VP_029,tsst,Math,28,373.0,786.0,387.0,285.0,383.0,323.0,375.0,369.0,364.0,353.0,387.0,369.0,387.0,369.0
10471,VP_029,tsst,Math,29,360.0,800.0,372.0,297.0,379.0,340.0,374.0,358.0,369.0,359.0,363.0,358.0,368.0,358.0
10472,VP_029,tsst,Math,30,334.0,831.0,354.0,300.0,395.0,330.0,380.0,300.0,376.0,365.0,338.0,29.0,360.0,258.0
10473,VP_029,tsst,Math,31,394.0,858.0,361.0,357.0,406.0,387.0,396.0,335.0,387.0,376.0,361.0,6.0,361.0,285.0
10474,VP_029,tsst,Math,32,396.0,868.0,354.0,346.0,330.0,384.0,328.0,297.0,393.0,383.0,353.0,297.0,353.0,296.0
10475,VP_029,tsst,Math,33,361.0,829.0,373.0,370.0,421.0,402.0,381.0,354.0,400.0,389.0,372.0,69.0,372.0,306.0
10476,VP_029,tsst,Math,34,381.0,801.0,384.0,357.0,403.0,334.0,391.0,343.0,386.0,375.0,346.0,263.0,384.0,343.0
10477,VP_029,tsst,Math,35,367.0,816.0,350.0,305.0,388.0,332.0,378.0,305.0,375.0,364.0,354.0,15.0,354.0,243.0
10478,VP_029,tsst,Math,36,340.0,808.0,354.0,344.0,397.0,375.0,361.0,273.0,377.0,369.0,348.0,0.0,348.0,244.0
10479,VP_029,tsst,Math,37,360.0,,381.0,298.0,394.0,336.0,370.0,345.0,378.0,367.0,351.0,252.0,386.0,345.0
10480,VP_029,tsst,Pause_1,0,280.0,675.0,282.0,258.0,295.0,279.0,288.0,205.0,308.0,307.0,256.0,231.0,256.0,230.0
10481,VP_029,tsst,Pause_1,1,292.0,658.0,255.0,230.0,201.0,289.0,219.0,206.0,292.0,292.0,254.0,206.0,254.0,206.0
10482,VP_029,tsst,Pause_1,2,282.0,640.0,305.0,239.0,215.0,271.0,290.0,218.0,312.0,308.0,280.0,218.0,311.0,217.0
10483,VP_029,tsst,Pause_1,3,265.0,612.0,285.0,262.0,139.0,314.0,276.0,253.0,304.0,301.0,272.0,206.0,272.0,205.0
10485,VP_029,tsst,Pause_1,5,254.0,587.0,270.0,202.0,263.0,244.0,266.0,,292.0,288.0,253.0,0.0,268.0,170.0
10486,VP_029,tsst,Pause_1,6,250.0,581.0,269.0,201.0,284.0,241.0,269.0,200.0,285.0,282.0,252.0,174.0,265.0,173.0
10487,VP_029,tsst,Pause_1,7,254.0,565.0,265.0,188.0,279.0,239.0,265.0,249.0,274.0,274.0,259.0,249.0,207.0,249.0
10488,VP_029,tsst,Pause_1,8,247.0,595.0,208.0,209.0,30.0,244.0,182.0,159.0,267.0,267.0,219.0,31.0,219.0,159.0
10489,VP_029,tsst,Pause_1,9,251.0,606.0,267.0,207.0,267.0,245.0,266.0,206.0,282.0,281.0,256.0,172.0,260.0,172.0
10490,VP_029,tsst,Pause_1,10,267.0,624.0,265.0,203.0,272.0,251.0,270.0,202.0,284.0,284.0,260.0,172.0,265.0,171.0
10491,VP_029,tsst,Pause_1,11,268.0,613.0,279.0,232.0,280.0,258.0,277.0,232.0,294.0,293.0,267.0,187.0,280.0,187.0
10492,VP_029,tsst,Pause_1,12,266.0,600.0,282.0,220.0,277.0,254.0,277.0,259.0,294.0,292.0,264.0,187.0,282.0,259.0
10493,VP_029,tsst,Pause_1,13,256.0,587.0,278.0,200.0,273.0,248.0,271.0,256.0,286.0,285.0,260.0,86.0,277.0,256.0
10494,VP_029,tsst,Pause_1,14,251.0,590.0,271.0,212.0,269.0,245.0,267.0,251.0,279.0,278.0,257.0,176.0,273.0,251.0
10495,VP_029,tsst,Pause_1,15,255.0,,270.0,209.0,268.0,247.0,267.0,208.0,280.0,279.0,259.0,175.0,269.0,175.0
10496,VP_029,tsst,Pause_5,0,372.0,878.0,389.0,334.0,418.0,362.0,403.0,320.0,401.0,391.0,372.0,293.0,386.0,292.0
10497,VP_029,tsst,Pause_5,1,365.0,883.0,385.0,332.0,422.0,357.0,408.0,332.0,402.0,391.0,359.0,0.0,386.0,274.0
10498,VP_029,tsst,Pause_5,2,368.0,891.0,386.0,341.0,426.0,363.0,411.0,341.0,404.0,393.0,368.0,0.0,386.0,280.0
10499,VP_029,tsst,Pause_5,3,371.0,897.0,389.0,341.0,426.0,363.0,415.0,340.0,408.0,397.0,389.0,288.0,389.0,287.0
10500,VP_029,tsst,Pause_5,4,368.0,900.0,393.0,343.0,432.0,368.0,416.0,342.0,409.0,398.0,374.0,290.0,393.0,289.0
10501,VP_029,tsst,Pause_5,5,379.0,892.0,391.0,342.0,431.0,368.0,418.0,367.0,410.0,399.0,390.0,0.0,390.0,311.0
10502,VP_029,tsst,Pause_5,6,408.0,858.0,395.0,380.0,431.0,397.0,418.0,359.0,409.0,397.0,394.0,301.0,394.0,301.0
10503,VP_029,tsst,Pause_5,7,364.0,847.0,394.0,369.0,419.0,350.0,406.0,361.0,397.0,385.0,363.0,0.0,395.0,361.0
10504,VP_029,tsst,Pause_5,8,355.0,860.0,377.0,363.0,411.0,340.0,399.0,317.0,392.0,381.0,344.0,5.0,376.0,274.0
10505,VP_029,tsst,Pause_5,9,384.0,867.0,373.0,363.0,415.0,385.0,404.0,345.0,395.0,385.0,304.0,0.0,376.0,302.0
10506,VP_029,tsst,Pause_5,10,382.0,,384.0,370.0,423.0,350.0,406.0,332.0,399.0,388.0,383.0,4.0,383.0,276.0
10507,VP_029,tsst,Prep,0,313.0,787.0,326.0,270.0,321.0,349.0,322.0,387.0,348.0,347.0,321.0,231.0,321.0,231.0
10508,VP_029,tsst,Prep,1,361.0,704.0,314.0,316.0,369.0,354.0,322.0,289.0,357.0,353.0,321.0,231.0,321.0,231.0
10509,VP_029,tsst,Prep,2,325.0,675.0,280.0,245.0,343.0,324.0,337.0,245.0,328.0,324.0,280.0,207.0,280.0,207.0
10510,VP_029,tsst,Prep,3,321.0,672.0,274.0,255.0,330.0,309.0,325.0,255.0,320.0,316.0,271.0,203.0,271.0,202.0
10511,VP_029,tsst,Prep,4,289.0,705.0,271.0,244.0,196.0,278.0,317.0,200.0,318.0,314.0,268.0,200.0,268.0,200.0
10512,VP_029,tsst,Prep,5,283.0,797.0,302.0,243.0,200.0,333.0,299.0,208.0,328.0,325.0,293.0,208.0,301.0,207.0
10513,VP_029,tsst,Prep,6,326.0,781.0,328.0,265.0,234.0,357.0,329.0,292.0,358.0,355.0,331.0,237.0,331.0,237.0
10514,VP_029,tsst,Prep,7,313.0,792.0,304.0,271.0,365.0,347.0,326.0,271.0,352.0,349.0,295.0,230.0,295.0,229.0
10515,VP_029,tsst,Prep,8,317.0,839.0,329.0,272.0,326.0,355.0,324.0,271.0,354.0,352.0,329.0,243.0,329.0,242.0
10516,VP_029,tsst,Prep,9,339.0,806.0,341.0,278.0,345.0,324.0,343.0,299.0,370.0,369.0,339.0,253.0,339.0,253.0
10517,VP_029,tsst,Prep,10,317.0,725.0,321.0,316.0,378.0,358.0,339.0,289.0,360.0,358.0,331.0,240.0,331.0,240.0
10518,VP_029,tsst,Prep,11,334.0,702.0,279.0,251.0,351.0,331.0,344.0,217.0,336.0,332.0,274.0,217.0,274.0,217.0
10519,VP_029,tsst,Prep,12,287.0,705.0,303.0,247.0,203.0,281.0,313.0,211.0,326.0,323.0,301.0,211.0,301.0,211.0
10520,VP_029,tsst,Prep,13,286.0,759.0,297.0,247.0,202.0,284.0,305.0,208.0,326.0,324.0,297.0,208.0,297.0,207.0
10521,VP_029,tsst,Prep,14,304.0,767.0,318.0,251.0,219.0,347.0,313.0,243.0,344.0,342.0,300.0,222.0,319.0,222.0
10522,VP_029,tsst,Prep,15,352.0,738.0,272.0,270.0,364.0,348.0,358.0,270.0,348.0,345.0,270.0,220.0,270.0,219.0
10523,VP_029,tsst,Prep,16,300.0,781.0,295.0,252.0,208.0,289.0,313.0,208.0,341.0,337.0,304.0,208.0,299.0,208.0
10524,VP_029,tsst,Prep,17,311.0,817.0,328.0,253.0,322.0,360.0,318.0,252.0,348.0,347.0,323.0,229.0,323.0,229.0
10525,VP_029,tsst,Prep,18,327.0,742.0,342.0,298.0,334.0,367.0,334.0,297.0,363.0,361.0,348.0,241.0,348.0,240.0
10526,VP_029,tsst,Prep,19,344.0,698.0,275.0,259.0,356.0,338.0,351.0,258.0,339.0,337.0,269.0,216.0,269.0,215.0
10527,VP_029,tsst,Prep,20,294.0,699.0,292.0,256.0,200.0,284.0,324.0,209.0,327.0,323.0,292.0,209.0,292.0,209.0
10528,VP_029,tsst,Prep,21,286.0,727.0,301.0,253.0,205.0,327.0,300.0,210.0,328.0,324.0,301.0,210.0,301.0,210.0
10529,VP_029,tsst,Prep,22,291.0,786.0,295.0,254.0,211.0,337.0,308.0,214.0,333.0,330.0,291.0,214.0,291.0,213.0
10530,VP_029,tsst,Prep,23,307.0,773.0,318.0,259.0,229.0,348.0,325.0,255.0,353.0,351.0,305.0,230.0,322.0,230.0
10531,VP_029,tsst,Prep,24,351.0,805.0,315.0,311.0,227.0,344.0,324.0,234.0,353.0,349.0,310.0,234.0,310.0,233.0
10532,VP_029,tsst,Prep,25,328.0,860.0,334.0,328.0,236.0,314.0,328.0,288.0,367.0,362.0,334.0,238.0,334.0,238.0
10533,VP_029,tsst,Prep,26,347.0,827.0,353.0,288.0,354.0,335.0,353.0,317.0,380.0,378.0,355.0,107.0,355.0,261.0
10534,VP_029,tsst,Prep,27,325.0,761.0,325.0,322.0,384.0,361.0,348.0,293.0,367.0,365.0,328.0,246.0,328.0,245.0
10535,VP_029,tsst,Prep,28,347.0,759.0,307.0,305.0,359.0,341.0,351.0,272.0,347.0,344.0,307.0,227.0,307.0,226.0
10536,VP_029,tsst,Prep,29,311.0,752.0,320.0,262.0,317.0,349.0,316.0,261.0,346.0,343.0,319.0,229.0,319.0,229.0
10537,VP_029,tsst,Prep,30,347.0,727.0,310.0,260.0,216.0,344.0,316.0,223.0,345.0,341.0,315.0,223.0,315.0,222.0
10538,VP_029,tsst,Prep,31,337.0,681.0,253.0,241.0,351.0,328.0,341.0,211.0,333.0,331.0,255.0,211.0,255.0,210.0
10539,VP_029,tsst,Prep,32,308.0,650.0,243.0,241.0,335.0,278.0,325.0,200.0,317.0,315.0,242.0,200.0,242.0,200.0
10540,VP_029,tsst,Prep,33,279.0,654.0,251.0,237.0,321.0,269.0,305.0,199.0,309.0,306.0,285.0,199.0,252.0,199.0
10541,VP_029,tsst,Prep,34,315.0,808.0,275.0,269.0,278.0,309.0,278.0,240.0,311.0,307.0,267.0,0.0,267.0,201.0
10542,VP_029,tsst,Prep,35,325.0,924.0,340.0,271.0,333.0,313.0,336.0,270.0,357.0,356.0,324.0,240.0,340.0,239.0
10543,VP_029,tsst,Prep,36,373.0,933.0,350.0,331.0,380.0,360.0,380.0,330.0,397.0,396.0,373.0,284.0,340.0,284.0
10544,VP_029,tsst,Prep,37,370.0,877.0,386.0,314.0,380.0,359.0,380.0,313.0,402.0,401.0,371.0,289.0,389.0,288.0
10545,VP_029,tsst,Talk,0,371.0,776.0,356.0,304.0,385.0,363.0,368.0,472.0,361.0,354.0,324.0,18.0,352.0,293.0
10546,VP_029,tsst,Talk,1,363.0,714.0,401.0,355.0,368.0,333.0,364.0,362.0,377.0,358.0,402.0,397.0,402.0,362.0
10547,VP_029,tsst,Talk,2,336.0,715.0,344.0,316.0,252.0,337.0,355.0,292.0,346.0,335.0,332.0,14.0,332.0,264.0
10548,VP_029,tsst,Talk,3,331.0,695.0,336.0,303.0,355.0,325.0,347.0,269.0,341.0,333.0,338.0,161.0,340.0,214.0
10549,VP_029,tsst,Talk,4,322.0,739.0,316.0,301.0,351.0,319.0,341.0,270.0,334.0,326.0,316.0,211.0,316.0,210.0
10550,VP_029,tsst,Talk,5,310.0,787.0,327.0,307.0,362.0,297.0,334.0,282.0,345.0,340.0,327.0,231.0,327.0,230.0
10551,VP_029,tsst,Talk,6,314.0,835.0,339.0,320.0,381.0,311.0,341.0,297.0,359.0,355.0,340.0,242.0,340.0,241.0
10552,VP_029,tsst,Talk,7,343.0,840.0,364.0,339.0,355.0,327.0,357.0,294.0,377.0,372.0,364.0,254.0,364.0,253.0
10553,VP_029,tsst,Talk,8,352.0,821.0,365.0,318.0,399.0,342.0,371.0,318.0,382.0,375.0,348.0,262.0,365.0,261.0
10554,VP_029,tsst,Talk,9,344.0,786.0,365.0,304.0,397.0,333.0,364.0,339.0,377.0,370.0,344.0,247.0,365.0,339.0
10555,VP_029,tsst,Talk,10,334.0,778.0,356.0,294.0,382.0,323.0,361.0,329.0,365.0,358.0,335.0,243.0,354.0,329.0
10556,VP_029,tsst,Talk,11,326.0,763.0,344.0,291.0,375.0,319.0,351.0,291.0,359.0,353.0,326.0,244.0,346.0,244.0
10557,VP_029,tsst,Talk,12,326.0,760.0,341.0,294.0,375.0,317.0,345.0,294.0,356.0,349.0,340.0,14.0,340.0,250.0
10558,VP_029,tsst,Talk,13,325.0,745.0,340.0,289.0,373.0,316.0,347.0,289.0,356.0,348.0,324.0,250.0,340.0,250.0
10559,VP_029,tsst,Talk,14,319.0,700.0,299.0,273.0,376.0,353.0,361.0,315.0,354.0,345.0,328.0,235.0,296.0,315.0
10560,VP_029,tsst,Talk,15,332.0,695.0,321.0,308.0,358.0,327.0,344.0,326.0,339.0,329.0,299.0,62.0,321.0,289.0
10561,VP_029,tsst,Talk,16,292.0,699.0,319.0,302.0,353.0,281.0,335.0,256.0,335.0,326.0,286.0,214.0,320.0,213.0
10562,VP_029,tsst,Talk,17,306.0,717.0,313.0,301.0,354.0,291.0,326.0,279.0,335.0,328.0,310.0,64.0,310.0,229.0
10563,VP_029,tsst,Talk,18,308.0,738.0,316.0,275.0,315.0,298.0,323.0,297.0,341.0,333.0,322.0,52.0,322.0,247.0
10564,VP_029,tsst,Talk,19,317.0,726.0,338.0,280.0,376.0,310.0,350.0,280.0,351.0,342.0,328.0,0.0,328.0,254.0
10565,VP_029,tsst,Talk,20,314.0,700.0,312.0,280.0,375.0,352.0,335.0,306.0,347.0,338.0,324.0,71.0,324.0,255.0
10566,VP_029,tsst,Talk,21,302.0,692.0,313.0,310.0,360.0,334.0,349.0,260.0,340.0,329.0,299.0,26.0,312.0,212.0
10567,VP_029,tsst,Talk,22,334.0,661.0,315.0,295.0,349.0,328.0,341.0,232.0,331.0,324.0,310.0,206.0,310.0,205.0
10568,VP_029,tsst,Talk,23,329.0,640.0,342.0,297.0,155.0,316.0,331.0,316.0,327.0,316.0,330.0,152.0,344.0,291.0
10569,VP_029,tsst,Talk,24,318.0,630.0,339.0,286.0,329.0,309.0,321.0,309.0,318.0,308.0,335.0,36.0,335.0,274.0
10570,VP_029,tsst,Talk,25,330.0,656.0,334.0,291.0,274.0,320.0,333.0,272.0,321.0,307.0,351.0,116.0,351.0,272.0
10571,VP_029,tsst,Talk,26,331.0,691.0,124.0,272.0,99.0,315.0,333.0,241.0,313.0,309.0,250.0,329.0,,329.0
10572,VP_029,tsst,Talk,27,347.0,702.0,294.0,363.0,222.0,442.0,345.0,254.0,377.0,322.0,350.0,151.0,303.0,223.0
10573,VP_029,tsst,Talk,28,320.0,698.0,294.0,276.0,237.0,315.0,258.0,245.0,332.0,327.0,288.0,245.0,288.0,244.0
10574,VP_029,tsst,Talk,29,290.0,639.0,327.0,298.0,347.0,275.0,313.0,274.0,333.0,326.0,332.0,229.0,332.0,229.0
10575,VP_029,tsst,Talk,30,289.0,621.0,308.0,249.0,329.0,278.0,315.0,248.0,313.0,306.0,291.0,199.0,302.0,199.0
10576,VP_029,tsst,Talk,31,274.0,609.0,312.0,221.0,317.0,257.0,296.0,266.0,303.0,298.0,268.0,205.0,313.0,266.0
10577,VP_029,tsst,Talk,32,308.0,599.0,246.0,223.0,90.0,298.0,315.0,186.0,292.0,289.0,246.0,186.0,246.0,185.0
10578,VP_029,tsst,Talk,33,300.0,615.0,314.0,216.0,304.0,280.0,301.0,296.0,295.0,290.0,299.0,296.0,316.0,296.0
10579,VP_029,tsst,Talk,34,265.0,628.0,293.0,237.0,301.0,258.0,287.0,212.0,299.0,294.0,273.0,140.0,287.0,140.0
10580,VP_029,tsst,Talk,35,288.0,667.0,303.0,221.0,315.0,263.0,301.0,276.0,306.0,301.0,285.0,158.0,310.0,276.0
10581,VP_029,tsst,Talk,36,303.0,675.0,301.0,254.0,332.0,287.0,318.0,299.0,319.0,314.0,303.0,227.0,252.0,299.0
10582,VP_029,tsst,Talk,37,297.0,694.0,316.0,241.0,306.0,285.0,312.0,291.0,325.0,318.0,297.0,41.0,315.0,291.0
10583,VP_029,tsst,Talk,38,297.0,679.0,323.0,319.0,308.0,289.0,306.0,294.0,344.0,329.0,296.0,253.0,323.0,294.0
10584,VP_029,tsst,Talk,39,305.0,666.0,238.0,231.0,315.0,288.0,312.0,295.0,321.0,317.0,235.0,126.0,,295.0
10585,VP_029,tsst,Talk,40,319.0,632.0,343.0,254.0,311.0,291.0,324.0,317.0,326.0,317.0,351.0,317.0,351.0,317.0
10586,VP_029,tsst,Talk,41,278.0,610.0,318.0,281.0,331.0,252.0,305.0,174.0,314.0,304.0,279.0,174.0,300.0,173.0
10587,VP_030,ftsst,Math,0,268.0,569.0,274.0,209.0,281.0,234.0,271.0,235.0,272.0,271.0,268.0,295.0,278.0,239.0
10588,VP_030,ftsst,Math,1,267.0,581.0,280.0,217.0,280.0,232.0,268.0,241.0,272.0,271.0,251.0,296.0,279.0,241.0
10589,VP_030,ftsst,Math,2,247.0,581.0,279.0,221.0,283.0,233.0,269.0,239.0,275.0,274.0,281.0,298.0,281.0,238.0
10590,VP_030,ftsst,Math,3,249.0,582.0,277.0,208.0,282.0,237.0,266.0,248.0,275.0,274.0,253.0,296.0,275.0,248.0
10591,VP_030,ftsst,Math,4,269.0,590.0,280.0,210.0,283.0,231.0,271.0,230.0,275.0,275.0,234.0,297.0,279.0,189.0
10592,VP_030,ftsst,Math,5,275.0,633.0,299.0,212.0,286.0,338.0,278.0,274.0,296.0,289.0,303.0,310.0,303.0,273.0
10593,VP_030,ftsst,Math,6,295.0,693.0,317.0,220.0,301.0,256.0,295.0,292.0,298.0,297.0,310.0,324.0,310.0,292.0
10594,VP_030,ftsst,Math,7,370.0,629.0,400.0,305.0,192.0,339.0,368.0,184.0,353.0,330.0,406.0,402.0,406.0,369.0
10595,VP_030,ftsst,Math,8,296.0,585.0,296.0,303.0,203.0,363.0,297.0,290.0,325.0,306.0,300.0,376.0,222.0,376.0
10596,VP_030,ftsst,Math,9,285.0,553.0,289.0,226.0,294.0,269.0,288.0,280.0,287.0,283.0,282.0,280.0,303.0,280.0
10597,VP_030,ftsst,Math,10,236.0,532.0,262.0,201.0,246.0,227.0,249.0,234.0,266.0,265.0,237.0,282.0,259.0,234.0
10598,VP_030,ftsst,Math,11,253.0,529.0,265.0,187.0,265.0,219.0,257.0,235.0,257.0,257.0,252.0,280.0,262.0,235.0
10599,VP_030,ftsst,Math,12,256.0,532.0,263.0,181.0,263.0,215.0,254.0,231.0,257.0,257.0,247.0,278.0,259.0,231.0
10600,VP_030,ftsst,Math,13,256.0,538.0,213.0,191.0,266.0,248.0,263.0,137.0,257.0,256.0,236.0,277.0,236.0,137.0
10601,VP_030,ftsst,Math,14,230.0,527.0,249.0,165.0,270.0,249.0,255.0,220.0,262.0,261.0,226.0,278.0,,220.0
10602,VP_030,ftsst,Math,15,257.0,536.0,265.0,192.0,268.0,219.0,258.0,229.0,258.0,257.0,235.0,283.0,268.0,229.0
10603,VP_030,ftsst,Math,16,236.0,557.0,265.0,163.0,270.0,220.0,256.0,232.0,261.0,260.0,243.0,284.0,268.0,232.0
10604,VP_030,ftsst,Math,17,264.0,565.0,238.0,210.0,276.0,228.0,259.0,182.0,264.0,264.0,228.0,280.0,228.0,181.0
10605,VP_030,ftsst,Math,18,259.0,567.0,284.0,171.0,273.0,234.0,263.0,257.0,270.0,269.0,285.0,296.0,285.0,256.0
10606,VP_030,ftsst,Math,19,244.0,573.0,269.0,209.0,275.0,233.0,261.0,208.0,269.0,269.0,243.0,289.0,269.0,185.0
10607,VP_030,ftsst,Math,20,244.0,592.0,253.0,215.0,281.0,238.0,262.0,214.0,272.0,271.0,247.0,289.0,244.0,171.0
10608,VP_030,ftsst,Math,21,257.0,605.0,291.0,271.0,281.0,341.0,273.0,247.0,302.0,291.0,291.0,307.0,291.0,200.0
10609,VP_030,ftsst,Math,22,262.0,607.0,197.0,199.0,177.0,253.0,283.0,259.0,275.0,276.0,208.0,259.0,,259.0
10610,VP_030,ftsst,Math,23,281.0,601.0,246.0,192.0,294.0,277.0,287.0,230.0,285.0,284.0,235.0,163.0,,230.0
10611,VP_030,ftsst,Math,24,283.0,584.0,288.0,227.0,291.0,251.0,281.0,251.0,288.0,286.0,266.0,308.0,293.0,207.0
10612,VP_030,ftsst,Math,25,280.0,576.0,282.0,207.0,289.0,241.0,280.0,267.0,276.0,275.0,280.0,301.0,280.0,267.0
10613,VP_030,ftsst,Math,26,272.0,567.0,281.0,231.0,285.0,264.0,270.0,227.0,277.0,276.0,275.0,299.0,275.0,226.0
10614,VP_030,ftsst,Math,27,294.0,563.0,316.0,257.0,238.0,341.0,303.0,231.0,304.0,284.0,330.0,231.0,330.0,231.0
10615,VP_030,ftsst,Math,28,267.0,560.0,284.0,179.0,281.0,224.0,267.0,254.0,270.0,269.0,274.0,295.0,274.0,254.0
10616,VP_030,ftsst,Math,29,275.0,558.0,261.0,217.0,229.0,273.0,222.0,212.0,267.0,267.0,272.0,252.0,272.0,212.0
10617,VP_030,ftsst,Math,30,240.0,536.0,252.0,167.0,277.0,,249.0,218.0,266.0,266.0,221.0,287.0,259.0,218.0
10618,VP_030,ftsst,Math,31,236.0,529.0,247.0,207.0,200.0,233.0,211.0,200.0,258.0,258.0,221.0,0.0,221.0,200.0
10619,VP_030,ftsst,Math,32,257.0,531.0,269.0,222.0,264.0,324.0,203.0,189.0,279.0,269.0,279.0,281.0,279.0,188.0
10620,VP_030,ftsst,Math,33,268.0,560.0,181.0,204.0,273.0,256.0,273.0,274.0,264.0,262.0,277.0,270.0,,270.0
10621,VP_030,ftsst,Math,34,278.0,608.0,297.0,205.0,282.0,263.0,278.0,283.0,270.0,269.0,301.0,302.0,301.0,276.0
10622,VP_030,ftsst,Math,35,284.0,655.0,301.0,264.0,296.0,269.0,289.0,269.0,302.0,295.0,301.0,320.0,301.0,226.0
10623,VP_030,ftsst,Math,36,252.0,669.0,270.0,200.0,136.0,,274.0,241.0,300.0,299.0,254.0,149.0,254.0,241.0
10624,VP_030,ftsst,Math,37,279.0,650.0,237.0,238.0,315.0,269.0,303.0,210.0,306.0,305.0,218.0,321.0,243.0,210.0
10625,VP_030,ftsst,Math,38,297.0,646.0,299.0,234.0,309.0,287.0,299.0,286.0,300.0,299.0,301.0,322.0,301.0,267.0
10626,VP_030,ftsst,Math,39,292.0,633.0,297.0,249.0,301.0,,289.0,229.0,298.0,298.0,233.0,315.0,290.0,228.0
10627,VP_030,ftsst,Math,40,274.0,617.0,301.0,218.0,300.0,253.0,284.0,274.0,292.0,292.0,307.0,317.0,307.0,273.0
10628,VP_030,ftsst,Math,41,251.0,595.0,281.0,238.0,296.0,,283.0,212.0,288.0,287.0,217.0,308.0,261.0,212.0
10629,VP_030,ftsst,Math,42,252.0,565.0,267.0,187.0,287.0,235.0,269.0,243.0,279.0,279.0,257.0,298.0,269.0,243.0
10630,VP_030,ftsst,Math,43,260.0,551.0,284.0,170.0,274.0,227.0,261.0,254.0,269.0,269.0,288.0,297.0,288.0,253.0
10631,VP_030,ftsst,Math,44,265.0,533.0,216.0,207.0,273.0,253.0,268.0,261.0,267.0,266.0,276.0,286.0,,261.0
10632,VP_030,ftsst,Math,45,259.0,518.0,267.0,193.0,269.0,229.0,262.0,253.0,259.0,258.0,255.0,286.0,272.0,253.0
10633,VP_030,ftsst,Math,46,250.0,513.0,255.0,205.0,262.0,240.0,254.0,185.0,256.0,255.0,187.0,100.0,230.0,184.0
10634,VP_030,ftsst,Math,47,222.0,508.0,247.0,151.0,240.0,210.0,236.0,133.0,251.0,250.0,234.0,270.0,251.0,114.0
10635,VP_030,ftsst,Math,48,224.0,499.0,256.0,175.0,250.0,210.0,238.0,222.0,246.0,246.0,226.0,267.0,253.0,222.0
10636,VP_030,ftsst,Math,49,245.0,506.0,177.0,179.0,253.0,212.0,247.0,144.0,245.0,245.0,182.0,144.0,182.0,144.0
10637,VP_030,ftsst,Math,50,249.0,543.0,216.0,193.0,258.0,241.0,254.0,145.0,256.0,253.0,258.0,41.0,214.0,144.0
10638,VP_030,ftsst,Pause_1,0,247.0,577.0,278.0,205.0,277.0,232.0,265.0,248.0,272.0,272.0,247.0,293.0,277.0,246.0
10639,VP_030,ftsst,Pause_1,1,241.0,560.0,273.0,209.0,278.0,229.0,260.0,236.0,272.0,272.0,239.0,292.0,276.0,236.0
10640,VP_030,ftsst,Pause_1,2,239.0,559.0,264.0,168.0,272.0,224.0,257.0,235.0,266.0,266.0,241.0,284.0,257.0,235.0
10641,VP_030,ftsst,Pause_1,3,239.0,548.0,268.0,166.0,273.0,224.0,257.0,238.0,266.0,266.0,242.0,287.0,270.0,238.0
10642,VP_030,ftsst,Pause_1,4,236.0,542.0,268.0,194.0,268.0,222.0,254.0,233.0,264.0,264.0,236.0,285.0,269.0,233.0
10643,VP_030,ftsst,Pause_1,5,231.0,553.0,264.0,160.0,264.0,217.0,249.0,231.0,260.0,260.0,232.0,280.0,263.0,230.0
10644,VP_030,ftsst,Pause_1,6,236.0,582.0,264.0,162.0,268.0,219.0,251.0,229.0,263.0,263.0,232.0,282.0,266.0,229.0
10645,VP_030,ftsst,Pause_1,7,243.0,597.0,274.0,209.0,277.0,231.0,259.0,241.0,273.0,273.0,242.0,291.0,272.0,240.0
10646,VP_030,ftsst,Pause_1,8,250.0,584.0,277.0,214.0,282.0,238.0,264.0,249.0,277.0,277.0,249.0,296.0,277.0,248.0
10647,VP_030,ftsst,Pause_1,9,247.0,567.0,275.0,206.0,276.0,236.0,263.0,246.0,272.0,272.0,249.0,292.0,276.0,246.0
10648,VP_030,ftsst,Pause_1,10,243.0,576.0,269.0,204.0,270.0,229.0,257.0,240.0,262.0,263.0,245.0,283.0,268.0,240.0
10649,VP_030,ftsst,Pause_1,11,247.0,583.0,274.0,209.0,274.0,233.0,259.0,245.0,271.0,271.0,245.0,290.0,275.0,244.0
10650,VP_030,ftsst,Pause_1,12,245.0,596.0,274.0,211.0,275.0,230.0,258.0,241.0,273.0,273.0,247.0,290.0,270.0,241.0
10651,VP_030,ftsst,Pause_1,13,250.0,578.0,274.0,215.0,279.0,238.0,263.0,249.0,276.0,276.0,276.0,294.0,276.0,249.0
10652,VP_030,ftsst,Pause_1,14,242.0,560.0,271.0,200.0,272.0,231.0,258.0,239.0,269.0,269.0,243.0,290.0,276.0,239.0
10653,VP_030,ftsst,Pause_1,15,240.0,568.0,261.0,198.0,265.0,230.0,255.0,238.0,263.0,263.0,249.0,277.0,,238.0
10654,VP_030,ftsst,Pause_5,0,280.0,572.0,137.0,204.0,289.0,275.0,284.0,298.0,270.0,270.0,94.0,36.0,,36.0
10655,VP_030,ftsst,Pause_5,1,276.0,563.0,296.0,194.0,285.0,264.0,277.0,271.0,273.0,272.0,308.0,270.0,308.0,270.0
10656,VP_030,ftsst,Pause_5,2,250.0,542.0,282.0,188.0,279.0,232.0,269.0,250.0,272.0,271.0,263.0,294.0,271.0,250.0
10657,VP_030,ftsst,Pause_5,3,267.0,535.0,274.0,198.0,276.0,254.0,270.0,258.0,267.0,265.0,268.0,292.0,272.0,258.0
10658,VP_030,ftsst,Pause_5,4,265.0,542.0,272.0,188.0,272.0,222.0,263.0,235.0,263.0,262.0,244.0,291.0,278.0,235.0
10659,VP_030,ftsst,Pause_5,5,264.0,576.0,267.0,196.0,273.0,222.0,264.0,231.0,265.0,264.0,259.0,288.0,264.0,231.0
10660,VP_030,ftsst,Pause_5,6,272.0,610.0,280.0,208.0,284.0,234.0,274.0,248.0,275.0,274.0,251.0,298.0,277.0,248.0
10661,VP_030,ftsst,Pause_5,7,283.0,634.0,295.0,218.0,294.0,254.0,285.0,274.0,286.0,285.0,277.0,311.0,297.0,274.0
10662,VP_030,ftsst,Pause_5,8,295.0,662.0,300.0,201.0,305.0,249.0,293.0,260.0,297.0,296.0,261.0,319.0,298.0,260.0
10663,VP_030,ftsst,Pause_5,9,302.0,675.0,313.0,244.0,315.0,264.0,304.0,273.0,306.0,305.0,314.0,330.0,314.0,272.0
10664,VP_030,ftsst,Pause_5,10,309.0,675.0,308.0,243.0,320.0,270.0,309.0,274.0,309.0,308.0,279.0,332.0,308.0,274.0
10665,VP_030,ftsst,Pause_5,11,285.0,670.0,313.0,243.0,319.0,268.0,306.0,277.0,310.0,309.0,278.0,333.0,312.0,277.0
10666,VP_030,ftsst,Pause_5,12,286.0,654.0,311.0,243.0,320.0,270.0,306.0,280.0,309.0,308.0,285.0,332.0,304.0,280.0
10667,VP_030,ftsst,Pause_5,13,270.0,638.0,310.0,246.0,317.0,270.0,305.0,199.0,308.0,306.0,316.0,333.0,316.0,198.0
10668,VP_030,ftsst,Pause_5,14,276.0,625.0,310.0,231.0,309.0,260.0,296.0,271.0,299.0,298.0,273.0,324.0,306.0,271.0
10669,VP_030,ftsst,Prep,0,273.0,671.0,284.0,247.0,297.0,,285.0,236.0,301.0,301.0,218.0,312.0,286.0,217.0
10670,VP_030,ftsst,Prep,1,271.0,698.0,288.0,246.0,294.0,252.0,281.0,251.0,301.0,301.0,285.0,311.0,285.0,219.0
10671,VP_030,ftsst,Prep,2,276.0,685.0,299.0,248.0,308.0,270.0,296.0,248.0,312.0,312.0,274.0,325.0,302.0,202.0
10672,VP_030,ftsst,Prep,3,277.0,744.0,291.0,204.0,305.0,263.0,293.0,270.0,306.0,306.0,277.0,320.0,286.0,270.0
10673,VP_030,ftsst,Prep,4,267.0,773.0,303.0,283.0,325.0,,309.0,256.0,332.0,332.0,257.0,340.0,308.0,256.0
10674,VP_030,ftsst,Prep,5,324.0,811.0,335.0,262.0,335.0,300.0,329.0,314.0,343.0,343.0,320.0,356.0,330.0,314.0
10675,VP_030,ftsst,Prep,6,331.0,685.0,324.0,300.0,350.0,324.0,342.0,201.0,353.0,353.0,338.0,367.0,341.0,125.0
10676,VP_030,ftsst,Prep,7,281.0,706.0,285.0,204.0,308.0,266.0,293.0,276.0,307.0,307.0,282.0,319.0,,276.0
10677,VP_030,ftsst,Prep,8,286.0,749.0,301.0,254.0,311.0,282.0,303.0,254.0,318.0,318.0,305.0,330.0,305.0,228.0
10678,VP_030,ftsst,Prep,9,295.0,764.0,313.0,286.0,328.0,,319.0,243.0,335.0,334.0,308.0,345.0,308.0,205.0
10679,VP_030,ftsst,Prep,10,321.0,721.0,329.0,272.0,335.0,302.0,327.0,272.0,338.0,338.0,314.0,353.0,331.0,249.0
10680,VP_030,ftsst,Prep,11,286.0,672.0,305.0,216.0,322.0,,305.0,237.0,319.0,319.0,303.0,334.0,303.0,194.0
10681,VP_030,ftsst,Prep,12,276.0,715.0,290.0,232.0,301.0,263.0,290.0,231.0,303.0,303.0,276.0,316.0,291.0,202.0
10682,VP_030,ftsst,Prep,13,282.0,784.0,303.0,250.0,316.0,267.0,306.0,250.0,321.0,321.0,305.0,333.0,305.0,193.0
10683,VP_030,ftsst,Prep,14,323.0,764.0,322.0,297.0,338.0,285.0,329.0,275.0,346.0,346.0,316.0,355.0,316.0,218.0
10684,VP_030,ftsst,Prep,15,316.0,710.0,328.0,233.0,333.0,293.0,324.0,305.0,335.0,335.0,311.0,351.0,330.0,305.0
10685,VP_030,ftsst,Prep,16,292.0,746.0,300.0,212.0,311.0,275.0,301.0,287.0,315.0,315.0,290.0,328.0,295.0,287.0
10686,VP_030,ftsst,Prep,17,300.0,780.0,312.0,262.0,325.0,294.0,317.0,261.0,333.0,333.0,301.0,344.0,316.0,215.0
10687,VP_030,ftsst,Prep,18,312.0,780.0,330.0,246.0,336.0,298.0,329.0,244.0,345.0,344.0,316.0,355.0,325.0,222.0
10688,VP_030,ftsst,Prep,19,313.0,717.0,324.0,278.0,339.0,298.0,329.0,278.0,341.0,341.0,328.0,355.0,328.0,226.0
10689,VP_030,ftsst,Prep,20,301.0,718.0,294.0,213.0,316.0,275.0,305.0,286.0,317.0,317.0,297.0,330.0,,286.0
10690,VP_030,ftsst,Prep,21,283.0,772.0,299.0,258.0,314.0,276.0,304.0,228.0,319.0,319.0,233.0,330.0,301.0,178.0
10691,VP_030,ftsst,Prep,22,320.0,811.0,314.0,291.0,335.0,,326.0,261.0,341.0,341.0,310.0,351.0,310.0,212.0
10692,VP_030,ftsst,Prep,23,318.0,812.0,338.0,257.0,350.0,307.0,340.0,270.0,356.0,355.0,319.0,368.0,342.0,226.0
10693,VP_030,ftsst,Prep,24,334.0,815.0,342.0,252.0,351.0,287.0,341.0,318.0,353.0,353.0,324.0,368.0,339.0,318.0
10694,VP_030,ftsst,Prep,25,338.0,845.0,336.0,280.0,353.0,305.0,344.0,280.0,357.0,357.0,314.0,370.0,340.0,233.0
10695,VP_030,ftsst,Prep,26,344.0,829.0,350.0,271.0,362.0,304.0,352.0,258.0,369.0,368.0,312.0,379.0,344.0,239.0
10696,VP_030,ftsst,Prep,27,327.0,768.0,349.0,261.0,359.0,305.0,345.0,318.0,361.0,360.0,321.0,375.0,351.0,318.0
10697,VP_030,ftsst,Prep,28,314.0,761.0,322.0,237.0,338.0,294.0,327.0,297.0,336.0,336.0,310.0,352.0,318.0,297.0
10698,VP_030,ftsst,Prep,29,319.0,769.0,322.0,276.0,335.0,297.0,326.0,244.0,339.0,338.0,325.0,353.0,325.0,214.0
10699,VP_030,ftsst,Prep,30,313.0,784.0,325.0,274.0,338.0,298.0,329.0,274.0,341.0,340.0,321.0,354.0,321.0,235.0
10700,VP_030,ftsst,Prep,31,308.0,717.0,338.0,242.0,347.0,293.0,334.0,305.0,343.0,343.0,306.0,362.0,340.0,305.0
10701,VP_030,ftsst,Prep,32,297.0,726.0,210.0,219.0,326.0,279.0,311.0,289.0,320.0,320.0,298.0,336.0,,289.0
10702,VP_030,ftsst,Prep,33,307.0,824.0,305.0,250.0,325.0,294.0,317.0,249.0,325.0,325.0,307.0,340.0,310.0,214.0
10703,VP_030,ftsst,Prep,34,331.0,771.0,344.0,285.0,356.0,317.0,349.0,284.0,366.0,364.0,336.0,374.0,337.0,238.0
10704,VP_030,ftsst,Prep,35,327.0,733.0,336.0,293.0,343.0,318.0,335.0,251.0,342.0,342.0,338.0,360.0,338.0,219.0
10705,VP_030,ftsst,Prep,36,290.0,707.0,322.0,225.0,330.0,,313.0,286.0,326.0,326.0,321.0,344.0,321.0,286.0
10706,VP_030,ftsst,Prep,37,287.0,764.0,300.0,248.0,319.0,270.0,309.0,247.0,318.0,318.0,305.0,334.0,305.0,214.0
10707,VP_030,ftsst,Prep,38,298.0,,313.0,266.0,339.0,287.0,330.0,265.0,342.0,341.0,236.0,355.0,306.0,231.0
10708,VP_030,ftsst,Talk,0,250.0,574.0,91.0,57.0,120.0,,128.0,,208.0,177.0,97.0,133.0,,133.0
10709,VP_030,ftsst,Talk,1,252.0,564.0,290.0,182.0,286.0,232.0,272.0,250.0,277.0,276.0,253.0,305.0,292.0,250.0
10710,VP_030,ftsst,Talk,2,282.0,560.0,289.0,217.0,283.0,326.0,281.0,,291.0,281.0,300.0,279.0,300.0,333.0
10711,VP_030,ftsst,Talk,3,280.0,559.0,331.0,206.0,280.0,256.0,283.0,282.0,288.0,279.0,323.0,326.0,323.0,281.0
10712,VP_030,ftsst,Talk,4,255.0,565.0,277.0,196.0,274.0,236.0,266.0,253.0,270.0,269.0,260.0,293.0,278.0,253.0
10713,VP_030,ftsst,Talk,5,243.0,570.0,274.0,213.0,286.0,268.0,249.0,230.0,275.0,273.0,277.0,298.0,277.0,190.0
10714,VP_030,ftsst,Talk,6,277.0,590.0,286.0,256.0,122.0,274.0,285.0,232.0,291.0,282.0,282.0,213.0,282.0,213.0
10715,VP_030,ftsst,Talk,7,286.0,595.0,294.0,211.0,297.0,280.0,254.0,252.0,281.0,280.0,290.0,0.0,290.0,251.0
10716,VP_030,ftsst,Talk,8,258.0,600.0,278.0,189.0,59.0,233.0,280.0,256.0,284.0,283.0,152.0,68.0,281.0,256.0
10717,VP_030,ftsst,Talk,9,285.0,605.0,263.0,238.0,297.0,280.0,289.0,222.0,285.0,284.0,256.0,305.0,256.0,181.0
10718,VP_030,ftsst,Talk,10,287.0,598.0,230.0,213.0,299.0,279.0,296.0,287.0,289.0,287.0,237.0,313.0,237.0,287.0
10719,VP_030,ftsst,Talk,11,250.0,577.0,261.0,221.0,295.0,246.0,279.0,191.0,283.0,282.0,251.0,300.0,251.0,191.0
10720,VP_030,ftsst,Talk,12,274.0,577.0,160.0,184.0,102.0,234.0,278.0,249.0,279.0,277.0,276.0,301.0,276.0,249.0
10721,VP_030,ftsst,Talk,13,282.0,556.0,296.0,208.0,287.0,246.0,281.0,277.0,275.0,274.0,291.0,304.0,291.0,277.0
10722,VP_030,ftsst,Talk,14,237.0,555.0,256.0,215.0,76.0,228.0,245.0,227.0,269.0,268.0,198.0,79.0,257.0,195.0
10723,VP_030,ftsst,Talk,15,273.0,559.0,291.0,205.0,278.0,257.0,272.0,268.0,271.0,269.0,291.0,301.0,291.0,268.0
10724,VP_030,ftsst,Talk,16,237.0,590.0,275.0,181.0,279.0,214.0,266.0,214.0,274.0,272.0,228.0,296.0,277.0,159.0
10725,VP_030,ftsst,Talk,17,282.0,630.0,210.0,189.0,290.0,274.0,288.0,259.0,279.0,278.0,202.0,151.0,,247.0
10726,VP_030,ftsst,Talk,18,271.0,662.0,307.0,279.0,300.0,353.0,289.0,273.0,312.0,304.0,309.0,322.0,309.0,272.0
10727,VP_030,ftsst,Talk,19,277.0,686.0,282.0,207.0,312.0,266.0,300.0,236.0,304.0,304.0,292.0,322.0,250.0,177.0
10728,VP_030,ftsst,Talk,20,283.0,659.0,311.0,252.0,321.0,271.0,298.0,277.0,311.0,311.0,278.0,333.0,312.0,277.0
10729,VP_030,ftsst,Talk,21,276.0,629.0,308.0,206.0,313.0,259.0,291.0,269.0,304.0,303.0,308.0,326.0,308.0,269.0
10730,VP_030,ftsst,Talk,22,263.0,607.0,298.0,223.0,302.0,249.0,288.0,260.0,293.0,292.0,298.0,317.0,298.0,260.0
10731,VP_030,ftsst,Talk,23,255.0,608.0,288.0,219.0,295.0,242.0,283.0,250.0,286.0,285.0,253.0,309.0,290.0,250.0
10732,VP_030,ftsst,Talk,24,285.0,616.0,288.0,225.0,298.0,275.0,289.0,275.0,289.0,288.0,255.0,312.0,281.0,247.0
10733,VP_030,ftsst,Talk,25,285.0,619.0,295.0,223.0,300.0,248.0,291.0,222.0,290.0,289.0,258.0,315.0,298.0,197.0
10734,VP_030,ftsst,Talk,26,288.0,654.0,292.0,230.0,301.0,280.0,292.0,248.0,291.0,290.0,292.0,315.0,292.0,214.0
10735,VP_030,ftsst,Talk,27,293.0,703.0,217.0,228.0,206.0,269.0,300.0,291.0,298.0,298.0,299.0,319.0,,291.0
10736,VP_030,ftsst,Talk,29,301.0,708.0,347.0,325.0,299.0,280.0,310.0,301.0,352.0,338.0,352.0,368.0,352.0,301.0
10737,VP_030,ftsst,Talk,30,279.0,682.0,300.0,264.0,290.0,323.0,286.0,237.0,316.0,316.0,297.0,189.0,297.0,189.0
10738,VP_030,ftsst,Talk,31,310.0,662.0,325.0,215.0,324.0,271.0,312.0,297.0,312.0,311.0,305.0,340.0,327.0,297.0
10739,VP_030,ftsst,Talk,32,305.0,660.0,332.0,223.0,316.0,271.0,308.0,294.0,314.0,310.0,298.0,340.0,325.0,294.0
10740,VP_030,ftsst,Talk,33,299.0,635.0,316.0,323.0,308.0,416.0,318.0,358.0,365.0,311.0,322.0,428.0,322.0,428.0
10741,VP_030,ftsst,Talk,34,272.0,637.0,286.0,204.0,310.0,256.0,297.0,268.0,299.0,297.0,296.0,324.0,303.0,268.0
10742,VP_030,ftsst,Talk,35,301.0,636.0,310.0,228.0,311.0,293.0,302.0,277.0,300.0,298.0,276.0,323.0,276.0,260.0
10743,VP_030,ftsst,Talk,36,267.0,623.0,298.0,235.0,305.0,253.0,284.0,262.0,297.0,296.0,299.0,319.0,299.0,261.0
10744,VP_030,ftsst,Talk,37,268.0,591.0,299.0,221.0,304.0,253.0,288.0,264.0,293.0,292.0,266.0,318.0,301.0,264.0
10745,VP_030,ftsst,Talk,38,256.0,593.0,299.0,191.0,289.0,231.0,265.0,257.0,285.0,283.0,297.0,309.0,297.0,256.0
10746,VP_030,ftsst,Talk,39,279.0,619.0,244.0,222.0,292.0,275.0,281.0,230.0,281.0,280.0,252.0,300.0,252.0,202.0
10747,VP_030,ftsst,Talk,40,287.0,690.0,296.0,212.0,301.0,246.0,291.0,264.0,291.0,290.0,284.0,315.0,297.0,263.0
10748,VP_030,ftsst,Talk,41,311.0,726.0,313.0,270.0,325.0,307.0,317.0,240.0,317.0,316.0,313.0,338.0,313.0,239.0
10749,VP_030,ftsst,Talk,42,326.0,706.0,318.0,257.0,338.0,319.0,327.0,287.0,328.0,327.0,288.0,349.0,314.0,287.0
10750,VP_030,ftsst,Talk,43,321.0,660.0,333.0,259.0,334.0,312.0,325.0,312.0,325.0,323.0,284.0,351.0,336.0,282.0
10751,VP_030,ftsst,Talk,44,312.0,649.0,317.0,223.0,319.0,299.0,314.0,308.0,310.0,308.0,313.0,334.0,,308.0
10752,VP_030,ftsst,Talk,45,303.0,639.0,333.0,277.0,314.0,290.0,308.0,302.0,317.0,310.0,335.0,343.0,335.0,302.0
10753,VP_030,ftsst,Talk,46,305.0,,215.0,208.0,190.0,297.0,310.0,301.0,296.0,296.0,220.0,301.0,,301.0
10754,VP_030,tsst,Math,0,225.0,521.0,243.0,170.0,243.0,211.0,233.0,236.0,243.0,244.0,225.0,259.0,242.0,222.0
10755,VP_030,tsst,Math,1,222.0,500.0,240.0,184.0,238.0,211.0,230.0,219.0,243.0,243.0,221.0,258.0,243.0,219.0
10756,VP_030,tsst,Math,2,218.0,487.0,234.0,177.0,234.0,209.0,227.0,216.0,237.0,238.0,222.0,250.0,229.0,216.0
10757,VP_030,tsst,Math,3,211.0,478.0,231.0,172.0,228.0,204.0,222.0,214.0,231.0,231.0,217.0,247.0,232.0,214.0
10758,VP_030,tsst,Math,4,208.0,473.0,229.0,120.0,221.0,196.0,215.0,207.0,228.0,228.0,209.0,243.0,231.0,207.0
10759,VP_030,tsst,Math,5,211.0,469.0,230.0,130.0,225.0,199.0,219.0,211.0,230.0,230.0,215.0,244.0,227.0,211.0
10760,VP_030,tsst,Math,6,208.0,464.0,225.0,164.0,222.0,196.0,215.0,207.0,225.0,226.0,211.0,240.0,224.0,207.0
10761,VP_030,tsst,Math,7,209.0,458.0,227.0,158.0,221.0,197.0,216.0,209.0,225.0,225.0,211.0,242.0,230.0,209.0
10762,VP_030,tsst,Math,8,209.0,453.0,227.0,158.0,218.0,194.0,213.0,206.0,223.0,224.0,207.0,240.0,226.0,206.0
10763,VP_030,tsst,Math,9,206.0,451.0,224.0,145.0,216.0,191.0,211.0,204.0,220.0,220.0,205.0,235.0,222.0,204.0
10764,VP_030,tsst,Math,10,207.0,452.0,225.0,152.0,216.0,192.0,212.0,206.0,221.0,222.0,207.0,238.0,225.0,206.0
10765,VP_030,tsst,Math,11,204.0,452.0,223.0,147.0,216.0,188.0,209.0,201.0,220.0,221.0,203.0,236.0,224.0,201.0
10766,VP_030,tsst,Math,12,204.0,457.0,221.0,142.0,217.0,190.0,212.0,205.0,220.0,221.0,209.0,236.0,221.0,205.0
10767,VP_030,tsst,Math,13,206.0,468.0,224.0,159.0,222.0,195.0,215.0,205.0,226.0,226.0,210.0,240.0,223.0,205.0
10768,VP_030,tsst,Math,14,208.0,473.0,221.0,160.0,224.0,195.0,217.0,208.0,225.0,226.0,213.0,240.0,221.0,208.0
10769,VP_030,tsst,Math,15,215.0,475.0,230.0,161.0,225.0,199.0,220.0,212.0,230.0,230.0,214.0,246.0,232.0,212.0
10770,VP_030,tsst,Math,16,209.0,476.0,220.0,155.0,225.0,198.0,219.0,212.0,227.0,228.0,215.0,241.0,218.0,212.0
10771,VP_030,tsst,Math,17,214.0,479.0,229.0,164.0,225.0,200.0,222.0,214.0,231.0,231.0,218.0,246.0,230.0,214.0
10772,VP_030,tsst,Math,18,213.0,480.0,232.0,162.0,227.0,200.0,221.0,214.0,231.0,231.0,217.0,245.0,229.0,214.0
10773,VP_030,tsst,Math,19,216.0,484.0,233.0,165.0,230.0,201.0,225.0,216.0,235.0,235.0,220.0,249.0,234.0,216.0
10774,VP_030,tsst,Math,20,209.0,490.0,224.0,124.0,230.0,200.0,219.0,206.0,231.0,231.0,216.0,245.0,227.0,206.0
10775,VP_030,tsst,Math,21,215.0,489.0,229.0,165.0,231.0,203.0,225.0,216.0,235.0,235.0,222.0,249.0,229.0,216.0
10776,VP_030,tsst,Math,22,216.0,489.0,237.0,170.0,230.0,202.0,224.0,215.0,235.0,236.0,216.0,250.0,234.0,215.0
10777,VP_030,tsst,Math,23,214.0,479.0,235.0,172.0,228.0,200.0,221.0,213.0,233.0,233.0,238.0,251.0,238.0,212.0
10778,VP_030,tsst,Math,24,211.0,472.0,229.0,167.0,225.0,201.0,220.0,212.0,230.0,230.0,214.0,245.0,230.0,212.0
10779,VP_030,tsst,Math,25,210.0,464.0,226.0,165.0,221.0,196.0,215.0,207.0,227.0,227.0,209.0,240.0,224.0,207.0
10780,VP_030,tsst,Math,26,199.0,464.0,220.0,167.0,222.0,195.0,214.0,200.0,226.0,227.0,206.0,239.0,221.0,200.0
10781,VP_030,tsst,Math,27,204.0,464.0,228.0,154.0,228.0,193.0,218.0,204.0,235.0,234.0,212.0,244.0,224.0,204.0
10782,VP_030,tsst,Math,28,200.0,467.0,233.0,162.0,59.0,189.0,209.0,196.0,235.0,234.0,198.0,250.0,238.0,196.0
10783,VP_030,tsst,Math,29,205.0,471.0,228.0,163.0,225.0,193.0,215.0,204.0,228.0,228.0,208.0,243.0,226.0,204.0
10784,VP_030,tsst,Math,30,213.0,474.0,236.0,122.0,227.0,199.0,220.0,214.0,228.0,228.0,215.0,247.0,233.0,213.0
10785,VP_030,tsst,Math,31,212.0,473.0,230.0,164.0,237.0,201.0,229.0,213.0,235.0,235.0,234.0,253.0,237.0,213.0
10786,VP_030,tsst,Math,32,217.0,476.0,242.0,156.0,235.0,199.0,224.0,216.0,232.0,232.0,239.0,252.0,239.0,216.0
10787,VP_030,tsst,Math,33,211.0,475.0,234.0,128.0,234.0,197.0,220.0,209.0,232.0,232.0,235.0,251.0,235.0,208.0
10788,VP_030,tsst,Math,34,215.0,472.0,235.0,169.0,229.0,202.0,223.0,214.0,231.0,231.0,216.0,251.0,237.0,214.0
10789,VP_030,tsst,Math,35,213.0,468.0,233.0,150.0,223.0,198.0,218.0,212.0,227.0,228.0,231.0,244.0,231.0,211.0
10790,VP_030,tsst,Math,36,215.0,465.0,228.0,166.0,225.0,201.0,221.0,213.0,227.0,228.0,217.0,244.0,229.0,213.0
10791,VP_030,tsst,Math,37,210.0,468.0,226.0,162.0,226.0,197.0,219.0,207.0,227.0,227.0,215.0,242.0,225.0,207.0
10792,VP_030,tsst,Math,38,201.0,472.0,225.0,167.0,227.0,194.0,216.0,197.0,226.0,227.0,207.0,242.0,226.0,197.0
10793,VP_030,tsst,Math,39,206.0,482.0,229.0,122.0,226.0,193.0,216.0,203.0,228.0,228.0,207.0,244.0,230.0,203.0
10794,VP_030,tsst,Math,40,211.0,495.0,234.0,170.0,231.0,201.0,222.0,213.0,232.0,233.0,215.0,248.0,233.0,213.0
10795,VP_030,tsst,Math,41,214.0,518.0,232.0,172.0,235.0,204.0,226.0,214.0,236.0,236.0,221.0,249.0,229.0,214.0
10796,VP_030,tsst,Math,42,220.0,546.0,243.0,181.0,243.0,212.0,233.0,221.0,243.0,243.0,228.0,260.0,248.0,221.0
10797,VP_030,tsst,Math,43,238.0,581.0,258.0,198.0,258.0,226.0,247.0,238.0,258.0,258.0,241.0,273.0,253.0,238.0
10798,VP_030,tsst,Math,44,242.0,587.0,255.0,157.0,265.0,232.0,249.0,231.0,264.0,265.0,241.0,278.0,256.0,206.0
10799,VP_030,tsst,Math,45,246.0,548.0,267.0,203.0,260.0,235.0,254.0,240.0,269.0,269.0,246.0,283.0,266.0,240.0
10800,VP_030,tsst,Math,46,231.0,531.0,259.0,162.0,256.0,223.0,244.0,223.0,253.0,254.0,234.0,272.0,260.0,202.0
10801,VP_030,tsst,Math,47,224.0,528.0,242.0,141.0,243.0,209.0,232.0,220.0,248.0,248.0,228.0,262.0,242.0,220.0
10802,VP_030,tsst,Math,48,220.0,532.0,248.0,190.0,250.0,,222.0,192.0,247.0,248.0,248.0,264.0,248.0,192.0
10803,VP_030,tsst,Math,49,220.0,535.0,181.0,180.0,227.0,209.0,223.0,128.0,242.0,242.0,129.0,53.0,189.0,127.0
10804,VP_030,tsst,Math,50,227.0,539.0,247.0,184.0,252.0,219.0,241.0,228.0,250.0,250.0,235.0,267.0,249.0,228.0
10805,VP_030,tsst,Math,51,235.0,529.0,253.0,189.0,257.0,221.0,245.0,235.0,252.0,252.0,250.0,270.0,250.0,235.0
10806,VP_030,tsst,Math,52,236.0,517.0,149.0,189.0,245.0,224.0,242.0,236.0,247.0,247.0,241.0,262.0,,236.0
10807,VP_030,tsst,Math,53,224.0,509.0,246.0,165.0,245.0,208.0,234.0,223.0,244.0,244.0,226.0,261.0,246.0,223.0
10808,VP_030,tsst,Math,54,223.0,494.0,240.0,148.0,241.0,206.0,231.0,224.0,240.0,241.0,226.0,258.0,241.0,223.0
10809,VP_030,tsst,Math,55,223.0,484.0,241.0,131.0,237.0,207.0,230.0,223.0,236.0,237.0,225.0,254.0,236.0,223.0
10810,VP_030,tsst,Math,56,216.0,479.0,236.0,129.0,233.0,201.0,224.0,216.0,233.0,234.0,219.0,251.0,235.0,216.0
10811,VP_030,tsst,Math,57,217.0,478.0,234.0,172.0,235.0,204.0,226.0,218.0,234.0,234.0,223.0,253.0,238.0,218.0
10812,VP_030,tsst,Math,58,212.0,483.0,235.0,170.0,235.0,202.0,226.0,214.0,231.0,232.0,220.0,252.0,238.0,214.0
10813,VP_030,tsst,Math,59,206.0,,231.0,175.0,241.0,197.0,222.0,149.0,236.0,236.0,208.0,101.0,177.0,101.0
10814,VP_030,tsst,Pause_1,0,189.0,410.0,107.0,115.0,197.0,175.0,194.0,184.0,197.0,196.0,87.0,186.0,,186.0
10815,VP_030,tsst,Pause_1,1,183.0,408.0,197.0,137.0,193.0,172.0,188.0,180.0,200.0,200.0,185.0,214.0,202.0,180.0
10816,VP_030,tsst,Pause_1,2,178.0,407.0,198.0,135.0,191.0,168.0,184.0,177.0,198.0,198.0,198.0,210.0,198.0,176.0
10817,VP_030,tsst,Pause_1,3,178.0,406.0,196.0,112.0,190.0,168.0,184.0,178.0,196.0,196.0,180.0,208.0,195.0,178.0
10818,VP_030,tsst,Pause_1,4,179.0,407.0,193.0,133.0,190.0,168.0,184.0,177.0,197.0,196.0,178.0,209.0,197.0,176.0
10819,VP_030,tsst,Pause_1,5,176.0,408.0,188.0,133.0,190.0,170.0,184.0,111.0,197.0,196.0,114.0,205.0,183.0,110.0
10820,VP_030,tsst,Pause_1,6,174.0,407.0,196.0,107.0,192.0,166.0,183.0,124.0,198.0,198.0,192.0,209.0,192.0,94.0
10821,VP_030,tsst,Pause_1,7,182.0,405.0,199.0,134.0,191.0,170.0,186.0,180.0,197.0,197.0,182.0,212.0,202.0,180.0
10822,VP_030,tsst,Pause_1,8,182.0,402.0,192.0,130.0,192.0,173.0,186.0,179.0,195.0,194.0,186.0,207.0,193.0,179.0
10823,VP_030,tsst,Pause_1,9,181.0,401.0,195.0,134.0,190.0,170.0,186.0,181.0,197.0,197.0,183.0,207.0,192.0,181.0
10824,VP_030,tsst,Pause_1,10,177.0,399.0,191.0,129.0,189.0,167.0,182.0,174.0,193.0,193.0,181.0,205.0,192.0,174.0
10825,VP_030,tsst,Pause_1,11,176.0,399.0,189.0,131.0,190.0,169.0,183.0,102.0,195.0,194.0,187.0,205.0,187.0,101.0
10826,VP_030,tsst,Pause_1,12,177.0,401.0,187.0,130.0,191.0,170.0,183.0,111.0,194.0,194.0,185.0,205.0,185.0,111.0
10827,VP_030,tsst,Pause_1,13,180.0,401.0,192.0,131.0,190.0,170.0,185.0,178.0,195.0,194.0,183.0,207.0,195.0,178.0
10828,VP_030,tsst,Pause_1,14,180.0,400.0,193.0,130.0,189.0,169.0,183.0,175.0,194.0,194.0,180.0,206.0,193.0,175.0
10829,VP_030,tsst,Pause_1,15,181.0,400.0,193.0,131.0,189.0,170.0,185.0,179.0,195.0,194.0,183.0,206.0,191.0,179.0
10830,VP_030,tsst,Pause_1,16,176.0,403.0,191.0,130.0,189.0,166.0,181.0,170.0,194.0,194.0,180.0,206.0,192.0,170.0
10831,VP_030,tsst,Pause_1,17,175.0,406.0,190.0,132.0,190.0,170.0,183.0,101.0,196.0,195.0,182.0,205.0,189.0,100.0
10832,VP_030,tsst,Pause_1,18,176.0,410.0,190.0,129.0,190.0,168.0,184.0,175.0,197.0,196.0,182.0,206.0,189.0,175.0
10833,VP_030,tsst,Pause_1,19,182.0,412.0,194.0,133.0,193.0,173.0,187.0,178.0,197.0,197.0,184.0,210.0,197.0,178.0
10834,VP_030,tsst,Pause_1,20,183.0,412.0,197.0,134.0,191.0,171.0,187.0,180.0,198.0,198.0,184.0,209.0,196.0,180.0
10835,VP_030,tsst,Pause_1,21,180.0,413.0,196.0,133.0,192.0,171.0,186.0,180.0,197.0,197.0,183.0,207.0,191.0,180.0
10836,VP_030,tsst,Pause_1,22,183.0,414.0,197.0,134.0,192.0,172.0,187.0,182.0,198.0,198.0,184.0,211.0,200.0,182.0
10837,VP_030,tsst,Pause_5,1,211.0,464.0,163.0,25.0,124.0,,119.0,82.0,173.0,146.0,114.0,157.0,,113.0
10838,VP_030,tsst,Pause_5,2,205.0,454.0,124.0,-2.0,-125.0,,94.0,91.0,159.0,113.0,121.0,91.0,,91.0
10839,VP_030,tsst,Pause_5,3,211.0,452.0,151.0,16.0,112.0,,105.0,107.0,167.0,136.0,159.0,107.0,,107.0
10840,VP_030,tsst,Pause_5,4,202.0,453.0,219.0,133.0,211.0,187.0,207.0,201.0,216.0,217.0,202.0,232.0,220.0,201.0
10841,VP_030,tsst,Pause_5,5,205.0,457.0,221.0,145.0,215.0,192.0,212.0,205.0,221.0,221.0,209.0,235.0,220.0,205.0
10842,VP_030,tsst,Pause_5,6,200.0,470.0,221.0,111.0,214.0,187.0,208.0,202.0,220.0,220.0,203.0,234.0,219.0,201.0
10843,VP_030,tsst,Pause_5,7,210.0,486.0,232.0,157.0,222.0,195.0,216.0,209.0,227.0,227.0,210.0,244.0,232.0,209.0
10844,VP_030,tsst,Pause_5,8,214.0,490.0,235.0,127.0,229.0,198.0,221.0,213.0,233.0,233.0,215.0,249.0,235.0,213.0
10845,VP_030,tsst,Pause_5,9,218.0,483.0,239.0,148.0,230.0,201.0,224.0,217.0,235.0,235.0,240.0,253.0,240.0,216.0
10846,VP_030,tsst,Pause_5,10,214.0,474.0,235.0,170.0,229.0,203.0,223.0,215.0,232.0,233.0,216.0,249.0,235.0,215.0
10847,VP_030,tsst,Pause_5,11,210.0,469.0,230.0,173.0,227.0,201.0,219.0,210.0,229.0,230.0,213.0,244.0,227.0,210.0
10848,VP_030,tsst,Pause_5,12,207.0,467.0,228.0,170.0,225.0,200.0,219.0,209.0,228.0,229.0,213.0,244.0,229.0,209.0
10849,VP_030,tsst,Pause_5,13,204.0,467.0,224.0,167.0,223.0,196.0,215.0,203.0,225.0,225.0,210.0,240.0,224.0,203.0
10850,VP_030,tsst,Pause_5,14,207.0,469.0,230.0,154.0,225.0,195.0,218.0,209.0,229.0,229.0,211.0,245.0,230.0,209.0
10851,VP_030,tsst,Pause_5,15,207.0,475.0,223.0,161.0,230.0,194.0,218.0,202.0,227.0,228.0,209.0,243.0,222.0,202.0
10852,VP_030,tsst,Pause_5,16,209.0,480.0,229.0,162.0,228.0,198.0,220.0,208.0,231.0,231.0,212.0,247.0,230.0,208.0
10853,VP_030,tsst,Pause_5,17,213.0,481.0,234.0,169.0,231.0,201.0,222.0,213.0,232.0,233.0,213.0,250.0,234.0,213.0
10854,VP_030,tsst,Pause_5,18,216.0,483.0,236.0,170.0,232.0,205.0,226.0,217.0,236.0,236.0,220.0,251.0,235.0,217.0
10855,VP_030,tsst,Pause_5,19,217.0,491.0,237.0,172.0,234.0,206.0,227.0,219.0,235.0,235.0,221.0,252.0,238.0,219.0
10856,VP_030,tsst,Prep,1,188.0,440.0,205.0,144.0,200.0,179.0,196.0,192.0,208.0,208.0,191.0,219.0,205.0,189.0
10857,VP_030,tsst,Prep,2,189.0,436.0,207.0,144.0,198.0,177.0,194.0,189.0,208.0,208.0,206.0,220.0,206.0,189.0
10858,VP_030,tsst,Prep,3,188.0,437.0,205.0,143.0,200.0,179.0,195.0,189.0,207.0,207.0,191.0,218.0,204.0,189.0
10859,VP_030,tsst,Prep,4,187.0,436.0,201.0,140.0,198.0,177.0,193.0,186.0,205.0,205.0,191.0,215.0,200.0,186.0
10860,VP_030,tsst,Prep,5,186.0,438.0,200.0,138.0,197.0,176.0,192.0,186.0,204.0,203.0,191.0,215.0,203.0,186.0
10861,VP_030,tsst,Prep,6,188.0,439.0,202.0,140.0,197.0,177.0,193.0,185.0,205.0,205.0,192.0,216.0,201.0,185.0
10862,VP_030,tsst,Prep,7,189.0,441.0,202.0,142.0,199.0,179.0,194.0,187.0,207.0,206.0,191.0,216.0,200.0,187.0
10863,VP_030,tsst,Prep,8,191.0,440.0,206.0,143.0,200.0,180.0,196.0,189.0,207.0,207.0,191.0,220.0,207.0,189.0
10864,VP_030,tsst,Prep,9,187.0,437.0,206.0,144.0,199.0,178.0,194.0,188.0,208.0,208.0,189.0,220.0,207.0,188.0
10865,VP_030,tsst,Prep,10,187.0,441.0,204.0,141.0,198.0,177.0,193.0,187.0,206.0,205.0,188.0,217.0,202.0,187.0
10866,VP_030,tsst,Prep,11,185.0,445.0,202.0,141.0,199.0,178.0,194.0,186.0,206.0,206.0,190.0,216.0,201.0,186.0
10867,VP_030,tsst,Prep,12,190.0,452.0,206.0,144.0,201.0,179.0,196.0,189.0,209.0,208.0,193.0,220.0,209.0,189.0
10868,VP_030,tsst,Prep,13,190.0,458.0,206.0,144.0,202.0,180.0,197.0,190.0,210.0,209.0,193.0,219.0,205.0,190.0
10869,VP_030,tsst,Prep,14,191.0,461.0,208.0,147.0,204.0,181.0,198.0,191.0,212.0,212.0,193.0,222.0,207.0,191.0
10870,VP_030,tsst,Prep,15,196.0,455.0,211.0,150.0,207.0,185.0,201.0,194.0,214.0,214.0,196.0,226.0,214.0,194.0
10871,VP_030,tsst,Prep,16,194.0,453.0,211.0,147.0,204.0,181.0,199.0,192.0,213.0,213.0,193.0,224.0,211.0,192.0
10872,VP_030,tsst,Prep,17,191.0,459.0,208.0,147.0,205.0,184.0,199.0,192.0,212.0,211.0,195.0,222.0,206.0,192.0
10873,VP_030,tsst,Prep,18,192.0,470.0,208.0,147.0,205.0,182.0,199.0,192.0,213.0,212.0,195.0,223.0,209.0,192.0
10874,VP_030,tsst,Prep,19,195.0,480.0,215.0,144.0,209.0,186.0,203.0,196.0,217.0,217.0,197.0,228.0,216.0,196.0
10875,VP_030,tsst,Prep,20,202.0,491.0,217.0,155.0,212.0,190.0,207.0,200.0,220.0,220.0,201.0,231.0,216.0,200.0
10876,VP_030,tsst,Prep,21,205.0,481.0,221.0,160.0,217.0,195.0,212.0,205.0,225.0,224.0,206.0,236.0,221.0,205.0
10877,VP_030,tsst,Prep,22,204.0,465.0,219.0,158.0,213.0,192.0,208.0,201.0,223.0,222.0,203.0,233.0,219.0,201.0
10878,VP_030,tsst,Prep,23,196.0,459.0,212.0,151.0,209.0,185.0,202.0,193.0,216.0,216.0,196.0,226.0,210.0,193.0
10879,VP_030,tsst,Prep,24,199.0,457.0,216.0,146.0,208.0,187.0,204.0,208.0,212.0,211.0,225.0,231.0,225.0,201.0
10880,VP_030,tsst,Prep,25,187.0,455.0,205.0,98.0,202.0,174.0,195.0,186.0,212.0,212.0,193.0,214.0,,186.0
10881,VP_030,tsst,Prep,26,189.0,457.0,,145.0,204.0,182.0,197.0,190.0,211.0,210.0,191.0,222.0,209.0,190.0
10882,VP_030,tsst,Prep,27,192.0,449.0,208.0,98.0,204.0,184.0,198.0,189.0,212.0,212.0,202.0,224.0,212.0,189.0
10883,VP_030,tsst,Prep,28,188.0,447.0,200.0,145.0,199.0,177.0,194.0,188.0,210.0,209.0,191.0,214.0,,187.0
10884,VP_030,tsst,Prep,29,193.0,451.0,207.0,146.0,203.0,179.0,197.0,191.0,210.0,210.0,209.0,223.0,209.0,190.0
10885,VP_030,tsst,Prep,30,196.0,458.0,160.0,144.0,204.0,184.0,200.0,192.0,211.0,210.0,201.0,221.0,207.0,192.0
10886,VP_030,tsst,Prep,31,189.0,472.0,206.0,143.0,204.0,180.0,198.0,186.0,213.0,212.0,195.0,222.0,205.0,186.0
10887,VP_030,tsst,Prep,32,200.0,490.0,211.0,101.0,209.0,185.0,203.0,199.0,216.0,215.0,-12.0,224.0,,198.0
10888,VP_030,tsst,Prep,33,199.0,505.0,218.0,109.0,215.0,190.0,207.0,197.0,223.0,223.0,200.0,234.0,220.0,197.0
10889,VP_030,tsst,Prep,34,206.0,492.0,230.0,161.0,219.0,195.0,213.0,207.0,230.0,229.0,231.0,242.0,231.0,206.0
10890,VP_030,tsst,Prep,36,215.0,485.0,192.0,163.0,161.0,207.0,163.0,159.0,226.0,226.0,221.0,238.0,221.0,158.0
10891,VP_030,tsst,Prep,37,204.0,488.0,220.0,156.0,214.0,192.0,207.0,202.0,222.0,221.0,203.0,233.0,221.0,202.0
10892,VP_030,tsst,Prep,38,207.0,490.0,220.0,160.0,215.0,195.0,211.0,207.0,224.0,224.0,208.0,235.0,222.0,207.0
10893,VP_030,tsst,Prep,39,198.0,482.0,164.0,151.0,212.0,189.0,205.0,118.0,223.0,222.0,97.0,223.0,,0.0
10894,VP_030,tsst,Prep,40,199.0,462.0,222.0,158.0,211.0,188.0,205.0,199.0,222.0,222.0,226.0,235.0,226.0,199.0
10895,VP_030,tsst,Prep,41,198.0,452.0,211.0,141.0,206.0,185.0,202.0,196.0,216.0,216.0,199.0,227.0,214.0,196.0
10896,VP_030,tsst,Prep,42,189.0,448.0,202.0,143.0,201.0,181.0,196.0,189.0,209.0,208.0,193.0,216.0,191.0,189.0
10897,VP_030,tsst,Prep,43,191.0,450.0,201.0,141.0,199.0,180.0,195.0,189.0,208.0,207.0,192.0,215.0,200.0,189.0
10898,VP_030,tsst,Prep,44,194.0,453.0,204.0,142.0,201.0,181.0,196.0,191.0,209.0,208.0,194.0,218.0,205.0,191.0
10899,VP_030,tsst,Prep,45,190.0,459.0,202.0,142.0,202.0,183.0,197.0,191.0,209.0,208.0,195.0,218.0,203.0,191.0
10900,VP_030,tsst,Prep,46,193.0,466.0,204.0,143.0,203.0,184.0,199.0,193.0,211.0,209.0,197.0,218.0,204.0,193.0
10901,VP_030,tsst,Prep,47,198.0,474.0,209.0,147.0,207.0,187.0,203.0,197.0,216.0,215.0,200.0,224.0,208.0,197.0
10902,VP_030,tsst,Prep,48,199.0,476.0,211.0,152.0,209.0,189.0,204.0,199.0,218.0,217.0,201.0,226.0,210.0,199.0
10903,VP_030,tsst,Prep,49,197.0,465.0,217.0,103.0,210.0,186.0,202.0,196.0,218.0,217.0,219.0,229.0,219.0,195.0
10904,VP_030,tsst,Prep,50,199.0,459.0,213.0,147.0,208.0,188.0,204.0,198.0,217.0,217.0,199.0,227.0,214.0,198.0
10905,VP_030,tsst,Prep,51,195.0,460.0,210.0,147.0,205.0,185.0,201.0,195.0,213.0,213.0,197.0,222.0,208.0,195.0
10906,VP_030,tsst,Prep,52,197.0,466.0,209.0,141.0,205.0,185.0,201.0,196.0,213.0,213.0,198.0,222.0,209.0,196.0
10907,VP_030,tsst,Prep,53,199.0,469.0,206.0,146.0,205.0,186.0,201.0,196.0,213.0,212.0,199.0,222.0,208.0,196.0
10908,VP_030,tsst,Prep,54,196.0,476.0,207.0,149.0,207.0,186.0,202.0,195.0,215.0,214.0,198.0,223.0,208.0,195.0
10909,VP_030,tsst,Prep,55,203.0,487.0,213.0,144.0,210.0,189.0,205.0,198.0,218.0,217.0,201.0,226.0,210.0,198.0
10910,VP_030,tsst,Prep,56,201.0,486.0,219.0,156.0,213.0,190.0,207.0,201.0,222.0,221.0,220.0,232.0,220.0,201.0
10911,VP_030,tsst,Prep,57,205.0,475.0,222.0,151.0,214.0,191.0,209.0,204.0,225.0,224.0,224.0,235.0,224.0,203.0
10912,VP_030,tsst,Prep,58,202.0,474.0,218.0,143.0,212.0,190.0,208.0,201.0,221.0,221.0,203.0,230.0,215.0,201.0
10913,VP_030,tsst,Prep,59,201.0,474.0,216.0,138.0,211.0,189.0,206.0,200.0,219.0,218.0,201.0,228.0,215.0,200.0
10914,VP_030,tsst,Prep,60,201.0,480.0,210.0,153.0,209.0,188.0,204.0,198.0,218.0,218.0,200.0,226.0,212.0,198.0
10915,VP_030,tsst,Prep,61,199.0,484.0,217.0,155.0,211.0,190.0,205.0,200.0,220.0,220.0,220.0,231.0,220.0,200.0
10916,VP_030,tsst,Prep,62,201.0,484.0,217.0,136.0,213.0,191.0,207.0,199.0,222.0,222.0,202.0,231.0,217.0,199.0
10917,VP_030,tsst,Prep,63,206.0,477.0,220.0,155.0,215.0,194.0,210.0,204.0,224.0,224.0,206.0,232.0,213.0,204.0
10918,VP_030,tsst,Talk,0,187.0,424.0,210.0,120.0,195.0,168.0,195.0,135.0,209.0,209.0,189.0,223.0,208.0,185.0
10919,VP_030,tsst,Talk,1,190.0,428.0,212.0,174.0,211.0,,199.0,162.0,222.0,221.0,163.0,234.0,219.0,161.0
10920,VP_030,tsst,Talk,2,191.0,431.0,144.0,139.0,-45.0,179.0,201.0,187.0,211.0,212.0,211.0,187.0,,187.0
10921,VP_030,tsst,Talk,3,199.0,434.0,155.0,155.0,203.0,188.0,205.0,198.0,220.0,220.0,204.0,198.0,154.0,198.0
10922,VP_030,tsst,Talk,4,201.0,438.0,215.0,153.0,210.0,189.0,206.0,201.0,214.0,214.0,204.0,226.0,209.0,201.0
10923,VP_030,tsst,Talk,5,192.0,439.0,205.0,133.0,71.0,260.0,193.0,189.0,228.0,227.0,201.0,226.0,212.0,189.0
10924,VP_030,tsst,Talk,6,205.0,444.0,212.0,126.0,211.0,189.0,209.0,202.0,211.0,211.0,145.0,225.0,,202.0
10925,VP_030,tsst,Talk,7,194.0,449.0,212.0,104.0,204.0,,194.0,173.0,210.0,209.0,189.0,223.0,211.0,173.0
10926,VP_030,tsst,Talk,8,200.0,452.0,216.0,117.0,207.0,187.0,203.0,198.0,215.0,215.0,216.0,229.0,216.0,198.0
10927,VP_030,tsst,Talk,9,207.0,450.0,224.0,158.0,215.0,195.0,211.0,205.0,230.0,230.0,207.0,238.0,227.0,205.0
10928,VP_030,tsst,Talk,10,202.0,442.0,220.0,144.0,212.0,266.0,210.0,202.0,235.0,233.0,207.0,237.0,216.0,202.0
10929,VP_030,tsst,Talk,11,202.0,440.0,157.0,99.0,211.0,193.0,207.0,203.0,211.0,211.0,210.0,225.0,206.0,203.0
10930,VP_030,tsst,Talk,12,200.0,436.0,214.0,150.0,208.0,189.0,206.0,200.0,214.0,214.0,205.0,230.0,218.0,200.0
10931,VP_030,tsst,Talk,13,190.0,434.0,208.0,145.0,205.0,182.0,197.0,185.0,208.0,208.0,192.0,220.0,203.0,185.0
10932,VP_030,tsst,Talk,14,201.0,433.0,217.0,135.0,207.0,185.0,204.0,201.0,210.0,210.0,225.0,231.0,225.0,201.0
10933,VP_030,tsst,Talk,15,197.0,432.0,225.0,119.0,203.0,172.0,199.0,197.0,215.0,215.0,222.0,231.0,222.0,196.0
10934,VP_030,tsst,Talk,16,191.0,433.0,205.0,123.0,203.0,171.0,197.0,187.0,211.0,211.0,191.0,220.0,,187.0
10935,VP_030,tsst,Talk,17,205.0,428.0,222.0,144.0,209.0,187.0,207.0,203.0,211.0,211.0,205.0,236.0,243.0,203.0
10936,VP_030,tsst,Talk,18,191.0,429.0,192.0,134.0,201.0,171.0,193.0,134.0,207.0,207.0,187.0,210.0,,109.0
10937,VP_030,tsst,Talk,19,185.0,421.0,201.0,146.0,201.0,180.0,194.0,157.0,207.0,207.0,197.0,218.0,197.0,116.0
10938,VP_030,tsst,Talk,20,196.0,418.0,254.0,216.0,197.0,295.0,201.0,195.0,249.0,233.0,264.0,273.0,264.0,194.0
10939,VP_030,tsst,Talk,21,188.0,423.0,203.0,89.0,195.0,175.0,187.0,181.0,199.0,198.0,199.0,211.0,199.0,180.0
10940,VP_030,tsst,Talk,22,188.0,424.0,206.0,111.0,201.0,176.0,192.0,180.0,205.0,205.0,181.0,216.0,194.0,180.0
10941,VP_030,tsst,Talk,23,190.0,428.0,206.0,146.0,201.0,181.0,198.0,190.0,207.0,207.0,196.0,224.0,214.0,190.0
10942,VP_030,tsst,Talk,24,190.0,429.0,129.0,107.0,203.0,179.0,198.0,190.0,205.0,205.0,70.0,216.0,,190.0
10943,VP_030,tsst,Talk,25,192.0,432.0,206.0,122.0,201.0,180.0,197.0,189.0,210.0,210.0,194.0,220.0,202.0,189.0
10944,VP_030,tsst,Talk,26,192.0,430.0,219.0,96.0,200.0,178.0,198.0,200.0,207.0,207.0,219.0,226.0,219.0,195.0
10945,VP_030,tsst,Talk,27,189.0,436.0,167.0,136.0,-36.0,187.0,135.0,114.0,202.0,201.0,166.0,210.0,166.0,113.0
10946,VP_030,tsst,Talk,28,196.0,437.0,205.0,130.0,204.0,182.0,202.0,197.0,211.0,212.0,204.0,222.0,205.0,197.0
10947,VP_030,tsst,Talk,29,196.0,439.0,216.0,129.0,203.0,179.0,198.0,195.0,211.0,211.0,198.0,226.0,217.0,194.0
10948,VP_030,tsst,Talk,30,194.0,439.0,209.0,153.0,203.0,184.0,199.0,191.0,213.0,213.0,194.0,223.0,210.0,191.0
10949,VP_030,tsst,Talk,31,199.0,437.0,216.0,104.0,206.0,185.0,201.0,198.0,213.0,213.0,215.0,227.0,215.0,198.0
10950,VP_030,tsst,Talk,32,208.0,431.0,160.0,142.0,210.0,195.0,136.0,206.0,206.0,206.0,121.0,206.0,163.0,206.0
10951,VP_030,tsst,Talk,33,189.0,430.0,204.0,146.0,204.0,183.0,194.0,163.0,208.0,208.0,145.0,219.0,200.0,144.0
10952,VP_030,tsst,Talk,34,194.0,428.0,213.0,147.0,207.0,186.0,202.0,196.0,208.0,208.0,198.0,224.0,212.0,196.0
10953,VP_030,tsst,Talk,35,201.0,425.0,224.0,142.0,205.0,184.0,204.0,199.0,227.0,225.0,227.0,235.0,227.0,199.0
10954,VP_030,tsst,Talk,36,187.0,423.0,207.0,124.0,203.0,152.0,195.0,169.0,207.0,207.0,183.0,220.0,204.0,169.0
10955,VP_030,tsst,Talk,37,191.0,421.0,207.0,144.0,199.0,177.0,194.0,189.0,206.0,207.0,192.0,220.0,206.0,189.0
10956,VP_030,tsst,Talk,38,193.0,420.0,200.0,130.0,200.0,180.0,199.0,195.0,205.0,205.0,208.0,221.0,208.0,195.0
10957,VP_030,tsst,Talk,39,181.0,419.0,197.0,90.0,-40.0,,183.0,171.0,202.0,202.0,188.0,213.0,194.0,170.0
10958,VP_030,tsst,Talk,40,198.0,418.0,214.0,136.0,204.0,182.0,204.0,197.0,225.0,223.0,202.0,228.0,208.0,197.0
10959,VP_030,tsst,Talk,41,197.0,416.0,199.0,140.0,202.0,181.0,200.0,194.0,205.0,205.0,201.0,223.0,212.0,194.0
10960,VP_030,tsst,Talk,42,191.0,415.0,202.0,98.0,202.0,180.0,196.0,191.0,205.0,205.0,199.0,218.0,199.0,191.0
10961,VP_030,tsst,Talk,43,185.0,414.0,196.0,135.0,196.0,175.0,190.0,183.0,199.0,199.0,193.0,211.0,193.0,183.0
10962,VP_030,tsst,Talk,44,186.0,410.0,194.0,110.0,197.0,178.0,192.0,184.0,200.0,199.0,195.0,212.0,196.0,184.0
10963,VP_030,tsst,Talk,45,176.0,410.0,195.0,145.0,191.0,167.0,181.0,167.0,204.0,204.0,188.0,209.0,188.0,135.0
10964,VP_030,tsst,Talk,46,184.0,407.0,203.0,123.0,191.0,175.0,129.0,183.0,192.0,190.0,210.0,212.0,210.0,183.0
10965,VP_030,tsst,Talk,47,178.0,408.0,193.0,138.0,188.0,246.0,186.0,176.0,214.0,214.0,182.0,210.0,192.0,176.0
10966,VP_030,tsst,Talk,48,181.0,408.0,171.0,131.0,193.0,176.0,134.0,123.0,196.0,195.0,125.0,205.0,169.0,122.0
10967,VP_030,tsst,Talk,49,182.0,410.0,208.0,133.0,194.0,173.0,190.0,184.0,203.0,203.0,188.0,215.0,207.0,184.0
10968,VP_030,tsst,Talk,50,187.0,415.0,202.0,140.0,194.0,174.0,189.0,186.0,201.0,201.0,201.0,211.0,201.0,185.0
10969,VP_030,tsst,Talk,51,180.0,418.0,205.0,97.0,191.0,167.0,184.0,177.0,201.0,201.0,205.0,214.0,205.0,177.0
10970,VP_030,tsst,Talk,52,198.0,424.0,138.0,131.0,202.0,190.0,117.0,,197.0,196.0,152.0,105.0,152.0,192.0
10971,VP_030,tsst,Talk,53,191.0,429.0,206.0,138.0,197.0,179.0,195.0,189.0,213.0,213.0,194.0,218.0,202.0,189.0
10972,VP_030,tsst,Talk,54,187.0,432.0,188.0,136.0,198.0,178.0,191.0,123.0,202.0,201.0,125.0,211.0,169.0,123.0
10973,VP_030,tsst,Talk,55,187.0,430.0,104.0,89.0,-64.0,180.0,191.0,169.0,202.0,201.0,68.0,206.0,,140.0
10974,VP_030,tsst,Talk,56,190.0,431.0,201.0,146.0,199.0,181.0,195.0,188.0,208.0,208.0,133.0,218.0,205.0,188.0
10975,VP_030,tsst,Talk,57,182.0,430.0,177.0,138.0,198.0,177.0,189.0,116.0,203.0,203.0,152.0,208.0,152.0,116.0
10976,VP_030,tsst,Talk,59,193.0,426.0,167.0,104.0,199.0,180.0,197.0,96.0,204.0,203.0,178.0,213.0,178.0,67.0
10977,VP_030,tsst,Talk,60,185.0,424.0,180.0,146.0,198.0,182.0,125.0,110.0,210.0,210.0,205.0,220.0,205.0,110.0
10978,VP_030,tsst,Talk,61,192.0,420.0,215.0,134.0,201.0,260.0,197.0,192.0,220.0,219.0,209.0,222.0,209.0,192.0
10979,VP_030,tsst,Talk,62,185.0,416.0,219.0,146.0,197.0,,185.0,180.0,206.0,206.0,219.0,225.0,219.0,180.0
10980,VP_030,tsst,Talk,63,192.0,413.0,212.0,109.0,199.0,180.0,195.0,199.0,202.0,202.0,221.0,224.0,221.0,191.0
10981,VP_030,tsst,Talk,64,180.0,409.0,179.0,104.0,85.0,176.0,183.0,147.0,193.0,191.0,90.0,199.0,153.0,147.0
10982,VP_030,tsst,Talk,65,178.0,406.0,196.0,84.0,192.0,,175.0,150.0,197.0,197.0,197.0,209.0,197.0,150.0
10983,VP_030,tsst,Talk,66,186.0,405.0,206.0,138.0,193.0,173.0,191.0,188.0,202.0,202.0,188.0,216.0,205.0,187.0
10984,VP_030,tsst,Talk,67,184.0,404.0,154.0,130.0,197.0,181.0,191.0,121.0,195.0,194.0,128.0,204.0,,121.0
10985,VP_030,tsst,Talk,68,173.0,404.0,140.0,125.0,120.0,177.0,113.0,93.0,192.0,191.0,142.0,157.0,142.0,90.0
10986,VP_031,ftsst,Math,0,293.0,715.0,319.0,253.0,334.0,281.0,318.0,318.0,325.0,324.0,291.0,347.0,319.0,211.0
10987,VP_031,ftsst,Math,1,286.0,665.0,268.0,255.0,334.0,281.0,320.0,255.0,321.0,321.0,270.0,29.0,270.0,202.0
10988,VP_031,ftsst,Math,2,275.0,685.0,292.0,226.0,319.0,299.0,308.0,225.0,307.0,306.0,269.0,201.0,287.0,201.0
10989,VP_031,ftsst,Math,3,280.0,699.0,306.0,255.0,323.0,271.0,296.0,271.0,313.0,312.0,310.0,334.0,310.0,237.0
10990,VP_031,ftsst,Math,4,287.0,683.0,311.0,244.0,327.0,275.0,309.0,281.0,317.0,317.0,288.0,337.0,307.0,281.0
10991,VP_031,ftsst,Math,5,286.0,652.0,310.0,251.0,321.0,273.0,305.0,250.0,311.0,310.0,313.0,227.0,313.0,226.0
10992,VP_031,ftsst,Math,6,277.0,610.0,300.0,240.0,314.0,266.0,298.0,239.0,303.0,302.0,276.0,326.0,298.0,189.0
10993,VP_031,ftsst,Math,7,256.0,596.0,297.0,222.0,295.0,244.0,272.0,256.0,286.0,285.0,297.0,312.0,297.0,256.0
10994,VP_031,ftsst,Math,8,257.0,602.0,268.0,182.0,292.0,241.0,272.0,254.0,281.0,280.0,264.0,254.0,268.0,254.0
10995,VP_031,ftsst,Math,9,258.0,613.0,286.0,220.0,293.0,244.0,277.0,258.0,282.0,282.0,270.0,258.0,288.0,258.0
10996,VP_031,ftsst,Math,10,259.0,599.0,285.0,217.0,298.0,244.0,274.0,243.0,287.0,287.0,250.0,307.0,277.0,197.0
10997,VP_031,ftsst,Math,11,258.0,591.0,289.0,215.0,294.0,245.0,277.0,254.0,284.0,283.0,257.0,310.0,295.0,254.0
10998,VP_031,ftsst,Math,12,255.0,589.0,230.0,211.0,289.0,245.0,277.0,149.0,278.0,278.0,219.0,149.0,219.0,149.0
10999,VP_031,ftsst,Math,13,255.0,605.0,281.0,214.0,289.0,241.0,273.0,256.0,278.0,277.0,266.0,256.0,283.0,256.0
11000,VP_031,ftsst,Math,14,281.0,623.0,295.0,216.0,296.0,254.0,287.0,280.0,287.0,286.0,284.0,280.0,293.0,280.0
11001,VP_031,ftsst,Math,15,258.0,642.0,245.0,230.0,264.0,300.0,259.0,175.0,284.0,284.0,108.0,46.0,249.0,107.0
11002,VP_031,ftsst,Math,16,266.0,624.0,244.0,216.0,311.0,252.0,290.0,215.0,299.0,298.0,267.0,23.0,,177.0
11003,VP_031,ftsst,Math,17,267.0,630.0,292.0,223.0,306.0,255.0,294.0,264.0,296.0,294.0,282.0,35.0,295.0,264.0
11004,VP_031,ftsst,Math,18,262.0,649.0,294.0,224.0,305.0,248.0,283.0,223.0,294.0,293.0,254.0,0.0,291.0,200.0
11005,VP_031,ftsst,Math,19,270.0,647.0,293.0,232.0,310.0,257.0,298.0,232.0,300.0,299.0,262.0,204.0,299.0,204.0
11006,VP_031,ftsst,Math,20,270.0,667.0,290.0,243.0,218.0,267.0,286.0,216.0,300.0,299.0,290.0,216.0,290.0,215.0
11007,VP_031,ftsst,Math,21,264.0,675.0,278.0,242.0,309.0,,272.0,194.0,297.0,298.0,276.0,194.0,276.0,193.0
11008,VP_031,ftsst,Math,22,273.0,688.0,315.0,248.0,314.0,259.0,288.0,270.0,307.0,307.0,318.0,331.0,318.0,269.0
11009,VP_031,ftsst,Math,23,277.0,675.0,300.0,249.0,319.0,264.0,295.0,264.0,310.0,310.0,290.0,0.0,290.0,232.0
11010,VP_031,ftsst,Math,24,276.0,654.0,303.0,243.0,315.0,265.0,296.0,242.0,307.0,306.0,307.0,217.0,307.0,217.0
11011,VP_031,ftsst,Math,25,271.0,587.0,295.0,234.0,308.0,263.0,295.0,234.0,301.0,300.0,278.0,321.0,294.0,190.0
11012,VP_031,ftsst,Math,26,277.0,601.0,249.0,220.0,207.0,274.0,226.0,213.0,273.0,273.0,213.0,89.0,247.0,212.0
11013,VP_031,ftsst,Math,27,247.0,601.0,271.0,180.0,288.0,232.0,272.0,150.0,280.0,280.0,281.0,130.0,275.0,129.0
11014,VP_031,ftsst,Math,29,267.0,676.0,295.0,240.0,307.0,262.0,289.0,240.0,298.0,298.0,299.0,319.0,299.0,205.0
11015,VP_031,ftsst,Math,30,278.0,660.0,289.0,236.0,312.0,268.0,296.0,273.0,304.0,304.0,280.0,273.0,243.0,273.0
11016,VP_031,ftsst,Math,31,275.0,650.0,300.0,235.0,305.0,265.0,292.0,270.0,301.0,301.0,279.0,321.0,302.0,270.0
11017,VP_031,ftsst,Math,32,280.0,640.0,303.0,233.0,301.0,262.0,289.0,280.0,295.0,295.0,283.0,318.0,302.0,280.0
11018,VP_031,ftsst,Math,33,260.0,645.0,282.0,227.0,301.0,253.0,283.0,227.0,292.0,292.0,258.0,311.0,282.0,201.0
11019,VP_031,ftsst,Math,34,275.0,655.0,304.0,196.0,302.0,255.0,289.0,276.0,296.0,296.0,304.0,319.0,304.0,276.0
11020,VP_031,ftsst,Math,35,272.0,640.0,292.0,237.0,306.0,263.0,290.0,215.0,298.0,298.0,277.0,0.0,290.0,168.0
11021,VP_031,ftsst,Math,36,269.0,617.0,298.0,233.0,302.0,257.0,285.0,267.0,295.0,295.0,268.0,267.0,301.0,267.0
11022,VP_031,ftsst,Math,37,264.0,592.0,276.0,215.0,297.0,251.0,285.0,263.0,296.0,293.0,274.0,76.0,220.0,263.0
11023,VP_031,ftsst,Math,38,249.0,596.0,267.0,212.0,288.0,239.0,277.0,212.0,279.0,278.0,250.0,300.0,273.0,190.0
11024,VP_031,ftsst,Math,39,251.0,643.0,282.0,231.0,291.0,239.0,275.0,238.0,281.0,280.0,211.0,303.0,281.0,210.0
11025,VP_031,ftsst,Math,40,268.0,683.0,295.0,229.0,305.0,256.0,290.0,229.0,298.0,297.0,265.0,318.0,295.0,198.0
11026,VP_031,ftsst,Math,41,282.0,663.0,286.0,251.0,314.0,276.0,300.0,212.0,308.0,308.0,287.0,212.0,287.0,212.0
11027,VP_031,ftsst,Math,42,275.0,667.0,276.0,235.0,312.0,262.0,298.0,234.0,306.0,305.0,276.0,181.0,274.0,181.0
11028,VP_031,ftsst,Math,43,275.0,664.0,304.0,240.0,311.0,261.0,293.0,269.0,301.0,301.0,305.0,323.0,305.0,269.0
11029,VP_031,ftsst,Math,44,263.0,,297.0,234.0,311.0,257.0,284.0,234.0,302.0,302.0,295.0,204.0,295.0,204.0
11030,VP_031,ftsst,Pause_1,0,287.0,708.0,307.0,243.0,324.0,280.0,311.0,293.0,321.0,320.0,295.0,338.0,308.0,197.0
11031,VP_031,ftsst,Pause_1,1,286.0,655.0,303.0,245.0,328.0,274.0,312.0,244.0,322.0,321.0,282.0,210.0,300.0,210.0
11032,VP_031,ftsst,Pause_1,2,265.0,671.0,288.0,230.0,308.0,258.0,298.0,229.0,304.0,303.0,288.0,194.0,288.0,193.0
11033,VP_031,ftsst,Pause_1,3,266.0,762.0,292.0,232.0,311.0,258.0,299.0,232.0,306.0,306.0,293.0,199.0,293.0,198.0
11034,VP_031,ftsst,Pause_1,4,313.0,749.0,334.0,268.0,337.0,304.0,328.0,268.0,335.0,335.0,318.0,353.0,334.0,244.0
11035,VP_031,ftsst,Pause_1,5,291.0,677.0,325.0,265.0,335.0,287.0,322.0,264.0,332.0,332.0,324.0,349.0,324.0,237.0
11036,VP_031,ftsst,Pause_1,6,270.0,646.0,298.0,237.0,317.0,267.0,306.0,237.0,310.0,309.0,286.0,330.0,303.0,200.0
11037,VP_031,ftsst,Pause_1,7,261.0,631.0,275.0,225.0,306.0,256.0,295.0,225.0,299.0,298.0,281.0,190.0,262.0,189.0
11038,VP_031,ftsst,Pause_1,8,276.0,663.0,285.0,221.0,299.0,251.0,291.0,221.0,294.0,293.0,284.0,193.0,287.0,193.0
11039,VP_031,ftsst,Pause_1,9,299.0,742.0,287.0,235.0,309.0,287.0,298.0,251.0,301.0,301.0,288.0,208.0,288.0,207.0
11040,VP_031,ftsst,Pause_1,10,297.0,788.0,321.0,259.0,333.0,288.0,320.0,259.0,329.0,329.0,300.0,345.0,319.0,230.0
11041,VP_031,ftsst,Pause_1,11,313.0,729.0,337.0,279.0,351.0,307.0,339.0,207.0,348.0,347.0,320.0,366.0,340.0,206.0
11042,VP_031,ftsst,Pause_1,12,291.0,,314.0,253.0,336.0,283.0,320.0,253.0,329.0,328.0,294.0,347.0,310.0,220.0
11043,VP_031,ftsst,Pause_5,0,396.0,915.0,374.0,331.0,411.0,391.0,402.0,359.0,397.0,395.0,379.0,11.0,379.0,283.0
11044,VP_031,ftsst,Pause_5,1,362.0,887.0,385.0,331.0,404.0,354.0,389.0,331.0,395.0,394.0,359.0,416.0,384.0,282.0
11045,VP_031,ftsst,Pause_5,2,380.0,838.0,365.0,321.0,400.0,344.0,390.0,321.0,389.0,386.0,365.0,291.0,365.0,291.0
11046,VP_031,ftsst,Pause_5,3,341.0,869.0,363.0,311.0,385.0,359.0,374.0,326.0,372.0,370.0,364.0,286.0,364.0,285.0
11047,VP_031,ftsst,Pause_5,4,354.0,853.0,376.0,322.0,396.0,343.0,382.0,342.0,383.0,380.0,372.0,299.0,372.0,298.0
11048,VP_031,ftsst,Pause_5,5,381.0,792.0,340.0,319.0,393.0,371.0,384.0,331.0,378.0,375.0,287.0,122.0,339.0,282.0
11049,VP_031,ftsst,Pause_5,6,328.0,742.0,356.0,298.0,373.0,315.0,361.0,315.0,359.0,355.0,358.0,387.0,358.0,270.0
11050,VP_031,ftsst,Pause_5,7,343.0,771.0,331.0,272.0,357.0,331.0,346.0,296.0,342.0,338.0,302.0,26.0,333.0,246.0
11051,VP_031,ftsst,Pause_5,8,318.0,868.0,335.0,287.0,364.0,301.0,347.0,300.0,349.0,347.0,334.0,0.0,334.0,255.0
11052,VP_031,ftsst,Pause_5,9,354.0,915.0,372.0,320.0,395.0,339.0,382.0,338.0,382.0,380.0,375.0,0.0,375.0,298.0
11053,VP_031,ftsst,Pause_5,10,369.0,917.0,395.0,304.0,411.0,353.0,397.0,357.0,398.0,396.0,368.0,254.0,391.0,357.0
11054,VP_031,ftsst,Prep,0,309.0,730.0,314.0,245.0,342.0,294.0,327.0,275.0,331.0,330.0,320.0,309.0,318.0,309.0
11055,VP_031,ftsst,Prep,1,309.0,757.0,270.0,252.0,348.0,296.0,338.0,303.0,339.0,335.0,338.0,193.0,267.0,303.0
11056,VP_031,ftsst,Prep,2,316.0,910.0,267.0,259.0,354.0,304.0,342.0,313.0,341.0,340.0,347.0,202.0,268.0,313.0
11057,VP_031,ftsst,Prep,3,368.0,951.0,387.0,312.0,397.0,350.0,382.0,366.0,392.0,391.0,369.0,411.0,386.0,366.0
11058,VP_031,ftsst,Prep,4,387.0,815.0,401.0,333.0,402.0,369.0,397.0,382.0,407.0,406.0,385.0,426.0,401.0,382.0
11059,VP_031,ftsst,Prep,5,345.0,760.0,309.0,288.0,378.0,328.0,365.0,331.0,365.0,362.0,354.0,232.0,336.0,331.0
11060,VP_031,ftsst,Prep,6,321.0,773.0,308.0,267.0,358.0,305.0,347.0,267.0,346.0,343.0,346.0,202.0,309.0,201.0
11061,VP_031,ftsst,Prep,7,330.0,811.0,293.0,279.0,358.0,312.0,349.0,236.0,348.0,346.0,352.0,206.0,293.0,205.0
11062,VP_031,ftsst,Prep,8,331.0,877.0,322.0,292.0,368.0,320.0,359.0,239.0,358.0,357.0,357.0,239.0,322.0,238.0
11063,VP_031,ftsst,Prep,9,357.0,848.0,372.0,309.0,388.0,343.0,376.0,350.0,383.0,382.0,361.0,282.0,371.0,350.0
11064,VP_031,ftsst,Prep,10,337.0,869.0,340.0,304.0,384.0,336.0,373.0,303.0,375.0,373.0,358.0,273.0,338.0,273.0
11065,VP_031,ftsst,Prep,11,348.0,800.0,369.0,312.0,391.0,340.0,376.0,311.0,382.0,380.0,351.0,273.0,370.0,273.0
11066,VP_031,ftsst,Prep,12,338.0,782.0,302.0,288.0,375.0,325.0,364.0,253.0,362.0,358.0,356.0,202.0,302.0,202.0
11067,VP_031,ftsst,Prep,13,343.0,834.0,303.0,282.0,363.0,313.0,355.0,243.0,352.0,350.0,354.0,212.0,304.0,211.0
11068,VP_031,ftsst,Prep,14,337.0,870.0,335.0,299.0,379.0,330.0,366.0,261.0,369.0,367.0,348.0,237.0,319.0,237.0
11069,VP_031,ftsst,Prep,15,356.0,765.0,377.0,306.0,395.0,342.0,378.0,357.0,384.0,382.0,363.0,250.0,377.0,357.0
11070,VP_031,ftsst,Prep,16,323.0,769.0,287.0,279.0,367.0,314.0,357.0,316.0,352.0,348.0,359.0,206.0,288.0,316.0
11071,VP_031,ftsst,Prep,17,325.0,786.0,332.0,275.0,363.0,307.0,353.0,208.0,349.0,346.0,354.0,208.0,332.0,208.0
11072,VP_031,ftsst,Prep,18,308.0,831.0,343.0,310.0,366.0,298.0,348.0,297.0,354.0,351.0,340.0,262.0,340.0,262.0
11073,VP_031,ftsst,Prep,19,331.0,879.0,343.0,296.0,381.0,323.0,370.0,296.0,369.0,367.0,328.0,234.0,344.0,234.0
11074,VP_031,ftsst,Prep,20,354.0,885.0,372.0,303.0,397.0,339.0,379.0,347.0,385.0,383.0,354.0,250.0,371.0,347.0
11075,VP_031,ftsst,Prep,21,353.0,851.0,377.0,310.0,398.0,342.0,383.0,309.0,388.0,386.0,355.0,266.0,379.0,266.0
11076,VP_031,ftsst,Prep,22,372.0,890.0,319.0,303.0,388.0,343.0,379.0,358.0,377.0,375.0,374.0,358.0,316.0,358.0
11077,VP_031,ftsst,Prep,23,360.0,891.0,379.0,316.0,396.0,348.0,385.0,351.0,388.0,386.0,370.0,274.0,378.0,351.0
11078,VP_031,ftsst,Prep,24,372.0,803.0,383.0,318.0,396.0,346.0,384.0,356.0,390.0,388.0,366.0,181.0,384.0,356.0
11079,VP_031,ftsst,Prep,25,344.0,762.0,346.0,290.0,376.0,328.0,365.0,334.0,363.0,359.0,356.0,222.0,351.0,334.0
11080,VP_031,ftsst,Prep,26,332.0,790.0,285.0,264.0,359.0,327.0,351.0,264.0,347.0,344.0,354.0,200.0,285.0,200.0
11081,VP_031,ftsst,Prep,27,336.0,814.0,307.0,282.0,364.0,315.0,354.0,249.0,355.0,353.0,350.0,217.0,316.0,217.0
11082,VP_031,ftsst,Prep,28,324.0,825.0,300.0,287.0,372.0,320.0,362.0,259.0,360.0,359.0,364.0,190.0,298.0,259.0
11083,VP_031,ftsst,Prep,29,329.0,813.0,344.0,289.0,375.0,319.0,364.0,289.0,364.0,363.0,335.0,255.0,347.0,255.0
11084,VP_031,ftsst,Prep,30,351.0,778.0,332.0,294.0,371.0,326.0,363.0,260.0,362.0,360.0,357.0,260.0,325.0,259.0
11085,VP_031,ftsst,Prep,31,327.0,729.0,343.0,278.0,364.0,313.0,350.0,321.0,352.0,349.0,338.0,217.0,343.0,321.0
11086,VP_031,ftsst,Prep,32,319.0,751.0,273.0,260.0,349.0,305.0,342.0,194.0,336.0,333.0,347.0,194.0,273.0,194.0
11087,VP_031,ftsst,Prep,33,332.0,768.0,280.0,267.0,349.0,324.0,344.0,223.0,341.0,339.0,344.0,198.0,280.0,198.0
11088,VP_031,ftsst,Prep,34,340.0,804.0,298.0,274.0,355.0,331.0,347.0,236.0,345.0,344.0,348.0,210.0,301.0,209.0
11089,VP_031,ftsst,Prep,35,315.0,,332.0,286.0,367.0,311.0,355.0,286.0,357.0,356.0,257.0,224.0,329.0,257.0
11090,VP_031,ftsst,Talk,0,351.0,813.0,354.0,292.0,372.0,311.0,360.0,266.0,363.0,361.0,349.0,270.0,349.0,269.0
11091,VP_031,ftsst,Talk,1,360.0,748.0,344.0,292.0,374.0,352.0,368.0,261.0,365.0,362.0,371.0,261.0,352.0,260.0
11092,VP_031,ftsst,Talk,2,342.0,652.0,341.0,285.0,353.0,333.0,347.0,298.0,342.0,339.0,325.0,259.0,325.0,259.0
11093,VP_031,ftsst,Talk,3,308.0,736.0,313.0,273.0,326.0,305.0,317.0,260.0,312.0,308.0,318.0,0.0,318.0,232.0
11094,VP_031,ftsst,Talk,4,303.0,856.0,328.0,266.0,348.0,289.0,325.0,288.0,337.0,335.0,292.0,247.0,328.0,246.0
11095,VP_031,ftsst,Talk,5,347.0,832.0,382.0,307.0,384.0,333.0,367.0,345.0,379.0,377.0,382.0,401.0,382.0,344.0
11096,VP_031,ftsst,Talk,6,337.0,830.0,362.0,300.0,382.0,326.0,368.0,300.0,370.0,368.0,332.0,249.0,363.0,249.0
11097,VP_031,ftsst,Talk,7,338.0,757.0,363.0,304.0,381.0,327.0,366.0,303.0,370.0,367.0,364.0,249.0,364.0,249.0
11098,VP_031,ftsst,Talk,8,320.0,684.0,345.0,272.0,362.0,301.0,347.0,311.0,348.0,344.0,319.0,200.0,343.0,311.0
11099,VP_031,ftsst,Talk,9,323.0,751.0,301.0,284.0,336.0,315.0,329.0,263.0,323.0,319.0,304.0,222.0,304.0,221.0
11100,VP_031,ftsst,Talk,10,342.0,910.0,322.0,271.0,352.0,333.0,343.0,270.0,338.0,337.0,320.0,225.0,320.0,225.0
11101,VP_031,ftsst,Talk,11,357.0,908.0,390.0,324.0,401.0,347.0,390.0,347.0,393.0,392.0,349.0,415.0,392.0,301.0
11102,VP_031,ftsst,Talk,12,365.0,878.0,387.0,317.0,404.0,347.0,391.0,317.0,394.0,393.0,359.0,293.0,385.0,293.0
11103,VP_031,ftsst,Talk,13,349.0,774.0,380.0,313.0,395.0,335.0,384.0,313.0,386.0,383.0,338.0,257.0,382.0,257.0
11104,VP_031,ftsst,Talk,14,352.0,695.0,333.0,285.0,369.0,347.0,362.0,306.0,355.0,350.0,261.0,219.0,331.0,260.0
11105,VP_031,ftsst,Talk,15,327.0,755.0,302.0,286.0,338.0,318.0,332.0,273.0,326.0,322.0,303.0,234.0,303.0,234.0
11106,VP_031,ftsst,Talk,16,340.0,886.0,323.0,277.0,353.0,335.0,346.0,288.0,340.0,339.0,326.0,251.0,326.0,250.0
11107,VP_031,ftsst,Talk,17,351.0,872.0,379.0,317.0,394.0,338.0,381.0,338.0,385.0,384.0,376.0,289.0,376.0,289.0
11108,VP_031,ftsst,Talk,18,348.0,797.0,376.0,315.0,394.0,339.0,383.0,315.0,384.0,381.0,379.0,408.0,379.0,255.0
11109,VP_031,ftsst,Talk,19,324.0,828.0,350.0,286.0,374.0,314.0,363.0,286.0,360.0,357.0,324.0,247.0,347.0,246.0
11110,VP_031,ftsst,Talk,20,328.0,815.0,362.0,296.0,377.0,316.0,365.0,315.0,367.0,365.0,364.0,273.0,364.0,272.0
11111,VP_031,ftsst,Talk,21,316.0,790.0,356.0,296.0,374.0,348.0,363.0,316.0,363.0,361.0,354.0,269.0,354.0,269.0
11112,VP_031,ftsst,Talk,22,317.0,684.0,351.0,279.0,368.0,309.0,356.0,279.0,357.0,354.0,320.0,246.0,353.0,246.0
11113,VP_031,ftsst,Talk,23,297.0,667.0,323.0,242.0,336.0,276.0,327.0,277.0,325.0,320.0,314.0,197.0,320.0,277.0
11114,VP_031,ftsst,Talk,24,304.0,753.0,300.0,246.0,323.0,303.0,315.0,261.0,312.0,310.0,307.0,215.0,307.0,215.0
11115,VP_031,ftsst,Talk,25,303.0,845.0,339.0,275.0,349.0,329.0,316.0,288.0,338.0,337.0,338.0,254.0,338.0,254.0
11116,VP_031,ftsst,Talk,26,340.0,832.0,366.0,298.0,380.0,325.0,364.0,298.0,370.0,369.0,334.0,268.0,367.0,267.0
11117,VP_031,ftsst,Talk,27,334.0,851.0,355.0,299.0,377.0,322.0,366.0,299.0,368.0,366.0,352.0,262.0,352.0,261.0
11118,VP_031,ftsst,Talk,28,336.0,830.0,363.0,305.0,384.0,329.0,371.0,304.0,375.0,373.0,365.0,274.0,365.0,273.0
11119,VP_031,ftsst,Talk,29,346.0,807.0,354.0,301.0,377.0,330.0,366.0,300.0,368.0,366.0,354.0,269.0,354.0,268.0
11120,VP_031,ftsst,Talk,30,324.0,781.0,346.0,293.0,369.0,345.0,360.0,310.0,359.0,357.0,340.0,263.0,340.0,262.0
11121,VP_031,ftsst,Talk,31,339.0,682.0,348.0,281.0,360.0,311.0,350.0,281.0,351.0,349.0,322.0,375.0,351.0,244.0
11122,VP_031,ftsst,Talk,32,318.0,658.0,304.0,244.0,332.0,276.0,323.0,243.0,321.0,317.0,315.0,74.0,293.0,200.0
11123,VP_031,ftsst,Talk,33,296.0,694.0,308.0,236.0,319.0,261.0,308.0,261.0,307.0,305.0,271.0,78.0,308.0,213.0
11124,VP_031,ftsst,Talk,34,313.0,681.0,314.0,257.0,331.0,275.0,317.0,275.0,318.0,317.0,240.0,176.0,315.0,239.0
11125,VP_031,ftsst,Talk,35,308.0,677.0,317.0,246.0,328.0,273.0,318.0,246.0,317.0,314.0,280.0,0.0,315.0,211.0
11126,VP_031,ftsst,Talk,36,281.0,791.0,306.0,247.0,325.0,268.0,314.0,247.0,313.0,312.0,310.0,213.0,310.0,213.0
11127,VP_031,ftsst,Talk,37,316.0,,347.0,289.0,361.0,306.0,348.0,306.0,352.0,351.0,346.0,259.0,346.0,258.0
11128,VP_031,tsst,Math,0,198.0,432.0,176.0,160.0,-34.0,192.0,210.0,183.0,215.0,216.0,167.0,84.0,167.0,84.0
11129,VP_031,tsst,Math,1,203.0,437.0,203.0,144.0,-35.0,189.0,211.0,194.0,217.0,217.0,210.0,194.0,209.0,194.0
11130,VP_031,tsst,Math,2,204.0,439.0,218.0,155.0,209.0,191.0,212.0,202.0,220.0,220.0,208.0,202.0,222.0,202.0
11131,VP_031,tsst,Math,3,198.0,429.0,201.0,156.0,220.0,193.0,212.0,120.0,218.0,218.0,187.0,233.0,187.0,120.0
11132,VP_031,tsst,Math,4,193.0,432.0,212.0,159.0,215.0,186.0,204.0,159.0,214.0,215.0,194.0,231.0,209.0,129.0
11133,VP_031,tsst,Math,5,200.0,435.0,212.0,159.0,213.0,190.0,208.0,191.0,215.0,216.0,205.0,191.0,214.0,191.0
11134,VP_031,tsst,Math,6,203.0,447.0,221.0,128.0,209.0,189.0,209.0,201.0,217.0,217.0,204.0,201.0,223.0,201.0
11135,VP_031,tsst,Math,7,204.0,456.0,216.0,163.0,220.0,195.0,213.0,202.0,219.0,220.0,208.0,202.0,209.0,202.0
11136,VP_031,tsst,Math,8,210.0,455.0,217.0,158.0,219.0,196.0,217.0,208.0,224.0,225.0,213.0,208.0,221.0,208.0
11137,VP_031,tsst,Math,9,206.0,447.0,224.0,163.0,223.0,198.0,217.0,204.0,225.0,225.0,212.0,242.0,222.0,204.0
11138,VP_031,tsst,Math,10,203.0,447.0,170.0,157.0,218.0,195.0,216.0,203.0,219.0,220.0,210.0,203.0,210.0,203.0
11139,VP_031,tsst,Math,11,203.0,450.0,227.0,166.0,219.0,192.0,212.0,202.0,223.0,223.0,226.0,242.0,226.0,201.0
11140,VP_031,tsst,Math,12,202.0,445.0,219.0,165.0,221.0,194.0,212.0,131.0,221.0,221.0,204.0,239.0,220.0,113.0
11141,VP_031,tsst,Math,13,206.0,441.0,216.0,160.0,223.0,195.0,215.0,196.0,220.0,220.0,212.0,238.0,214.0,196.0
11142,VP_031,tsst,Math,14,208.0,438.0,221.0,144.0,221.0,194.0,214.0,204.0,219.0,219.0,211.0,239.0,223.0,204.0
11143,VP_031,tsst,Math,15,200.0,433.0,223.0,162.0,219.0,191.0,211.0,196.0,219.0,219.0,202.0,238.0,221.0,196.0
11144,VP_031,tsst,Math,16,204.0,434.0,224.0,163.0,220.0,194.0,213.0,202.0,220.0,220.0,206.0,241.0,224.0,202.0
11145,VP_031,tsst,Math,17,200.0,428.0,224.0,157.0,219.0,187.0,209.0,196.0,219.0,219.0,198.0,239.0,225.0,196.0
11146,VP_031,tsst,Math,18,199.0,431.0,215.0,125.0,213.0,187.0,208.0,200.0,214.0,214.0,204.0,233.0,214.0,200.0
11147,VP_031,tsst,Math,19,201.0,431.0,221.0,152.0,212.0,186.0,207.0,198.0,217.0,217.0,223.0,236.0,223.0,198.0
11148,VP_031,tsst,Math,20,201.0,431.0,225.0,114.0,216.0,186.0,208.0,200.0,217.0,217.0,223.0,238.0,223.0,200.0
11149,VP_031,tsst,Math,21,201.0,432.0,224.0,158.0,214.0,191.0,210.0,200.0,217.0,217.0,204.0,238.0,225.0,200.0
11150,VP_031,tsst,Math,22,201.0,431.0,215.0,159.0,-37.0,187.0,205.0,189.0,215.0,215.0,196.0,189.0,215.0,189.0
11151,VP_031,tsst,Math,23,202.0,435.0,215.0,148.0,207.0,185.0,206.0,147.0,218.0,218.0,199.0,236.0,215.0,110.0
11152,VP_031,tsst,Math,24,202.0,438.0,153.0,154.0,215.0,188.0,209.0,196.0,215.0,215.0,158.0,196.0,158.0,196.0
11153,VP_031,tsst,Math,25,197.0,443.0,216.0,153.0,-37.0,182.0,203.0,152.0,217.0,218.0,190.0,130.0,214.0,129.0
11154,VP_031,tsst,Math,26,203.0,443.0,200.0,160.0,207.0,191.0,207.0,128.0,217.0,218.0,203.0,0.0,203.0,127.0
11155,VP_031,tsst,Math,27,208.0,437.0,226.0,151.0,222.0,194.0,216.0,206.0,223.0,223.0,210.0,243.0,227.0,206.0
11156,VP_031,tsst,Math,28,202.0,433.0,227.0,148.0,213.0,192.0,213.0,201.0,222.0,222.0,209.0,201.0,226.0,201.0
11157,VP_031,tsst,Math,29,201.0,426.0,229.0,155.0,215.0,189.0,209.0,198.0,219.0,219.0,202.0,239.0,228.0,198.0
11158,VP_031,tsst,Math,30,194.0,436.0,208.0,158.0,-18.0,187.0,202.0,119.0,213.0,214.0,211.0,119.0,211.0,119.0
11159,VP_031,tsst,Math,31,198.0,454.0,210.0,160.0,-24.0,190.0,207.0,194.0,216.0,217.0,202.0,194.0,214.0,194.0
11160,VP_031,tsst,Math,32,207.0,451.0,222.0,159.0,219.0,196.0,218.0,208.0,225.0,225.0,215.0,208.0,221.0,208.0
11161,VP_031,tsst,Math,33,211.0,433.0,218.0,126.0,228.0,197.0,219.0,208.0,221.0,222.0,218.0,208.0,159.0,208.0
11162,VP_031,tsst,Math,34,201.0,432.0,175.0,158.0,-38.0,192.0,214.0,197.0,216.0,217.0,203.0,197.0,203.0,197.0
11163,VP_031,tsst,Math,35,199.0,433.0,218.0,160.0,-34.0,189.0,208.0,191.0,218.0,218.0,199.0,238.0,219.0,191.0
11164,VP_031,tsst,Math,36,203.0,438.0,220.0,132.0,221.0,191.0,213.0,201.0,219.0,219.0,207.0,238.0,218.0,201.0
11165,VP_031,tsst,Math,37,203.0,436.0,219.0,162.0,220.0,194.0,214.0,204.0,219.0,219.0,209.0,239.0,223.0,204.0
11166,VP_031,tsst,Math,38,202.0,429.0,228.0,155.0,221.0,191.0,213.0,203.0,221.0,221.0,205.0,242.0,227.0,203.0
11167,VP_031,tsst,Math,39,201.0,424.0,224.0,161.0,219.0,191.0,210.0,200.0,216.0,216.0,204.0,237.0,223.0,200.0
11168,VP_031,tsst,Math,40,205.0,423.0,214.0,119.0,220.0,190.0,213.0,203.0,215.0,215.0,212.0,236.0,214.0,203.0
11169,VP_031,tsst,Math,41,202.0,421.0,222.0,156.0,218.0,188.0,209.0,200.0,214.0,214.0,201.0,237.0,223.0,200.0
11170,VP_031,tsst,Math,42,199.0,423.0,214.0,158.0,219.0,193.0,212.0,198.0,213.0,213.0,213.0,233.0,213.0,198.0
11171,VP_031,tsst,Math,43,198.0,423.0,217.0,157.0,220.0,190.0,210.0,196.0,214.0,214.0,207.0,235.0,217.0,196.0
11172,VP_031,tsst,Math,44,198.0,421.0,223.0,145.0,218.0,186.0,209.0,199.0,215.0,215.0,200.0,237.0,223.0,199.0
11173,VP_031,tsst,Math,45,197.0,419.0,218.0,160.0,218.0,189.0,209.0,193.0,215.0,215.0,201.0,235.0,217.0,193.0
11174,VP_031,tsst,Math,46,196.0,419.0,165.0,147.0,220.0,188.0,210.0,191.0,213.0,213.0,211.0,231.0,175.0,191.0
11175,VP_031,tsst,Math,47,195.0,419.0,219.0,160.0,215.0,186.0,206.0,191.0,216.0,216.0,196.0,235.0,217.0,191.0
11176,VP_031,tsst,Math,48,200.0,418.0,219.0,161.0,219.0,188.0,207.0,161.0,215.0,215.0,199.0,120.0,220.0,119.0
11177,VP_031,tsst,Math,49,197.0,423.0,206.0,154.0,-31.0,182.0,202.0,154.0,212.0,212.0,194.0,108.0,209.0,107.0
11178,VP_031,tsst,Math,50,197.0,430.0,220.0,151.0,-30.0,180.0,201.0,192.0,214.0,214.0,217.0,191.0,217.0,191.0
11179,VP_031,tsst,Math,51,196.0,442.0,195.0,148.0,200.0,182.0,199.0,148.0,213.0,214.0,200.0,84.0,200.0,83.0
11180,VP_031,tsst,Math,52,197.0,469.0,185.0,157.0,201.0,184.0,201.0,114.0,217.0,217.0,166.0,81.0,166.0,80.0
11181,VP_031,tsst,Math,53,210.0,465.0,222.0,168.0,219.0,200.0,217.0,206.0,228.0,228.0,213.0,206.0,225.0,206.0
11182,VP_031,tsst,Math,54,212.0,441.0,229.0,165.0,222.0,199.0,218.0,208.0,226.0,227.0,213.0,244.0,229.0,208.0
11183,VP_031,tsst,Math,55,202.0,451.0,163.0,155.0,-28.0,195.0,214.0,113.0,215.0,216.0,161.0,108.0,161.0,108.0
11184,VP_031,tsst,Math,56,200.0,471.0,220.0,154.0,210.0,188.0,208.0,198.0,221.0,221.0,200.0,198.0,220.0,198.0
11185,VP_031,tsst,Math,57,209.0,514.0,165.0,163.0,215.0,195.0,215.0,203.0,226.0,227.0,218.0,203.0,,203.0
11186,VP_031,tsst,Math,58,223.0,593.0,230.0,182.0,237.0,214.0,229.0,189.0,241.0,241.0,226.0,254.0,230.0,157.0
11187,VP_031,tsst,Math,59,256.0,538.0,270.0,209.0,266.0,245.0,260.0,253.0,268.0,268.0,255.0,285.0,271.0,253.0
11188,VP_031,tsst,Math,60,234.0,505.0,245.0,191.0,246.0,223.0,240.0,230.0,249.0,250.0,235.0,264.0,242.0,230.0
11189,VP_031,tsst,Math,61,223.0,463.0,238.0,181.0,236.0,213.0,230.0,223.0,239.0,240.0,225.0,256.0,239.0,223.0
11190,VP_031,tsst,Math,62,209.0,453.0,227.0,163.0,222.0,197.0,217.0,207.0,227.0,227.0,210.0,245.0,229.0,207.0
11191,VP_031,tsst,Math,63,208.0,440.0,210.0,139.0,219.0,195.0,215.0,207.0,220.0,220.0,214.0,234.0,,207.0
11192,VP_031,tsst,Math,64,199.0,439.0,174.0,121.0,213.0,191.0,208.0,196.0,215.0,216.0,208.0,196.0,173.0,196.0
11193,VP_031,tsst,Math,65,202.0,441.0,214.0,159.0,211.0,190.0,208.0,200.0,216.0,217.0,204.0,200.0,215.0,200.0
11194,VP_031,tsst,Math,66,201.0,,221.0,162.0,214.0,191.0,208.0,197.0,218.0,218.0,201.0,236.0,221.0,197.0
11195,VP_031,tsst,Pause_1,0,206.0,472.0,204.0,160.0,229.0,204.0,219.0,158.0,226.0,227.0,132.0,241.0,216.0,131.0
11196,VP_031,tsst,Pause_1,1,207.0,474.0,213.0,164.0,221.0,198.0,211.0,182.0,224.0,224.0,152.0,235.0,204.0,150.0
11197,VP_031,tsst,Pause_1,2,210.0,470.0,222.0,117.0,218.0,194.0,213.0,205.0,226.0,226.0,207.0,242.0,229.0,205.0
11198,VP_031,tsst,Pause_1,3,216.0,463.0,142.0,161.0,224.0,202.0,222.0,215.0,224.0,224.0,225.0,236.0,,215.0
11199,VP_031,tsst,Pause_1,4,209.0,460.0,224.0,166.0,216.0,197.0,211.0,202.0,224.0,224.0,205.0,240.0,227.0,202.0
11200,VP_031,tsst,Pause_1,5,204.0,465.0,206.0,155.0,214.0,190.0,204.0,126.0,221.0,221.0,201.0,126.0,201.0,126.0
11201,VP_031,tsst,Pause_1,6,216.0,462.0,236.0,172.0,227.0,205.0,222.0,215.0,231.0,231.0,216.0,250.0,238.0,215.0
11202,VP_031,tsst,Pause_1,7,205.0,447.0,215.0,160.0,217.0,194.0,213.0,202.0,225.0,225.0,208.0,237.0,,202.0
11203,VP_031,tsst,Pause_1,8,205.0,457.0,222.0,123.0,214.0,190.0,211.0,202.0,220.0,220.0,206.0,239.0,223.0,202.0
11204,VP_031,tsst,Pause_1,9,206.0,462.0,226.0,166.0,220.0,197.0,216.0,206.0,224.0,224.0,209.0,241.0,224.0,206.0
11205,VP_031,tsst,Pause_1,10,207.0,470.0,222.0,153.0,221.0,195.0,216.0,206.0,224.0,224.0,208.0,243.0,228.0,206.0
11206,VP_031,tsst,Pause_1,11,209.0,465.0,223.0,165.0,221.0,200.0,218.0,208.0,226.0,227.0,215.0,241.0,216.0,208.0
11207,VP_031,tsst,Pause_1,12,206.0,471.0,226.0,160.0,224.0,198.0,218.0,209.0,226.0,226.0,212.0,242.0,223.0,209.0
11208,VP_031,tsst,Pause_1,13,214.0,470.0,227.0,159.0,224.0,199.0,220.0,211.0,228.0,228.0,214.0,245.0,228.0,211.0
11209,VP_031,tsst,Pause_1,14,206.0,473.0,225.0,155.0,223.0,198.0,218.0,209.0,226.0,226.0,213.0,243.0,227.0,209.0
11210,VP_031,tsst,Pause_1,15,212.0,475.0,224.0,158.0,224.0,197.0,218.0,208.0,228.0,228.0,212.0,242.0,224.0,208.0
11211,VP_031,tsst,Pause_1,16,206.0,485.0,156.0,131.0,219.0,195.0,217.0,203.0,226.0,226.0,152.0,233.0,,203.0
11212,VP_031,tsst,Pause_1,17,212.0,508.0,211.0,157.0,224.0,199.0,219.0,208.0,231.0,232.0,214.0,243.0,214.0,208.0
11213,VP_031,tsst,Pause_1,18,223.0,501.0,234.0,178.0,234.0,212.0,230.0,220.0,239.0,240.0,229.0,254.0,237.0,220.0
11214,VP_031,tsst,Pause_1,19,219.0,,236.0,173.0,233.0,208.0,227.0,218.0,237.0,238.0,221.0,252.0,234.0,218.0
11215,VP_031,tsst,Pause_5,1,229.0,495.0,255.0,170.0,259.0,216.0,245.0,203.0,248.0,247.0,234.0,274.0,256.0,228.0
11216,VP_031,tsst,Pause_5,2,222.0,512.0,250.0,177.0,259.0,210.0,245.0,220.0,247.0,246.0,227.0,272.0,251.0,220.0
11217,VP_031,tsst,Pause_5,3,231.0,558.0,252.0,186.0,264.0,218.0,247.0,226.0,253.0,252.0,234.0,226.0,254.0,226.0
11218,VP_031,tsst,Pause_5,4,249.0,596.0,270.0,205.0,279.0,235.0,261.0,246.0,268.0,267.0,248.0,291.0,270.0,246.0
11219,VP_031,tsst,Pause_5,5,262.0,632.0,282.0,219.0,294.0,249.0,274.0,258.0,282.0,281.0,260.0,305.0,282.0,258.0
11220,VP_031,tsst,Pause_5,6,274.0,638.0,294.0,229.0,306.0,261.0,288.0,272.0,294.0,293.0,273.0,317.0,294.0,272.0
11221,VP_031,tsst,Pause_5,7,282.0,605.0,301.0,233.0,311.0,265.0,293.0,277.0,298.0,297.0,279.0,323.0,302.0,277.0
11222,VP_031,tsst,Pause_5,8,270.0,576.0,296.0,225.0,302.0,257.0,284.0,271.0,289.0,287.0,295.0,315.0,295.0,270.0
11223,VP_031,tsst,Pause_5,9,259.0,565.0,281.0,215.0,291.0,245.0,275.0,256.0,278.0,277.0,261.0,304.0,282.0,256.0
11224,VP_031,tsst,Pause_5,10,254.0,575.0,275.0,205.0,288.0,238.0,267.0,248.0,274.0,273.0,253.0,299.0,276.0,248.0
11225,VP_031,tsst,Pause_5,11,255.0,577.0,278.0,214.0,290.0,241.0,267.0,250.0,276.0,275.0,252.0,301.0,277.0,250.0
11226,VP_031,tsst,Pause_5,12,259.0,571.0,283.0,211.0,290.0,245.0,273.0,257.0,278.0,277.0,260.0,303.0,282.0,257.0
11227,VP_031,tsst,Pause_5,13,259.0,561.0,282.0,206.0,290.0,241.0,274.0,254.0,277.0,275.0,259.0,304.0,285.0,254.0
11228,VP_031,tsst,Pause_5,14,259.0,533.0,278.0,181.0,285.0,238.0,269.0,254.0,273.0,271.0,259.0,299.0,276.0,254.0
11229,VP_031,tsst,Pause_5,15,248.0,513.0,273.0,195.0,275.0,234.0,263.0,248.0,266.0,263.0,250.0,291.0,268.0,248.0
11230,VP_031,tsst,Pause_5,16,241.0,509.0,267.0,188.0,270.0,225.0,258.0,242.0,258.0,256.0,245.0,286.0,270.0,242.0
11231,VP_031,tsst,Prep,1,238.0,549.0,242.0,196.0,258.0,227.0,247.0,240.0,257.0,257.0,241.0,228.0,247.0,228.0
11232,VP_031,tsst,Prep,2,239.0,541.0,244.0,195.0,256.0,226.0,248.0,234.0,257.0,257.0,240.0,234.0,243.0,234.0
11233,VP_031,tsst,Prep,3,235.0,545.0,204.0,195.0,254.0,228.0,247.0,233.0,253.0,254.0,241.0,233.0,200.0,233.0
11234,VP_031,tsst,Prep,4,240.0,591.0,198.0,193.0,253.0,228.0,247.0,236.0,254.0,254.0,244.0,236.0,205.0,236.0
11235,VP_031,tsst,Prep,5,247.0,618.0,252.0,203.0,266.0,237.0,256.0,176.0,268.0,268.0,253.0,176.0,239.0,176.0
11236,VP_031,tsst,Prep,6,262.0,606.0,228.0,214.0,278.0,251.0,271.0,180.0,278.0,278.0,272.0,180.0,237.0,179.0
11237,VP_031,tsst,Prep,7,258.0,563.0,241.0,209.0,278.0,252.0,273.0,179.0,278.0,278.0,236.0,292.0,236.0,179.0
11238,VP_031,tsst,Prep,8,237.0,578.0,243.0,193.0,261.0,226.0,252.0,233.0,264.0,264.0,242.0,233.0,201.0,233.0
11239,VP_031,tsst,Prep,9,241.0,571.0,258.0,202.0,265.0,227.0,251.0,201.0,265.0,265.0,265.0,182.0,265.0,182.0
11240,VP_031,tsst,Prep,10,261.0,577.0,200.0,208.0,194.0,245.0,190.0,183.0,264.0,264.0,186.0,261.0,,261.0
11241,VP_031,tsst,Prep,11,243.0,555.0,263.0,201.0,272.0,313.0,263.0,201.0,280.0,278.0,237.0,292.0,266.0,174.0
11242,VP_031,tsst,Prep,12,237.0,554.0,267.0,202.0,190.0,228.0,255.0,237.0,267.0,266.0,243.0,291.0,271.0,237.0
11243,VP_031,tsst,Prep,13,248.0,561.0,260.0,195.0,251.0,229.0,248.0,244.0,257.0,258.0,259.0,275.0,259.0,243.0
11244,VP_031,tsst,Prep,14,234.0,586.0,242.0,204.0,264.0,227.0,247.0,204.0,262.0,262.0,232.0,0.0,240.0,181.0
11245,VP_031,tsst,Prep,15,235.0,568.0,250.0,213.0,273.0,236.0,260.0,212.0,271.0,271.0,252.0,285.0,252.0,184.0
11246,VP_031,tsst,Prep,16,232.0,548.0,198.0,197.0,272.0,226.0,257.0,197.0,265.0,265.0,264.0,66.0,,171.0
11247,VP_031,tsst,Prep,17,222.0,552.0,242.0,199.0,254.0,219.0,238.0,218.0,255.0,256.0,240.0,268.0,240.0,179.0
11248,VP_031,tsst,Prep,18,233.0,550.0,248.0,198.0,256.0,224.0,244.0,197.0,255.0,256.0,234.0,271.0,249.0,174.0
11249,VP_031,tsst,Prep,19,229.0,539.0,239.0,197.0,255.0,223.0,244.0,163.0,254.0,255.0,234.0,269.0,237.0,140.0
11250,VP_031,tsst,Prep,20,232.0,518.0,244.0,182.0,250.0,217.0,240.0,229.0,252.0,253.0,232.0,268.0,249.0,229.0
11251,VP_031,tsst,Prep,21,228.0,495.0,163.0,176.0,245.0,215.0,238.0,227.0,248.0,248.0,236.0,259.0,,227.0
11252,VP_031,tsst,Prep,22,225.0,486.0,230.0,161.0,235.0,207.0,231.0,223.0,238.0,238.0,226.0,254.0,235.0,223.0
11253,VP_031,tsst,Prep,23,212.0,497.0,173.0,160.0,232.0,203.0,226.0,211.0,233.0,234.0,224.0,211.0,174.0,211.0
11254,VP_031,tsst,Prep,24,216.0,524.0,171.0,167.0,236.0,204.0,228.0,214.0,236.0,236.0,225.0,214.0,,214.0
11255,VP_031,tsst,Prep,25,217.0,557.0,227.0,179.0,242.0,210.0,232.0,215.0,244.0,245.0,224.0,215.0,225.0,215.0
11256,VP_031,tsst,Prep,26,228.0,581.0,217.0,193.0,249.0,223.0,240.0,196.0,253.0,254.0,232.0,0.0,222.0,170.0
11257,VP_031,tsst,Prep,27,237.0,573.0,246.0,201.0,258.0,227.0,246.0,177.0,263.0,263.0,236.0,273.0,247.0,176.0
11258,VP_031,tsst,Prep,28,232.0,555.0,250.0,200.0,246.0,226.0,245.0,176.0,263.0,264.0,237.0,176.0,247.0,176.0
11259,VP_031,tsst,Prep,29,230.0,537.0,242.0,187.0,254.0,217.0,241.0,226.0,257.0,257.0,230.0,270.0,248.0,226.0
11260,VP_031,tsst,Prep,30,222.0,524.0,202.0,189.0,249.0,220.0,240.0,155.0,251.0,251.0,234.0,0.0,198.0,155.0
11261,VP_031,tsst,Prep,31,219.0,535.0,230.0,183.0,239.0,211.0,230.0,182.0,243.0,243.0,221.0,156.0,212.0,156.0
11262,VP_031,tsst,Prep,32,221.0,539.0,239.0,189.0,244.0,211.0,229.0,210.0,248.0,248.0,243.0,261.0,243.0,171.0
11263,VP_031,tsst,Prep,33,227.0,537.0,205.0,191.0,246.0,222.0,239.0,227.0,250.0,250.0,235.0,261.0,204.0,227.0
11264,VP_031,tsst,Prep,34,222.0,525.0,239.0,187.0,247.0,215.0,236.0,219.0,250.0,251.0,226.0,263.0,240.0,219.0
11265,VP_031,tsst,Prep,35,223.0,514.0,235.0,178.0,239.0,212.0,234.0,224.0,246.0,246.0,227.0,257.0,232.0,224.0
11266,VP_031,tsst,Prep,36,218.0,516.0,185.0,179.0,239.0,211.0,231.0,219.0,241.0,242.0,226.0,253.0,188.0,219.0
11267,VP_031,tsst,Prep,37,218.0,528.0,222.0,179.0,238.0,210.0,230.0,219.0,241.0,241.0,225.0,252.0,225.0,219.0
11268,VP_031,tsst,Prep,38,227.0,550.0,196.0,183.0,243.0,216.0,235.0,221.0,243.0,244.0,230.0,256.0,192.0,221.0
11269,VP_031,tsst,Prep,39,224.0,556.0,230.0,188.0,248.0,221.0,239.0,225.0,249.0,249.0,236.0,261.0,233.0,225.0
11270,VP_031,tsst,Prep,40,235.0,549.0,213.0,190.0,251.0,225.0,242.0,170.0,252.0,252.0,239.0,263.0,216.0,170.0
11271,VP_031,tsst,Prep,41,233.0,545.0,201.0,188.0,248.0,223.0,240.0,224.0,249.0,249.0,236.0,260.0,196.0,224.0
11272,VP_031,tsst,Prep,42,230.0,539.0,243.0,191.0,248.0,223.0,240.0,224.0,251.0,251.0,232.0,264.0,245.0,224.0
11273,VP_031,tsst,Prep,43,229.0,528.0,199.0,190.0,249.0,221.0,241.0,229.0,250.0,250.0,235.0,263.0,200.0,229.0
11274,VP_031,tsst,Prep,44,227.0,516.0,188.0,181.0,244.0,216.0,237.0,226.0,247.0,247.0,231.0,259.0,,226.0
11275,VP_031,tsst,Prep,45,224.0,505.0,232.0,181.0,240.0,215.0,234.0,225.0,242.0,242.0,229.0,256.0,232.0,225.0
11276,VP_031,tsst,Prep,46,221.0,507.0,192.0,169.0,236.0,213.0,230.0,218.0,237.0,237.0,227.0,251.0,220.0,218.0
11277,VP_031,tsst,Prep,47,218.0,509.0,231.0,177.0,236.0,211.0,229.0,221.0,237.0,237.0,225.0,251.0,229.0,221.0
11278,VP_031,tsst,Prep,48,217.0,506.0,185.0,177.0,237.0,211.0,229.0,214.0,237.0,237.0,226.0,250.0,186.0,214.0
11279,VP_031,tsst,Prep,49,216.0,508.0,188.0,175.0,236.0,209.0,228.0,215.0,237.0,237.0,225.0,250.0,222.0,215.0
11280,VP_031,tsst,Prep,50,217.0,499.0,190.0,175.0,238.0,209.0,230.0,215.0,239.0,239.0,224.0,251.0,185.0,215.0
11281,VP_031,tsst,Prep,51,220.0,490.0,173.0,170.0,236.0,209.0,229.0,219.0,237.0,238.0,224.0,251.0,,219.0
11282,VP_031,tsst,Prep,52,217.0,487.0,172.0,162.0,231.0,207.0,226.0,217.0,233.0,233.0,223.0,247.0,224.0,217.0
11283,VP_031,tsst,Prep,53,214.0,491.0,217.0,155.0,230.0,203.0,223.0,213.0,232.0,232.0,220.0,245.0,222.0,213.0
11284,VP_031,tsst,Prep,54,213.0,,182.0,173.0,232.0,207.0,225.0,214.0,232.0,232.0,223.0,244.0,,214.0
11285,VP_031,tsst,Talk,1,213.0,494.0,250.0,194.0,222.0,250.0,218.0,270.0,244.0,244.0,255.0,210.0,255.0,210.0
11286,VP_031,tsst,Talk,2,213.0,498.0,243.0,193.0,225.0,203.0,224.0,202.0,246.0,245.0,244.0,265.0,244.0,166.0
11287,VP_031,tsst,Talk,3,223.0,496.0,197.0,175.0,259.0,217.0,247.0,131.0,245.0,245.0,194.0,111.0,194.0,111.0
11288,VP_031,tsst,Talk,4,224.0,486.0,252.0,199.0,260.0,218.0,240.0,218.0,247.0,246.0,253.0,272.0,253.0,178.0
11289,VP_031,tsst,Talk,5,229.0,484.0,258.0,185.0,257.0,213.0,239.0,228.0,243.0,242.0,261.0,273.0,261.0,228.0
11290,VP_031,tsst,Talk,6,226.0,476.0,257.0,148.0,256.0,209.0,234.0,226.0,244.0,243.0,255.0,270.0,255.0,225.0
11291,VP_031,tsst,Talk,7,219.0,471.0,240.0,146.0,254.0,207.0,237.0,219.0,239.0,239.0,228.0,219.0,239.0,219.0
11292,VP_031,tsst,Talk,8,221.0,466.0,246.0,181.0,251.0,213.0,239.0,218.0,239.0,238.0,233.0,265.0,247.0,218.0
11293,VP_031,tsst,Talk,9,219.0,462.0,241.0,179.0,250.0,207.0,230.0,208.0,236.0,235.0,221.0,260.0,240.0,208.0
11294,VP_031,tsst,Talk,10,208.0,460.0,188.0,178.0,3.0,251.0,163.0,130.0,232.0,232.0,189.0,115.0,189.0,115.0
11295,VP_031,tsst,Talk,11,215.0,464.0,236.0,175.0,251.0,202.0,229.0,175.0,234.0,233.0,210.0,261.0,239.0,153.0
11296,VP_031,tsst,Talk,12,214.0,462.0,229.0,176.0,250.0,204.0,227.0,209.0,234.0,233.0,215.0,209.0,216.0,209.0
11297,VP_031,tsst,Talk,13,221.0,468.0,236.0,181.0,249.0,214.0,239.0,143.0,239.0,237.0,239.0,262.0,239.0,143.0
11298,VP_031,tsst,Talk,14,216.0,474.0,224.0,170.0,219.0,202.0,223.0,211.0,235.0,234.0,216.0,211.0,227.0,211.0
11299,VP_031,tsst,Talk,15,214.0,485.0,215.0,179.0,216.0,,207.0,149.0,233.0,233.0,216.0,0.0,216.0,148.0
11300,VP_031,tsst,Talk,16,185.0,490.0,230.0,186.0,168.0,,190.0,173.0,238.0,238.0,227.0,173.0,227.0,173.0
11301,VP_031,tsst,Talk,17,224.0,503.0,229.0,180.0,227.0,212.0,233.0,220.0,242.0,242.0,227.0,220.0,228.0,220.0
11302,VP_031,tsst,Talk,18,223.0,531.0,197.0,185.0,263.0,215.0,230.0,134.0,244.0,244.0,196.0,100.0,196.0,99.0
11303,VP_031,tsst,Talk,19,227.0,534.0,197.0,159.0,43.0,216.0,234.0,159.0,253.0,253.0,237.0,50.0,219.0,50.0
11304,VP_031,tsst,Talk,20,239.0,535.0,216.0,203.0,272.0,224.0,241.0,203.0,256.0,256.0,186.0,47.0,197.0,178.0
11305,VP_031,tsst,Talk,21,256.0,535.0,269.0,188.0,275.0,228.0,262.0,244.0,260.0,259.0,253.0,244.0,272.0,244.0
11306,VP_031,tsst,Talk,22,234.0,529.0,256.0,190.0,239.0,218.0,241.0,227.0,259.0,258.0,229.0,171.0,255.0,227.0
11307,VP_031,tsst,Talk,23,235.0,510.0,264.0,177.0,240.0,212.0,239.0,233.0,257.0,256.0,266.0,232.0,266.0,232.0
11308,VP_031,tsst,Talk,24,230.0,494.0,249.0,188.0,246.0,220.0,240.0,224.0,249.0,249.0,232.0,269.0,249.0,224.0
11309,VP_031,tsst,Talk,25,223.0,482.0,165.0,170.0,256.0,212.0,242.0,224.0,242.0,242.0,159.0,224.0,,224.0
11310,VP_031,tsst,Talk,26,222.0,484.0,247.0,182.0,248.0,205.0,227.0,217.0,238.0,238.0,249.0,263.0,249.0,217.0
11311,VP_031,tsst,Talk,27,212.0,487.0,242.0,187.0,244.0,,220.0,183.0,238.0,238.0,242.0,259.0,242.0,182.0
11312,VP_031,tsst,Talk,28,222.0,485.0,240.0,139.0,228.0,206.0,229.0,220.0,239.0,239.0,224.0,259.0,237.0,220.0
11313,VP_031,tsst,Talk,29,218.0,473.0,241.0,178.0,225.0,203.0,227.0,214.0,241.0,240.0,215.0,264.0,246.0,214.0
11314,VP_031,tsst,Talk,30,233.0,468.0,260.0,137.0,236.0,210.0,233.0,231.0,237.0,236.0,261.0,268.0,261.0,231.0
11315,VP_031,tsst,Talk,31,217.0,466.0,243.0,173.0,224.0,205.0,227.0,218.0,232.0,232.0,220.0,255.0,238.0,218.0
11316,VP_031,tsst,Talk,32,210.0,467.0,229.0,166.0,220.0,198.0,221.0,208.0,231.0,231.0,215.0,208.0,230.0,208.0
11317,VP_031,tsst,Talk,33,222.0,474.0,240.0,147.0,242.0,205.0,232.0,223.0,233.0,233.0,230.0,223.0,241.0,223.0
11318,VP_031,tsst,Talk,34,215.0,473.0,231.0,175.0,223.0,204.0,223.0,211.0,233.0,233.0,215.0,211.0,234.0,211.0
11319,VP_031,tsst,Talk,35,217.0,476.0,247.0,157.0,247.0,195.0,226.0,212.0,237.0,237.0,246.0,261.0,246.0,212.0
11320,VP_031,tsst,Talk,36,221.0,476.0,241.0,175.0,247.0,207.0,231.0,218.0,237.0,237.0,222.0,218.0,239.0,218.0
11321,VP_031,tsst,Talk,37,219.0,476.0,236.0,169.0,243.0,207.0,230.0,215.0,237.0,237.0,227.0,215.0,237.0,215.0
11322,VP_031,tsst,Talk,38,217.0,476.0,230.0,179.0,250.0,205.0,227.0,208.0,236.0,236.0,215.0,208.0,235.0,208.0
11323,VP_031,tsst,Talk,39,225.0,473.0,241.0,159.0,241.0,207.0,233.0,226.0,238.0,237.0,228.0,259.0,240.0,225.0
11324,VP_031,tsst,Talk,40,220.0,473.0,232.0,177.0,222.0,205.0,226.0,214.0,235.0,235.0,222.0,214.0,226.0,214.0
11325,VP_031,tsst,Talk,41,244.0,477.0,204.0,186.0,254.0,239.0,177.0,133.0,237.0,236.0,209.0,133.0,209.0,132.0
11326,VP_031,tsst,Talk,42,218.0,484.0,237.0,157.0,221.0,199.0,224.0,215.0,235.0,235.0,220.0,215.0,237.0,215.0
11327,VP_031,tsst,Talk,43,217.0,488.0,237.0,140.0,226.0,207.0,228.0,210.0,240.0,239.0,221.0,210.0,235.0,210.0
11328,VP_031,tsst,Talk,44,221.0,488.0,177.0,176.0,249.0,216.0,239.0,127.0,238.0,238.0,190.0,84.0,190.0,84.0
11329,VP_031,tsst,Talk,45,220.0,485.0,251.0,175.0,227.0,205.0,229.0,217.0,242.0,242.0,246.0,263.0,246.0,217.0
11330,VP_031,tsst,Talk,46,223.0,483.0,242.0,176.0,242.0,209.0,231.0,221.0,238.0,238.0,225.0,221.0,249.0,221.0
11331,VP_031,tsst,Talk,47,220.0,482.0,253.0,171.0,219.0,201.0,227.0,220.0,241.0,240.0,250.0,219.0,250.0,219.0
11332,VP_031,tsst,Talk,48,215.0,483.0,232.0,176.0,220.0,201.0,220.0,176.0,238.0,238.0,229.0,153.0,229.0,153.0
11333,VP_031,tsst,Talk,49,219.0,475.0,241.0,171.0,223.0,203.0,225.0,216.0,239.0,239.0,217.0,216.0,246.0,216.0
11334,VP_031,tsst,Talk,50,216.0,472.0,242.0,149.0,243.0,196.0,228.0,214.0,238.0,237.0,218.0,259.0,240.0,214.0
11335,VP_031,tsst,Talk,51,215.0,471.0,238.0,180.0,225.0,205.0,223.0,212.0,233.0,233.0,215.0,253.0,237.0,212.0
11336,VP_031,tsst,Talk,52,217.0,479.0,228.0,166.0,220.0,203.0,224.0,212.0,233.0,233.0,219.0,212.0,228.0,212.0
11337,VP_031,tsst,Talk,53,214.0,480.0,244.0,179.0,248.0,206.0,228.0,212.0,239.0,238.0,217.0,261.0,243.0,212.0
11338,VP_031,tsst,Talk,54,221.0,488.0,247.0,174.0,226.0,206.0,227.0,219.0,237.0,237.0,220.0,219.0,248.0,219.0
11339,VP_031,tsst,Talk,55,219.0,498.0,227.0,173.0,225.0,207.0,228.0,211.0,238.0,238.0,222.0,211.0,225.0,211.0
11340,VP_031,tsst,Talk,56,224.0,500.0,247.0,181.0,232.0,213.0,233.0,222.0,245.0,244.0,226.0,265.0,247.0,222.0
11341,VP_031,tsst,Talk,57,225.0,497.0,243.0,183.0,232.0,212.0,231.0,222.0,243.0,243.0,225.0,222.0,241.0,222.0
11342,VP_031,tsst,Talk,58,221.0,499.0,248.0,191.0,232.0,212.0,229.0,190.0,244.0,244.0,252.0,266.0,252.0,167.0
11343,VP_031,tsst,Talk,59,229.0,497.0,245.0,144.0,230.0,212.0,235.0,229.0,244.0,244.0,233.0,229.0,233.0,229.0
11344,VP_031,tsst,Talk,60,221.0,487.0,246.0,178.0,230.0,209.0,231.0,222.0,243.0,243.0,249.0,265.0,249.0,222.0
11345,VP_032,ftsst,Math,0,359.0,669.0,364.0,314.0,364.0,339.0,359.0,332.0,341.0,321.0,367.0,356.0,367.0,356.0
11346,VP_032,ftsst,Math,1,302.0,656.0,328.0,329.0,378.0,352.0,368.0,332.0,346.0,321.0,321.0,0.0,321.0,288.0
11347,VP_032,ftsst,Math,2,344.0,642.0,362.0,311.0,357.0,334.0,352.0,341.0,335.0,316.0,343.0,341.0,364.0,341.0
11348,VP_032,ftsst,Math,3,337.0,657.0,307.0,305.0,354.0,330.0,348.0,337.0,330.0,311.0,345.0,337.0,297.0,337.0
11349,VP_032,ftsst,Math,4,344.0,731.0,367.0,304.0,360.0,333.0,353.0,344.0,336.0,317.0,345.0,344.0,370.0,344.0
11350,VP_032,ftsst,Math,5,378.0,792.0,112.0,331.0,381.0,361.0,378.0,373.0,357.0,342.0,374.0,373.0,,373.0
11351,VP_032,ftsst,Math,6,367.0,827.0,386.0,356.0,409.0,329.0,387.0,341.0,380.0,363.0,384.0,0.0,384.0,340.0
11352,VP_032,ftsst,Math,7,396.0,850.0,407.0,360.0,408.0,388.0,406.0,395.0,391.0,375.0,401.0,395.0,403.0,395.0
11353,VP_032,ftsst,Math,8,400.0,851.0,408.0,374.0,418.0,397.0,412.0,354.0,401.0,383.0,406.0,264.0,416.0,354.0
11354,VP_032,ftsst,Math,9,409.0,859.0,434.0,372.0,419.0,399.0,417.0,409.0,407.0,385.0,410.0,409.0,433.0,409.0
11355,VP_032,ftsst,Math,10,409.0,859.0,409.0,376.0,421.0,402.0,417.0,404.0,403.0,387.0,414.0,404.0,385.0,404.0
11356,VP_032,ftsst,Math,11,353.0,822.0,388.0,378.0,422.0,401.0,414.0,321.0,403.0,387.0,391.0,22.0,391.0,287.0
11357,VP_032,ftsst,Math,12,393.0,799.0,370.0,359.0,408.0,387.0,402.0,363.0,387.0,373.0,353.0,246.0,366.0,335.0
11358,VP_032,ftsst,Math,13,377.0,752.0,390.0,356.0,402.0,380.0,394.0,337.0,381.0,366.0,396.0,337.0,396.0,337.0
11359,VP_032,ftsst,Math,14,330.0,740.0,365.0,344.0,387.0,364.0,378.0,347.0,367.0,349.0,326.0,28.0,355.0,325.0
11360,VP_032,ftsst,Math,15,364.0,732.0,370.0,332.0,380.0,356.0,371.0,356.0,359.0,345.0,373.0,33.0,373.0,321.0
11361,VP_032,ftsst,Math,16,318.0,715.0,379.0,343.0,317.0,354.0,329.0,315.0,363.0,343.0,377.0,315.0,377.0,315.0
11362,VP_032,ftsst,Math,17,357.0,694.0,378.0,323.0,372.0,346.0,366.0,355.0,352.0,336.0,360.0,355.0,380.0,355.0
11363,VP_032,ftsst,Math,18,356.0,686.0,230.0,272.0,365.0,340.0,360.0,350.0,345.0,329.0,365.0,350.0,,350.0
11364,VP_032,ftsst,Math,19,346.0,676.0,368.0,316.0,360.0,338.0,355.0,348.0,343.0,326.0,349.0,348.0,366.0,348.0
11365,VP_032,ftsst,Math,20,351.0,690.0,378.0,313.0,361.0,337.0,355.0,347.0,344.0,324.0,379.0,347.0,379.0,347.0
11366,VP_032,ftsst,Math,21,352.0,715.0,380.0,321.0,370.0,347.0,364.0,353.0,350.0,329.0,357.0,353.0,380.0,353.0
11367,VP_032,ftsst,Math,22,349.0,705.0,323.0,326.0,376.0,347.0,366.0,325.0,352.0,336.0,296.0,41.0,319.0,291.0
11368,VP_032,ftsst,Math,23,309.0,682.0,359.0,332.0,382.0,294.0,362.0,313.0,353.0,334.0,360.0,62.0,360.0,313.0
11369,VP_032,ftsst,Math,24,350.0,660.0,363.0,313.0,364.0,341.0,358.0,348.0,340.0,325.0,353.0,348.0,364.0,348.0
11370,VP_032,ftsst,Math,25,338.0,657.0,347.0,310.0,357.0,332.0,349.0,335.0,335.0,317.0,342.0,335.0,346.0,335.0
11371,VP_032,ftsst,Math,26,343.0,676.0,351.0,308.0,352.0,333.0,349.0,340.0,334.0,316.0,346.0,340.0,350.0,340.0
11372,VP_032,ftsst,Math,27,332.0,682.0,364.0,315.0,345.0,287.0,341.0,305.0,339.0,323.0,366.0,305.0,366.0,305.0
11373,VP_032,ftsst,Math,28,356.0,666.0,381.0,319.0,365.0,343.0,359.0,351.0,344.0,325.0,353.0,351.0,379.0,351.0
11374,VP_032,ftsst,Math,29,309.0,684.0,347.0,323.0,369.0,285.0,348.0,305.0,342.0,320.0,305.0,70.0,347.0,304.0
11375,VP_032,ftsst,Math,30,353.0,683.0,369.0,317.0,367.0,344.0,362.0,352.0,344.0,325.0,355.0,352.0,365.0,352.0
11376,VP_032,ftsst,Math,31,347.0,701.0,323.0,315.0,365.0,342.0,359.0,346.0,340.0,325.0,353.0,346.0,361.0,346.0
11377,VP_032,ftsst,Math,32,352.0,701.0,363.0,321.0,372.0,348.0,365.0,296.0,347.0,331.0,359.0,296.0,349.0,296.0
11378,VP_032,ftsst,Math,33,359.0,697.0,369.0,326.0,373.0,349.0,367.0,349.0,352.0,332.0,357.0,54.0,373.0,309.0
11379,VP_032,ftsst,Math,34,372.0,674.0,238.0,277.0,370.0,350.0,373.0,367.0,349.0,330.0,233.0,367.0,,367.0
11380,VP_032,ftsst,Math,35,355.0,668.0,350.0,331.0,378.0,357.0,369.0,312.0,348.0,323.0,318.0,170.0,347.0,312.0
11381,VP_032,ftsst,Math,36,340.0,678.0,365.0,309.0,365.0,336.0,357.0,341.0,341.0,321.0,346.0,289.0,367.0,341.0
11382,VP_032,ftsst,Math,37,350.0,721.0,311.0,314.0,365.0,342.0,359.0,349.0,340.0,323.0,354.0,349.0,310.0,349.0
11383,VP_032,ftsst,Math,38,350.0,777.0,374.0,333.0,377.0,339.0,364.0,339.0,357.0,338.0,375.0,42.0,375.0,317.0
11384,VP_032,ftsst,Math,39,380.0,806.0,388.0,344.0,392.0,371.0,387.0,375.0,371.0,357.0,381.0,375.0,353.0,375.0
11385,VP_032,ftsst,Pause_1,0,338.0,820.0,359.0,338.0,388.0,325.0,371.0,403.0,375.0,368.0,356.0,0.0,356.0,333.0
11386,VP_032,ftsst,Pause_1,1,332.0,740.0,348.0,341.0,393.0,372.0,358.0,329.0,376.0,369.0,335.0,64.0,344.0,329.0
11387,VP_032,ftsst,Pause_1,2,313.0,716.0,336.0,317.0,368.0,350.0,360.0,307.0,350.0,342.0,339.0,0.0,339.0,307.0
11388,VP_032,ftsst,Pause_1,3,305.0,741.0,316.0,312.0,359.0,343.0,351.0,297.0,344.0,335.0,301.0,29.0,311.0,297.0
11389,VP_032,ftsst,Pause_1,4,320.0,712.0,330.0,267.0,368.0,349.0,335.0,316.0,350.0,342.0,323.0,203.0,337.0,316.0
11390,VP_032,ftsst,Pause_1,5,308.0,701.0,335.0,315.0,358.0,337.0,348.0,336.0,345.0,334.0,326.0,306.0,326.0,305.0
11391,VP_032,ftsst,Pause_1,6,296.0,711.0,302.0,299.0,351.0,336.0,309.0,285.0,334.0,327.0,292.0,16.0,282.0,231.0
11392,VP_032,ftsst,Pause_1,7,294.0,722.0,323.0,303.0,358.0,342.0,311.0,285.0,338.0,331.0,291.0,122.0,331.0,237.0
11393,VP_032,ftsst,Pause_1,8,308.0,731.0,329.0,311.0,361.0,295.0,331.0,305.0,344.0,336.0,307.0,54.0,325.0,305.0
11394,VP_032,ftsst,Pause_1,9,308.0,849.0,312.0,314.0,365.0,349.0,359.0,300.0,347.0,339.0,308.0,177.0,315.0,300.0
11395,VP_032,ftsst,Pause_1,10,346.0,973.0,369.0,350.0,402.0,387.0,358.0,334.0,386.0,379.0,337.0,314.0,368.0,313.0
11396,VP_032,ftsst,Pause_5,0,410.0,852.0,427.0,377.0,426.0,405.0,422.0,398.0,406.0,385.0,415.0,410.0,425.0,410.0
11397,VP_032,ftsst,Pause_5,1,408.0,842.0,427.0,378.0,435.0,402.0,426.0,401.0,410.0,385.0,409.0,0.0,426.0,358.0
11398,VP_032,ftsst,Pause_5,2,413.0,854.0,428.0,375.0,426.0,402.0,422.0,411.0,404.0,382.0,414.0,411.0,428.0,411.0
11399,VP_032,ftsst,Pause_5,3,420.0,841.0,432.0,378.0,430.0,406.0,425.0,416.0,406.0,386.0,419.0,416.0,431.0,416.0
11400,VP_032,ftsst,Pause_5,4,417.0,832.0,430.0,375.0,425.0,404.0,423.0,415.0,404.0,381.0,416.0,415.0,431.0,415.0
11401,VP_032,ftsst,Pause_5,5,403.0,808.0,421.0,373.0,429.0,395.0,420.0,395.0,405.0,378.0,419.0,9.0,419.0,353.0
11402,VP_032,ftsst,Pause_5,6,401.0,806.0,419.0,365.0,420.0,391.0,412.0,397.0,396.0,370.0,401.0,161.0,419.0,397.0
11403,VP_032,ftsst,Pause_5,7,392.0,791.0,416.0,364.0,417.0,388.0,408.0,388.0,393.0,369.0,395.0,346.0,417.0,346.0
11404,VP_032,ftsst,Pause_5,8,394.0,802.0,411.0,357.0,409.0,385.0,404.0,392.0,388.0,364.0,395.0,392.0,411.0,392.0
11405,VP_032,ftsst,Pause_5,9,397.0,812.0,419.0,361.0,412.0,390.0,408.0,399.0,389.0,368.0,402.0,399.0,418.0,399.0
11406,VP_032,ftsst,Pause_5,10,406.0,804.0,415.0,366.0,415.0,393.0,410.0,400.0,392.0,371.0,404.0,400.0,415.0,400.0
11407,VP_032,ftsst,Pause_5,11,393.0,,414.0,362.0,417.0,386.0,409.0,389.0,394.0,368.0,395.0,23.0,415.0,389.0
11408,VP_032,ftsst,Prep,1,437.0,971.0,409.0,408.0,457.0,436.0,453.0,377.0,440.0,424.0,449.0,334.0,410.0,334.0
11409,VP_032,ftsst,Prep,2,442.0,956.0,403.0,411.0,456.0,438.0,454.0,443.0,442.0,426.0,453.0,443.0,401.0,443.0
11410,VP_032,ftsst,Prep,3,438.0,846.0,401.0,408.0,458.0,436.0,454.0,310.0,437.0,421.0,453.0,310.0,403.0,310.0
11411,VP_032,ftsst,Prep,4,397.0,1010.0,369.0,367.0,416.0,395.0,413.0,398.0,400.0,382.0,408.0,398.0,370.0,398.0
11412,VP_032,ftsst,Prep,5,448.0,1127.0,422.0,427.0,469.0,451.0,464.0,402.0,455.0,440.0,405.0,3.0,423.0,402.0
11413,VP_032,ftsst,Prep,6,494.0,1012.0,464.0,464.0,513.0,487.0,502.0,420.0,492.0,479.0,426.0,321.0,462.0,420.0
11414,VP_032,ftsst,Prep,7,455.0,1059.0,427.0,425.0,469.0,450.0,465.0,373.0,454.0,440.0,427.0,79.0,427.0,372.0
11415,VP_032,ftsst,Prep,8,426.0,912.0,453.0,440.0,488.0,468.0,477.0,415.0,468.0,456.0,416.0,346.0,454.0,415.0
11416,VP_032,ftsst,Prep,9,420.0,1016.0,390.0,390.0,442.0,417.0,437.0,418.0,425.0,405.0,429.0,54.0,389.0,418.0
11417,VP_032,ftsst,Prep,10,450.0,1010.0,433.0,429.0,471.0,451.0,466.0,401.0,457.0,442.0,403.0,86.0,433.0,401.0
11418,VP_032,ftsst,Prep,11,464.0,875.0,436.0,427.0,473.0,451.0,467.0,392.0,454.0,440.0,437.0,200.0,437.0,374.0
11419,VP_032,ftsst,Prep,12,407.0,899.0,397.0,380.0,437.0,403.0,424.0,380.0,411.0,392.0,357.0,273.0,396.0,356.0
11420,VP_032,ftsst,Prep,13,420.0,1272.0,388.0,387.0,430.0,414.0,430.0,355.0,419.0,401.0,426.0,56.0,388.0,355.0
11421,VP_032,ftsst,Prep,14,499.0,1098.0,530.0,511.0,559.0,487.0,545.0,499.0,541.0,530.0,499.0,358.0,529.0,499.0
11422,VP_032,ftsst,Prep,15,470.0,1171.0,457.0,455.0,498.0,477.0,492.0,422.0,483.0,469.0,458.0,359.0,458.0,359.0
11423,VP_032,ftsst,Prep,16,462.0,1017.0,492.0,479.0,525.0,505.0,516.0,462.0,507.0,495.0,492.0,462.0,492.0,461.0
11424,VP_032,ftsst,Prep,17,449.0,867.0,421.0,432.0,485.0,452.0,474.0,413.0,457.0,442.0,369.0,27.0,417.0,368.0
11425,VP_032,ftsst,Prep,18,415.0,936.0,379.0,376.0,423.0,403.0,420.0,409.0,408.0,389.0,416.0,409.0,382.0,409.0
11426,VP_032,ftsst,Prep,19,432.0,476.0,425.0,400.0,444.0,426.0,441.0,374.0,432.0,414.0,435.0,95.0,401.0,374.0
11427,VP_032,ftsst,Prep,21,226.0,958.0,256.0,251.0,301.0,273.0,290.0,,277.0,263.0,250.0,138.0,250.0,137.0
11428,VP_032,ftsst,Prep,22,433.0,1045.0,415.0,408.0,453.0,434.0,448.0,380.0,435.0,421.0,381.0,330.0,415.0,380.0
11429,VP_032,ftsst,Prep,23,464.0,976.0,441.0,437.0,482.0,464.0,477.0,412.0,465.0,451.0,413.0,219.0,442.0,412.0
11430,VP_032,ftsst,Prep,24,431.0,979.0,419.0,415.0,469.0,429.0,458.0,364.0,446.0,428.0,442.0,56.0,414.0,298.0
11431,VP_032,ftsst,Prep,25,440.0,956.0,417.0,415.0,459.0,439.0,455.0,389.0,445.0,429.0,451.0,129.0,416.0,389.0
11432,VP_032,ftsst,Prep,26,430.0,851.0,423.0,412.0,455.0,433.0,450.0,412.0,437.0,421.0,442.0,252.0,425.0,390.0
11433,VP_032,ftsst,Prep,27,402.0,920.0,379.0,373.0,422.0,394.0,415.0,394.0,404.0,385.0,407.0,174.0,376.0,357.0
11434,VP_032,ftsst,Prep,28,431.0,1003.0,395.0,396.0,440.0,423.0,437.0,343.0,423.0,408.0,364.0,246.0,397.0,291.0
11435,VP_032,ftsst,Prep,29,447.0,914.0,422.0,422.0,468.0,443.0,459.0,425.0,450.0,436.0,405.0,83.0,405.0,403.0
11436,VP_032,ftsst,Talk,0,409.0,841.0,364.0,370.0,421.0,399.0,416.0,364.0,395.0,380.0,412.0,405.0,369.0,405.0
11437,VP_032,ftsst,Talk,1,405.0,966.0,232.0,366.0,413.0,394.0,411.0,404.0,393.0,379.0,410.0,404.0,,404.0
11438,VP_032,ftsst,Talk,2,434.0,908.0,413.0,411.0,456.0,437.0,452.0,363.0,441.0,424.0,327.0,266.0,409.0,326.0
11439,VP_032,ftsst,Talk,3,418.0,925.0,430.0,390.0,436.0,416.0,433.0,420.0,421.0,404.0,427.0,420.0,432.0,420.0
11440,VP_032,ftsst,Talk,4,427.0,950.0,409.0,398.0,443.0,423.0,439.0,378.0,425.0,410.0,433.0,310.0,411.0,378.0
11441,VP_032,ftsst,Talk,5,388.0,896.0,411.0,409.0,458.0,376.0,443.0,385.0,434.0,419.0,392.0,247.0,411.0,385.0
11442,VP_032,ftsst,Talk,6,418.0,910.0,348.0,384.0,433.0,411.0,429.0,416.0,413.0,399.0,424.0,416.0,352.0,416.0
11443,VP_032,ftsst,Talk,7,415.0,983.0,389.0,389.0,442.0,414.0,435.0,286.0,423.0,405.0,428.0,0.0,385.0,243.0
11444,VP_032,ftsst,Talk,8,450.0,957.0,459.0,415.0,460.0,441.0,456.0,445.0,443.0,429.0,451.0,445.0,462.0,445.0
11445,VP_032,ftsst,Talk,9,438.0,976.0,405.0,404.0,454.0,433.0,452.0,439.0,439.0,421.0,447.0,439.0,402.0,439.0
11446,VP_032,ftsst,Talk,10,453.0,1017.0,458.0,413.0,462.0,442.0,460.0,452.0,443.0,428.0,455.0,452.0,454.0,452.0
11447,VP_032,ftsst,Talk,11,469.0,941.0,448.0,428.0,481.0,463.0,477.0,407.0,455.0,441.0,448.0,352.0,448.0,352.0
11448,VP_032,ftsst,Talk,12,446.0,882.0,457.0,402.0,457.0,436.0,455.0,445.0,435.0,416.0,452.0,445.0,453.0,445.0
11449,VP_032,ftsst,Talk,13,371.0,804.0,392.0,391.0,449.0,409.0,434.0,288.0,419.0,396.0,398.0,139.0,398.0,239.0
11450,VP_032,ftsst,Talk,14,392.0,758.0,403.0,357.0,407.0,385.0,403.0,389.0,386.0,367.0,397.0,389.0,404.0,389.0
11451,VP_032,ftsst,Talk,15,381.0,719.0,392.0,343.0,392.0,371.0,390.0,380.0,372.0,352.0,383.0,380.0,390.0,380.0
11452,VP_032,ftsst,Talk,16,362.0,728.0,382.0,330.0,386.0,356.0,377.0,329.0,359.0,339.0,365.0,146.0,381.0,312.0
11453,VP_032,ftsst,Talk,17,360.0,735.0,376.0,332.0,389.0,355.0,378.0,355.0,364.0,342.0,369.0,238.0,377.0,313.0
11454,VP_032,ftsst,Talk,18,373.0,733.0,386.0,317.0,384.0,355.0,381.0,371.0,365.0,344.0,374.0,371.0,386.0,371.0
11455,VP_032,ftsst,Talk,19,363.0,764.0,367.0,333.0,384.0,361.0,379.0,304.0,365.0,344.0,371.0,25.0,349.0,303.0
11456,VP_032,ftsst,Talk,20,341.0,703.0,385.0,353.0,404.0,375.0,394.0,353.0,376.0,354.0,329.0,45.0,397.0,327.0
11457,VP_032,ftsst,Talk,21,311.0,740.0,362.0,339.0,388.0,292.0,376.0,306.0,357.0,333.0,352.0,78.0,352.0,305.0
11458,VP_032,ftsst,Talk,22,369.0,763.0,389.0,336.0,382.0,361.0,376.0,319.0,362.0,345.0,369.0,319.0,390.0,318.0
11459,VP_032,ftsst,Talk,23,370.0,930.0,411.0,345.0,390.0,361.0,381.0,369.0,374.0,354.0,411.0,369.0,411.0,368.0
11460,VP_032,ftsst,Talk,24,433.0,960.0,445.0,394.0,442.0,421.0,440.0,432.0,426.0,412.0,435.0,432.0,447.0,432.0
11461,VP_032,ftsst,Talk,25,444.0,897.0,410.0,408.0,455.0,436.0,453.0,444.0,436.0,422.0,449.0,444.0,412.0,444.0
11462,VP_032,ftsst,Talk,26,417.0,824.0,351.0,339.0,247.0,416.0,429.0,373.0,411.0,399.0,305.0,250.0,346.0,373.0
11463,VP_032,ftsst,Talk,27,398.0,761.0,393.0,367.0,423.0,397.0,418.0,312.0,399.0,375.0,412.0,312.0,401.0,312.0
11464,VP_032,ftsst,Talk,28,400.0,687.0,76.0,340.0,395.0,373.0,396.0,394.0,374.0,353.0,396.0,394.0,,394.0
11465,VP_032,ftsst,Talk,29,319.0,675.0,338.0,289.0,164.0,364.0,378.0,240.0,353.0,327.0,328.0,198.0,328.0,198.0
11466,VP_032,ftsst,Talk,30,346.0,657.0,359.0,313.0,364.0,338.0,356.0,343.0,342.0,322.0,347.0,343.0,360.0,343.0
11467,VP_032,ftsst,Talk,31,345.0,668.0,352.0,308.0,357.0,334.0,351.0,339.0,335.0,316.0,345.0,339.0,352.0,339.0
11468,VP_032,ftsst,Talk,32,342.0,725.0,330.0,311.0,360.0,337.0,354.0,290.0,338.0,320.0,347.0,83.0,323.0,289.0
11469,VP_032,ftsst,Talk,33,360.0,826.0,343.0,329.0,374.0,354.0,370.0,306.0,358.0,340.0,364.0,226.0,369.0,306.0
11470,VP_032,ftsst,Talk,34,389.0,1012.0,363.0,361.0,408.0,386.0,403.0,334.0,390.0,375.0,396.0,0.0,347.0,334.0
11471,VP_032,tsst,Math,0,274.0,659.0,301.0,233.0,280.0,262.0,287.0,266.0,312.0,309.0,272.0,211.0,301.0,271.0
11472,VP_032,tsst,Math,1,279.0,671.0,299.0,233.0,283.0,264.0,287.0,274.0,314.0,310.0,275.0,17.0,304.0,274.0
11473,VP_032,tsst,Math,2,280.0,676.0,307.0,237.0,286.0,267.0,292.0,274.0,317.0,313.0,277.0,215.0,299.0,274.0
11474,VP_032,tsst,Math,3,292.0,678.0,317.0,235.0,295.0,274.0,303.0,285.0,319.0,315.0,287.0,207.0,322.0,285.0
11475,VP_032,tsst,Math,4,287.0,667.0,315.0,241.0,290.0,269.0,294.0,281.0,317.0,314.0,312.0,13.0,312.0,281.0
11476,VP_032,tsst,Math,5,283.0,669.0,306.0,235.0,287.0,268.0,293.0,279.0,314.0,311.0,279.0,210.0,307.0,279.0
11477,VP_032,tsst,Math,6,285.0,666.0,309.0,237.0,321.0,268.0,301.0,279.0,317.0,313.0,280.0,18.0,310.0,279.0
11478,VP_032,tsst,Math,7,286.0,667.0,306.0,225.0,288.0,268.0,295.0,281.0,315.0,311.0,281.0,0.0,308.0,281.0
11479,VP_032,tsst,Math,8,280.0,640.0,305.0,239.0,287.0,269.0,295.0,238.0,317.0,312.0,277.0,213.0,297.0,212.0
11480,VP_032,tsst,Math,9,281.0,615.0,309.0,225.0,283.0,262.0,290.0,277.0,310.0,305.0,313.0,52.0,313.0,276.0
11481,VP_032,tsst,Math,10,260.0,618.0,280.0,217.0,268.0,248.0,275.0,255.0,297.0,293.0,260.0,47.0,279.0,255.0
11482,VP_032,tsst,Math,11,264.0,619.0,295.0,223.0,307.0,251.0,280.0,260.0,300.0,295.0,261.0,208.0,291.0,260.0
11483,VP_032,tsst,Math,12,274.0,653.0,299.0,226.0,273.0,254.0,280.0,265.0,303.0,298.0,303.0,0.0,303.0,264.0
11484,VP_032,tsst,Math,13,277.0,689.0,300.0,230.0,320.0,265.0,299.0,275.0,313.0,308.0,278.0,203.0,299.0,275.0
11485,VP_032,tsst,Math,14,286.0,742.0,298.0,276.0,291.0,324.0,290.0,265.0,320.0,317.0,297.0,220.0,297.0,220.0
11486,VP_032,tsst,Math,15,297.0,802.0,319.0,263.0,308.0,334.0,317.0,296.0,345.0,340.0,301.0,77.0,318.0,296.0
11487,VP_032,tsst,Math,16,320.0,783.0,349.0,321.0,372.0,305.0,335.0,311.0,363.0,359.0,314.0,258.0,352.0,311.0
11488,VP_032,tsst,Math,17,325.0,767.0,353.0,284.0,326.0,351.0,333.0,317.0,359.0,354.0,318.0,264.0,352.0,317.0
11489,VP_032,tsst,Math,18,322.0,674.0,353.0,270.0,323.0,303.0,328.0,323.0,352.0,347.0,357.0,323.0,357.0,322.0
11490,VP_032,tsst,Math,19,294.0,648.0,318.0,249.0,300.0,279.0,306.0,291.0,324.0,317.0,313.0,0.0,313.0,291.0
11491,VP_032,tsst,Math,20,274.0,628.0,306.0,226.0,277.0,261.0,285.0,273.0,311.0,307.0,274.0,38.0,304.0,273.0
11492,VP_032,tsst,Math,21,273.0,660.0,302.0,218.0,272.0,302.0,278.0,270.0,305.0,300.0,308.0,270.0,308.0,269.0
11493,VP_032,tsst,Math,22,278.0,708.0,297.0,224.0,282.0,307.0,287.0,276.0,312.0,309.0,277.0,43.0,299.0,276.0
11494,VP_032,tsst,Math,23,297.0,727.0,323.0,310.0,299.0,280.0,309.0,294.0,342.0,332.0,315.0,294.0,315.0,294.0
11495,VP_032,tsst,Math,24,306.0,688.0,336.0,258.0,308.0,289.0,319.0,296.0,339.0,334.0,300.0,215.0,340.0,296.0
11496,VP_032,tsst,Math,25,288.0,665.0,308.0,290.0,293.0,275.0,301.0,283.0,327.0,322.0,285.0,20.0,305.0,283.0
11497,VP_032,tsst,Math,26,315.0,673.0,318.0,295.0,328.0,313.0,285.0,262.0,327.0,317.0,321.0,232.0,321.0,232.0
11498,VP_032,tsst,Math,27,321.0,729.0,305.0,280.0,331.0,315.0,287.0,276.0,320.0,315.0,303.0,276.0,303.0,275.0
11499,VP_032,tsst,Math,28,338.0,763.0,306.0,249.0,346.0,329.0,312.0,293.0,334.0,332.0,301.0,185.0,309.0,293.0
11500,VP_032,tsst,Math,29,313.0,763.0,323.0,310.0,317.0,343.0,321.0,307.0,350.0,346.0,310.0,169.0,324.0,307.0
11501,VP_032,tsst,Math,30,312.0,750.0,342.0,309.0,363.0,347.0,323.0,303.0,350.0,346.0,305.0,235.0,334.0,303.0
11502,VP_032,tsst,Math,31,315.0,676.0,355.0,269.0,318.0,299.0,328.0,311.0,349.0,344.0,359.0,311.0,359.0,310.0
11503,VP_032,tsst,Math,32,284.0,632.0,318.0,290.0,287.0,268.0,305.0,282.0,326.0,319.0,313.0,282.0,313.0,281.0
11504,VP_032,tsst,Math,33,261.0,628.0,298.0,270.0,320.0,300.0,281.0,253.0,307.0,302.0,256.0,222.0,302.0,253.0
11505,VP_032,tsst,Math,34,272.0,646.0,300.0,263.0,276.0,302.0,278.0,265.0,303.0,299.0,299.0,0.0,299.0,264.0
11506,VP_032,tsst,Math,35,275.0,680.0,302.0,226.0,278.0,306.0,283.0,272.0,310.0,306.0,303.0,272.0,303.0,271.0
11507,VP_032,tsst,Math,36,289.0,694.0,319.0,236.0,292.0,269.0,298.0,284.0,323.0,318.0,320.0,284.0,320.0,284.0
11508,VP_032,tsst,Math,37,290.0,702.0,326.0,293.0,296.0,273.0,302.0,285.0,330.0,324.0,324.0,285.0,324.0,285.0
11509,VP_032,tsst,Math,38,296.0,700.0,326.0,242.0,298.0,274.0,304.0,293.0,330.0,326.0,328.0,293.0,328.0,293.0
11510,VP_032,tsst,Math,39,293.0,685.0,322.0,239.0,300.0,280.0,305.0,292.0,328.0,324.0,293.0,11.0,321.0,292.0
11511,VP_032,tsst,Math,40,298.0,644.0,334.0,250.0,336.0,280.0,308.0,294.0,323.0,319.0,335.0,294.0,335.0,294.0
11512,VP_032,tsst,Math,41,277.0,646.0,308.0,228.0,284.0,260.0,292.0,277.0,313.0,307.0,306.0,277.0,306.0,276.0
11513,VP_032,tsst,Math,42,276.0,,319.0,223.0,321.0,255.0,287.0,273.0,311.0,306.0,321.0,273.0,321.0,273.0
11514,VP_032,tsst,Pause_1,0,345.0,835.0,366.0,306.0,384.0,330.0,357.0,320.0,373.0,370.0,338.0,38.0,363.0,337.0
11515,VP_032,tsst,Pause_1,1,344.0,866.0,375.0,297.0,384.0,327.0,356.0,342.0,376.0,371.0,375.0,342.0,375.0,341.0
11516,VP_032,tsst,Pause_1,2,349.0,996.0,374.0,316.0,396.0,339.0,365.0,344.0,385.0,381.0,346.0,295.0,375.0,344.0
11517,VP_032,tsst,Pause_1,3,397.0,987.0,419.0,351.0,438.0,383.0,410.0,393.0,428.0,425.0,420.0,393.0,420.0,392.0
11518,VP_032,tsst,Pause_1,4,395.0,975.0,415.0,360.0,438.0,383.0,413.0,389.0,427.0,423.0,391.0,336.0,415.0,389.0
11519,VP_032,tsst,Pause_1,5,388.0,1006.0,410.0,347.0,435.0,373.0,403.0,381.0,424.0,420.0,382.0,329.0,408.0,381.0
11520,VP_032,tsst,Pause_1,6,400.0,966.0,429.0,366.0,446.0,389.0,420.0,388.0,435.0,431.0,393.0,347.0,429.0,347.0
11521,VP_032,tsst,Pause_1,7,389.0,996.0,408.0,384.0,434.0,371.0,399.0,380.0,423.0,418.0,380.0,335.0,410.0,380.0
11522,VP_032,tsst,Pause_1,8,394.0,1042.0,414.0,395.0,445.0,381.0,410.0,388.0,434.0,429.0,389.0,274.0,412.0,388.0
11523,VP_032,tsst,Pause_5,0,413.0,871.0,406.0,387.0,434.0,407.0,425.0,417.0,413.0,392.0,365.0,0.0,397.0,364.0
11524,VP_032,tsst,Pause_5,1,420.0,870.0,426.0,384.0,431.0,410.0,426.0,414.0,409.0,391.0,420.0,414.0,427.0,414.0
11525,VP_032,tsst,Pause_5,2,417.0,889.0,421.0,382.0,430.0,408.0,425.0,412.0,409.0,391.0,417.0,412.0,423.0,412.0
11526,VP_032,tsst,Pause_5,3,423.0,892.0,433.0,391.0,438.0,416.0,433.0,421.0,415.0,397.0,426.0,421.0,430.0,421.0
11527,VP_032,tsst,Pause_5,4,422.0,862.0,425.0,390.0,439.0,416.0,433.0,365.0,417.0,398.0,425.0,227.0,430.0,365.0
11528,VP_032,tsst,Pause_5,5,411.0,831.0,423.0,384.0,430.0,405.0,423.0,404.0,410.0,389.0,420.0,0.0,420.0,361.0
11529,VP_032,tsst,Pause_5,6,401.0,803.0,415.0,370.0,420.0,393.0,412.0,370.0,397.0,378.0,400.0,0.0,415.0,351.0
11530,VP_032,tsst,Pause_5,7,394.0,825.0,405.0,359.0,408.0,384.0,401.0,388.0,384.0,367.0,392.0,388.0,407.0,388.0
11531,VP_032,tsst,Pause_5,8,395.0,824.0,403.0,367.0,414.0,391.0,408.0,366.0,393.0,375.0,400.0,0.0,370.0,346.0
11532,VP_032,tsst,Pause_5,9,406.0,784.0,420.0,322.0,414.0,391.0,411.0,404.0,393.0,374.0,409.0,404.0,426.0,404.0
11533,VP_032,tsst,Pause_5,10,397.0,709.0,403.0,355.0,406.0,382.0,400.0,355.0,382.0,361.0,393.0,180.0,372.0,333.0
11534,VP_032,tsst,Prep,0,384.0,1000.0,422.0,405.0,453.0,429.0,418.0,422.0,440.0,432.0,387.0,313.0,423.0,386.0
11535,VP_032,tsst,Prep,1,438.0,955.0,392.0,401.0,453.0,433.0,447.0,361.0,438.0,431.0,381.0,301.0,381.0,300.0
11536,VP_032,tsst,Prep,2,383.0,935.0,353.0,346.0,208.0,423.0,434.0,329.0,417.0,413.0,279.0,150.0,362.0,278.0
11537,VP_032,tsst,Prep,3,376.0,849.0,414.0,394.0,430.0,407.0,415.0,362.0,423.0,412.0,337.0,0.0,409.0,334.0
11538,VP_032,tsst,Prep,4,355.0,782.0,187.0,309.0,357.0,429.0,358.0,353.0,390.0,381.0,355.0,40.0,,431.0
11539,VP_032,tsst,Prep,5,326.0,793.0,294.0,292.0,384.0,367.0,338.0,320.0,364.0,356.0,326.0,18.0,299.0,320.0
11540,VP_032,tsst,Prep,6,380.0,863.0,154.0,325.0,383.0,365.0,383.0,169.0,367.0,360.0,381.0,379.0,,379.0
11541,VP_032,tsst,Prep,7,351.0,882.0,398.0,348.0,406.0,390.0,363.0,349.0,387.0,382.0,400.0,349.0,400.0,348.0
11542,VP_032,tsst,Prep,8,340.0,861.0,371.0,348.0,360.0,393.0,359.0,336.0,390.0,387.0,352.0,150.0,361.0,318.0
11543,VP_032,tsst,Prep,9,346.0,741.0,353.0,345.0,355.0,396.0,351.0,314.0,385.0,380.0,362.0,123.0,362.0,314.0
11544,VP_032,tsst,Prep,10,291.0,700.0,346.0,317.0,316.0,345.0,319.0,295.0,350.0,342.0,342.0,0.0,342.0,294.0
11545,VP_032,tsst,Prep,11,298.0,665.0,319.0,301.0,350.0,285.0,316.0,284.0,335.0,328.0,319.0,232.0,319.0,232.0
11546,VP_032,tsst,Prep,12,281.0,668.0,308.0,284.0,336.0,319.0,294.0,269.0,321.0,314.0,311.0,238.0,311.0,237.0
11547,VP_032,tsst,Prep,13,271.0,704.0,300.0,283.0,287.0,320.0,290.0,268.0,320.0,315.0,299.0,228.0,299.0,227.0
11548,VP_032,tsst,Prep,14,331.0,735.0,306.0,295.0,347.0,331.0,303.0,238.0,332.0,327.0,306.0,238.0,306.0,238.0
11549,VP_032,tsst,Prep,15,310.0,829.0,317.0,272.0,310.0,346.0,311.0,292.0,341.0,337.0,319.0,246.0,319.0,245.0
11550,VP_032,tsst,Prep,16,329.0,854.0,349.0,330.0,389.0,373.0,346.0,312.0,372.0,368.0,340.0,268.0,340.0,268.0
11551,VP_032,tsst,Prep,17,320.0,786.0,346.0,343.0,262.0,,348.0,273.0,383.0,378.0,351.0,132.0,351.0,273.0
11552,VP_032,tsst,Prep,18,365.0,792.0,298.0,294.0,384.0,366.0,378.0,267.0,364.0,357.0,269.0,173.0,303.0,267.0
11553,VP_032,tsst,Prep,19,336.0,804.0,324.0,309.0,340.0,364.0,342.0,277.0,362.0,357.0,319.0,277.0,319.0,277.0
11554,VP_032,tsst,Prep,20,372.0,841.0,332.0,335.0,385.0,371.0,337.0,317.0,370.0,363.0,333.0,156.0,333.0,266.0
11555,VP_032,tsst,Prep,21,385.0,823.0,340.0,347.0,400.0,384.0,393.0,317.0,383.0,376.0,339.0,265.0,339.0,264.0
11556,VP_032,tsst,Prep,22,381.0,914.0,333.0,341.0,395.0,378.0,388.0,310.0,377.0,370.0,335.0,271.0,335.0,271.0
11557,VP_032,tsst,Prep,23,410.0,1043.0,377.0,369.0,424.0,406.0,379.0,298.0,406.0,401.0,300.0,66.0,375.0,298.0
11558,VP_032,tsst,Prep,24,415.0,944.0,418.0,412.0,465.0,445.0,451.0,349.0,450.0,445.0,420.0,0.0,420.0,348.0
11559,VP_032,tsst,Prep,25,384.0,941.0,387.0,381.0,432.0,411.0,420.0,364.0,418.0,411.0,385.0,309.0,385.0,308.0
11560,VP_032,tsst,Prep,26,415.0,969.0,392.0,380.0,432.0,413.0,389.0,320.0,417.0,410.0,391.0,77.0,391.0,319.0
11561,VP_032,tsst,Prep,27,429.0,906.0,395.0,393.0,444.0,422.0,432.0,343.0,428.0,421.0,398.0,5.0,398.0,342.0
11562,VP_032,tsst,Prep,28,407.0,906.0,374.0,375.0,425.0,404.0,414.0,359.0,408.0,400.0,362.0,52.0,374.0,359.0
11563,VP_032,tsst,Prep,29,368.0,975.0,385.0,376.0,421.0,399.0,409.0,352.0,409.0,400.0,358.0,87.0,380.0,302.0
11564,VP_032,tsst,Prep,30,433.0,476.0,412.0,398.0,446.0,427.0,434.0,366.0,432.0,424.0,408.0,65.0,408.0,319.0
11565,VP_032,tsst,Prep,32,209.0,920.0,236.0,218.0,264.0,243.0,253.0,,251.0,243.0,231.0,0.0,231.0,201.0
11566,VP_032,tsst,Prep,33,417.0,963.0,383.0,381.0,431.0,414.0,424.0,343.0,414.0,405.0,383.0,53.0,383.0,300.0
11567,VP_032,tsst,Talk,0,312.0,621.0,234.0,233.0,326.0,308.0,323.0,242.0,312.0,301.0,224.0,312.0,224.0,312.0
11568,VP_032,tsst,Talk,1,272.0,612.0,311.0,286.0,278.0,313.0,288.0,269.0,314.0,302.0,272.0,92.0,317.0,269.0
11569,VP_032,tsst,Talk,2,305.0,602.0,315.0,281.0,324.0,303.0,315.0,302.0,310.0,299.0,316.0,81.0,316.0,276.0
11570,VP_032,tsst,Talk,3,307.0,616.0,318.0,270.0,321.0,303.0,271.0,256.0,303.0,294.0,317.0,256.0,317.0,256.0
11571,VP_032,tsst,Talk,4,317.0,674.0,314.0,278.0,326.0,309.0,318.0,269.0,310.0,300.0,270.0,124.0,319.0,269.0
11572,VP_032,tsst,Talk,5,334.0,718.0,266.0,245.0,345.0,327.0,340.0,276.0,327.0,319.0,223.0,0.0,262.0,222.0
11573,VP_032,tsst,Talk,6,349.0,723.0,340.0,274.0,315.0,347.0,322.0,309.0,344.0,334.0,311.0,256.0,341.0,309.0
11574,VP_032,tsst,Talk,7,356.0,706.0,327.0,270.0,364.0,346.0,360.0,349.0,347.0,337.0,358.0,349.0,266.0,349.0
11575,VP_032,tsst,Talk,8,309.0,655.0,360.0,327.0,313.0,294.0,332.0,308.0,351.0,333.0,362.0,308.0,362.0,308.0
11576,VP_032,tsst,Talk,9,331.0,615.0,338.0,293.0,343.0,321.0,332.0,280.0,324.0,313.0,338.0,280.0,338.0,279.0
11577,VP_032,tsst,Talk,10,311.0,599.0,311.0,270.0,328.0,310.0,281.0,270.0,305.0,297.0,271.0,90.0,316.0,269.0
11578,VP_032,tsst,Talk,11,267.0,601.0,324.0,268.0,326.0,250.0,297.0,269.0,301.0,293.0,324.0,269.0,324.0,268.0
11579,VP_032,tsst,Talk,12,312.0,600.0,326.0,235.0,321.0,302.0,317.0,314.0,304.0,294.0,314.0,313.0,329.0,313.0
11580,VP_032,tsst,Talk,13,273.0,625.0,315.0,281.0,331.0,252.0,293.0,269.0,309.0,295.0,306.0,0.0,306.0,268.0
11581,VP_032,tsst,Talk,14,315.0,632.0,312.0,229.0,329.0,311.0,286.0,270.0,311.0,302.0,273.0,65.0,318.0,270.0
11582,VP_032,tsst,Talk,15,311.0,686.0,330.0,285.0,329.0,311.0,324.0,264.0,316.0,305.0,331.0,264.0,331.0,263.0
11583,VP_032,tsst,Talk,16,345.0,764.0,186.0,249.0,352.0,336.0,346.0,298.0,331.0,323.0,301.0,0.0,305.0,298.0
11584,VP_032,tsst,Talk,17,327.0,795.0,361.0,279.0,374.0,309.0,356.0,329.0,360.0,351.0,356.0,0.0,356.0,328.0
11585,VP_032,tsst,Talk,18,370.0,780.0,386.0,286.0,385.0,363.0,373.0,363.0,369.0,361.0,386.0,338.0,386.0,337.0
11586,VP_032,tsst,Talk,19,375.0,767.0,359.0,286.0,386.0,366.0,375.0,331.0,367.0,357.0,363.0,0.0,363.0,330.0
11587,VP_032,tsst,Talk,20,362.0,752.0,378.0,330.0,378.0,360.0,368.0,360.0,362.0,352.0,376.0,327.0,376.0,326.0
11588,VP_032,tsst,Talk,21,354.0,733.0,363.0,331.0,374.0,355.0,367.0,354.0,360.0,348.0,363.0,0.0,363.0,321.0
11589,VP_032,tsst,Talk,22,341.0,704.0,357.0,324.0,365.0,297.0,353.0,313.0,353.0,342.0,354.0,49.0,354.0,313.0
11590,VP_032,tsst,Talk,23,309.0,640.0,339.0,311.0,310.0,338.0,320.0,304.0,341.0,330.0,339.0,19.0,339.0,303.0
11591,VP_032,tsst,Talk,24,281.0,627.0,320.0,248.0,288.0,269.0,295.0,281.0,314.0,307.0,321.0,281.0,321.0,281.0
11592,VP_032,tsst,Talk,25,311.0,639.0,293.0,281.0,327.0,309.0,320.0,269.0,313.0,303.0,296.0,92.0,296.0,269.0
11593,VP_032,tsst,Talk,26,323.0,673.0,304.0,225.0,333.0,316.0,291.0,282.0,311.0,305.0,312.0,282.0,312.0,282.0
11594,VP_032,tsst,Talk,27,339.0,707.0,299.0,298.0,348.0,331.0,345.0,337.0,330.0,320.0,290.0,337.0,,337.0
11595,VP_032,tsst,Talk,28,343.0,713.0,267.0,266.0,356.0,333.0,349.0,333.0,341.0,331.0,316.0,0.0,269.0,310.0
11596,VP_032,tsst,Talk,29,326.0,654.0,340.0,272.0,371.0,302.0,355.0,323.0,349.0,335.0,335.0,7.0,332.0,323.0
11597,VP_032,tsst,Talk,30,292.0,637.0,339.0,304.0,342.0,322.0,302.0,290.0,330.0,315.0,340.0,290.0,340.0,289.0
11598,VP_032,tsst,Talk,31,326.0,637.0,302.0,253.0,341.0,322.0,300.0,285.0,314.0,306.0,287.0,191.0,304.0,285.0
11599,VP_032,tsst,Talk,32,332.0,649.0,256.0,252.0,342.0,325.0,337.0,305.0,317.0,307.0,236.0,122.0,250.0,289.0
11600,VP_032,tsst,Talk,33,328.0,642.0,336.0,292.0,343.0,322.0,337.0,327.0,322.0,311.0,332.0,327.0,337.0,327.0
11601,VP_032,tsst,Talk,34,323.0,633.0,326.0,288.0,338.0,318.0,331.0,278.0,319.0,309.0,279.0,105.0,325.0,278.0
11602,VP_032,tsst,Talk,35,321.0,631.0,333.0,285.0,336.0,312.0,331.0,316.0,319.0,307.0,324.0,316.0,332.0,316.0
11603,VP_032,tsst,Talk,36,284.0,604.0,296.0,240.0,333.0,311.0,324.0,311.0,316.0,305.0,291.0,71.0,293.0,280.0
11604,VP_032,tsst,Talk,37,323.0,603.0,298.0,285.0,337.0,321.0,271.0,244.0,311.0,297.0,296.0,0.0,296.0,244.0
11605,VP_032,tsst,Talk,38,310.0,596.0,288.0,268.0,322.0,306.0,274.0,265.0,302.0,294.0,291.0,45.0,291.0,265.0
11606,VP_032,tsst,Talk,39,310.0,619.0,335.0,276.0,324.0,300.0,318.0,306.0,305.0,294.0,308.0,306.0,337.0,306.0
11607,VP_032,tsst,Talk,40,322.0,680.0,331.0,298.0,330.0,311.0,322.0,311.0,321.0,303.0,329.0,85.0,329.0,287.0
11608,VP_032,tsst,Talk,41,340.0,719.0,317.0,300.0,348.0,330.0,343.0,309.0,332.0,322.0,292.0,14.0,311.0,287.0
11609,VP_032,tsst,Talk,42,311.0,698.0,365.0,324.0,366.0,347.0,354.0,305.0,351.0,337.0,312.0,261.0,368.0,305.0
11610,VP_032,tsst,Talk,43,307.0,689.0,342.0,313.0,356.0,285.0,332.0,302.0,341.0,329.0,334.0,302.0,334.0,301.0
